[2025-04-02 21:55:21] [34mINFO[0;39m [36mo.h.validator.internal.util.Version     [0;39m [35m:21  [0;39m HV000001: Hibernate Validator 8.0.1.Final
[2025-04-02 21:55:21] [34mINFO[0;39m [36mgreencity.UbsApplication                [0;39m [35m:50  [0;39m Starting UbsApplication using Java 21.0.5 with PID 7384 (C:\Users\o.bulhakova\IdeaProjects\project\GreenCityUBS\core\target\classes started by o.bulhakova in C:\Users\o.bulhakova\IdeaProjects\project\GreenCityUBS)
[2025-04-02 21:55:21] [34mINFO[0;39m [36mgreencity.UbsApplication                [0;39m [35m:660 [0;39m The following 1 profile is active: "dev"
[2025-04-02 21:55:21] [34mINFO[0;39m [36m.e.DevToolsPropertyDefaultsPostProcessor[0;39m [35m:252 [0;39m Devtools property defaults active! Set 'spring.devtools.add-properties' to 'false' to disable
[2025-04-02 21:55:21] [34mINFO[0;39m [36m.e.DevToolsPropertyDefaultsPostProcessor[0;39m [35m:252 [0;39m For additional web related logging consider setting the 'logging.level.web' property to 'DEBUG'
[2025-04-02 21:55:23] [34mINFO[0;39m [36m.s.d.r.c.RepositoryConfigurationDelegate[0;39m [35m:139 [0;39m Bootstrapping Spring Data JPA repositories in DEFAULT mode.
[2025-04-02 21:55:23] [34mINFO[0;39m [36m.s.d.r.c.RepositoryConfigurationDelegate[0;39m [35m:208 [0;39m Finished Spring Data repository scanning in 331 ms. Found 36 JPA repository interfaces.
[2025-04-02 21:55:23] [34mINFO[0;39m [36mo.s.cloud.context.scope.GenericScope    [0;39m [35m:282 [0;39m BeanFactory id=946dfe5b-ebbd-3bb0-96ba-f3cc67a34d79
[2025-04-02 21:55:24] [34mINFO[0;39m [36mo.s.b.w.embedded.tomcat.TomcatWebServer [0;39m [35m:109 [0;39m Tomcat initialized with port 8050 (http)
[2025-04-02 21:55:24] [34mINFO[0;39m [36mo.apache.coyote.http11.Http11NioProtocol[0;39m [35m:173 [0;39m Initializing ProtocolHandler ["http-nio-8050"]
[2025-04-02 21:55:24] [34mINFO[0;39m [36mo.apache.catalina.core.StandardService  [0;39m [35m:173 [0;39m Starting service [Tomcat]
[2025-04-02 21:55:24] [34mINFO[0;39m [36morg.apache.catalina.core.StandardEngine [0;39m [35m:173 [0;39m Starting Servlet engine: [Apache Tomcat/10.1.18]
[2025-04-02 21:55:24] [34mINFO[0;39m [36mo.a.c.c.C.[Tomcat].[localhost].[/]      [0;39m [35m:173 [0;39m Initializing Spring embedded WebApplicationContext
[2025-04-02 21:55:24] [34mINFO[0;39m [36mw.s.c.ServletWebServerApplicationContext[0;39m [35m:296 [0;39m Root WebApplicationContext: initialization completed in 3089 ms
[2025-04-02 21:55:25] [34mINFO[0;39m [36mliquibase.database                      [0;39m [35m:37  [0;39m Set default schema name to public
[2025-04-02 21:55:27] [34mINFO[0;39m [36mliquibase.changelog                     [0;39m [35m:37  [0;39m Reading from public.databasechangelog
[2025-04-02 21:55:27] [34mINFO[0;39m [36mliquibase.ui                            [0;39m [35m:37  [0;39m Database is up to date, no changesets to execute
[2025-04-02 21:55:27] [34mINFO[0;39m [36mliquibase.changelog                     [0;39m [35m:37  [0;39m Reading from public.databasechangelog
[2025-04-02 21:55:27] [34mINFO[0;39m [36mliquibase.util                          [0;39m [35m:37  [0;39m UPDATE SUMMARY
[2025-04-02 21:55:27] [34mINFO[0;39m [36mliquibase.util                          [0;39m [35m:37  [0;39m Run:                          0
[2025-04-02 21:55:27] [34mINFO[0;39m [36mliquibase.util                          [0;39m [35m:37  [0;39m Previously run:             362
[2025-04-02 21:55:27] [34mINFO[0;39m [36mliquibase.util                          [0;39m [35m:37  [0;39m Filtered out:                 0
[2025-04-02 21:55:27] [34mINFO[0;39m [36mliquibase.util                          [0;39m [35m:37  [0;39m -------------------------------
[2025-04-02 21:55:27] [34mINFO[0;39m [36mliquibase.util                          [0;39m [35m:37  [0;39m Total change sets:          362
[2025-04-02 21:55:27] [34mINFO[0;39m [36mliquibase.util                          [0;39m [35m:37  [0;39m Update summary generated
[2025-04-02 21:55:27] [34mINFO[0;39m [36mliquibase.lockservice                   [0;39m [35m:37  [0;39m Successfully released change log lock
[2025-04-02 21:55:27] [34mINFO[0;39m [36mliquibase.command                       [0;39m [35m:37  [0;39m Command execution complete
[2025-04-02 21:55:27] [34mINFO[0;39m [36mo.hibernate.jpa.internal.util.LogHelper [0;39m [35m:31  [0;39m HHH000204: Processing PersistenceUnitInfo [name: default]
[2025-04-02 21:55:27] [34mINFO[0;39m [36morg.hibernate.Version                   [0;39m [35m:44  [0;39m HHH000412: Hibernate ORM core version 6.4.1.Final
[2025-04-02 21:55:27] [34mINFO[0;39m [36mo.h.c.internal.RegionFactoryInitiator   [0;39m [35m:50  [0;39m HHH000026: Second-level cache disabled
[2025-04-02 21:55:28] [34mINFO[0;39m [36mo.s.o.j.p.SpringPersistenceUnitInfo     [0;39m [35m:87  [0;39m No LoadTimeWeaver setup: ignoring JPA class transformer
[2025-04-02 21:55:28] [34mINFO[0;39m [36mcom.zaxxer.hikari.HikariDataSource      [0;39m [35m:110 [0;39m HikariPool-1 - Starting...
[2025-04-02 21:55:28] [34mINFO[0;39m [36mcom.zaxxer.hikari.pool.HikariPool       [0;39m [35m:565 [0;39m HikariPool-1 - Added connection org.postgresql.jdbc.PgConnection@55580a19
[2025-04-02 21:55:28] [34mINFO[0;39m [36mcom.zaxxer.hikari.HikariDataSource      [0;39m [35m:123 [0;39m HikariPool-1 - Start completed.
[2025-04-02 21:55:29] [31mWARN[0;39m [36morg.hibernate.mapping.RootClass         [0;39m [35m:341 [0;39m HHH000038: Composite-id class does not override equals(): greencity.entity.user.employee.EmployeeFilterViewId
[2025-04-02 21:55:29] [31mWARN[0;39m [36morg.hibernate.mapping.RootClass         [0;39m [35m:344 [0;39m HHH000039: Composite-id class does not override hashCode(): greencity.entity.user.employee.EmployeeFilterViewId
[2025-04-02 21:55:30] [31mWARN[0;39m [36mo.h.metamodel.internal.MetadataContext  [0;39m [35m:727 [0;39m HHH015011: Unable to locate static metamodel field : greencity.entity.user.employee.EmployeeFilterViewId_#employeeId; this may or may not indicate a problem with the static metamodel
[2025-04-02 21:55:30] [31mWARN[0;39m [36mo.h.metamodel.internal.MetadataContext  [0;39m [35m:727 [0;39m HHH015011: Unable to locate static metamodel field : greencity.entity.user.employee.EmployeeFilterViewId_#positionId; this may or may not indicate a problem with the static metamodel
[2025-04-02 21:55:30] [34mINFO[0;39m [36mo.h.e.t.j.p.i.JtaPlatformInitiator      [0;39m [35m:58  [0;39m HHH000489: No JTA platform available (set 'hibernate.transaction.jta.platform' to enable JTA platform integration)
[2025-04-02 21:55:30] [34mINFO[0;39m [36mj.LocalContainerEntityManagerFactoryBean[0;39m [35m:437 [0;39m Initialized JPA EntityManagerFactory for persistence unit 'default'
[2025-04-02 21:55:30] [31mWARN[0;39m [36mJpaBaseConfiguration$JpaWebConfiguration[0;39m [35m:232 [0;39m spring.jpa.open-in-view is enabled by default. Therefore, database queries may be performed during view rendering. Explicitly configure spring.jpa.open-in-view to disable this warning
[2025-04-02 21:55:30] [31mWARN[0;39m [36mo.s.b.d.a.OptionalLiveReloadServer      [0;39m [35m:62  [0;39m Unable to start LiveReload server
[2025-04-02 21:55:31] [34mINFO[0;39m [36mo.s.d.j.r.query.QueryEnhancerFactory    [0;39m [35m:49  [0;39m Hibernate is in classpath; If applicable, HQL parser will be used.
[2025-04-02 21:55:35] [34mINFO[0;39m [36mo.s.s.web.DefaultSecurityFilterChain    [0;39m [35m:54  [0;39m Will secure any request with [org.springframework.security.web.session.DisableEncodeUrlFilter@5c394cb6, org.springframework.security.web.context.request.async.WebAsyncManagerIntegrationFilter@660d49cb, org.springframework.security.web.context.SecurityContextHolderFilter@65d6ea84, org.springframework.security.web.header.HeaderWriterFilter@5e1c1c8, org.springframework.web.filter.CorsFilter@6bfea906, org.springframework.security.web.authentication.logout.LogoutFilter@65a6521, greencity.security.filters.AccessTokenAuthenticationFilter@2ead916c, org.springframework.security.web.savedrequest.RequestCacheAwareFilter@2fed7911, org.springframework.security.web.servletapi.SecurityContextHolderAwareRequestFilter@4ba90bbc, org.springframework.security.web.authentication.AnonymousAuthenticationFilter@38e724f3, org.springframework.security.web.session.SessionManagementFilter@6f58ed01, org.springframework.security.web.access.ExceptionTranslationFilter@5f9c4692, org.springframework.security.web.access.intercept.AuthorizationFilter@5aeaf28e]
[2025-04-02 21:55:35] [31mWARN[0;39m [36mo.s.s.c.a.web.builders.WebSecurity      [0;39m [35m:289 [0;39m You are asking Spring Security to ignore Mvc [pattern='/ubs/receivePayment']. This is not recommended -- please use permitAll via HttpSecurity#authorizeHttpRequests instead.
[2025-04-02 21:55:35] [34mINFO[0;39m [36mo.s.s.web.DefaultSecurityFilterChain    [0;39m [35m:51  [0;39m Will not secure Mvc [pattern='/ubs/receivePayment']
[2025-04-02 21:55:35] [31mWARN[0;39m [36mo.s.s.c.a.web.builders.WebSecurity      [0;39m [35m:289 [0;39m You are asking Spring Security to ignore Mvc [pattern='/ubs/monobank/payments']. This is not recommended -- please use permitAll via HttpSecurity#authorizeHttpRequests instead.
[2025-04-02 21:55:35] [34mINFO[0;39m [36mo.s.s.web.DefaultSecurityFilterChain    [0;39m [35m:51  [0;39m Will not secure Mvc [pattern='/ubs/monobank/payments']
[2025-04-02 21:55:35] [31mWARN[0;39m [36mion$DefaultTemplateResolverConfiguration[0;39m [35m:101 [0;39m Cannot find template location: classpath:/templates/ (please add some templates, check your Thymeleaf configuration, or set spring.thymeleaf.check-template-location=false)
[2025-04-02 21:55:36] [34mINFO[0;39m [36mo.apache.coyote.http11.Http11NioProtocol[0;39m [35m:173 [0;39m Starting ProtocolHandler ["http-nio-8050"]
[2025-04-02 21:55:36] [34mINFO[0;39m [36mo.s.b.w.embedded.tomcat.TomcatWebServer [0;39m [35m:241 [0;39m Tomcat started on port 8050 (http) with context path ''
[2025-04-02 21:55:36] [34mINFO[0;39m [36mgreencity.UbsApplication                [0;39m [35m:56  [0;39m Started UbsApplication in 15.362 seconds (process running for 17.059)
[2025-04-02 21:55:36] [34mINFO[0;39m [36mg.service.ubs.OrderLockServiceImpl      [0;39m [35m:60  [0;39m Time: 2025-04-02T21:50:36.314588700
[2025-04-02 21:55:36] [34mINFO[0;39m [36mg.service.ubs.OrderLockServiceImpl      [0;39m [35m:62  [0;39m Unlock orders
[2025-04-02 21:55:36] [34mINFO[0;39m [36mg.n.scheduler.NotificationTaskScheduler [0;39m [35m:39  [0;39m Failed to start scheduled notificator with type VIOLATION_THE_RULES because cron is incorrect or template is inactive.
[2025-04-02 21:55:36] [34mINFO[0;39m [36mg.n.scheduler.NotificationTaskScheduler [0;39m [35m:39  [0;39m Failed to start scheduled notificator with type CANCELED_VIOLATION_THE_RULES_BY_THE_MANAGER because cron is incorrect or template is inactive.
[2025-04-02 21:55:36] [34mINFO[0;39m [36mg.n.scheduler.NotificationTaskScheduler [0;39m [35m:39  [0;39m Failed to start scheduled notificator with type ORDER_STATUS_CHANGED because cron is incorrect or template is inactive.
[2025-04-02 21:55:36] [34mINFO[0;39m [36mg.n.scheduler.NotificationTaskScheduler [0;39m [35m:39  [0;39m Failed to start scheduled notificator with type CHANGED_IN_RULE_VIOLATION_STATUS because cron is incorrect or template is inactive.
[2025-04-02 21:55:36] [34mINFO[0;39m [36mg.n.scheduler.NotificationTaskScheduler [0;39m [35m:39  [0;39m Failed to start scheduled notificator with type COURIER_ITINERARY_FORMED because cron is incorrect or template is inactive.
[2025-04-02 21:55:36] [34mINFO[0;39m [36mg.n.scheduler.NotificationTaskScheduler [0;39m [35m:39  [0;39m Failed to start scheduled notificator with type DONE_OR_CANCELED_UNPAID_ORDER because cron is incorrect or template is inactive.
[2025-04-02 21:55:36] [34mINFO[0;39m [36mg.n.scheduler.NotificationTaskScheduler [0;39m [35m:39  [0;39m Failed to start scheduled notificator with type HALF_PAID_ORDER_WITH_STATUS_BROUGHT_BY_HIMSELF because cron is incorrect or template is inactive.
[2025-04-02 21:55:36] [34mINFO[0;39m [36mg.n.scheduler.NotificationTaskScheduler [0;39m [35m:29  [0;39m Scheduled notificator for LETS_STAY_CONNECTED notification template by 0 0 18 * * ? cron
[2025-04-02 21:55:36] [34mINFO[0;39m [36mg.n.scheduler.NotificationTaskScheduler [0;39m [35m:29  [0;39m Scheduled notificator for UNPAID_ORDER notification template by 0 0 18 * * ? cron
[2025-04-02 21:55:36] [34mINFO[0;39m [36mg.n.scheduler.NotificationTaskScheduler [0;39m [35m:39  [0;39m Failed to start scheduled notificator with type UNPAID_PACKAGE because cron is incorrect or template is inactive.
[2025-04-02 21:56:36] [34mINFO[0;39m [36mg.service.ubs.OrderLockServiceImpl      [0;39m [35m:60  [0;39m Time: 2025-04-02T21:51:36.304639300
[2025-04-02 21:56:36] [34mINFO[0;39m [36mg.service.ubs.OrderLockServiceImpl      [0;39m [35m:62  [0;39m Unlock orders
[2025-04-02 21:57:36] [34mINFO[0;39m [36mg.service.ubs.OrderLockServiceImpl      [0;39m [35m:60  [0;39m Time: 2025-04-02T21:52:36.305371500
[2025-04-02 21:57:36] [34mINFO[0;39m [36mg.service.ubs.OrderLockServiceImpl      [0;39m [35m:62  [0;39m Unlock orders
[2025-04-02 21:58:36] [34mINFO[0;39m [36mg.service.ubs.OrderLockServiceImpl      [0;39m [35m:60  [0;39m Time: 2025-04-02T21:53:36.303953900
[2025-04-02 21:58:36] [34mINFO[0;39m [36mg.service.ubs.OrderLockServiceImpl      [0;39m [35m:62  [0;39m Unlock orders
[2025-04-02 21:59:36] [34mINFO[0;39m [36mg.service.ubs.OrderLockServiceImpl      [0;39m [35m:60  [0;39m Time: 2025-04-02T21:54:36.301230700
[2025-04-02 21:59:36] [34mINFO[0;39m [36mg.service.ubs.OrderLockServiceImpl      [0;39m [35m:62  [0;39m Unlock orders
[2025-04-02 22:00:36] [34mINFO[0;39m [36mg.service.ubs.OrderLockServiceImpl      [0;39m [35m:60  [0;39m Time: 2025-04-02T21:55:36.302560800
[2025-04-02 22:00:36] [34mINFO[0;39m [36mg.service.ubs.OrderLockServiceImpl      [0;39m [35m:62  [0;39m Unlock orders
[2025-04-02 22:01:36] [34mINFO[0;39m [36mg.service.ubs.OrderLockServiceImpl      [0;39m [35m:60  [0;39m Time: 2025-04-02T21:56:36.311881900
[2025-04-02 22:01:36] [34mINFO[0;39m [36mg.service.ubs.OrderLockServiceImpl      [0;39m [35m:62  [0;39m Unlock orders
[2025-04-02 22:02:36] [34mINFO[0;39m [36mg.service.ubs.OrderLockServiceImpl      [0;39m [35m:60  [0;39m Time: 2025-04-02T21:57:36.311682800
[2025-04-02 22:02:36] [34mINFO[0;39m [36mg.service.ubs.OrderLockServiceImpl      [0;39m [35m:62  [0;39m Unlock orders
[2025-04-02 22:03:36] [34mINFO[0;39m [36mg.service.ubs.OrderLockServiceImpl      [0;39m [35m:60  [0;39m Time: 2025-04-02T21:58:36.305746400
[2025-04-02 22:03:36] [34mINFO[0;39m [36mg.service.ubs.OrderLockServiceImpl      [0;39m [35m:62  [0;39m Unlock orders
[2025-04-02 22:04:36] [34mINFO[0;39m [36mg.service.ubs.OrderLockServiceImpl      [0;39m [35m:60  [0;39m Time: 2025-04-02T21:59:36.302904400
[2025-04-02 22:04:36] [34mINFO[0;39m [36mg.service.ubs.OrderLockServiceImpl      [0;39m [35m:62  [0;39m Unlock orders
[2025-04-02 22:05:36] [34mINFO[0;39m [36mg.service.ubs.OrderLockServiceImpl      [0;39m [35m:60  [0;39m Time: 2025-04-02T22:00:36.308977300
[2025-04-02 22:05:36] [34mINFO[0;39m [36mg.service.ubs.OrderLockServiceImpl      [0;39m [35m:62  [0;39m Unlock orders
[2025-04-02 22:06:36] [34mINFO[0;39m [36mg.service.ubs.OrderLockServiceImpl      [0;39m [35m:60  [0;39m Time: 2025-04-02T22:01:36.299968900
[2025-04-02 22:06:36] [34mINFO[0;39m [36mg.service.ubs.OrderLockServiceImpl      [0;39m [35m:62  [0;39m Unlock orders
[2025-04-02 22:07:36] [34mINFO[0;39m [36mg.service.ubs.OrderLockServiceImpl      [0;39m [35m:60  [0;39m Time: 2025-04-02T22:02:36.301187800
[2025-04-02 22:07:36] [34mINFO[0;39m [36mg.service.ubs.OrderLockServiceImpl      [0;39m [35m:62  [0;39m Unlock orders
[2025-04-02 22:08:36] [34mINFO[0;39m [36mg.service.ubs.OrderLockServiceImpl      [0;39m [35m:60  [0;39m Time: 2025-04-02T22:03:36.303687100
[2025-04-02 22:08:36] [34mINFO[0;39m [36mg.service.ubs.OrderLockServiceImpl      [0;39m [35m:62  [0;39m Unlock orders
[2025-04-02 22:09:36] [34mINFO[0;39m [36mg.service.ubs.OrderLockServiceImpl      [0;39m [35m:60  [0;39m Time: 2025-04-02T22:04:36.303863200
[2025-04-02 22:09:36] [34mINFO[0;39m [36mg.service.ubs.OrderLockServiceImpl      [0;39m [35m:62  [0;39m Unlock orders
[2025-04-02 22:10:36] [34mINFO[0;39m [36mg.service.ubs.OrderLockServiceImpl      [0;39m [35m:60  [0;39m Time: 2025-04-02T22:05:36.310154900
[2025-04-02 22:10:36] [34mINFO[0;39m [36mg.service.ubs.OrderLockServiceImpl      [0;39m [35m:62  [0;39m Unlock orders
[2025-04-02 22:11:36] [34mINFO[0;39m [36mg.service.ubs.OrderLockServiceImpl      [0;39m [35m:60  [0;39m Time: 2025-04-02T22:06:36.302441900
[2025-04-02 22:11:36] [34mINFO[0;39m [36mg.service.ubs.OrderLockServiceImpl      [0;39m [35m:62  [0;39m Unlock orders
[2025-04-02 22:12:36] [34mINFO[0;39m [36mg.service.ubs.OrderLockServiceImpl      [0;39m [35m:60  [0;39m Time: 2025-04-02T22:07:36.309779600
[2025-04-02 22:12:36] [34mINFO[0;39m [36mg.service.ubs.OrderLockServiceImpl      [0;39m [35m:62  [0;39m Unlock orders
[2025-04-02 22:13:36] [34mINFO[0;39m [36mg.service.ubs.OrderLockServiceImpl      [0;39m [35m:60  [0;39m Time: 2025-04-02T22:08:36.300683500
[2025-04-02 22:13:36] [34mINFO[0;39m [36mg.service.ubs.OrderLockServiceImpl      [0;39m [35m:62  [0;39m Unlock orders
[2025-04-02 22:13:55] [34mINFO[0;39m [36mo.a.c.c.C.[Tomcat].[localhost].[/]      [0;39m [35m:173 [0;39m Initializing Spring DispatcherServlet 'dispatcherServlet'
[2025-04-02 22:13:55] [34mINFO[0;39m [36mo.s.web.servlet.DispatcherServlet       [0;39m [35m:532 [0;39m Initializing Servlet 'dispatcherServlet'
[2025-04-02 22:13:55] [34mINFO[0;39m [36mo.s.web.servlet.DispatcherServlet       [0;39m [35m:554 [0;39m Completed initialization in 11 ms
[2025-04-02 22:13:55] [31mWARN[0;39m [36mo.s.w.s.h.HandlerMappingIntrospector    [0;39m [35m:458 [0;39m Cache miss for REQUEST dispatch to '/' (previous null). Performing MatchableHandlerMapping lookup. This is logged once only at WARN level, and every time at TRACE.
[2025-04-02 22:13:55] [34mINFO[0;39m [36mg.s.f.AccessTokenAuthenticationFilter   [0;39m [35m:54  [0;39m token: null
[2025-04-02 22:13:56] [34mINFO[0;39m [36mg.s.f.AccessTokenAuthenticationFilter   [0;39m [35m:54  [0;39m token: null
[2025-04-02 22:14:36] [34mINFO[0;39m [36mg.service.ubs.OrderLockServiceImpl      [0;39m [35m:60  [0;39m Time: 2025-04-02T22:09:36.312267400
[2025-04-02 22:14:36] [34mINFO[0;39m [36mg.service.ubs.OrderLockServiceImpl      [0;39m [35m:62  [0;39m Unlock orders
[2025-04-02 22:15:36] [34mINFO[0;39m [36mg.service.ubs.OrderLockServiceImpl      [0;39m [35m:60  [0;39m Time: 2025-04-02T22:10:36.313825700
[2025-04-02 22:15:36] [34mINFO[0;39m [36mg.service.ubs.OrderLockServiceImpl      [0;39m [35m:62  [0;39m Unlock orders
[2025-04-02 22:16:36] [34mINFO[0;39m [36mg.service.ubs.OrderLockServiceImpl      [0;39m [35m:60  [0;39m Time: 2025-04-02T22:11:36.300119700
[2025-04-02 22:16:36] [34mINFO[0;39m [36mg.service.ubs.OrderLockServiceImpl      [0;39m [35m:62  [0;39m Unlock orders
[2025-04-02 22:17:25] [34mINFO[0;39m [36mg.s.f.AccessTokenAuthenticationFilter   [0;39m [35m:54  [0;39m token: null
[2025-04-02 22:17:26] [34mINFO[0;39m [36mg.s.f.AccessTokenAuthenticationFilter   [0;39m [35m:54  [0;39m token: null
[2025-04-02 22:17:36] [34mINFO[0;39m [36mg.service.ubs.OrderLockServiceImpl      [0;39m [35m:60  [0;39m Time: 2025-04-02T22:12:36.303810400
[2025-04-02 22:17:36] [34mINFO[0;39m [36mg.service.ubs.OrderLockServiceImpl      [0;39m [35m:62  [0;39m Unlock orders
[2025-04-02 22:18:36] [34mINFO[0;39m [36mg.service.ubs.OrderLockServiceImpl      [0;39m [35m:60  [0;39m Time: 2025-04-02T22:13:36.302201400
[2025-04-02 22:18:36] [34mINFO[0;39m [36mg.service.ubs.OrderLockServiceImpl      [0;39m [35m:62  [0;39m Unlock orders
[2025-04-02 22:19:36] [34mINFO[0;39m [36mg.service.ubs.OrderLockServiceImpl      [0;39m [35m:60  [0;39m Time: 2025-04-02T22:14:36.303816500
[2025-04-02 22:19:36] [34mINFO[0;39m [36mg.service.ubs.OrderLockServiceImpl      [0;39m [35m:62  [0;39m Unlock orders
[2025-04-02 22:20:36] [34mINFO[0;39m [36mg.service.ubs.OrderLockServiceImpl      [0;39m [35m:60  [0;39m Time: 2025-04-02T22:15:36.302705900
[2025-04-02 22:20:36] [34mINFO[0;39m [36mg.service.ubs.OrderLockServiceImpl      [0;39m [35m:62  [0;39m Unlock orders
[2025-04-02 22:21:36] [34mINFO[0;39m [36mg.service.ubs.OrderLockServiceImpl      [0;39m [35m:60  [0;39m Time: 2025-04-02T22:16:36.315298200
[2025-04-02 22:21:36] [34mINFO[0;39m [36mg.service.ubs.OrderLockServiceImpl      [0;39m [35m:62  [0;39m Unlock orders
[2025-04-02 22:22:36] [34mINFO[0;39m [36mg.service.ubs.OrderLockServiceImpl      [0;39m [35m:60  [0;39m Time: 2025-04-02T22:17:36.310997600
[2025-04-02 22:22:36] [34mINFO[0;39m [36mg.service.ubs.OrderLockServiceImpl      [0;39m [35m:62  [0;39m Unlock orders
[2025-04-02 22:23:36] [34mINFO[0;39m [36mg.service.ubs.OrderLockServiceImpl      [0;39m [35m:60  [0;39m Time: 2025-04-02T22:18:36.301396400
[2025-04-02 22:23:36] [34mINFO[0;39m [36mg.service.ubs.OrderLockServiceImpl      [0;39m [35m:62  [0;39m Unlock orders
[2025-04-02 22:24:36] [34mINFO[0;39m [36mg.service.ubs.OrderLockServiceImpl      [0;39m [35m:60  [0;39m Time: 2025-04-02T22:19:36.310072300
[2025-04-02 22:24:36] [34mINFO[0;39m [36mg.service.ubs.OrderLockServiceImpl      [0;39m [35m:62  [0;39m Unlock orders
[2025-04-02 22:25:36] [34mINFO[0;39m [36mg.service.ubs.OrderLockServiceImpl      [0;39m [35m:60  [0;39m Time: 2025-04-02T22:20:36.301856200
[2025-04-02 22:25:36] [34mINFO[0;39m [36mg.service.ubs.OrderLockServiceImpl      [0;39m [35m:62  [0;39m Unlock orders
[2025-04-02 22:26:36] [34mINFO[0;39m [36mg.service.ubs.OrderLockServiceImpl      [0;39m [35m:60  [0;39m Time: 2025-04-02T22:21:36.308253700
[2025-04-02 22:26:36] [34mINFO[0;39m [36mg.service.ubs.OrderLockServiceImpl      [0;39m [35m:62  [0;39m Unlock orders
[2025-04-02 22:27:36] [34mINFO[0;39m [36mg.service.ubs.OrderLockServiceImpl      [0;39m [35m:60  [0;39m Time: 2025-04-02T22:22:36.303195700
[2025-04-02 22:27:36] [34mINFO[0;39m [36mg.service.ubs.OrderLockServiceImpl      [0;39m [35m:62  [0;39m Unlock orders
[2025-04-02 22:28:36] [34mINFO[0;39m [36mg.service.ubs.OrderLockServiceImpl      [0;39m [35m:60  [0;39m Time: 2025-04-02T22:23:36.315841700
[2025-04-02 22:28:36] [34mINFO[0;39m [36mg.service.ubs.OrderLockServiceImpl      [0;39m [35m:62  [0;39m Unlock orders
[2025-04-02 22:29:36] [34mINFO[0;39m [36mg.service.ubs.OrderLockServiceImpl      [0;39m [35m:60  [0;39m Time: 2025-04-02T22:24:36.318063600
[2025-04-02 22:29:36] [34mINFO[0;39m [36mg.service.ubs.OrderLockServiceImpl      [0;39m [35m:62  [0;39m Unlock orders
[2025-04-02 22:30:36] [34mINFO[0;39m [36mg.service.ubs.OrderLockServiceImpl      [0;39m [35m:60  [0;39m Time: 2025-04-02T22:25:36.303826800
[2025-04-02 22:30:36] [34mINFO[0;39m [36mg.service.ubs.OrderLockServiceImpl      [0;39m [35m:62  [0;39m Unlock orders
[2025-04-02 22:31:36] [34mINFO[0;39m [36mg.service.ubs.OrderLockServiceImpl      [0;39m [35m:60  [0;39m Time: 2025-04-02T22:26:36.307190400
[2025-04-02 22:31:36] [34mINFO[0;39m [36mg.service.ubs.OrderLockServiceImpl      [0;39m [35m:62  [0;39m Unlock orders
[2025-04-02 22:32:36] [34mINFO[0;39m [36mg.service.ubs.OrderLockServiceImpl      [0;39m [35m:60  [0;39m Time: 2025-04-02T22:27:36.308531
[2025-04-02 22:32:36] [34mINFO[0;39m [36mg.service.ubs.OrderLockServiceImpl      [0;39m [35m:62  [0;39m Unlock orders
[2025-04-02 22:33:36] [34mINFO[0;39m [36mg.service.ubs.OrderLockServiceImpl      [0;39m [35m:60  [0;39m Time: 2025-04-02T22:28:36.302389
[2025-04-02 22:33:36] [34mINFO[0;39m [36mg.service.ubs.OrderLockServiceImpl      [0;39m [35m:62  [0;39m Unlock orders
[2025-04-02 22:34:36] [34mINFO[0;39m [36mg.service.ubs.OrderLockServiceImpl      [0;39m [35m:60  [0;39m Time: 2025-04-02T22:29:36.301030700
[2025-04-02 22:34:36] [34mINFO[0;39m [36mg.service.ubs.OrderLockServiceImpl      [0;39m [35m:62  [0;39m Unlock orders
[2025-04-02 22:35:36] [34mINFO[0;39m [36mg.service.ubs.OrderLockServiceImpl      [0;39m [35m:60  [0;39m Time: 2025-04-02T22:30:36.312467200
[2025-04-02 22:35:36] [34mINFO[0;39m [36mg.service.ubs.OrderLockServiceImpl      [0;39m [35m:62  [0;39m Unlock orders
[2025-04-02 22:36:36] [34mINFO[0;39m [36mg.service.ubs.OrderLockServiceImpl      [0;39m [35m:60  [0;39m Time: 2025-04-02T22:31:36.313358400
[2025-04-02 22:36:36] [34mINFO[0;39m [36mg.service.ubs.OrderLockServiceImpl      [0;39m [35m:62  [0;39m Unlock orders
[2025-04-02 22:37:36] [34mINFO[0;39m [36mg.service.ubs.OrderLockServiceImpl      [0;39m [35m:60  [0;39m Time: 2025-04-02T22:32:36.300142300
[2025-04-02 22:37:36] [34mINFO[0;39m [36mg.service.ubs.OrderLockServiceImpl      [0;39m [35m:62  [0;39m Unlock orders
[2025-04-02 22:38:36] [34mINFO[0;39m [36mg.service.ubs.OrderLockServiceImpl      [0;39m [35m:60  [0;39m Time: 2025-04-02T22:33:36.303023200
[2025-04-02 22:38:36] [34mINFO[0;39m [36mg.service.ubs.OrderLockServiceImpl      [0;39m [35m:62  [0;39m Unlock orders
[2025-04-02 22:39:36] [34mINFO[0;39m [36mg.service.ubs.OrderLockServiceImpl      [0;39m [35m:60  [0;39m Time: 2025-04-02T22:34:36.308524800
[2025-04-02 22:39:36] [34mINFO[0;39m [36mg.service.ubs.OrderLockServiceImpl      [0;39m [35m:62  [0;39m Unlock orders
[2025-04-02 22:40:36] [34mINFO[0;39m [36mg.service.ubs.OrderLockServiceImpl      [0;39m [35m:60  [0;39m Time: 2025-04-02T22:35:36.312439400
[2025-04-02 22:40:36] [34mINFO[0;39m [36mg.service.ubs.OrderLockServiceImpl      [0;39m [35m:62  [0;39m Unlock orders
[2025-04-02 22:41:36] [34mINFO[0;39m [36mg.service.ubs.OrderLockServiceImpl      [0;39m [35m:60  [0;39m Time: 2025-04-02T22:36:36.302217600
[2025-04-02 22:41:36] [34mINFO[0;39m [36mg.service.ubs.OrderLockServiceImpl      [0;39m [35m:62  [0;39m Unlock orders
[2025-04-02 22:42:19] [34mINFO[0;39m [36mj.LocalContainerEntityManagerFactoryBean[0;39m [35m:650 [0;39m Closing JPA EntityManagerFactory for persistence unit 'default'
[2025-04-02 22:42:19] [34mINFO[0;39m [36mcom.zaxxer.hikari.HikariDataSource      [0;39m [35m:350 [0;39m HikariPool-1 - Shutdown initiated...
[2025-04-02 22:42:19] [34mINFO[0;39m [36mcom.zaxxer.hikari.HikariDataSource      [0;39m [35m:352 [0;39m HikariPool-1 - Shutdown completed.
[2025-04-02 22:42:30] [34mINFO[0;39m [36mo.h.validator.internal.util.Version     [0;39m [35m:21  [0;39m HV000001: Hibernate Validator 8.0.1.Final
[2025-04-02 22:42:31] [34mINFO[0;39m [36mgreencity.UbsApplication                [0;39m [35m:50  [0;39m Starting UbsApplication using Java 21.0.5 with PID 22708 (C:\Users\o.bulhakova\IdeaProjects\project\GreenCityUBS\core\target\classes started by o.bulhakova in C:\Users\o.bulhakova\IdeaProjects\project\GreenCityUBS)
[2025-04-02 22:42:31] [34mINFO[0;39m [36mgreencity.UbsApplication                [0;39m [35m:660 [0;39m The following 1 profile is active: "dev"
[2025-04-02 22:42:31] [34mINFO[0;39m [36m.e.DevToolsPropertyDefaultsPostProcessor[0;39m [35m:252 [0;39m Devtools property defaults active! Set 'spring.devtools.add-properties' to 'false' to disable
[2025-04-02 22:42:31] [34mINFO[0;39m [36m.e.DevToolsPropertyDefaultsPostProcessor[0;39m [35m:252 [0;39m For additional web related logging consider setting the 'logging.level.web' property to 'DEBUG'
[2025-04-02 22:42:35] [34mINFO[0;39m [36m.s.d.r.c.RepositoryConfigurationDelegate[0;39m [35m:139 [0;39m Bootstrapping Spring Data JPA repositories in DEFAULT mode.
[2025-04-02 22:42:36] [34mINFO[0;39m [36m.s.d.r.c.RepositoryConfigurationDelegate[0;39m [35m:208 [0;39m Finished Spring Data repository scanning in 852 ms. Found 36 JPA repository interfaces.
[2025-04-02 22:42:37] [34mINFO[0;39m [36mo.s.cloud.context.scope.GenericScope    [0;39m [35m:282 [0;39m BeanFactory id=946dfe5b-ebbd-3bb0-96ba-f3cc67a34d79
[2025-04-02 22:42:38] [34mINFO[0;39m [36mo.s.b.w.embedded.tomcat.TomcatWebServer [0;39m [35m:109 [0;39m Tomcat initialized with port 8050 (http)
[2025-04-02 22:42:38] [34mINFO[0;39m [36mo.apache.coyote.http11.Http11NioProtocol[0;39m [35m:173 [0;39m Initializing ProtocolHandler ["http-nio-8050"]
[2025-04-02 22:42:38] [34mINFO[0;39m [36mo.apache.catalina.core.StandardService  [0;39m [35m:173 [0;39m Starting service [Tomcat]
[2025-04-02 22:42:38] [34mINFO[0;39m [36morg.apache.catalina.core.StandardEngine [0;39m [35m:173 [0;39m Starting Servlet engine: [Apache Tomcat/10.1.18]
[2025-04-02 22:42:39] [34mINFO[0;39m [36mo.a.c.c.C.[Tomcat].[localhost].[/]      [0;39m [35m:173 [0;39m Initializing Spring embedded WebApplicationContext
[2025-04-02 22:42:39] [34mINFO[0;39m [36mw.s.c.ServletWebServerApplicationContext[0;39m [35m:296 [0;39m Root WebApplicationContext: initialization completed in 7873 ms
[2025-04-02 22:42:40] [34mINFO[0;39m [36mliquibase.database                      [0;39m [35m:37  [0;39m Set default schema name to public
[2025-04-02 22:42:45] [34mINFO[0;39m [36mliquibase.changelog                     [0;39m [35m:37  [0;39m Reading from public.databasechangelog
[2025-04-02 22:42:46] [34mINFO[0;39m [36mliquibase.ui                            [0;39m [35m:37  [0;39m Database is up to date, no changesets to execute
[2025-04-02 22:42:46] [34mINFO[0;39m [36mliquibase.changelog                     [0;39m [35m:37  [0;39m Reading from public.databasechangelog
[2025-04-02 22:42:46] [34mINFO[0;39m [36mliquibase.util                          [0;39m [35m:37  [0;39m UPDATE SUMMARY
[2025-04-02 22:42:46] [34mINFO[0;39m [36mliquibase.util                          [0;39m [35m:37  [0;39m Run:                          0
[2025-04-02 22:42:46] [34mINFO[0;39m [36mliquibase.util                          [0;39m [35m:37  [0;39m Previously run:             362
[2025-04-02 22:42:46] [34mINFO[0;39m [36mliquibase.util                          [0;39m [35m:37  [0;39m Filtered out:                 0
[2025-04-02 22:42:46] [34mINFO[0;39m [36mliquibase.util                          [0;39m [35m:37  [0;39m -------------------------------
[2025-04-02 22:42:46] [34mINFO[0;39m [36mliquibase.util                          [0;39m [35m:37  [0;39m Total change sets:          362
[2025-04-02 22:42:46] [34mINFO[0;39m [36mliquibase.util                          [0;39m [35m:37  [0;39m Update summary generated
[2025-04-02 22:42:46] [34mINFO[0;39m [36mliquibase.lockservice                   [0;39m [35m:37  [0;39m Successfully released change log lock
[2025-04-02 22:42:46] [34mINFO[0;39m [36mliquibase.command                       [0;39m [35m:37  [0;39m Command execution complete
[2025-04-02 22:42:46] [34mINFO[0;39m [36mo.hibernate.jpa.internal.util.LogHelper [0;39m [35m:31  [0;39m HHH000204: Processing PersistenceUnitInfo [name: default]
[2025-04-02 22:42:46] [34mINFO[0;39m [36morg.hibernate.Version                   [0;39m [35m:44  [0;39m HHH000412: Hibernate ORM core version 6.4.1.Final
[2025-04-02 22:42:46] [34mINFO[0;39m [36mo.h.c.internal.RegionFactoryInitiator   [0;39m [35m:50  [0;39m HHH000026: Second-level cache disabled
[2025-04-02 22:42:47] [34mINFO[0;39m [36mo.s.o.j.p.SpringPersistenceUnitInfo     [0;39m [35m:87  [0;39m No LoadTimeWeaver setup: ignoring JPA class transformer
[2025-04-02 22:42:47] [34mINFO[0;39m [36mcom.zaxxer.hikari.HikariDataSource      [0;39m [35m:110 [0;39m HikariPool-1 - Starting...
[2025-04-02 22:42:47] [34mINFO[0;39m [36mcom.zaxxer.hikari.pool.HikariPool       [0;39m [35m:565 [0;39m HikariPool-1 - Added connection org.postgresql.jdbc.PgConnection@27f84c10
[2025-04-02 22:42:47] [34mINFO[0;39m [36mcom.zaxxer.hikari.HikariDataSource      [0;39m [35m:123 [0;39m HikariPool-1 - Start completed.
[2025-04-02 22:42:49] [31mWARN[0;39m [36morg.hibernate.mapping.RootClass         [0;39m [35m:341 [0;39m HHH000038: Composite-id class does not override equals(): greencity.entity.user.employee.EmployeeFilterViewId
[2025-04-02 22:42:49] [31mWARN[0;39m [36morg.hibernate.mapping.RootClass         [0;39m [35m:344 [0;39m HHH000039: Composite-id class does not override hashCode(): greencity.entity.user.employee.EmployeeFilterViewId
[2025-04-02 22:42:52] [31mWARN[0;39m [36mo.h.metamodel.internal.MetadataContext  [0;39m [35m:727 [0;39m HHH015011: Unable to locate static metamodel field : greencity.entity.user.employee.EmployeeFilterViewId_#employeeId; this may or may not indicate a problem with the static metamodel
[2025-04-02 22:42:52] [31mWARN[0;39m [36mo.h.metamodel.internal.MetadataContext  [0;39m [35m:727 [0;39m HHH015011: Unable to locate static metamodel field : greencity.entity.user.employee.EmployeeFilterViewId_#positionId; this may or may not indicate a problem with the static metamodel
[2025-04-02 22:42:52] [34mINFO[0;39m [36mo.h.e.t.j.p.i.JtaPlatformInitiator      [0;39m [35m:58  [0;39m HHH000489: No JTA platform available (set 'hibernate.transaction.jta.platform' to enable JTA platform integration)
[2025-04-02 22:42:52] [34mINFO[0;39m [36mj.LocalContainerEntityManagerFactoryBean[0;39m [35m:437 [0;39m Initialized JPA EntityManagerFactory for persistence unit 'default'
[2025-04-02 22:42:52] [31mWARN[0;39m [36mJpaBaseConfiguration$JpaWebConfiguration[0;39m [35m:232 [0;39m spring.jpa.open-in-view is enabled by default. Therefore, database queries may be performed during view rendering. Explicitly configure spring.jpa.open-in-view to disable this warning
[2025-04-02 22:42:53] [31mWARN[0;39m [36mo.s.b.d.a.OptionalLiveReloadServer      [0;39m [35m:62  [0;39m Unable to start LiveReload server
[2025-04-02 22:42:54] [34mINFO[0;39m [36mo.s.d.j.r.query.QueryEnhancerFactory    [0;39m [35m:49  [0;39m Hibernate is in classpath; If applicable, HQL parser will be used.
[2025-04-02 22:43:04] [34mINFO[0;39m [36mo.s.s.web.DefaultSecurityFilterChain    [0;39m [35m:54  [0;39m Will secure any request with [org.springframework.security.web.session.DisableEncodeUrlFilter@774b4cf7, org.springframework.security.web.context.request.async.WebAsyncManagerIntegrationFilter@43c45fb4, org.springframework.security.web.context.SecurityContextHolderFilter@9f4cf89, org.springframework.security.web.header.HeaderWriterFilter@173cf03, org.springframework.web.filter.CorsFilter@131976b6, org.springframework.security.web.authentication.logout.LogoutFilter@4e0281af, greencity.security.filters.AccessTokenAuthenticationFilter@5db2bacc, org.springframework.security.web.savedrequest.RequestCacheAwareFilter@65ff48a, org.springframework.security.web.servletapi.SecurityContextHolderAwareRequestFilter@557987e6, org.springframework.security.web.authentication.AnonymousAuthenticationFilter@70337979, org.springframework.security.web.session.SessionManagementFilter@bfab8b2, org.springframework.security.web.access.ExceptionTranslationFilter@4faebdc7, org.springframework.security.web.access.intercept.AuthorizationFilter@2cef9c56]
[2025-04-02 22:43:04] [31mWARN[0;39m [36mo.s.s.c.a.web.builders.WebSecurity      [0;39m [35m:289 [0;39m You are asking Spring Security to ignore Mvc [pattern='/ubs/receivePayment']. This is not recommended -- please use permitAll via HttpSecurity#authorizeHttpRequests instead.
[2025-04-02 22:43:04] [34mINFO[0;39m [36mo.s.s.web.DefaultSecurityFilterChain    [0;39m [35m:51  [0;39m Will not secure Mvc [pattern='/ubs/receivePayment']
[2025-04-02 22:43:04] [31mWARN[0;39m [36mo.s.s.c.a.web.builders.WebSecurity      [0;39m [35m:289 [0;39m You are asking Spring Security to ignore Mvc [pattern='/ubs/monobank/payments']. This is not recommended -- please use permitAll via HttpSecurity#authorizeHttpRequests instead.
[2025-04-02 22:43:04] [34mINFO[0;39m [36mo.s.s.web.DefaultSecurityFilterChain    [0;39m [35m:51  [0;39m Will not secure Mvc [pattern='/ubs/monobank/payments']
[2025-04-02 22:43:04] [31mWARN[0;39m [36mion$DefaultTemplateResolverConfiguration[0;39m [35m:101 [0;39m Cannot find template location: classpath:/templates/ (please add some templates, check your Thymeleaf configuration, or set spring.thymeleaf.check-template-location=false)
[2025-04-02 22:43:07] [34mINFO[0;39m [36mo.apache.coyote.http11.Http11NioProtocol[0;39m [35m:173 [0;39m Starting ProtocolHandler ["http-nio-8050"]
[2025-04-02 22:43:07] [34mINFO[0;39m [36mo.s.b.w.embedded.tomcat.TomcatWebServer [0;39m [35m:241 [0;39m Tomcat started on port 8050 (http) with context path ''
[2025-04-02 22:43:07] [34mINFO[0;39m [36mgreencity.UbsApplication                [0;39m [35m:56  [0;39m Started UbsApplication in 37.485 seconds (process running for 40.525)
[2025-04-02 22:43:07] [34mINFO[0;39m [36mg.service.ubs.OrderLockServiceImpl      [0;39m [35m:60  [0;39m Time: 2025-04-02T22:38:07.415563100
[2025-04-02 22:43:07] [34mINFO[0;39m [36mo.a.c.c.C.[Tomcat].[localhost].[/]      [0;39m [35m:173 [0;39m Initializing Spring DispatcherServlet 'dispatcherServlet'
[2025-04-02 22:43:07] [34mINFO[0;39m [36mo.s.web.servlet.DispatcherServlet       [0;39m [35m:532 [0;39m Initializing Servlet 'dispatcherServlet'
[2025-04-02 22:43:07] [34mINFO[0;39m [36mo.s.web.servlet.DispatcherServlet       [0;39m [35m:554 [0;39m Completed initialization in 5 ms
[2025-04-02 22:43:07] [34mINFO[0;39m [36mg.service.ubs.OrderLockServiceImpl      [0;39m [35m:62  [0;39m Unlock orders
[2025-04-02 22:43:07] [31mWARN[0;39m [36mo.s.w.s.h.HandlerMappingIntrospector    [0;39m [35m:458 [0;39m Cache miss for ERROR dispatch to '/error' (previous null). Performing MatchableHandlerMapping lookup. This is logged once only at WARN level, and every time at TRACE.
[2025-04-02 22:43:07] [34mINFO[0;39m [36mg.n.scheduler.NotificationTaskScheduler [0;39m [35m:39  [0;39m Failed to start scheduled notificator with type VIOLATION_THE_RULES because cron is incorrect or template is inactive.
[2025-04-02 22:43:07] [34mINFO[0;39m [36mg.n.scheduler.NotificationTaskScheduler [0;39m [35m:39  [0;39m Failed to start scheduled notificator with type CANCELED_VIOLATION_THE_RULES_BY_THE_MANAGER because cron is incorrect or template is inactive.
[2025-04-02 22:43:07] [34mINFO[0;39m [36mg.n.scheduler.NotificationTaskScheduler [0;39m [35m:39  [0;39m Failed to start scheduled notificator with type ORDER_STATUS_CHANGED because cron is incorrect or template is inactive.
[2025-04-02 22:43:07] [34mINFO[0;39m [36mg.n.scheduler.NotificationTaskScheduler [0;39m [35m:39  [0;39m Failed to start scheduled notificator with type CHANGED_IN_RULE_VIOLATION_STATUS because cron is incorrect or template is inactive.
[2025-04-02 22:43:07] [34mINFO[0;39m [36mg.n.scheduler.NotificationTaskScheduler [0;39m [35m:39  [0;39m Failed to start scheduled notificator with type COURIER_ITINERARY_FORMED because cron is incorrect or template is inactive.
[2025-04-02 22:43:07] [34mINFO[0;39m [36mg.n.scheduler.NotificationTaskScheduler [0;39m [35m:39  [0;39m Failed to start scheduled notificator with type DONE_OR_CANCELED_UNPAID_ORDER because cron is incorrect or template is inactive.
[2025-04-02 22:43:07] [34mINFO[0;39m [36mg.n.scheduler.NotificationTaskScheduler [0;39m [35m:39  [0;39m Failed to start scheduled notificator with type HALF_PAID_ORDER_WITH_STATUS_BROUGHT_BY_HIMSELF because cron is incorrect or template is inactive.
[2025-04-02 22:43:07] [34mINFO[0;39m [36mg.n.scheduler.NotificationTaskScheduler [0;39m [35m:29  [0;39m Scheduled notificator for LETS_STAY_CONNECTED notification template by 0 0 18 * * ? cron
[2025-04-02 22:43:07] [34mINFO[0;39m [36mg.n.scheduler.NotificationTaskScheduler [0;39m [35m:29  [0;39m Scheduled notificator for UNPAID_ORDER notification template by 0 0 18 * * ? cron
[2025-04-02 22:43:07] [34mINFO[0;39m [36mg.n.scheduler.NotificationTaskScheduler [0;39m [35m:39  [0;39m Failed to start scheduled notificator with type UNPAID_PACKAGE because cron is incorrect or template is inactive.
[2025-04-02 22:44:07] [34mINFO[0;39m [36mg.service.ubs.OrderLockServiceImpl      [0;39m [35m:60  [0;39m Time: 2025-04-02T22:39:07.369609700
[2025-04-02 22:44:07] [34mINFO[0;39m [36mg.service.ubs.OrderLockServiceImpl      [0;39m [35m:62  [0;39m Unlock orders
[2025-04-02 22:45:07] [34mINFO[0;39m [36mg.service.ubs.OrderLockServiceImpl      [0;39m [35m:60  [0;39m Time: 2025-04-02T22:40:07.363157900
[2025-04-02 22:45:07] [34mINFO[0;39m [36mg.service.ubs.OrderLockServiceImpl      [0;39m [35m:62  [0;39m Unlock orders
[2025-04-02 22:46:07] [34mINFO[0;39m [36mg.service.ubs.OrderLockServiceImpl      [0;39m [35m:60  [0;39m Time: 2025-04-02T22:41:07.360935600
[2025-04-02 22:46:07] [34mINFO[0;39m [36mg.service.ubs.OrderLockServiceImpl      [0;39m [35m:62  [0;39m Unlock orders
[2025-04-02 22:47:07] [34mINFO[0;39m [36mg.service.ubs.OrderLockServiceImpl      [0;39m [35m:60  [0;39m Time: 2025-04-02T22:42:07.358995
[2025-04-02 22:47:07] [34mINFO[0;39m [36mg.service.ubs.OrderLockServiceImpl      [0;39m [35m:62  [0;39m Unlock orders
[2025-04-02 22:48:07] [34mINFO[0;39m [36mg.service.ubs.OrderLockServiceImpl      [0;39m [35m:60  [0;39m Time: 2025-04-02T22:43:07.361785600
[2025-04-02 22:48:07] [34mINFO[0;39m [36mg.service.ubs.OrderLockServiceImpl      [0;39m [35m:62  [0;39m Unlock orders
[2025-04-02 22:49:07] [34mINFO[0;39m [36mg.service.ubs.OrderLockServiceImpl      [0;39m [35m:60  [0;39m Time: 2025-04-02T22:44:07.364302800
[2025-04-02 22:49:07] [34mINFO[0;39m [36mg.service.ubs.OrderLockServiceImpl      [0;39m [35m:62  [0;39m Unlock orders
[2025-04-02 22:50:07] [34mINFO[0;39m [36mg.service.ubs.OrderLockServiceImpl      [0;39m [35m:60  [0;39m Time: 2025-04-02T22:45:07.360717
[2025-04-02 22:50:07] [34mINFO[0;39m [36mg.service.ubs.OrderLockServiceImpl      [0;39m [35m:62  [0;39m Unlock orders
[2025-04-02 22:51:07] [34mINFO[0;39m [36mg.service.ubs.OrderLockServiceImpl      [0;39m [35m:60  [0;39m Time: 2025-04-02T22:46:07.368640100
[2025-04-02 22:51:07] [34mINFO[0;39m [36mg.service.ubs.OrderLockServiceImpl      [0;39m [35m:62  [0;39m Unlock orders
[2025-04-02 22:52:07] [34mINFO[0;39m [36mg.service.ubs.OrderLockServiceImpl      [0;39m [35m:60  [0;39m Time: 2025-04-02T22:47:07.361172300
[2025-04-02 22:52:07] [34mINFO[0;39m [36mg.service.ubs.OrderLockServiceImpl      [0;39m [35m:62  [0;39m Unlock orders
[2025-04-02 22:53:07] [34mINFO[0;39m [36mg.service.ubs.OrderLockServiceImpl      [0;39m [35m:60  [0;39m Time: 2025-04-02T22:48:07.369454400
[2025-04-02 22:53:07] [34mINFO[0;39m [36mg.service.ubs.OrderLockServiceImpl      [0;39m [35m:62  [0;39m Unlock orders
[2025-04-02 22:54:07] [34mINFO[0;39m [36mg.service.ubs.OrderLockServiceImpl      [0;39m [35m:60  [0;39m Time: 2025-04-02T22:49:07.368775500
[2025-04-02 22:54:07] [34mINFO[0;39m [36mg.service.ubs.OrderLockServiceImpl      [0;39m [35m:62  [0;39m Unlock orders
[2025-04-02 22:55:07] [34mINFO[0;39m [36mg.service.ubs.OrderLockServiceImpl      [0;39m [35m:60  [0;39m Time: 2025-04-02T22:50:07.363074300
[2025-04-02 22:55:07] [34mINFO[0;39m [36mg.service.ubs.OrderLockServiceImpl      [0;39m [35m:62  [0;39m Unlock orders
[2025-04-02 22:55:48] [34mINFO[0;39m [36mg.s.f.AccessTokenAuthenticationFilter   [0;39m [35m:54  [0;39m token: eyJhbGciOiJIUzI1NiJ9.eyJzdWIiOiJvLmJ1bGhha292YS5jaGlAZ21haWwuY29tIiwicm9sZSI6WyJST0xFX1VTRVIiXSwiZXhwIjoxNzQzNjI5MDQ2LCJpYXQiOjE3NDM2MjE4NDZ9.6y1wXneUsX3InjJ__BHnSeof9KLGgebWaNJB1mG18V4
[2025-04-02 22:55:48] [34mINFO[0;39m [36mg.s.f.AccessTokenAuthenticationFilter   [0;39m [35m:54  [0;39m token: eyJhbGciOiJIUzI1NiJ9.eyJzdWIiOiJvLmJ1bGhha292YS5jaGlAZ21haWwuY29tIiwicm9sZSI6WyJST0xFX1VTRVIiXSwiZXhwIjoxNzQzNjI5MDQ2LCJpYXQiOjE3NDM2MjE4NDZ9.6y1wXneUsX3InjJ__BHnSeof9KLGgebWaNJB1mG18V4
[2025-04-02 22:55:51] [34mINFO[0;39m [36mg.s.f.AccessTokenAuthenticationFilter   [0;39m [35m:62  [0;39m user: Optional[UserVO(id=5, email=o.bulhakova.chi@gmail.com, languageVO=greencity.dto.language.LanguageVO@1ab8)]
[2025-04-02 22:55:51] [34mINFO[0;39m [36mg.s.f.AccessTokenAuthenticationFilter   [0;39m [35m:62  [0;39m user: Optional[UserVO(id=5, email=o.bulhakova.chi@gmail.com, languageVO=greencity.dto.language.LanguageVO@1ab8)]
[2025-04-02 22:55:51] [34mINFO[0;39m [36mg.s.f.AccessTokenAuthenticationFilter   [0;39m [35m:54  [0;39m token: eyJhbGciOiJIUzI1NiJ9.eyJzdWIiOiJvLmJ1bGhha292YS5jaGlAZ21haWwuY29tIiwicm9sZSI6WyJST0xFX1VTRVIiXSwiZXhwIjoxNzQzNjI5MDQ2LCJpYXQiOjE3NDM2MjE4NDZ9.6y1wXneUsX3InjJ__BHnSeof9KLGgebWaNJB1mG18V4
[2025-04-02 22:55:52] [34mINFO[0;39m [36mg.s.f.AccessTokenAuthenticationFilter   [0;39m [35m:62  [0;39m user: Optional[UserVO(id=5, email=o.bulhakova.chi@gmail.com, languageVO=greencity.dto.language.LanguageVO@1ab8)]
[2025-04-02 22:55:53] [34mINFO[0;39m [36mg.s.f.AccessTokenAuthenticationFilter   [0;39m [35m:54  [0;39m token: eyJhbGciOiJIUzI1NiJ9.eyJzdWIiOiJvLmJ1bGhha292YS5jaGlAZ21haWwuY29tIiwicm9sZSI6WyJST0xFX1VTRVIiXSwiZXhwIjoxNzQzNjI5MDQ2LCJpYXQiOjE3NDM2MjE4NDZ9.6y1wXneUsX3InjJ__BHnSeof9KLGgebWaNJB1mG18V4
[2025-04-02 22:55:53] [34mINFO[0;39m [36mg.s.f.AccessTokenAuthenticationFilter   [0;39m [35m:62  [0;39m user: Optional[UserVO(id=5, email=o.bulhakova.chi@gmail.com, languageVO=greencity.dto.language.LanguageVO@1ab8)]
[2025-04-02 22:56:07] [34mINFO[0;39m [36mg.service.ubs.OrderLockServiceImpl      [0;39m [35m:60  [0;39m Time: 2025-04-02T22:51:07.372474200
[2025-04-02 22:56:07] [34mINFO[0;39m [36mg.service.ubs.OrderLockServiceImpl      [0;39m [35m:62  [0;39m Unlock orders
[2025-04-02 22:56:33] [34mINFO[0;39m [36mg.s.f.AccessTokenAuthenticationFilter   [0;39m [35m:54  [0;39m token: eyJhbGciOiJIUzI1NiJ9.eyJzdWIiOiJvLmJ1bGhha292YS5jaGlAZ21haWwuY29tIiwicm9sZSI6WyJST0xFX1VTRVIiXSwiZXhwIjoxNzQzNjI5MDQ2LCJpYXQiOjE3NDM2MjE4NDZ9.6y1wXneUsX3InjJ__BHnSeof9KLGgebWaNJB1mG18V4
[2025-04-02 22:56:33] [34mINFO[0;39m [36mg.s.f.AccessTokenAuthenticationFilter   [0;39m [35m:54  [0;39m token: eyJhbGciOiJIUzI1NiJ9.eyJzdWIiOiJvLmJ1bGhha292YS5jaGlAZ21haWwuY29tIiwicm9sZSI6WyJST0xFX1VTRVIiXSwiZXhwIjoxNzQzNjI5MDQ2LCJpYXQiOjE3NDM2MjE4NDZ9.6y1wXneUsX3InjJ__BHnSeof9KLGgebWaNJB1mG18V4
[2025-04-02 22:56:33] [34mINFO[0;39m [36mg.s.f.AccessTokenAuthenticationFilter   [0;39m [35m:62  [0;39m user: Optional[UserVO(id=5, email=o.bulhakova.chi@gmail.com, languageVO=greencity.dto.language.LanguageVO@1ab8)]
[2025-04-02 22:56:33] [34mINFO[0;39m [36mg.s.f.AccessTokenAuthenticationFilter   [0;39m [35m:62  [0;39m user: Optional[UserVO(id=5, email=o.bulhakova.chi@gmail.com, languageVO=greencity.dto.language.LanguageVO@1ab8)]
[2025-04-02 22:56:33] [34mINFO[0;39m [36mg.s.f.AccessTokenAuthenticationFilter   [0;39m [35m:54  [0;39m token: eyJhbGciOiJIUzI1NiJ9.eyJzdWIiOiJvLmJ1bGhha292YS5jaGlAZ21haWwuY29tIiwicm9sZSI6WyJST0xFX1VTRVIiXSwiZXhwIjoxNzQzNjI5MDQ2LCJpYXQiOjE3NDM2MjE4NDZ9.6y1wXneUsX3InjJ__BHnSeof9KLGgebWaNJB1mG18V4
[2025-04-02 22:56:33] [34mINFO[0;39m [36mg.s.f.AccessTokenAuthenticationFilter   [0;39m [35m:62  [0;39m user: Optional[UserVO(id=5, email=o.bulhakova.chi@gmail.com, languageVO=greencity.dto.language.LanguageVO@1ab8)]
[2025-04-02 22:56:33] [31mWARN[0;39m [36m.m.m.a.ExceptionHandlerExceptionResolver[0;39m [35m:247 [0;39m Resolved [org.springframework.web.bind.MissingServletRequestParameterException: Required request parameter 'email' for method parameter type String is not present]
[2025-04-02 22:56:52] [34mINFO[0;39m [36mg.s.f.AccessTokenAuthenticationFilter   [0;39m [35m:54  [0;39m token: eyJhbGciOiJIUzI1NiJ9.eyJzdWIiOiJvLmJ1bGhha292YS5jaGlAZ21haWwuY29tIiwicm9sZSI6WyJST0xFX1VTRVIiXSwiZXhwIjoxNzQzNjI5MDQ2LCJpYXQiOjE3NDM2MjE4NDZ9.6y1wXneUsX3InjJ__BHnSeof9KLGgebWaNJB1mG18V4
[2025-04-02 22:56:52] [34mINFO[0;39m [36mg.s.f.AccessTokenAuthenticationFilter   [0;39m [35m:54  [0;39m token: eyJhbGciOiJIUzI1NiJ9.eyJzdWIiOiJvLmJ1bGhha292YS5jaGlAZ21haWwuY29tIiwicm9sZSI6WyJST0xFX1VTRVIiXSwiZXhwIjoxNzQzNjI5MDQ2LCJpYXQiOjE3NDM2MjE4NDZ9.6y1wXneUsX3InjJ__BHnSeof9KLGgebWaNJB1mG18V4
[2025-04-02 22:56:52] [34mINFO[0;39m [36mg.s.f.AccessTokenAuthenticationFilter   [0;39m [35m:62  [0;39m user: Optional[UserVO(id=5, email=o.bulhakova.chi@gmail.com, languageVO=greencity.dto.language.LanguageVO@1ab8)]
[2025-04-02 22:56:52] [34mINFO[0;39m [36mg.s.f.AccessTokenAuthenticationFilter   [0;39m [35m:62  [0;39m user: Optional[UserVO(id=5, email=o.bulhakova.chi@gmail.com, languageVO=greencity.dto.language.LanguageVO@1ab8)]
[2025-04-02 22:56:52] [34mINFO[0;39m [36mg.s.f.AccessTokenAuthenticationFilter   [0;39m [35m:54  [0;39m token: eyJhbGciOiJIUzI1NiJ9.eyJzdWIiOiJvLmJ1bGhha292YS5jaGlAZ21haWwuY29tIiwicm9sZSI6WyJST0xFX1VTRVIiXSwiZXhwIjoxNzQzNjI5MDQ2LCJpYXQiOjE3NDM2MjE4NDZ9.6y1wXneUsX3InjJ__BHnSeof9KLGgebWaNJB1mG18V4
[2025-04-02 22:56:52] [34mINFO[0;39m [36mg.s.f.AccessTokenAuthenticationFilter   [0;39m [35m:62  [0;39m user: Optional[UserVO(id=5, email=o.bulhakova.chi@gmail.com, languageVO=greencity.dto.language.LanguageVO@1ab8)]
[2025-04-02 22:56:52] [34mINFO[0;39m [36mg.s.f.AccessTokenAuthenticationFilter   [0;39m [35m:54  [0;39m token: eyJhbGciOiJIUzI1NiJ9.eyJzdWIiOiJvLmJ1bGhha292YS5jaGlAZ21haWwuY29tIiwicm9sZSI6WyJST0xFX1VTRVIiXSwiZXhwIjoxNzQzNjI5MDQ2LCJpYXQiOjE3NDM2MjE4NDZ9.6y1wXneUsX3InjJ__BHnSeof9KLGgebWaNJB1mG18V4
[2025-04-02 22:56:52] [34mINFO[0;39m [36mg.s.f.AccessTokenAuthenticationFilter   [0;39m [35m:62  [0;39m user: Optional[UserVO(id=5, email=o.bulhakova.chi@gmail.com, languageVO=greencity.dto.language.LanguageVO@1ab8)]
[2025-04-02 22:57:07] [34mINFO[0;39m [36mg.service.ubs.OrderLockServiceImpl      [0;39m [35m:60  [0;39m Time: 2025-04-02T22:52:07.367377100
[2025-04-02 22:57:07] [34mINFO[0;39m [36mg.service.ubs.OrderLockServiceImpl      [0;39m [35m:62  [0;39m Unlock orders
[2025-04-02 22:57:25] [34mINFO[0;39m [36mg.s.f.AccessTokenAuthenticationFilter   [0;39m [35m:54  [0;39m token: eyJhbGciOiJIUzI1NiJ9.eyJzdWIiOiJvLmJ1bGhha292YS5jaGlAZ21haWwuY29tIiwicm9sZSI6WyJST0xFX1VTRVIiXSwiZXhwIjoxNzQzNjI5MDQ2LCJpYXQiOjE3NDM2MjE4NDZ9.6y1wXneUsX3InjJ__BHnSeof9KLGgebWaNJB1mG18V4
[2025-04-02 22:57:25] [34mINFO[0;39m [36mg.s.f.AccessTokenAuthenticationFilter   [0;39m [35m:54  [0;39m token: eyJhbGciOiJIUzI1NiJ9.eyJzdWIiOiJvLmJ1bGhha292YS5jaGlAZ21haWwuY29tIiwicm9sZSI6WyJST0xFX1VTRVIiXSwiZXhwIjoxNzQzNjI5MDQ2LCJpYXQiOjE3NDM2MjE4NDZ9.6y1wXneUsX3InjJ__BHnSeof9KLGgebWaNJB1mG18V4
[2025-04-02 22:57:25] [34mINFO[0;39m [36mg.s.f.AccessTokenAuthenticationFilter   [0;39m [35m:62  [0;39m user: Optional[UserVO(id=5, email=o.bulhakova.chi@gmail.com, languageVO=greencity.dto.language.LanguageVO@1ab8)]
[2025-04-02 22:57:25] [34mINFO[0;39m [36mg.s.f.AccessTokenAuthenticationFilter   [0;39m [35m:62  [0;39m user: Optional[UserVO(id=5, email=o.bulhakova.chi@gmail.com, languageVO=greencity.dto.language.LanguageVO@1ab8)]
[2025-04-02 22:57:25] [34mINFO[0;39m [36mg.s.f.AccessTokenAuthenticationFilter   [0;39m [35m:54  [0;39m token: eyJhbGciOiJIUzI1NiJ9.eyJzdWIiOiJvLmJ1bGhha292YS5jaGlAZ21haWwuY29tIiwicm9sZSI6WyJST0xFX1VTRVIiXSwiZXhwIjoxNzQzNjI5MDQ2LCJpYXQiOjE3NDM2MjE4NDZ9.6y1wXneUsX3InjJ__BHnSeof9KLGgebWaNJB1mG18V4
[2025-04-02 22:57:25] [34mINFO[0;39m [36mg.s.f.AccessTokenAuthenticationFilter   [0;39m [35m:62  [0;39m user: Optional[UserVO(id=5, email=o.bulhakova.chi@gmail.com, languageVO=greencity.dto.language.LanguageVO@1ab8)]
[2025-04-02 22:57:28] [34mINFO[0;39m [36mg.s.f.AccessTokenAuthenticationFilter   [0;39m [35m:54  [0;39m token: eyJhbGciOiJIUzI1NiJ9.eyJzdWIiOiJvLmJ1bGhha292YS5jaGlAZ21haWwuY29tIiwicm9sZSI6WyJST0xFX1VTRVIiXSwiZXhwIjoxNzQzNjI5MDQ2LCJpYXQiOjE3NDM2MjE4NDZ9.6y1wXneUsX3InjJ__BHnSeof9KLGgebWaNJB1mG18V4
[2025-04-02 22:57:28] [34mINFO[0;39m [36mg.s.f.AccessTokenAuthenticationFilter   [0;39m [35m:54  [0;39m token: eyJhbGciOiJIUzI1NiJ9.eyJzdWIiOiJvLmJ1bGhha292YS5jaGlAZ21haWwuY29tIiwicm9sZSI6WyJST0xFX1VTRVIiXSwiZXhwIjoxNzQzNjI5MDQ2LCJpYXQiOjE3NDM2MjE4NDZ9.6y1wXneUsX3InjJ__BHnSeof9KLGgebWaNJB1mG18V4
[2025-04-02 22:57:28] [34mINFO[0;39m [36mg.s.f.AccessTokenAuthenticationFilter   [0;39m [35m:62  [0;39m user: Optional[UserVO(id=5, email=o.bulhakova.chi@gmail.com, languageVO=greencity.dto.language.LanguageVO@1ab8)]
[2025-04-02 22:57:28] [34mINFO[0;39m [36mg.s.f.AccessTokenAuthenticationFilter   [0;39m [35m:62  [0;39m user: Optional[UserVO(id=5, email=o.bulhakova.chi@gmail.com, languageVO=greencity.dto.language.LanguageVO@1ab8)]
[2025-04-02 22:57:28] [34mINFO[0;39m [36mg.s.f.AccessTokenAuthenticationFilter   [0;39m [35m:54  [0;39m token: eyJhbGciOiJIUzI1NiJ9.eyJzdWIiOiJvLmJ1bGhha292YS5jaGlAZ21haWwuY29tIiwicm9sZSI6WyJST0xFX1VTRVIiXSwiZXhwIjoxNzQzNjI5MDQ2LCJpYXQiOjE3NDM2MjE4NDZ9.6y1wXneUsX3InjJ__BHnSeof9KLGgebWaNJB1mG18V4
[2025-04-02 22:57:28] [34mINFO[0;39m [36mg.s.f.AccessTokenAuthenticationFilter   [0;39m [35m:62  [0;39m user: Optional[UserVO(id=5, email=o.bulhakova.chi@gmail.com, languageVO=greencity.dto.language.LanguageVO@1ab8)]
[2025-04-02 22:57:54] [34mINFO[0;39m [36mg.s.f.AccessTokenAuthenticationFilter   [0;39m [35m:54  [0;39m token: eyJhbGciOiJIUzI1NiJ9.eyJzdWIiOiJvLmJ1bGhha292YS5jaGlAZ21haWwuY29tIiwicm9sZSI6WyJST0xFX1VTRVIiXSwiZXhwIjoxNzQzNjI5MDQ2LCJpYXQiOjE3NDM2MjE4NDZ9.6y1wXneUsX3InjJ__BHnSeof9KLGgebWaNJB1mG18V4
[2025-04-02 22:57:54] [34mINFO[0;39m [36mg.s.f.AccessTokenAuthenticationFilter   [0;39m [35m:54  [0;39m token: eyJhbGciOiJIUzI1NiJ9.eyJzdWIiOiJvLmJ1bGhha292YS5jaGlAZ21haWwuY29tIiwicm9sZSI6WyJST0xFX1VTRVIiXSwiZXhwIjoxNzQzNjI5MDQ2LCJpYXQiOjE3NDM2MjE4NDZ9.6y1wXneUsX3InjJ__BHnSeof9KLGgebWaNJB1mG18V4
[2025-04-02 22:57:55] [34mINFO[0;39m [36mg.s.f.AccessTokenAuthenticationFilter   [0;39m [35m:62  [0;39m user: Optional[UserVO(id=5, email=o.bulhakova.chi@gmail.com, languageVO=greencity.dto.language.LanguageVO@1ab8)]
[2025-04-02 22:57:55] [34mINFO[0;39m [36mg.s.f.AccessTokenAuthenticationFilter   [0;39m [35m:62  [0;39m user: Optional[UserVO(id=5, email=o.bulhakova.chi@gmail.com, languageVO=greencity.dto.language.LanguageVO@1ab8)]
[2025-04-02 22:57:55] [34mINFO[0;39m [36mg.s.f.AccessTokenAuthenticationFilter   [0;39m [35m:54  [0;39m token: eyJhbGciOiJIUzI1NiJ9.eyJzdWIiOiJvLmJ1bGhha292YS5jaGlAZ21haWwuY29tIiwicm9sZSI6WyJST0xFX1VTRVIiXSwiZXhwIjoxNzQzNjI5MDQ2LCJpYXQiOjE3NDM2MjE4NDZ9.6y1wXneUsX3InjJ__BHnSeof9KLGgebWaNJB1mG18V4
[2025-04-02 22:57:55] [34mINFO[0;39m [36mg.s.f.AccessTokenAuthenticationFilter   [0;39m [35m:62  [0;39m user: Optional[UserVO(id=5, email=o.bulhakova.chi@gmail.com, languageVO=greencity.dto.language.LanguageVO@1ab8)]
[2025-04-02 22:58:07] [34mINFO[0;39m [36mg.service.ubs.OrderLockServiceImpl      [0;39m [35m:60  [0;39m Time: 2025-04-02T22:53:07.365121
[2025-04-02 22:58:07] [34mINFO[0;39m [36mg.service.ubs.OrderLockServiceImpl      [0;39m [35m:62  [0;39m Unlock orders
[2025-04-02 22:59:07] [34mINFO[0;39m [36mg.service.ubs.OrderLockServiceImpl      [0;39m [35m:60  [0;39m Time: 2025-04-02T22:54:07.362124500
[2025-04-02 22:59:07] [34mINFO[0;39m [36mg.service.ubs.OrderLockServiceImpl      [0;39m [35m:62  [0;39m Unlock orders
[2025-04-02 22:59:20] [34mINFO[0;39m [36mj.LocalContainerEntityManagerFactoryBean[0;39m [35m:650 [0;39m Closing JPA EntityManagerFactory for persistence unit 'default'
[2025-04-02 22:59:20] [34mINFO[0;39m [36mcom.zaxxer.hikari.HikariDataSource      [0;39m [35m:350 [0;39m HikariPool-1 - Shutdown initiated...
[2025-04-02 22:59:20] [34mINFO[0;39m [36mcom.zaxxer.hikari.HikariDataSource      [0;39m [35m:352 [0;39m HikariPool-1 - Shutdown completed.
[2025-04-02 22:59:31] [34mINFO[0;39m [36mo.h.validator.internal.util.Version     [0;39m [35m:21  [0;39m HV000001: Hibernate Validator 8.0.1.Final
[2025-04-02 22:59:31] [34mINFO[0;39m [36mgreencity.UbsApplication                [0;39m [35m:50  [0;39m Starting UbsApplication using Java 21.0.5 with PID 23080 (C:\Users\o.bulhakova\IdeaProjects\project\GreenCityUBS\core\target\classes started by o.bulhakova in C:\Users\o.bulhakova\IdeaProjects\project\GreenCityUBS)
[2025-04-02 22:59:31] [34mINFO[0;39m [36mgreencity.UbsApplication                [0;39m [35m:660 [0;39m The following 1 profile is active: "dev"
[2025-04-02 22:59:31] [34mINFO[0;39m [36m.e.DevToolsPropertyDefaultsPostProcessor[0;39m [35m:252 [0;39m Devtools property defaults active! Set 'spring.devtools.add-properties' to 'false' to disable
[2025-04-02 22:59:31] [34mINFO[0;39m [36m.e.DevToolsPropertyDefaultsPostProcessor[0;39m [35m:252 [0;39m For additional web related logging consider setting the 'logging.level.web' property to 'DEBUG'
[2025-04-02 22:59:35] [34mINFO[0;39m [36m.s.d.r.c.RepositoryConfigurationDelegate[0;39m [35m:139 [0;39m Bootstrapping Spring Data JPA repositories in DEFAULT mode.
[2025-04-02 22:59:36] [34mINFO[0;39m [36m.s.d.r.c.RepositoryConfigurationDelegate[0;39m [35m:208 [0;39m Finished Spring Data repository scanning in 935 ms. Found 36 JPA repository interfaces.
[2025-04-02 22:59:37] [34mINFO[0;39m [36mo.s.cloud.context.scope.GenericScope    [0;39m [35m:282 [0;39m BeanFactory id=946dfe5b-ebbd-3bb0-96ba-f3cc67a34d79
[2025-04-02 22:59:39] [34mINFO[0;39m [36mo.s.b.w.embedded.tomcat.TomcatWebServer [0;39m [35m:109 [0;39m Tomcat initialized with port 8050 (http)
[2025-04-02 22:59:39] [34mINFO[0;39m [36mo.apache.coyote.http11.Http11NioProtocol[0;39m [35m:173 [0;39m Initializing ProtocolHandler ["http-nio-8050"]
[2025-04-02 22:59:39] [34mINFO[0;39m [36mo.apache.catalina.core.StandardService  [0;39m [35m:173 [0;39m Starting service [Tomcat]
[2025-04-02 22:59:39] [34mINFO[0;39m [36morg.apache.catalina.core.StandardEngine [0;39m [35m:173 [0;39m Starting Servlet engine: [Apache Tomcat/10.1.18]
[2025-04-02 22:59:39] [34mINFO[0;39m [36mo.a.c.c.C.[Tomcat].[localhost].[/]      [0;39m [35m:173 [0;39m Initializing Spring embedded WebApplicationContext
[2025-04-02 22:59:39] [34mINFO[0;39m [36mw.s.c.ServletWebServerApplicationContext[0;39m [35m:296 [0;39m Root WebApplicationContext: initialization completed in 8138 ms
[2025-04-02 22:59:40] [34mINFO[0;39m [36mliquibase.database                      [0;39m [35m:37  [0;39m Set default schema name to public
[2025-04-02 22:59:46] [34mINFO[0;39m [36mliquibase.changelog                     [0;39m [35m:37  [0;39m Reading from public.databasechangelog
[2025-04-02 22:59:46] [34mINFO[0;39m [36mliquibase.ui                            [0;39m [35m:37  [0;39m Database is up to date, no changesets to execute
[2025-04-02 22:59:46] [34mINFO[0;39m [36mliquibase.changelog                     [0;39m [35m:37  [0;39m Reading from public.databasechangelog
[2025-04-02 22:59:46] [34mINFO[0;39m [36mliquibase.util                          [0;39m [35m:37  [0;39m UPDATE SUMMARY
[2025-04-02 22:59:46] [34mINFO[0;39m [36mliquibase.util                          [0;39m [35m:37  [0;39m Run:                          0
[2025-04-02 22:59:46] [34mINFO[0;39m [36mliquibase.util                          [0;39m [35m:37  [0;39m Previously run:             362
[2025-04-02 22:59:46] [34mINFO[0;39m [36mliquibase.util                          [0;39m [35m:37  [0;39m Filtered out:                 0
[2025-04-02 22:59:46] [34mINFO[0;39m [36mliquibase.util                          [0;39m [35m:37  [0;39m -------------------------------
[2025-04-02 22:59:46] [34mINFO[0;39m [36mliquibase.util                          [0;39m [35m:37  [0;39m Total change sets:          362
[2025-04-02 22:59:46] [34mINFO[0;39m [36mliquibase.util                          [0;39m [35m:37  [0;39m Update summary generated
[2025-04-02 22:59:46] [34mINFO[0;39m [36mliquibase.lockservice                   [0;39m [35m:37  [0;39m Successfully released change log lock
[2025-04-02 22:59:46] [34mINFO[0;39m [36mliquibase.command                       [0;39m [35m:37  [0;39m Command execution complete
[2025-04-02 22:59:47] [34mINFO[0;39m [36mo.hibernate.jpa.internal.util.LogHelper [0;39m [35m:31  [0;39m HHH000204: Processing PersistenceUnitInfo [name: default]
[2025-04-02 22:59:47] [34mINFO[0;39m [36morg.hibernate.Version                   [0;39m [35m:44  [0;39m HHH000412: Hibernate ORM core version 6.4.1.Final
[2025-04-02 22:59:47] [34mINFO[0;39m [36mo.h.c.internal.RegionFactoryInitiator   [0;39m [35m:50  [0;39m HHH000026: Second-level cache disabled
[2025-04-02 22:59:47] [34mINFO[0;39m [36mo.s.o.j.p.SpringPersistenceUnitInfo     [0;39m [35m:87  [0;39m No LoadTimeWeaver setup: ignoring JPA class transformer
[2025-04-02 22:59:48] [34mINFO[0;39m [36mcom.zaxxer.hikari.HikariDataSource      [0;39m [35m:110 [0;39m HikariPool-1 - Starting...
[2025-04-02 22:59:48] [34mINFO[0;39m [36mcom.zaxxer.hikari.pool.HikariPool       [0;39m [35m:565 [0;39m HikariPool-1 - Added connection org.postgresql.jdbc.PgConnection@c635c6b
[2025-04-02 22:59:48] [34mINFO[0;39m [36mcom.zaxxer.hikari.HikariDataSource      [0;39m [35m:123 [0;39m HikariPool-1 - Start completed.
[2025-04-02 22:59:49] [31mWARN[0;39m [36morg.hibernate.mapping.RootClass         [0;39m [35m:341 [0;39m HHH000038: Composite-id class does not override equals(): greencity.entity.user.employee.EmployeeFilterViewId
[2025-04-02 22:59:49] [31mWARN[0;39m [36morg.hibernate.mapping.RootClass         [0;39m [35m:344 [0;39m HHH000039: Composite-id class does not override hashCode(): greencity.entity.user.employee.EmployeeFilterViewId
[2025-04-02 22:59:52] [31mWARN[0;39m [36mo.h.metamodel.internal.MetadataContext  [0;39m [35m:727 [0;39m HHH015011: Unable to locate static metamodel field : greencity.entity.user.employee.EmployeeFilterViewId_#employeeId; this may or may not indicate a problem with the static metamodel
[2025-04-02 22:59:52] [31mWARN[0;39m [36mo.h.metamodel.internal.MetadataContext  [0;39m [35m:727 [0;39m HHH015011: Unable to locate static metamodel field : greencity.entity.user.employee.EmployeeFilterViewId_#positionId; this may or may not indicate a problem with the static metamodel
[2025-04-02 22:59:52] [34mINFO[0;39m [36mo.h.e.t.j.p.i.JtaPlatformInitiator      [0;39m [35m:58  [0;39m HHH000489: No JTA platform available (set 'hibernate.transaction.jta.platform' to enable JTA platform integration)
[2025-04-02 22:59:52] [34mINFO[0;39m [36mj.LocalContainerEntityManagerFactoryBean[0;39m [35m:437 [0;39m Initialized JPA EntityManagerFactory for persistence unit 'default'
[2025-04-02 22:59:53] [31mWARN[0;39m [36mJpaBaseConfiguration$JpaWebConfiguration[0;39m [35m:232 [0;39m spring.jpa.open-in-view is enabled by default. Therefore, database queries may be performed during view rendering. Explicitly configure spring.jpa.open-in-view to disable this warning
[2025-04-02 22:59:53] [31mWARN[0;39m [36mo.s.b.d.a.OptionalLiveReloadServer      [0;39m [35m:62  [0;39m Unable to start LiveReload server
[2025-04-02 22:59:54] [34mINFO[0;39m [36mo.s.d.j.r.query.QueryEnhancerFactory    [0;39m [35m:49  [0;39m Hibernate is in classpath; If applicable, HQL parser will be used.
[2025-04-02 23:00:03] [34mINFO[0;39m [36mo.s.s.web.DefaultSecurityFilterChain    [0;39m [35m:54  [0;39m Will secure any request with [org.springframework.security.web.session.DisableEncodeUrlFilter@10a6b5fe, org.springframework.security.web.context.request.async.WebAsyncManagerIntegrationFilter@3890e993, org.springframework.security.web.context.SecurityContextHolderFilter@2e54d99a, org.springframework.security.web.header.HeaderWriterFilter@58588eb2, org.springframework.web.filter.CorsFilter@569313c4, org.springframework.security.web.authentication.logout.LogoutFilter@39e8e510, greencity.security.filters.AccessTokenAuthenticationFilter@ec27c70, org.springframework.security.web.savedrequest.RequestCacheAwareFilter@5425b50a, org.springframework.security.web.servletapi.SecurityContextHolderAwareRequestFilter@7b300283, org.springframework.security.web.authentication.AnonymousAuthenticationFilter@2bee2113, org.springframework.security.web.session.SessionManagementFilter@35b3f54c, org.springframework.security.web.access.ExceptionTranslationFilter@15676567, org.springframework.security.web.access.intercept.AuthorizationFilter@37ab38d5]
[2025-04-02 23:00:03] [31mWARN[0;39m [36mo.s.s.c.a.web.builders.WebSecurity      [0;39m [35m:289 [0;39m You are asking Spring Security to ignore Mvc [pattern='/ubs/receivePayment']. This is not recommended -- please use permitAll via HttpSecurity#authorizeHttpRequests instead.
[2025-04-02 23:00:03] [34mINFO[0;39m [36mo.s.s.web.DefaultSecurityFilterChain    [0;39m [35m:51  [0;39m Will not secure Mvc [pattern='/ubs/receivePayment']
[2025-04-02 23:00:03] [31mWARN[0;39m [36mo.s.s.c.a.web.builders.WebSecurity      [0;39m [35m:289 [0;39m You are asking Spring Security to ignore Mvc [pattern='/ubs/monobank/payments']. This is not recommended -- please use permitAll via HttpSecurity#authorizeHttpRequests instead.
[2025-04-02 23:00:03] [34mINFO[0;39m [36mo.s.s.web.DefaultSecurityFilterChain    [0;39m [35m:51  [0;39m Will not secure Mvc [pattern='/ubs/monobank/payments']
[2025-04-02 23:00:04] [31mWARN[0;39m [36mion$DefaultTemplateResolverConfiguration[0;39m [35m:101 [0;39m Cannot find template location: classpath:/templates/ (please add some templates, check your Thymeleaf configuration, or set spring.thymeleaf.check-template-location=false)
[2025-04-02 23:00:05] [34mINFO[0;39m [36mo.apache.coyote.http11.Http11NioProtocol[0;39m [35m:173 [0;39m Starting ProtocolHandler ["http-nio-8050"]
[2025-04-02 23:00:05] [34mINFO[0;39m [36mo.s.b.w.embedded.tomcat.TomcatWebServer [0;39m [35m:241 [0;39m Tomcat started on port 8050 (http) with context path ''
[2025-04-02 23:00:05] [34mINFO[0;39m [36mgreencity.UbsApplication                [0;39m [35m:56  [0;39m Started UbsApplication in 35.456 seconds (process running for 38.127)
[2025-04-02 23:00:05] [34mINFO[0;39m [36mg.service.ubs.OrderLockServiceImpl      [0;39m [35m:60  [0;39m Time: 2025-04-02T22:55:05.689676100
[2025-04-02 23:00:05] [34mINFO[0;39m [36mg.service.ubs.OrderLockServiceImpl      [0;39m [35m:62  [0;39m Unlock orders
[2025-04-02 23:00:05] [34mINFO[0;39m [36mg.n.scheduler.NotificationTaskScheduler [0;39m [35m:39  [0;39m Failed to start scheduled notificator with type VIOLATION_THE_RULES because cron is incorrect or template is inactive.
[2025-04-02 23:00:05] [34mINFO[0;39m [36mg.n.scheduler.NotificationTaskScheduler [0;39m [35m:39  [0;39m Failed to start scheduled notificator with type CANCELED_VIOLATION_THE_RULES_BY_THE_MANAGER because cron is incorrect or template is inactive.
[2025-04-02 23:00:05] [34mINFO[0;39m [36mg.n.scheduler.NotificationTaskScheduler [0;39m [35m:39  [0;39m Failed to start scheduled notificator with type ORDER_STATUS_CHANGED because cron is incorrect or template is inactive.
[2025-04-02 23:00:05] [34mINFO[0;39m [36mg.n.scheduler.NotificationTaskScheduler [0;39m [35m:39  [0;39m Failed to start scheduled notificator with type CHANGED_IN_RULE_VIOLATION_STATUS because cron is incorrect or template is inactive.
[2025-04-02 23:00:05] [34mINFO[0;39m [36mg.n.scheduler.NotificationTaskScheduler [0;39m [35m:39  [0;39m Failed to start scheduled notificator with type COURIER_ITINERARY_FORMED because cron is incorrect or template is inactive.
[2025-04-02 23:00:05] [34mINFO[0;39m [36mg.n.scheduler.NotificationTaskScheduler [0;39m [35m:39  [0;39m Failed to start scheduled notificator with type DONE_OR_CANCELED_UNPAID_ORDER because cron is incorrect or template is inactive.
[2025-04-02 23:00:05] [34mINFO[0;39m [36mg.n.scheduler.NotificationTaskScheduler [0;39m [35m:39  [0;39m Failed to start scheduled notificator with type HALF_PAID_ORDER_WITH_STATUS_BROUGHT_BY_HIMSELF because cron is incorrect or template is inactive.
[2025-04-02 23:00:05] [34mINFO[0;39m [36mg.n.scheduler.NotificationTaskScheduler [0;39m [35m:29  [0;39m Scheduled notificator for LETS_STAY_CONNECTED notification template by 0 0 18 * * ? cron
[2025-04-02 23:00:05] [34mINFO[0;39m [36mg.n.scheduler.NotificationTaskScheduler [0;39m [35m:29  [0;39m Scheduled notificator for UNPAID_ORDER notification template by 0 0 18 * * ? cron
[2025-04-02 23:00:05] [34mINFO[0;39m [36mg.n.scheduler.NotificationTaskScheduler [0;39m [35m:39  [0;39m Failed to start scheduled notificator with type UNPAID_PACKAGE because cron is incorrect or template is inactive.
[2025-04-02 23:01:05] [34mINFO[0;39m [36mg.service.ubs.OrderLockServiceImpl      [0;39m [35m:60  [0;39m Time: 2025-04-02T22:56:05.667239700
[2025-04-02 23:01:05] [34mINFO[0;39m [36mg.service.ubs.OrderLockServiceImpl      [0;39m [35m:62  [0;39m Unlock orders
[2025-04-02 23:01:05] [34mINFO[0;39m [36mo.a.c.c.C.[Tomcat].[localhost].[/]      [0;39m [35m:173 [0;39m Initializing Spring DispatcherServlet 'dispatcherServlet'
[2025-04-02 23:01:05] [34mINFO[0;39m [36mo.s.web.servlet.DispatcherServlet       [0;39m [35m:532 [0;39m Initializing Servlet 'dispatcherServlet'
[2025-04-02 23:01:05] [34mINFO[0;39m [36mo.s.web.servlet.DispatcherServlet       [0;39m [35m:554 [0;39m Completed initialization in 8 ms
[2025-04-02 23:01:05] [31mWARN[0;39m [36mo.s.w.s.h.HandlerMappingIntrospector    [0;39m [35m:458 [0;39m Cache miss for REQUEST dispatch to '/ubs/client/user-bonuses' (previous null). Performing MatchableHandlerMapping lookup. This is logged once only at WARN level, and every time at TRACE.
[2025-04-02 23:01:05] [34mINFO[0;39m [36mg.s.f.AccessTokenAuthenticationFilter   [0;39m [35m:54  [0;39m token: eyJhbGciOiJIUzI1NiJ9.eyJzdWIiOiJvLmJ1bGhha292YS5jaGlAZ21haWwuY29tIiwicm9sZSI6WyJST0xFX1VTRVIiXSwiZXhwIjoxNzQzNjI5MDQ2LCJpYXQiOjE3NDM2MjE4NDZ9.6y1wXneUsX3InjJ__BHnSeof9KLGgebWaNJB1mG18V4
[2025-04-02 23:01:05] [34mINFO[0;39m [36mg.s.f.AccessTokenAuthenticationFilter   [0;39m [35m:54  [0;39m token: eyJhbGciOiJIUzI1NiJ9.eyJzdWIiOiJvLmJ1bGhha292YS5jaGlAZ21haWwuY29tIiwicm9sZSI6WyJST0xFX1VTRVIiXSwiZXhwIjoxNzQzNjI5MDQ2LCJpYXQiOjE3NDM2MjE4NDZ9.6y1wXneUsX3InjJ__BHnSeof9KLGgebWaNJB1mG18V4
[2025-04-02 23:01:06] [34mINFO[0;39m [36mg.s.f.AccessTokenAuthenticationFilter   [0;39m [35m:62  [0;39m user: Optional[UserVO(id=5, email=o.bulhakova.chi@gmail.com, languageVO=greencity.dto.language.LanguageVO@1ab8)]
[2025-04-02 23:01:06] [34mINFO[0;39m [36mg.s.f.AccessTokenAuthenticationFilter   [0;39m [35m:62  [0;39m user: Optional[UserVO(id=5, email=o.bulhakova.chi@gmail.com, languageVO=greencity.dto.language.LanguageVO@1ab8)]
[2025-04-02 23:01:06] [34mINFO[0;39m [36mg.s.f.AccessTokenAuthenticationFilter   [0;39m [35m:54  [0;39m token: eyJhbGciOiJIUzI1NiJ9.eyJzdWIiOiJvLmJ1bGhha292YS5jaGlAZ21haWwuY29tIiwicm9sZSI6WyJST0xFX1VTRVIiXSwiZXhwIjoxNzQzNjI5MDQ2LCJpYXQiOjE3NDM2MjE4NDZ9.6y1wXneUsX3InjJ__BHnSeof9KLGgebWaNJB1mG18V4
[2025-04-02 23:01:06] [34mINFO[0;39m [36mg.s.f.AccessTokenAuthenticationFilter   [0;39m [35m:62  [0;39m user: Optional[UserVO(id=5, email=o.bulhakova.chi@gmail.com, languageVO=greencity.dto.language.LanguageVO@1ab8)]
[2025-04-02 23:01:16] [34mINFO[0;39m [36mj.LocalContainerEntityManagerFactoryBean[0;39m [35m:650 [0;39m Closing JPA EntityManagerFactory for persistence unit 'default'
[2025-04-02 23:01:16] [34mINFO[0;39m [36mcom.zaxxer.hikari.HikariDataSource      [0;39m [35m:350 [0;39m HikariPool-1 - Shutdown initiated...
[2025-04-02 23:01:16] [34mINFO[0;39m [36mcom.zaxxer.hikari.HikariDataSource      [0;39m [35m:352 [0;39m HikariPool-1 - Shutdown completed.
[2025-04-02 23:01:22] [34mINFO[0;39m [36mo.h.validator.internal.util.Version     [0;39m [35m:21  [0;39m HV000001: Hibernate Validator 8.0.1.Final
[2025-04-02 23:01:22] [34mINFO[0;39m [36mgreencity.UbsApplication                [0;39m [35m:50  [0;39m Starting UbsApplication using Java 21.0.5 with PID 24920 (C:\Users\o.bulhakova\IdeaProjects\project\GreenCityUBS\core\target\classes started by o.bulhakova in C:\Users\o.bulhakova\IdeaProjects\project\GreenCityUBS)
[2025-04-02 23:01:22] [34mINFO[0;39m [36mgreencity.UbsApplication                [0;39m [35m:660 [0;39m The following 1 profile is active: "dev"
[2025-04-02 23:01:22] [34mINFO[0;39m [36m.e.DevToolsPropertyDefaultsPostProcessor[0;39m [35m:252 [0;39m Devtools property defaults active! Set 'spring.devtools.add-properties' to 'false' to disable
[2025-04-02 23:01:22] [34mINFO[0;39m [36m.e.DevToolsPropertyDefaultsPostProcessor[0;39m [35m:252 [0;39m For additional web related logging consider setting the 'logging.level.web' property to 'DEBUG'
[2025-04-02 23:01:26] [34mINFO[0;39m [36m.s.d.r.c.RepositoryConfigurationDelegate[0;39m [35m:139 [0;39m Bootstrapping Spring Data JPA repositories in DEFAULT mode.
[2025-04-02 23:01:27] [34mINFO[0;39m [36m.s.d.r.c.RepositoryConfigurationDelegate[0;39m [35m:208 [0;39m Finished Spring Data repository scanning in 787 ms. Found 36 JPA repository interfaces.
[2025-04-02 23:01:28] [34mINFO[0;39m [36mo.s.cloud.context.scope.GenericScope    [0;39m [35m:282 [0;39m BeanFactory id=946dfe5b-ebbd-3bb0-96ba-f3cc67a34d79
[2025-04-02 23:01:29] [34mINFO[0;39m [36mo.s.b.w.embedded.tomcat.TomcatWebServer [0;39m [35m:109 [0;39m Tomcat initialized with port 8050 (http)
[2025-04-02 23:01:29] [34mINFO[0;39m [36mo.apache.coyote.http11.Http11NioProtocol[0;39m [35m:173 [0;39m Initializing ProtocolHandler ["http-nio-8050"]
[2025-04-02 23:01:29] [34mINFO[0;39m [36mo.apache.catalina.core.StandardService  [0;39m [35m:173 [0;39m Starting service [Tomcat]
[2025-04-02 23:01:29] [34mINFO[0;39m [36morg.apache.catalina.core.StandardEngine [0;39m [35m:173 [0;39m Starting Servlet engine: [Apache Tomcat/10.1.18]
[2025-04-02 23:01:29] [34mINFO[0;39m [36mo.a.c.c.C.[Tomcat].[localhost].[/]      [0;39m [35m:173 [0;39m Initializing Spring embedded WebApplicationContext
[2025-04-02 23:01:29] [34mINFO[0;39m [36mw.s.c.ServletWebServerApplicationContext[0;39m [35m:296 [0;39m Root WebApplicationContext: initialization completed in 7378 ms
[2025-04-02 23:01:31] [34mINFO[0;39m [36mliquibase.database                      [0;39m [35m:37  [0;39m Set default schema name to public
[2025-04-02 23:01:37] [34mINFO[0;39m [36mliquibase.changelog                     [0;39m [35m:37  [0;39m Reading from public.databasechangelog
[2025-04-02 23:01:37] [34mINFO[0;39m [36mliquibase.ui                            [0;39m [35m:37  [0;39m Database is up to date, no changesets to execute
[2025-04-02 23:01:37] [34mINFO[0;39m [36mliquibase.changelog                     [0;39m [35m:37  [0;39m Reading from public.databasechangelog
[2025-04-02 23:01:38] [34mINFO[0;39m [36mliquibase.util                          [0;39m [35m:37  [0;39m UPDATE SUMMARY
[2025-04-02 23:01:38] [34mINFO[0;39m [36mliquibase.util                          [0;39m [35m:37  [0;39m Run:                          0
[2025-04-02 23:01:38] [34mINFO[0;39m [36mliquibase.util                          [0;39m [35m:37  [0;39m Previously run:             362
[2025-04-02 23:01:38] [34mINFO[0;39m [36mliquibase.util                          [0;39m [35m:37  [0;39m Filtered out:                 0
[2025-04-02 23:01:38] [34mINFO[0;39m [36mliquibase.util                          [0;39m [35m:37  [0;39m -------------------------------
[2025-04-02 23:01:38] [34mINFO[0;39m [36mliquibase.util                          [0;39m [35m:37  [0;39m Total change sets:          362
[2025-04-02 23:01:38] [34mINFO[0;39m [36mliquibase.util                          [0;39m [35m:37  [0;39m Update summary generated
[2025-04-02 23:01:38] [34mINFO[0;39m [36mliquibase.lockservice                   [0;39m [35m:37  [0;39m Successfully released change log lock
[2025-04-02 23:01:38] [34mINFO[0;39m [36mliquibase.command                       [0;39m [35m:37  [0;39m Command execution complete
[2025-04-02 23:01:38] [34mINFO[0;39m [36mo.hibernate.jpa.internal.util.LogHelper [0;39m [35m:31  [0;39m HHH000204: Processing PersistenceUnitInfo [name: default]
[2025-04-02 23:01:38] [34mINFO[0;39m [36morg.hibernate.Version                   [0;39m [35m:44  [0;39m HHH000412: Hibernate ORM core version 6.4.1.Final
[2025-04-02 23:01:38] [34mINFO[0;39m [36mo.h.c.internal.RegionFactoryInitiator   [0;39m [35m:50  [0;39m HHH000026: Second-level cache disabled
[2025-04-02 23:01:39] [34mINFO[0;39m [36mo.s.o.j.p.SpringPersistenceUnitInfo     [0;39m [35m:87  [0;39m No LoadTimeWeaver setup: ignoring JPA class transformer
[2025-04-02 23:01:39] [34mINFO[0;39m [36mcom.zaxxer.hikari.HikariDataSource      [0;39m [35m:110 [0;39m HikariPool-1 - Starting...
[2025-04-02 23:01:39] [34mINFO[0;39m [36mcom.zaxxer.hikari.pool.HikariPool       [0;39m [35m:565 [0;39m HikariPool-1 - Added connection org.postgresql.jdbc.PgConnection@50ca8432
[2025-04-02 23:01:39] [34mINFO[0;39m [36mcom.zaxxer.hikari.HikariDataSource      [0;39m [35m:123 [0;39m HikariPool-1 - Start completed.
[2025-04-02 23:01:41] [31mWARN[0;39m [36morg.hibernate.mapping.RootClass         [0;39m [35m:341 [0;39m HHH000038: Composite-id class does not override equals(): greencity.entity.user.employee.EmployeeFilterViewId
[2025-04-02 23:01:41] [31mWARN[0;39m [36morg.hibernate.mapping.RootClass         [0;39m [35m:344 [0;39m HHH000039: Composite-id class does not override hashCode(): greencity.entity.user.employee.EmployeeFilterViewId
[2025-04-02 23:01:43] [31mWARN[0;39m [36mo.h.metamodel.internal.MetadataContext  [0;39m [35m:727 [0;39m HHH015011: Unable to locate static metamodel field : greencity.entity.user.employee.EmployeeFilterViewId_#employeeId; this may or may not indicate a problem with the static metamodel
[2025-04-02 23:01:43] [31mWARN[0;39m [36mo.h.metamodel.internal.MetadataContext  [0;39m [35m:727 [0;39m HHH015011: Unable to locate static metamodel field : greencity.entity.user.employee.EmployeeFilterViewId_#positionId; this may or may not indicate a problem with the static metamodel
[2025-04-02 23:01:43] [34mINFO[0;39m [36mo.h.e.t.j.p.i.JtaPlatformInitiator      [0;39m [35m:58  [0;39m HHH000489: No JTA platform available (set 'hibernate.transaction.jta.platform' to enable JTA platform integration)
[2025-04-02 23:01:43] [34mINFO[0;39m [36mj.LocalContainerEntityManagerFactoryBean[0;39m [35m:437 [0;39m Initialized JPA EntityManagerFactory for persistence unit 'default'
[2025-04-02 23:01:44] [31mWARN[0;39m [36mJpaBaseConfiguration$JpaWebConfiguration[0;39m [35m:232 [0;39m spring.jpa.open-in-view is enabled by default. Therefore, database queries may be performed during view rendering. Explicitly configure spring.jpa.open-in-view to disable this warning
[2025-04-02 23:01:44] [31mWARN[0;39m [36mo.s.b.d.a.OptionalLiveReloadServer      [0;39m [35m:62  [0;39m Unable to start LiveReload server
[2025-04-02 23:01:45] [34mINFO[0;39m [36mo.s.d.j.r.query.QueryEnhancerFactory    [0;39m [35m:49  [0;39m Hibernate is in classpath; If applicable, HQL parser will be used.
[2025-04-02 23:01:54] [34mINFO[0;39m [36mo.s.s.web.DefaultSecurityFilterChain    [0;39m [35m:54  [0;39m Will secure any request with [org.springframework.security.web.session.DisableEncodeUrlFilter@35abfabf, org.springframework.security.web.context.request.async.WebAsyncManagerIntegrationFilter@327bfb21, org.springframework.security.web.context.SecurityContextHolderFilter@2dd47922, org.springframework.security.web.header.HeaderWriterFilter@36e448ef, org.springframework.web.filter.CorsFilter@71825d0a, org.springframework.security.web.authentication.logout.LogoutFilter@742669ea, greencity.security.filters.AccessTokenAuthenticationFilter@7b18d821, org.springframework.security.web.savedrequest.RequestCacheAwareFilter@4f641abc, org.springframework.security.web.servletapi.SecurityContextHolderAwareRequestFilter@4b83fb00, org.springframework.security.web.authentication.AnonymousAuthenticationFilter@110cbbff, org.springframework.security.web.session.SessionManagementFilter@36c381c0, org.springframework.security.web.access.ExceptionTranslationFilter@49a0d078, org.springframework.security.web.access.intercept.AuthorizationFilter@8697a6e]
[2025-04-02 23:01:54] [31mWARN[0;39m [36mo.s.s.c.a.web.builders.WebSecurity      [0;39m [35m:289 [0;39m You are asking Spring Security to ignore Mvc [pattern='/ubs/receivePayment']. This is not recommended -- please use permitAll via HttpSecurity#authorizeHttpRequests instead.
[2025-04-02 23:01:54] [34mINFO[0;39m [36mo.s.s.web.DefaultSecurityFilterChain    [0;39m [35m:51  [0;39m Will not secure Mvc [pattern='/ubs/receivePayment']
[2025-04-02 23:01:54] [31mWARN[0;39m [36mo.s.s.c.a.web.builders.WebSecurity      [0;39m [35m:289 [0;39m You are asking Spring Security to ignore Mvc [pattern='/ubs/monobank/payments']. This is not recommended -- please use permitAll via HttpSecurity#authorizeHttpRequests instead.
[2025-04-02 23:01:54] [34mINFO[0;39m [36mo.s.s.web.DefaultSecurityFilterChain    [0;39m [35m:51  [0;39m Will not secure Mvc [pattern='/ubs/monobank/payments']
[2025-04-02 23:01:54] [31mWARN[0;39m [36mion$DefaultTemplateResolverConfiguration[0;39m [35m:101 [0;39m Cannot find template location: classpath:/templates/ (please add some templates, check your Thymeleaf configuration, or set spring.thymeleaf.check-template-location=false)
[2025-04-02 23:01:55] [34mINFO[0;39m [36mo.apache.coyote.http11.Http11NioProtocol[0;39m [35m:173 [0;39m Starting ProtocolHandler ["http-nio-8050"]
[2025-04-02 23:01:56] [34mINFO[0;39m [36mo.s.b.w.embedded.tomcat.TomcatWebServer [0;39m [35m:241 [0;39m Tomcat started on port 8050 (http) with context path ''
[2025-04-02 23:01:56] [34mINFO[0;39m [36mgreencity.UbsApplication                [0;39m [35m:56  [0;39m Started UbsApplication in 34.477 seconds (process running for 36.866)
[2025-04-02 23:01:56] [34mINFO[0;39m [36mg.service.ubs.OrderLockServiceImpl      [0;39m [35m:60  [0;39m Time: 2025-04-02T22:56:56.105318900
[2025-04-02 23:01:56] [34mINFO[0;39m [36mg.service.ubs.OrderLockServiceImpl      [0;39m [35m:62  [0;39m Unlock orders
[2025-04-02 23:01:56] [34mINFO[0;39m [36mg.n.scheduler.NotificationTaskScheduler [0;39m [35m:39  [0;39m Failed to start scheduled notificator with type VIOLATION_THE_RULES because cron is incorrect or template is inactive.
[2025-04-02 23:01:56] [34mINFO[0;39m [36mg.n.scheduler.NotificationTaskScheduler [0;39m [35m:39  [0;39m Failed to start scheduled notificator with type CANCELED_VIOLATION_THE_RULES_BY_THE_MANAGER because cron is incorrect or template is inactive.
[2025-04-02 23:01:56] [34mINFO[0;39m [36mg.n.scheduler.NotificationTaskScheduler [0;39m [35m:39  [0;39m Failed to start scheduled notificator with type ORDER_STATUS_CHANGED because cron is incorrect or template is inactive.
[2025-04-02 23:01:56] [34mINFO[0;39m [36mg.n.scheduler.NotificationTaskScheduler [0;39m [35m:39  [0;39m Failed to start scheduled notificator with type CHANGED_IN_RULE_VIOLATION_STATUS because cron is incorrect or template is inactive.
[2025-04-02 23:01:56] [34mINFO[0;39m [36mg.n.scheduler.NotificationTaskScheduler [0;39m [35m:39  [0;39m Failed to start scheduled notificator with type COURIER_ITINERARY_FORMED because cron is incorrect or template is inactive.
[2025-04-02 23:01:56] [34mINFO[0;39m [36mg.n.scheduler.NotificationTaskScheduler [0;39m [35m:39  [0;39m Failed to start scheduled notificator with type DONE_OR_CANCELED_UNPAID_ORDER because cron is incorrect or template is inactive.
[2025-04-02 23:01:56] [34mINFO[0;39m [36mg.n.scheduler.NotificationTaskScheduler [0;39m [35m:39  [0;39m Failed to start scheduled notificator with type HALF_PAID_ORDER_WITH_STATUS_BROUGHT_BY_HIMSELF because cron is incorrect or template is inactive.
[2025-04-02 23:01:56] [34mINFO[0;39m [36mg.n.scheduler.NotificationTaskScheduler [0;39m [35m:29  [0;39m Scheduled notificator for LETS_STAY_CONNECTED notification template by 0 0 18 * * ? cron
[2025-04-02 23:01:56] [34mINFO[0;39m [36mg.n.scheduler.NotificationTaskScheduler [0;39m [35m:29  [0;39m Scheduled notificator for UNPAID_ORDER notification template by 0 0 18 * * ? cron
[2025-04-02 23:01:56] [34mINFO[0;39m [36mg.n.scheduler.NotificationTaskScheduler [0;39m [35m:39  [0;39m Failed to start scheduled notificator with type UNPAID_PACKAGE because cron is incorrect or template is inactive.
[2025-04-02 23:02:09] [34mINFO[0;39m [36mo.a.c.c.C.[Tomcat].[localhost].[/]      [0;39m [35m:173 [0;39m Initializing Spring DispatcherServlet 'dispatcherServlet'
[2025-04-02 23:02:09] [34mINFO[0;39m [36mo.s.web.servlet.DispatcherServlet       [0;39m [35m:532 [0;39m Initializing Servlet 'dispatcherServlet'
[2025-04-02 23:02:09] [34mINFO[0;39m [36mo.s.web.servlet.DispatcherServlet       [0;39m [35m:554 [0;39m Completed initialization in 3 ms
[2025-04-02 23:02:09] [31mWARN[0;39m [36mo.s.w.s.h.HandlerMappingIntrospector    [0;39m [35m:458 [0;39m Cache miss for REQUEST dispatch to '/ubs/client/user-bonuses' (previous null). Performing MatchableHandlerMapping lookup. This is logged once only at WARN level, and every time at TRACE.
[2025-04-02 23:02:09] [34mINFO[0;39m [36mg.s.f.AccessTokenAuthenticationFilter   [0;39m [35m:54  [0;39m token: eyJhbGciOiJIUzI1NiJ9.eyJzdWIiOiJvLmJ1bGhha292YS5jaGlAZ21haWwuY29tIiwicm9sZSI6WyJST0xFX1VTRVIiXSwiZXhwIjoxNzQzNjI5MDQ2LCJpYXQiOjE3NDM2MjE4NDZ9.6y1wXneUsX3InjJ__BHnSeof9KLGgebWaNJB1mG18V4
[2025-04-02 23:02:09] [34mINFO[0;39m [36mg.s.f.AccessTokenAuthenticationFilter   [0;39m [35m:54  [0;39m token: eyJhbGciOiJIUzI1NiJ9.eyJzdWIiOiJvLmJ1bGhha292YS5jaGlAZ21haWwuY29tIiwicm9sZSI6WyJST0xFX1VTRVIiXSwiZXhwIjoxNzQzNjI5MDQ2LCJpYXQiOjE3NDM2MjE4NDZ9.6y1wXneUsX3InjJ__BHnSeof9KLGgebWaNJB1mG18V4
[2025-04-02 23:02:09] [34mINFO[0;39m [36mg.s.f.AccessTokenAuthenticationFilter   [0;39m [35m:62  [0;39m user: Optional[UserVO(id=5, email=o.bulhakova.chi@gmail.com, languageVO=greencity.dto.language.LanguageVO@1ab8)]
[2025-04-02 23:02:09] [34mINFO[0;39m [36mg.s.f.AccessTokenAuthenticationFilter   [0;39m [35m:62  [0;39m user: Optional[UserVO(id=5, email=o.bulhakova.chi@gmail.com, languageVO=greencity.dto.language.LanguageVO@1ab8)]
[2025-04-02 23:02:09] [34mINFO[0;39m [36mg.s.f.AccessTokenAuthenticationFilter   [0;39m [35m:54  [0;39m token: eyJhbGciOiJIUzI1NiJ9.eyJzdWIiOiJvLmJ1bGhha292YS5jaGlAZ21haWwuY29tIiwicm9sZSI6WyJST0xFX1VTRVIiXSwiZXhwIjoxNzQzNjI5MDQ2LCJpYXQiOjE3NDM2MjE4NDZ9.6y1wXneUsX3InjJ__BHnSeof9KLGgebWaNJB1mG18V4
[2025-04-02 23:02:09] [34mINFO[0;39m [36mg.s.f.AccessTokenAuthenticationFilter   [0;39m [35m:62  [0;39m user: Optional[UserVO(id=5, email=o.bulhakova.chi@gmail.com, languageVO=greencity.dto.language.LanguageVO@1ab8)]
[2025-04-02 23:02:22] [34mINFO[0;39m [36mg.s.f.AccessTokenAuthenticationFilter   [0;39m [35m:54  [0;39m token: eyJhbGciOiJIUzI1NiJ9.eyJzdWIiOiJvLmJ1bGhha292YS5jaGlAZ21haWwuY29tIiwicm9sZSI6WyJST0xFX1VTRVIiXSwiZXhwIjoxNzQzNjI5MDQ2LCJpYXQiOjE3NDM2MjE4NDZ9.6y1wXneUsX3InjJ__BHnSeof9KLGgebWaNJB1mG18V4
[2025-04-02 23:02:22] [34mINFO[0;39m [36mg.s.f.AccessTokenAuthenticationFilter   [0;39m [35m:62  [0;39m user: Optional[UserVO(id=5, email=o.bulhakova.chi@gmail.com, languageVO=greencity.dto.language.LanguageVO@1ab8)]
[2025-04-02 23:02:22] [34mINFO[0;39m [36mg.s.f.AccessTokenAuthenticationFilter   [0;39m [35m:54  [0;39m token: eyJhbGciOiJIUzI1NiJ9.eyJzdWIiOiJvLmJ1bGhha292YS5jaGlAZ21haWwuY29tIiwicm9sZSI6WyJST0xFX1VTRVIiXSwiZXhwIjoxNzQzNjI5MDQ2LCJpYXQiOjE3NDM2MjE4NDZ9.6y1wXneUsX3InjJ__BHnSeof9KLGgebWaNJB1mG18V4
[2025-04-02 23:02:22] [34mINFO[0;39m [36mg.s.f.AccessTokenAuthenticationFilter   [0;39m [35m:62  [0;39m user: Optional[UserVO(id=5, email=o.bulhakova.chi@gmail.com, languageVO=greencity.dto.language.LanguageVO@1ab8)]
[2025-04-02 23:02:22] [34mINFO[0;39m [36mg.s.f.AccessTokenAuthenticationFilter   [0;39m [35m:54  [0;39m token: eyJhbGciOiJIUzI1NiJ9.eyJzdWIiOiJvLmJ1bGhha292YS5jaGlAZ21haWwuY29tIiwicm9sZSI6WyJST0xFX1VTRVIiXSwiZXhwIjoxNzQzNjI5MDQ2LCJpYXQiOjE3NDM2MjE4NDZ9.6y1wXneUsX3InjJ__BHnSeof9KLGgebWaNJB1mG18V4
[2025-04-02 23:02:22] [34mINFO[0;39m [36mg.s.f.AccessTokenAuthenticationFilter   [0;39m [35m:62  [0;39m user: Optional[UserVO(id=5, email=o.bulhakova.chi@gmail.com, languageVO=greencity.dto.language.LanguageVO@1ab8)]
[2025-04-02 23:02:56] [34mINFO[0;39m [36mg.service.ubs.OrderLockServiceImpl      [0;39m [35m:60  [0;39m Time: 2025-04-02T22:57:56.085355600
[2025-04-02 23:02:56] [34mINFO[0;39m [36mg.service.ubs.OrderLockServiceImpl      [0;39m [35m:62  [0;39m Unlock orders
[2025-04-02 23:03:56] [34mINFO[0;39m [36mg.service.ubs.OrderLockServiceImpl      [0;39m [35m:60  [0;39m Time: 2025-04-02T22:58:56.079994900
[2025-04-02 23:03:56] [34mINFO[0;39m [36mg.service.ubs.OrderLockServiceImpl      [0;39m [35m:62  [0;39m Unlock orders
[2025-04-02 23:04:56] [34mINFO[0;39m [36mg.service.ubs.OrderLockServiceImpl      [0;39m [35m:60  [0;39m Time: 2025-04-02T22:59:56.078369900
[2025-04-02 23:04:56] [34mINFO[0;39m [36mg.service.ubs.OrderLockServiceImpl      [0;39m [35m:62  [0;39m Unlock orders
[2025-04-02 23:05:56] [34mINFO[0;39m [36mg.service.ubs.OrderLockServiceImpl      [0;39m [35m:60  [0;39m Time: 2025-04-02T23:00:56.089172300
[2025-04-02 23:05:56] [34mINFO[0;39m [36mg.service.ubs.OrderLockServiceImpl      [0;39m [35m:62  [0;39m Unlock orders
[2025-04-02 23:06:49] [34mINFO[0;39m [36mg.s.f.AccessTokenAuthenticationFilter   [0;39m [35m:54  [0;39m token: eyJhbGciOiJIUzI1NiJ9.eyJzdWIiOiJvLmJ1bGhha292YS5jaGlAZ21haWwuY29tIiwicm9sZSI6WyJST0xFX1VTRVIiXSwiZXhwIjoxNzQzNjI5MDQ2LCJpYXQiOjE3NDM2MjE4NDZ9.6y1wXneUsX3InjJ__BHnSeof9KLGgebWaNJB1mG18V4
[2025-04-02 23:06:49] [34mINFO[0;39m [36mg.s.f.AccessTokenAuthenticationFilter   [0;39m [35m:54  [0;39m token: eyJhbGciOiJIUzI1NiJ9.eyJzdWIiOiJvLmJ1bGhha292YS5jaGlAZ21haWwuY29tIiwicm9sZSI6WyJST0xFX1VTRVIiXSwiZXhwIjoxNzQzNjI5MDQ2LCJpYXQiOjE3NDM2MjE4NDZ9.6y1wXneUsX3InjJ__BHnSeof9KLGgebWaNJB1mG18V4
[2025-04-02 23:06:49] [34mINFO[0;39m [36mg.s.f.AccessTokenAuthenticationFilter   [0;39m [35m:62  [0;39m user: Optional[UserVO(id=5, email=o.bulhakova.chi@gmail.com, languageVO=greencity.dto.language.LanguageVO@1ab8)]
[2025-04-02 23:06:49] [34mINFO[0;39m [36mg.s.f.AccessTokenAuthenticationFilter   [0;39m [35m:62  [0;39m user: Optional[UserVO(id=5, email=o.bulhakova.chi@gmail.com, languageVO=greencity.dto.language.LanguageVO@1ab8)]
[2025-04-02 23:06:49] [34mINFO[0;39m [36mg.s.f.AccessTokenAuthenticationFilter   [0;39m [35m:54  [0;39m token: eyJhbGciOiJIUzI1NiJ9.eyJzdWIiOiJvLmJ1bGhha292YS5jaGlAZ21haWwuY29tIiwicm9sZSI6WyJST0xFX1VTRVIiXSwiZXhwIjoxNzQzNjI5MDQ2LCJpYXQiOjE3NDM2MjE4NDZ9.6y1wXneUsX3InjJ__BHnSeof9KLGgebWaNJB1mG18V4
[2025-04-02 23:06:49] [34mINFO[0;39m [36mg.s.f.AccessTokenAuthenticationFilter   [0;39m [35m:62  [0;39m user: Optional[UserVO(id=5, email=o.bulhakova.chi@gmail.com, languageVO=greencity.dto.language.LanguageVO@1ab8)]
[2025-04-02 23:06:50] [34mINFO[0;39m [36mg.s.f.AccessTokenAuthenticationFilter   [0;39m [35m:54  [0;39m token: eyJhbGciOiJIUzI1NiJ9.eyJzdWIiOiJvLmJ1bGhha292YS5jaGlAZ21haWwuY29tIiwicm9sZSI6WyJST0xFX1VTRVIiXSwiZXhwIjoxNzQzNjI5MDQ2LCJpYXQiOjE3NDM2MjE4NDZ9.6y1wXneUsX3InjJ__BHnSeof9KLGgebWaNJB1mG18V4
[2025-04-02 23:06:50] [34mINFO[0;39m [36mg.s.f.AccessTokenAuthenticationFilter   [0;39m [35m:62  [0;39m user: Optional[UserVO(id=5, email=o.bulhakova.chi@gmail.com, languageVO=greencity.dto.language.LanguageVO@1ab8)]
[2025-04-02 23:06:56] [34mINFO[0;39m [36mg.service.ubs.OrderLockServiceImpl      [0;39m [35m:60  [0;39m Time: 2025-04-02T23:01:56.080433100
[2025-04-02 23:06:56] [34mINFO[0;39m [36mg.service.ubs.OrderLockServiceImpl      [0;39m [35m:62  [0;39m Unlock orders
[2025-04-02 23:07:56] [34mINFO[0;39m [36mg.service.ubs.OrderLockServiceImpl      [0;39m [35m:60  [0;39m Time: 2025-04-02T23:02:56.090647200
[2025-04-02 23:07:56] [34mINFO[0;39m [36mg.service.ubs.OrderLockServiceImpl      [0;39m [35m:62  [0;39m Unlock orders
[2025-04-02 23:08:56] [34mINFO[0;39m [36mg.service.ubs.OrderLockServiceImpl      [0;39m [35m:60  [0;39m Time: 2025-04-02T23:03:56.085005400
[2025-04-02 23:08:56] [34mINFO[0;39m [36mg.service.ubs.OrderLockServiceImpl      [0;39m [35m:62  [0;39m Unlock orders
[2025-04-02 23:09:56] [34mINFO[0;39m [36mg.service.ubs.OrderLockServiceImpl      [0;39m [35m:60  [0;39m Time: 2025-04-02T23:04:56.083857400
[2025-04-02 23:09:56] [34mINFO[0;39m [36mg.service.ubs.OrderLockServiceImpl      [0;39m [35m:62  [0;39m Unlock orders
[2025-04-02 23:10:56] [34mINFO[0;39m [36mg.service.ubs.OrderLockServiceImpl      [0;39m [35m:60  [0;39m Time: 2025-04-02T23:05:56.088336500
[2025-04-02 23:10:56] [34mINFO[0;39m [36mg.service.ubs.OrderLockServiceImpl      [0;39m [35m:62  [0;39m Unlock orders
[2025-04-02 23:11:56] [34mINFO[0;39m [36mg.service.ubs.OrderLockServiceImpl      [0;39m [35m:60  [0;39m Time: 2025-04-02T23:06:56.078469600
[2025-04-02 23:11:56] [34mINFO[0;39m [36mg.service.ubs.OrderLockServiceImpl      [0;39m [35m:62  [0;39m Unlock orders
[2025-04-02 23:12:39] [34mINFO[0;39m [36mj.LocalContainerEntityManagerFactoryBean[0;39m [35m:650 [0;39m Closing JPA EntityManagerFactory for persistence unit 'default'
[2025-04-02 23:12:39] [34mINFO[0;39m [36mcom.zaxxer.hikari.HikariDataSource      [0;39m [35m:350 [0;39m HikariPool-1 - Shutdown initiated...
[2025-04-02 23:12:39] [34mINFO[0;39m [36mcom.zaxxer.hikari.HikariDataSource      [0;39m [35m:352 [0;39m HikariPool-1 - Shutdown completed.
[2025-04-02 23:12:49] [34mINFO[0;39m [36mo.h.validator.internal.util.Version     [0;39m [35m:21  [0;39m HV000001: Hibernate Validator 8.0.1.Final
[2025-04-02 23:12:49] [34mINFO[0;39m [36mgreencity.UbsApplication                [0;39m [35m:50  [0;39m Starting UbsApplication using Java 21.0.5 with PID 29188 (C:\Users\o.bulhakova\IdeaProjects\project\GreenCityUBS\core\target\classes started by o.bulhakova in C:\Users\o.bulhakova\IdeaProjects\project\GreenCityUBS)
[2025-04-02 23:12:49] [34mINFO[0;39m [36mgreencity.UbsApplication                [0;39m [35m:660 [0;39m The following 1 profile is active: "dev"
[2025-04-02 23:12:49] [34mINFO[0;39m [36m.e.DevToolsPropertyDefaultsPostProcessor[0;39m [35m:252 [0;39m Devtools property defaults active! Set 'spring.devtools.add-properties' to 'false' to disable
[2025-04-02 23:12:49] [34mINFO[0;39m [36m.e.DevToolsPropertyDefaultsPostProcessor[0;39m [35m:252 [0;39m For additional web related logging consider setting the 'logging.level.web' property to 'DEBUG'
[2025-04-02 23:12:53] [34mINFO[0;39m [36m.s.d.r.c.RepositoryConfigurationDelegate[0;39m [35m:139 [0;39m Bootstrapping Spring Data JPA repositories in DEFAULT mode.
[2025-04-02 23:12:54] [34mINFO[0;39m [36m.s.d.r.c.RepositoryConfigurationDelegate[0;39m [35m:208 [0;39m Finished Spring Data repository scanning in 739 ms. Found 36 JPA repository interfaces.
[2025-04-02 23:12:55] [34mINFO[0;39m [36mo.s.cloud.context.scope.GenericScope    [0;39m [35m:282 [0;39m BeanFactory id=946dfe5b-ebbd-3bb0-96ba-f3cc67a34d79
[2025-04-02 23:12:56] [34mINFO[0;39m [36mo.s.b.w.embedded.tomcat.TomcatWebServer [0;39m [35m:109 [0;39m Tomcat initialized with port 8050 (http)
[2025-04-02 23:12:56] [34mINFO[0;39m [36mo.apache.coyote.http11.Http11NioProtocol[0;39m [35m:173 [0;39m Initializing ProtocolHandler ["http-nio-8050"]
[2025-04-02 23:12:56] [34mINFO[0;39m [36mo.apache.catalina.core.StandardService  [0;39m [35m:173 [0;39m Starting service [Tomcat]
[2025-04-02 23:12:56] [34mINFO[0;39m [36morg.apache.catalina.core.StandardEngine [0;39m [35m:173 [0;39m Starting Servlet engine: [Apache Tomcat/10.1.18]
[2025-04-02 23:12:56] [34mINFO[0;39m [36mo.a.c.c.C.[Tomcat].[localhost].[/]      [0;39m [35m:173 [0;39m Initializing Spring embedded WebApplicationContext
[2025-04-02 23:12:56] [34mINFO[0;39m [36mw.s.c.ServletWebServerApplicationContext[0;39m [35m:296 [0;39m Root WebApplicationContext: initialization completed in 6744 ms
[2025-04-02 23:12:57] [34mINFO[0;39m [36mliquibase.database                      [0;39m [35m:37  [0;39m Set default schema name to public
[2025-04-02 23:13:02] [34mINFO[0;39m [36mliquibase.changelog                     [0;39m [35m:37  [0;39m Reading from public.databasechangelog
[2025-04-02 23:13:03] [34mINFO[0;39m [36mliquibase.ui                            [0;39m [35m:37  [0;39m Database is up to date, no changesets to execute
[2025-04-02 23:13:03] [34mINFO[0;39m [36mliquibase.changelog                     [0;39m [35m:37  [0;39m Reading from public.databasechangelog
[2025-04-02 23:13:03] [34mINFO[0;39m [36mliquibase.util                          [0;39m [35m:37  [0;39m UPDATE SUMMARY
[2025-04-02 23:13:03] [34mINFO[0;39m [36mliquibase.util                          [0;39m [35m:37  [0;39m Run:                          0
[2025-04-02 23:13:03] [34mINFO[0;39m [36mliquibase.util                          [0;39m [35m:37  [0;39m Previously run:             362
[2025-04-02 23:13:03] [34mINFO[0;39m [36mliquibase.util                          [0;39m [35m:37  [0;39m Filtered out:                 0
[2025-04-02 23:13:03] [34mINFO[0;39m [36mliquibase.util                          [0;39m [35m:37  [0;39m -------------------------------
[2025-04-02 23:13:03] [34mINFO[0;39m [36mliquibase.util                          [0;39m [35m:37  [0;39m Total change sets:          362
[2025-04-02 23:13:03] [34mINFO[0;39m [36mliquibase.util                          [0;39m [35m:37  [0;39m Update summary generated
[2025-04-02 23:13:03] [34mINFO[0;39m [36mliquibase.lockservice                   [0;39m [35m:37  [0;39m Successfully released change log lock
[2025-04-02 23:13:03] [34mINFO[0;39m [36mliquibase.command                       [0;39m [35m:37  [0;39m Command execution complete
[2025-04-02 23:13:04] [34mINFO[0;39m [36mo.hibernate.jpa.internal.util.LogHelper [0;39m [35m:31  [0;39m HHH000204: Processing PersistenceUnitInfo [name: default]
[2025-04-02 23:13:04] [34mINFO[0;39m [36morg.hibernate.Version                   [0;39m [35m:44  [0;39m HHH000412: Hibernate ORM core version 6.4.1.Final
[2025-04-02 23:13:04] [34mINFO[0;39m [36mo.h.c.internal.RegionFactoryInitiator   [0;39m [35m:50  [0;39m HHH000026: Second-level cache disabled
[2025-04-02 23:13:05] [34mINFO[0;39m [36mo.s.o.j.p.SpringPersistenceUnitInfo     [0;39m [35m:87  [0;39m No LoadTimeWeaver setup: ignoring JPA class transformer
[2025-04-02 23:13:05] [34mINFO[0;39m [36mcom.zaxxer.hikari.HikariDataSource      [0;39m [35m:110 [0;39m HikariPool-1 - Starting...
[2025-04-02 23:13:05] [34mINFO[0;39m [36mcom.zaxxer.hikari.pool.HikariPool       [0;39m [35m:565 [0;39m HikariPool-1 - Added connection org.postgresql.jdbc.PgConnection@50ca8432
[2025-04-02 23:13:05] [34mINFO[0;39m [36mcom.zaxxer.hikari.HikariDataSource      [0;39m [35m:123 [0;39m HikariPool-1 - Start completed.
[2025-04-02 23:13:07] [31mWARN[0;39m [36morg.hibernate.mapping.RootClass         [0;39m [35m:341 [0;39m HHH000038: Composite-id class does not override equals(): greencity.entity.user.employee.EmployeeFilterViewId
[2025-04-02 23:13:07] [31mWARN[0;39m [36morg.hibernate.mapping.RootClass         [0;39m [35m:344 [0;39m HHH000039: Composite-id class does not override hashCode(): greencity.entity.user.employee.EmployeeFilterViewId
[2025-04-02 23:13:10] [31mWARN[0;39m [36mo.h.metamodel.internal.MetadataContext  [0;39m [35m:727 [0;39m HHH015011: Unable to locate static metamodel field : greencity.entity.user.employee.EmployeeFilterViewId_#employeeId; this may or may not indicate a problem with the static metamodel
[2025-04-02 23:13:10] [31mWARN[0;39m [36mo.h.metamodel.internal.MetadataContext  [0;39m [35m:727 [0;39m HHH015011: Unable to locate static metamodel field : greencity.entity.user.employee.EmployeeFilterViewId_#positionId; this may or may not indicate a problem with the static metamodel
[2025-04-02 23:13:10] [34mINFO[0;39m [36mo.h.e.t.j.p.i.JtaPlatformInitiator      [0;39m [35m:58  [0;39m HHH000489: No JTA platform available (set 'hibernate.transaction.jta.platform' to enable JTA platform integration)
[2025-04-02 23:13:10] [34mINFO[0;39m [36mj.LocalContainerEntityManagerFactoryBean[0;39m [35m:437 [0;39m Initialized JPA EntityManagerFactory for persistence unit 'default'
[2025-04-02 23:13:11] [31mWARN[0;39m [36mJpaBaseConfiguration$JpaWebConfiguration[0;39m [35m:232 [0;39m spring.jpa.open-in-view is enabled by default. Therefore, database queries may be performed during view rendering. Explicitly configure spring.jpa.open-in-view to disable this warning
[2025-04-02 23:13:11] [31mWARN[0;39m [36mo.s.b.d.a.OptionalLiveReloadServer      [0;39m [35m:62  [0;39m Unable to start LiveReload server
[2025-04-02 23:13:12] [34mINFO[0;39m [36mo.s.d.j.r.query.QueryEnhancerFactory    [0;39m [35m:49  [0;39m Hibernate is in classpath; If applicable, HQL parser will be used.
[2025-04-02 23:13:20] [34mINFO[0;39m [36mo.s.s.web.DefaultSecurityFilterChain    [0;39m [35m:54  [0;39m Will secure any request with [org.springframework.security.web.session.DisableEncodeUrlFilter@24f628b6, org.springframework.security.web.context.request.async.WebAsyncManagerIntegrationFilter@696a6d2, org.springframework.security.web.context.SecurityContextHolderFilter@34b50384, org.springframework.security.web.header.HeaderWriterFilter@2558816, org.springframework.web.filter.CorsFilter@59bc9f61, org.springframework.security.web.authentication.logout.LogoutFilter@932b138, greencity.security.filters.AccessTokenAuthenticationFilter@63725b22, org.springframework.security.web.savedrequest.RequestCacheAwareFilter@7ad0baf8, org.springframework.security.web.servletapi.SecurityContextHolderAwareRequestFilter@553ca52a, org.springframework.security.web.authentication.AnonymousAuthenticationFilter@76d46c62, org.springframework.security.web.session.SessionManagementFilter@69709a12, org.springframework.security.web.access.ExceptionTranslationFilter@47d535f8, org.springframework.security.web.access.intercept.AuthorizationFilter@7e54242d]
[2025-04-02 23:13:20] [31mWARN[0;39m [36mo.s.s.c.a.web.builders.WebSecurity      [0;39m [35m:289 [0;39m You are asking Spring Security to ignore Mvc [pattern='/ubs/receivePayment']. This is not recommended -- please use permitAll via HttpSecurity#authorizeHttpRequests instead.
[2025-04-02 23:13:20] [34mINFO[0;39m [36mo.s.s.web.DefaultSecurityFilterChain    [0;39m [35m:51  [0;39m Will not secure Mvc [pattern='/ubs/receivePayment']
[2025-04-02 23:13:20] [31mWARN[0;39m [36mo.s.s.c.a.web.builders.WebSecurity      [0;39m [35m:289 [0;39m You are asking Spring Security to ignore Mvc [pattern='/ubs/monobank/payments']. This is not recommended -- please use permitAll via HttpSecurity#authorizeHttpRequests instead.
[2025-04-02 23:13:20] [34mINFO[0;39m [36mo.s.s.web.DefaultSecurityFilterChain    [0;39m [35m:51  [0;39m Will not secure Mvc [pattern='/ubs/monobank/payments']
[2025-04-02 23:13:21] [31mWARN[0;39m [36mion$DefaultTemplateResolverConfiguration[0;39m [35m:101 [0;39m Cannot find template location: classpath:/templates/ (please add some templates, check your Thymeleaf configuration, or set spring.thymeleaf.check-template-location=false)
[2025-04-02 23:13:23] [34mINFO[0;39m [36mo.apache.coyote.http11.Http11NioProtocol[0;39m [35m:173 [0;39m Starting ProtocolHandler ["http-nio-8050"]
[2025-04-02 23:13:23] [34mINFO[0;39m [36mo.s.b.w.embedded.tomcat.TomcatWebServer [0;39m [35m:241 [0;39m Tomcat started on port 8050 (http) with context path ''
[2025-04-02 23:13:23] [34mINFO[0;39m [36mgreencity.UbsApplication                [0;39m [35m:56  [0;39m Started UbsApplication in 34.252 seconds (process running for 36.591)
[2025-04-02 23:13:23] [34mINFO[0;39m [36mg.service.ubs.OrderLockServiceImpl      [0;39m [35m:60  [0;39m Time: 2025-04-02T23:08:23.236148600
[2025-04-02 23:13:23] [34mINFO[0;39m [36mo.a.c.c.C.[Tomcat].[localhost].[/]      [0;39m [35m:173 [0;39m Initializing Spring DispatcherServlet 'dispatcherServlet'
[2025-04-02 23:13:23] [34mINFO[0;39m [36mo.s.web.servlet.DispatcherServlet       [0;39m [35m:532 [0;39m Initializing Servlet 'dispatcherServlet'
[2025-04-02 23:13:23] [34mINFO[0;39m [36mo.s.web.servlet.DispatcherServlet       [0;39m [35m:554 [0;39m Completed initialization in 4 ms
[2025-04-02 23:13:23] [34mINFO[0;39m [36mg.service.ubs.OrderLockServiceImpl      [0;39m [35m:62  [0;39m Unlock orders
[2025-04-02 23:13:23] [31mWARN[0;39m [36mo.s.w.s.h.HandlerMappingIntrospector    [0;39m [35m:458 [0;39m Cache miss for REQUEST dispatch to '/notifications/quantityUnreadenNotifications' (previous null). Performing MatchableHandlerMapping lookup. This is logged once only at WARN level, and every time at TRACE.
[2025-04-02 23:13:23] [34mINFO[0;39m [36mg.n.scheduler.NotificationTaskScheduler [0;39m [35m:39  [0;39m Failed to start scheduled notificator with type VIOLATION_THE_RULES because cron is incorrect or template is inactive.
[2025-04-02 23:13:23] [34mINFO[0;39m [36mg.n.scheduler.NotificationTaskScheduler [0;39m [35m:39  [0;39m Failed to start scheduled notificator with type CANCELED_VIOLATION_THE_RULES_BY_THE_MANAGER because cron is incorrect or template is inactive.
[2025-04-02 23:13:23] [34mINFO[0;39m [36mg.n.scheduler.NotificationTaskScheduler [0;39m [35m:39  [0;39m Failed to start scheduled notificator with type ORDER_STATUS_CHANGED because cron is incorrect or template is inactive.
[2025-04-02 23:13:23] [34mINFO[0;39m [36mg.n.scheduler.NotificationTaskScheduler [0;39m [35m:39  [0;39m Failed to start scheduled notificator with type CHANGED_IN_RULE_VIOLATION_STATUS because cron is incorrect or template is inactive.
[2025-04-02 23:13:23] [34mINFO[0;39m [36mg.n.scheduler.NotificationTaskScheduler [0;39m [35m:39  [0;39m Failed to start scheduled notificator with type COURIER_ITINERARY_FORMED because cron is incorrect or template is inactive.
[2025-04-02 23:13:23] [34mINFO[0;39m [36mg.s.f.AccessTokenAuthenticationFilter   [0;39m [35m:54  [0;39m token: eyJhbGciOiJIUzI1NiJ9.eyJzdWIiOiJvLmJ1bGhha292YS5jaGlAZ21haWwuY29tIiwicm9sZSI6WyJST0xFX1VTRVIiXSwiZXhwIjoxNzQzNjI5MDQ2LCJpYXQiOjE3NDM2MjE4NDZ9.6y1wXneUsX3InjJ__BHnSeof9KLGgebWaNJB1mG18V4
[2025-04-02 23:13:23] [34mINFO[0;39m [36mg.s.f.AccessTokenAuthenticationFilter   [0;39m [35m:54  [0;39m token: eyJhbGciOiJIUzI1NiJ9.eyJzdWIiOiJvLmJ1bGhha292YS5jaGlAZ21haWwuY29tIiwicm9sZSI6WyJST0xFX1VTRVIiXSwiZXhwIjoxNzQzNjI5MDQ2LCJpYXQiOjE3NDM2MjE4NDZ9.6y1wXneUsX3InjJ__BHnSeof9KLGgebWaNJB1mG18V4
[2025-04-02 23:13:23] [34mINFO[0;39m [36mg.n.scheduler.NotificationTaskScheduler [0;39m [35m:39  [0;39m Failed to start scheduled notificator with type DONE_OR_CANCELED_UNPAID_ORDER because cron is incorrect or template is inactive.
[2025-04-02 23:13:23] [34mINFO[0;39m [36mg.n.scheduler.NotificationTaskScheduler [0;39m [35m:39  [0;39m Failed to start scheduled notificator with type HALF_PAID_ORDER_WITH_STATUS_BROUGHT_BY_HIMSELF because cron is incorrect or template is inactive.
[2025-04-02 23:13:23] [34mINFO[0;39m [36mg.n.scheduler.NotificationTaskScheduler [0;39m [35m:29  [0;39m Scheduled notificator for LETS_STAY_CONNECTED notification template by 0 0 18 * * ? cron
[2025-04-02 23:13:23] [34mINFO[0;39m [36mg.n.scheduler.NotificationTaskScheduler [0;39m [35m:29  [0;39m Scheduled notificator for UNPAID_ORDER notification template by 0 0 18 * * ? cron
[2025-04-02 23:13:23] [34mINFO[0;39m [36mg.n.scheduler.NotificationTaskScheduler [0;39m [35m:39  [0;39m Failed to start scheduled notificator with type UNPAID_PACKAGE because cron is incorrect or template is inactive.
[2025-04-02 23:13:23] [34mINFO[0;39m [36mg.s.f.AccessTokenAuthenticationFilter   [0;39m [35m:62  [0;39m user: Optional[UserVO(id=5, email=o.bulhakova.chi@gmail.com, languageVO=greencity.dto.language.LanguageVO@1ab8)]
[2025-04-02 23:13:23] [34mINFO[0;39m [36mg.s.f.AccessTokenAuthenticationFilter   [0;39m [35m:62  [0;39m user: Optional[UserVO(id=5, email=o.bulhakova.chi@gmail.com, languageVO=greencity.dto.language.LanguageVO@1ab8)]
[2025-04-02 23:13:23] [34mINFO[0;39m [36mg.s.f.AccessTokenAuthenticationFilter   [0;39m [35m:54  [0;39m token: eyJhbGciOiJIUzI1NiJ9.eyJzdWIiOiJvLmJ1bGhha292YS5jaGlAZ21haWwuY29tIiwicm9sZSI6WyJST0xFX1VTRVIiXSwiZXhwIjoxNzQzNjI5MDQ2LCJpYXQiOjE3NDM2MjE4NDZ9.6y1wXneUsX3InjJ__BHnSeof9KLGgebWaNJB1mG18V4
[2025-04-02 23:13:23] [34mINFO[0;39m [36mg.s.f.AccessTokenAuthenticationFilter   [0;39m [35m:62  [0;39m user: Optional[UserVO(id=5, email=o.bulhakova.chi@gmail.com, languageVO=greencity.dto.language.LanguageVO@1ab8)]
[2025-04-02 23:13:25] [34mINFO[0;39m [36mg.s.f.AccessTokenAuthenticationFilter   [0;39m [35m:54  [0;39m token: eyJhbGciOiJIUzI1NiJ9.eyJzdWIiOiJvLmJ1bGhha292YS5jaGlAZ21haWwuY29tIiwicm9sZSI6WyJST0xFX1VTRVIiXSwiZXhwIjoxNzQzNjI5MDQ2LCJpYXQiOjE3NDM2MjE4NDZ9.6y1wXneUsX3InjJ__BHnSeof9KLGgebWaNJB1mG18V4
[2025-04-02 23:13:25] [34mINFO[0;39m [36mg.s.f.AccessTokenAuthenticationFilter   [0;39m [35m:62  [0;39m user: Optional[UserVO(id=5, email=o.bulhakova.chi@gmail.com, languageVO=greencity.dto.language.LanguageVO@1ab8)]
[2025-04-02 23:13:37] [34mINFO[0;39m [36mg.s.f.AccessTokenAuthenticationFilter   [0;39m [35m:54  [0;39m token: eyJhbGciOiJIUzI1NiJ9.eyJzdWIiOiJvLmJ1bGhha292YS5jaGlAZ21haWwuY29tIiwicm9sZSI6WyJST0xFX1VTRVIiXSwiZXhwIjoxNzQzNjI5MDQ2LCJpYXQiOjE3NDM2MjE4NDZ9.6y1wXneUsX3InjJ__BHnSeof9KLGgebWaNJB1mG18V4
[2025-04-02 23:13:37] [34mINFO[0;39m [36mg.s.f.AccessTokenAuthenticationFilter   [0;39m [35m:62  [0;39m user: Optional[UserVO(id=5, email=o.bulhakova.chi@gmail.com, languageVO=greencity.dto.language.LanguageVO@1ab8)]
[2025-04-02 23:13:37] [34mINFO[0;39m [36mg.s.f.AccessTokenAuthenticationFilter   [0;39m [35m:54  [0;39m token: eyJhbGciOiJIUzI1NiJ9.eyJzdWIiOiJvLmJ1bGhha292YS5jaGlAZ21haWwuY29tIiwicm9sZSI6WyJST0xFX1VTRVIiXSwiZXhwIjoxNzQzNjI5MDQ2LCJpYXQiOjE3NDM2MjE4NDZ9.6y1wXneUsX3InjJ__BHnSeof9KLGgebWaNJB1mG18V4
[2025-04-02 23:13:37] [34mINFO[0;39m [36mg.s.f.AccessTokenAuthenticationFilter   [0;39m [35m:62  [0;39m user: Optional[UserVO(id=5, email=o.bulhakova.chi@gmail.com, languageVO=greencity.dto.language.LanguageVO@1ab8)]
[2025-04-02 23:13:37] [34mINFO[0;39m [36mg.s.f.AccessTokenAuthenticationFilter   [0;39m [35m:54  [0;39m token: eyJhbGciOiJIUzI1NiJ9.eyJzdWIiOiJvLmJ1bGhha292YS5jaGlAZ21haWwuY29tIiwicm9sZSI6WyJST0xFX1VTRVIiXSwiZXhwIjoxNzQzNjI5MDQ2LCJpYXQiOjE3NDM2MjE4NDZ9.6y1wXneUsX3InjJ__BHnSeof9KLGgebWaNJB1mG18V4
[2025-04-02 23:13:37] [34mINFO[0;39m [36mg.s.f.AccessTokenAuthenticationFilter   [0;39m [35m:54  [0;39m token: eyJhbGciOiJIUzI1NiJ9.eyJzdWIiOiJvLmJ1bGhha292YS5jaGlAZ21haWwuY29tIiwicm9sZSI6WyJST0xFX1VTRVIiXSwiZXhwIjoxNzQzNjI5MDQ2LCJpYXQiOjE3NDM2MjE4NDZ9.6y1wXneUsX3InjJ__BHnSeof9KLGgebWaNJB1mG18V4
[2025-04-02 23:13:37] [34mINFO[0;39m [36mg.s.f.AccessTokenAuthenticationFilter   [0;39m [35m:62  [0;39m user: Optional[UserVO(id=5, email=o.bulhakova.chi@gmail.com, languageVO=greencity.dto.language.LanguageVO@1ab8)]
[2025-04-02 23:13:37] [34mINFO[0;39m [36mg.s.f.AccessTokenAuthenticationFilter   [0;39m [35m:62  [0;39m user: Optional[UserVO(id=5, email=o.bulhakova.chi@gmail.com, languageVO=greencity.dto.language.LanguageVO@1ab8)]
[2025-04-02 23:13:46] [34mINFO[0;39m [36mg.s.f.AccessTokenAuthenticationFilter   [0;39m [35m:54  [0;39m token: eyJhbGciOiJIUzI1NiJ9.eyJzdWIiOiJvLmJ1bGhha292YS5jaGlAZ21haWwuY29tIiwicm9sZSI6WyJST0xFX1VTRVIiXSwiZXhwIjoxNzQzNjI5MDQ2LCJpYXQiOjE3NDM2MjE4NDZ9.6y1wXneUsX3InjJ__BHnSeof9KLGgebWaNJB1mG18V4
[2025-04-02 23:13:46] [34mINFO[0;39m [36mg.s.f.AccessTokenAuthenticationFilter   [0;39m [35m:54  [0;39m token: eyJhbGciOiJIUzI1NiJ9.eyJzdWIiOiJvLmJ1bGhha292YS5jaGlAZ21haWwuY29tIiwicm9sZSI6WyJST0xFX1VTRVIiXSwiZXhwIjoxNzQzNjI5MDQ2LCJpYXQiOjE3NDM2MjE4NDZ9.6y1wXneUsX3InjJ__BHnSeof9KLGgebWaNJB1mG18V4
[2025-04-02 23:13:46] [34mINFO[0;39m [36mg.s.f.AccessTokenAuthenticationFilter   [0;39m [35m:62  [0;39m user: Optional[UserVO(id=5, email=o.bulhakova.chi@gmail.com, languageVO=greencity.dto.language.LanguageVO@1ab8)]
[2025-04-02 23:13:46] [34mINFO[0;39m [36mg.s.f.AccessTokenAuthenticationFilter   [0;39m [35m:62  [0;39m user: Optional[UserVO(id=5, email=o.bulhakova.chi@gmail.com, languageVO=greencity.dto.language.LanguageVO@1ab8)]
[2025-04-02 23:13:47] [34mINFO[0;39m [36mg.s.f.AccessTokenAuthenticationFilter   [0;39m [35m:54  [0;39m token: eyJhbGciOiJIUzI1NiJ9.eyJzdWIiOiJvLmJ1bGhha292YS5jaGlAZ21haWwuY29tIiwicm9sZSI6WyJST0xFX1VTRVIiXSwiZXhwIjoxNzQzNjI5MDQ2LCJpYXQiOjE3NDM2MjE4NDZ9.6y1wXneUsX3InjJ__BHnSeof9KLGgebWaNJB1mG18V4
[2025-04-02 23:13:47] [34mINFO[0;39m [36mg.s.f.AccessTokenAuthenticationFilter   [0;39m [35m:62  [0;39m user: Optional[UserVO(id=5, email=o.bulhakova.chi@gmail.com, languageVO=greencity.dto.language.LanguageVO@1ab8)]
[2025-04-02 23:14:01] [34mINFO[0;39m [36mg.s.f.AccessTokenAuthenticationFilter   [0;39m [35m:54  [0;39m token: eyJhbGciOiJIUzI1NiJ9.eyJzdWIiOiJvLmJ1bGhha292YS5jaGlAZ21haWwuY29tIiwicm9sZSI6WyJST0xFX1VTRVIiXSwiZXhwIjoxNzQzNjI5MDQ2LCJpYXQiOjE3NDM2MjE4NDZ9.6y1wXneUsX3InjJ__BHnSeof9KLGgebWaNJB1mG18V4
[2025-04-02 23:14:01] [34mINFO[0;39m [36mg.s.f.AccessTokenAuthenticationFilter   [0;39m [35m:62  [0;39m user: Optional[UserVO(id=5, email=o.bulhakova.chi@gmail.com, languageVO=greencity.dto.language.LanguageVO@1ab8)]
[2025-04-02 23:14:01] [34mINFO[0;39m [36mg.s.f.AccessTokenAuthenticationFilter   [0;39m [35m:54  [0;39m token: eyJhbGciOiJIUzI1NiJ9.eyJzdWIiOiJvLmJ1bGhha292YS5jaGlAZ21haWwuY29tIiwicm9sZSI6WyJST0xFX1VTRVIiXSwiZXhwIjoxNzQzNjI5MDQ2LCJpYXQiOjE3NDM2MjE4NDZ9.6y1wXneUsX3InjJ__BHnSeof9KLGgebWaNJB1mG18V4
[2025-04-02 23:14:01] [34mINFO[0;39m [36mg.s.f.AccessTokenAuthenticationFilter   [0;39m [35m:62  [0;39m user: Optional[UserVO(id=5, email=o.bulhakova.chi@gmail.com, languageVO=greencity.dto.language.LanguageVO@1ab8)]
[2025-04-02 23:14:01] [34mINFO[0;39m [36mg.s.f.AccessTokenAuthenticationFilter   [0;39m [35m:54  [0;39m token: eyJhbGciOiJIUzI1NiJ9.eyJzdWIiOiJvLmJ1bGhha292YS5jaGlAZ21haWwuY29tIiwicm9sZSI6WyJST0xFX1VTRVIiXSwiZXhwIjoxNzQzNjI5MDQ2LCJpYXQiOjE3NDM2MjE4NDZ9.6y1wXneUsX3InjJ__BHnSeof9KLGgebWaNJB1mG18V4
[2025-04-02 23:14:01] [34mINFO[0;39m [36mg.s.f.AccessTokenAuthenticationFilter   [0;39m [35m:54  [0;39m token: eyJhbGciOiJIUzI1NiJ9.eyJzdWIiOiJvLmJ1bGhha292YS5jaGlAZ21haWwuY29tIiwicm9sZSI6WyJST0xFX1VTRVIiXSwiZXhwIjoxNzQzNjI5MDQ2LCJpYXQiOjE3NDM2MjE4NDZ9.6y1wXneUsX3InjJ__BHnSeof9KLGgebWaNJB1mG18V4
[2025-04-02 23:14:01] [34mINFO[0;39m [36mg.s.f.AccessTokenAuthenticationFilter   [0;39m [35m:62  [0;39m user: Optional[UserVO(id=5, email=o.bulhakova.chi@gmail.com, languageVO=greencity.dto.language.LanguageVO@1ab8)]
[2025-04-02 23:14:01] [34mINFO[0;39m [36mg.s.f.AccessTokenAuthenticationFilter   [0;39m [35m:62  [0;39m user: Optional[UserVO(id=5, email=o.bulhakova.chi@gmail.com, languageVO=greencity.dto.language.LanguageVO@1ab8)]
[2025-04-02 23:14:23] [34mINFO[0;39m [36mg.service.ubs.OrderLockServiceImpl      [0;39m [35m:60  [0;39m Time: 2025-04-02T23:09:23.206325700
[2025-04-02 23:14:23] [34mINFO[0;39m [36mg.service.ubs.OrderLockServiceImpl      [0;39m [35m:62  [0;39m Unlock orders
[2025-04-02 23:14:26] [34mINFO[0;39m [36mg.s.f.AccessTokenAuthenticationFilter   [0;39m [35m:54  [0;39m token: eyJhbGciOiJIUzI1NiJ9.eyJzdWIiOiJvLmJ1bGhha292YS5jaGlAZ21haWwuY29tIiwicm9sZSI6WyJST0xFX1VTRVIiXSwiZXhwIjoxNzQzNjI5MDQ2LCJpYXQiOjE3NDM2MjE4NDZ9.6y1wXneUsX3InjJ__BHnSeof9KLGgebWaNJB1mG18V4
[2025-04-02 23:14:26] [34mINFO[0;39m [36mg.s.f.AccessTokenAuthenticationFilter   [0;39m [35m:54  [0;39m token: eyJhbGciOiJIUzI1NiJ9.eyJzdWIiOiJvLmJ1bGhha292YS5jaGlAZ21haWwuY29tIiwicm9sZSI6WyJST0xFX1VTRVIiXSwiZXhwIjoxNzQzNjI5MDQ2LCJpYXQiOjE3NDM2MjE4NDZ9.6y1wXneUsX3InjJ__BHnSeof9KLGgebWaNJB1mG18V4
[2025-04-02 23:14:26] [34mINFO[0;39m [36mg.s.f.AccessTokenAuthenticationFilter   [0;39m [35m:62  [0;39m user: Optional[UserVO(id=5, email=o.bulhakova.chi@gmail.com, languageVO=greencity.dto.language.LanguageVO@1ab8)]
[2025-04-02 23:14:26] [34mINFO[0;39m [36mg.s.f.AccessTokenAuthenticationFilter   [0;39m [35m:62  [0;39m user: Optional[UserVO(id=5, email=o.bulhakova.chi@gmail.com, languageVO=greencity.dto.language.LanguageVO@1ab8)]
[2025-04-02 23:14:26] [34mINFO[0;39m [36mg.s.f.AccessTokenAuthenticationFilter   [0;39m [35m:54  [0;39m token: eyJhbGciOiJIUzI1NiJ9.eyJzdWIiOiJvLmJ1bGhha292YS5jaGlAZ21haWwuY29tIiwicm9sZSI6WyJST0xFX1VTRVIiXSwiZXhwIjoxNzQzNjI5MDQ2LCJpYXQiOjE3NDM2MjE4NDZ9.6y1wXneUsX3InjJ__BHnSeof9KLGgebWaNJB1mG18V4
[2025-04-02 23:14:26] [34mINFO[0;39m [36mg.s.f.AccessTokenAuthenticationFilter   [0;39m [35m:62  [0;39m user: Optional[UserVO(id=5, email=o.bulhakova.chi@gmail.com, languageVO=greencity.dto.language.LanguageVO@1ab8)]
[2025-04-02 23:14:37] [34mINFO[0;39m [36mg.s.f.AccessTokenAuthenticationFilter   [0;39m [35m:54  [0;39m token: eyJhbGciOiJIUzI1NiJ9.eyJzdWIiOiJvLmJ1bGhha292YS5jaGlAZ21haWwuY29tIiwicm9sZSI6WyJST0xFX1VTRVIiXSwiZXhwIjoxNzQzNjI5MDQ2LCJpYXQiOjE3NDM2MjE4NDZ9.6y1wXneUsX3InjJ__BHnSeof9KLGgebWaNJB1mG18V4
[2025-04-02 23:14:37] [34mINFO[0;39m [36mg.s.f.AccessTokenAuthenticationFilter   [0;39m [35m:62  [0;39m user: Optional[UserVO(id=5, email=o.bulhakova.chi@gmail.com, languageVO=greencity.dto.language.LanguageVO@1ab8)]
[2025-04-02 23:14:37] [34mINFO[0;39m [36mg.s.f.AccessTokenAuthenticationFilter   [0;39m [35m:54  [0;39m token: eyJhbGciOiJIUzI1NiJ9.eyJzdWIiOiJvLmJ1bGhha292YS5jaGlAZ21haWwuY29tIiwicm9sZSI6WyJST0xFX1VTRVIiXSwiZXhwIjoxNzQzNjI5MDQ2LCJpYXQiOjE3NDM2MjE4NDZ9.6y1wXneUsX3InjJ__BHnSeof9KLGgebWaNJB1mG18V4
[2025-04-02 23:14:37] [34mINFO[0;39m [36mg.s.f.AccessTokenAuthenticationFilter   [0;39m [35m:62  [0;39m user: Optional[UserVO(id=5, email=o.bulhakova.chi@gmail.com, languageVO=greencity.dto.language.LanguageVO@1ab8)]
[2025-04-02 23:14:37] [34mINFO[0;39m [36mg.s.f.AccessTokenAuthenticationFilter   [0;39m [35m:54  [0;39m token: eyJhbGciOiJIUzI1NiJ9.eyJzdWIiOiJvLmJ1bGhha292YS5jaGlAZ21haWwuY29tIiwicm9sZSI6WyJST0xFX1VTRVIiXSwiZXhwIjoxNzQzNjI5MDQ2LCJpYXQiOjE3NDM2MjE4NDZ9.6y1wXneUsX3InjJ__BHnSeof9KLGgebWaNJB1mG18V4
[2025-04-02 23:14:37] [34mINFO[0;39m [36mg.s.f.AccessTokenAuthenticationFilter   [0;39m [35m:54  [0;39m token: eyJhbGciOiJIUzI1NiJ9.eyJzdWIiOiJvLmJ1bGhha292YS5jaGlAZ21haWwuY29tIiwicm9sZSI6WyJST0xFX1VTRVIiXSwiZXhwIjoxNzQzNjI5MDQ2LCJpYXQiOjE3NDM2MjE4NDZ9.6y1wXneUsX3InjJ__BHnSeof9KLGgebWaNJB1mG18V4
[2025-04-02 23:14:37] [34mINFO[0;39m [36mg.s.f.AccessTokenAuthenticationFilter   [0;39m [35m:62  [0;39m user: Optional[UserVO(id=5, email=o.bulhakova.chi@gmail.com, languageVO=greencity.dto.language.LanguageVO@1ab8)]
[2025-04-02 23:14:37] [34mINFO[0;39m [36mg.s.f.AccessTokenAuthenticationFilter   [0;39m [35m:62  [0;39m user: Optional[UserVO(id=5, email=o.bulhakova.chi@gmail.com, languageVO=greencity.dto.language.LanguageVO@1ab8)]
[2025-04-02 23:15:23] [34mINFO[0;39m [36mg.service.ubs.OrderLockServiceImpl      [0;39m [35m:60  [0;39m Time: 2025-04-02T23:10:23.211639900
[2025-04-02 23:15:23] [34mINFO[0;39m [36mg.service.ubs.OrderLockServiceImpl      [0;39m [35m:62  [0;39m Unlock orders
[2025-04-02 23:15:40] [34mINFO[0;39m [36mg.s.f.AccessTokenAuthenticationFilter   [0;39m [35m:54  [0;39m token: eyJhbGciOiJIUzI1NiJ9.eyJzdWIiOiJvLmJ1bGhha292YS5jaGlAZ21haWwuY29tIiwicm9sZSI6WyJST0xFX1VTRVIiXSwiZXhwIjoxNzQzNjI5MDQ2LCJpYXQiOjE3NDM2MjE4NDZ9.6y1wXneUsX3InjJ__BHnSeof9KLGgebWaNJB1mG18V4
[2025-04-02 23:15:40] [34mINFO[0;39m [36mg.s.f.AccessTokenAuthenticationFilter   [0;39m [35m:62  [0;39m user: Optional[UserVO(id=5, email=o.bulhakova.chi@gmail.com, languageVO=greencity.dto.language.LanguageVO@1ab8)]
[2025-04-02 23:15:40] [34mINFO[0;39m [36mg.s.f.AccessTokenAuthenticationFilter   [0;39m [35m:54  [0;39m token: eyJhbGciOiJIUzI1NiJ9.eyJzdWIiOiJvLmJ1bGhha292YS5jaGlAZ21haWwuY29tIiwicm9sZSI6WyJST0xFX1VTRVIiXSwiZXhwIjoxNzQzNjI5MDQ2LCJpYXQiOjE3NDM2MjE4NDZ9.6y1wXneUsX3InjJ__BHnSeof9KLGgebWaNJB1mG18V4
[2025-04-02 23:15:40] [34mINFO[0;39m [36mg.s.f.AccessTokenAuthenticationFilter   [0;39m [35m:62  [0;39m user: Optional[UserVO(id=5, email=o.bulhakova.chi@gmail.com, languageVO=greencity.dto.language.LanguageVO@1ab8)]
[2025-04-02 23:15:40] [34mINFO[0;39m [36mg.s.f.AccessTokenAuthenticationFilter   [0;39m [35m:54  [0;39m token: eyJhbGciOiJIUzI1NiJ9.eyJzdWIiOiJvLmJ1bGhha292YS5jaGlAZ21haWwuY29tIiwicm9sZSI6WyJST0xFX1VTRVIiXSwiZXhwIjoxNzQzNjI5MDQ2LCJpYXQiOjE3NDM2MjE4NDZ9.6y1wXneUsX3InjJ__BHnSeof9KLGgebWaNJB1mG18V4
[2025-04-02 23:15:40] [34mINFO[0;39m [36mg.s.f.AccessTokenAuthenticationFilter   [0;39m [35m:62  [0;39m user: Optional[UserVO(id=5, email=o.bulhakova.chi@gmail.com, languageVO=greencity.dto.language.LanguageVO@1ab8)]
[2025-04-02 23:16:23] [34mINFO[0;39m [36mg.service.ubs.OrderLockServiceImpl      [0;39m [35m:60  [0;39m Time: 2025-04-02T23:11:23.219464900
[2025-04-02 23:16:23] [34mINFO[0;39m [36mg.service.ubs.OrderLockServiceImpl      [0;39m [35m:62  [0;39m Unlock orders
[2025-04-02 23:17:23] [34mINFO[0;39m [36mg.service.ubs.OrderLockServiceImpl      [0;39m [35m:60  [0;39m Time: 2025-04-02T23:12:23.215050200
[2025-04-02 23:17:23] [34mINFO[0;39m [36mg.service.ubs.OrderLockServiceImpl      [0;39m [35m:62  [0;39m Unlock orders
[2025-04-02 23:18:23] [34mINFO[0;39m [36mg.service.ubs.OrderLockServiceImpl      [0;39m [35m:60  [0;39m Time: 2025-04-02T23:13:23.214105700
[2025-04-02 23:18:23] [34mINFO[0;39m [36mg.service.ubs.OrderLockServiceImpl      [0;39m [35m:62  [0;39m Unlock orders
[2025-04-02 23:19:23] [34mINFO[0;39m [36mg.service.ubs.OrderLockServiceImpl      [0;39m [35m:60  [0;39m Time: 2025-04-02T23:14:23.210665700
[2025-04-02 23:19:23] [34mINFO[0;39m [36mg.service.ubs.OrderLockServiceImpl      [0;39m [35m:62  [0;39m Unlock orders
[2025-04-02 23:20:23] [34mINFO[0;39m [36mg.service.ubs.OrderLockServiceImpl      [0;39m [35m:60  [0;39m Time: 2025-04-02T23:15:23.218835600
[2025-04-02 23:20:23] [34mINFO[0;39m [36mg.service.ubs.OrderLockServiceImpl      [0;39m [35m:62  [0;39m Unlock orders
[2025-04-02 23:21:23] [34mINFO[0;39m [36mg.service.ubs.OrderLockServiceImpl      [0;39m [35m:60  [0;39m Time: 2025-04-02T23:16:23.206648300
[2025-04-02 23:21:23] [34mINFO[0;39m [36mg.service.ubs.OrderLockServiceImpl      [0;39m [35m:62  [0;39m Unlock orders
[2025-04-02 23:21:58] [34mINFO[0;39m [36mg.s.f.AccessTokenAuthenticationFilter   [0;39m [35m:54  [0;39m token: eyJhbGciOiJIUzI1NiJ9.eyJzdWIiOiJvLmJ1bGhha292YS5jaGlAZ21haWwuY29tIiwicm9sZSI6WyJST0xFX1VTRVIiXSwiZXhwIjoxNzQzNjI5MDQ2LCJpYXQiOjE3NDM2MjE4NDZ9.6y1wXneUsX3InjJ__BHnSeof9KLGgebWaNJB1mG18V4
[2025-04-02 23:21:58] [34mINFO[0;39m [36mg.s.f.AccessTokenAuthenticationFilter   [0;39m [35m:54  [0;39m token: eyJhbGciOiJIUzI1NiJ9.eyJzdWIiOiJvLmJ1bGhha292YS5jaGlAZ21haWwuY29tIiwicm9sZSI6WyJST0xFX1VTRVIiXSwiZXhwIjoxNzQzNjI5MDQ2LCJpYXQiOjE3NDM2MjE4NDZ9.6y1wXneUsX3InjJ__BHnSeof9KLGgebWaNJB1mG18V4
[2025-04-02 23:21:59] [34mINFO[0;39m [36mg.s.f.AccessTokenAuthenticationFilter   [0;39m [35m:62  [0;39m user: Optional[UserVO(id=5, email=o.bulhakova.chi@gmail.com, languageVO=greencity.dto.language.LanguageVO@1ab8)]
[2025-04-02 23:21:59] [34mINFO[0;39m [36mg.s.f.AccessTokenAuthenticationFilter   [0;39m [35m:62  [0;39m user: Optional[UserVO(id=5, email=o.bulhakova.chi@gmail.com, languageVO=greencity.dto.language.LanguageVO@1ab8)]
[2025-04-02 23:21:59] [34mINFO[0;39m [36mg.s.f.AccessTokenAuthenticationFilter   [0;39m [35m:54  [0;39m token: eyJhbGciOiJIUzI1NiJ9.eyJzdWIiOiJvLmJ1bGhha292YS5jaGlAZ21haWwuY29tIiwicm9sZSI6WyJST0xFX1VTRVIiXSwiZXhwIjoxNzQzNjI5MDQ2LCJpYXQiOjE3NDM2MjE4NDZ9.6y1wXneUsX3InjJ__BHnSeof9KLGgebWaNJB1mG18V4
[2025-04-02 23:21:59] [34mINFO[0;39m [36mg.s.f.AccessTokenAuthenticationFilter   [0;39m [35m:62  [0;39m user: Optional[UserVO(id=5, email=o.bulhakova.chi@gmail.com, languageVO=greencity.dto.language.LanguageVO@1ab8)]
[2025-04-02 23:22:08] [34mINFO[0;39m [36mg.s.f.AccessTokenAuthenticationFilter   [0;39m [35m:54  [0;39m token: eyJhbGciOiJIUzI1NiJ9.eyJzdWIiOiJvLmJ1bGhha292YS5jaGlAZ21haWwuY29tIiwicm9sZSI6WyJST0xFX1VTRVIiXSwiZXhwIjoxNzQzNjI5MDQ2LCJpYXQiOjE3NDM2MjE4NDZ9.6y1wXneUsX3InjJ__BHnSeof9KLGgebWaNJB1mG18V4
[2025-04-02 23:22:08] [34mINFO[0;39m [36mg.s.f.AccessTokenAuthenticationFilter   [0;39m [35m:54  [0;39m token: eyJhbGciOiJIUzI1NiJ9.eyJzdWIiOiJvLmJ1bGhha292YS5jaGlAZ21haWwuY29tIiwicm9sZSI6WyJST0xFX1VTRVIiXSwiZXhwIjoxNzQzNjI5MDQ2LCJpYXQiOjE3NDM2MjE4NDZ9.6y1wXneUsX3InjJ__BHnSeof9KLGgebWaNJB1mG18V4
[2025-04-02 23:22:08] [34mINFO[0;39m [36mg.s.f.AccessTokenAuthenticationFilter   [0;39m [35m:62  [0;39m user: Optional[UserVO(id=5, email=o.bulhakova.chi@gmail.com, languageVO=greencity.dto.language.LanguageVO@1ab8)]
[2025-04-02 23:22:08] [34mINFO[0;39m [36mg.s.f.AccessTokenAuthenticationFilter   [0;39m [35m:62  [0;39m user: Optional[UserVO(id=5, email=o.bulhakova.chi@gmail.com, languageVO=greencity.dto.language.LanguageVO@1ab8)]
[2025-04-02 23:22:08] [34mINFO[0;39m [36mg.s.f.AccessTokenAuthenticationFilter   [0;39m [35m:54  [0;39m token: eyJhbGciOiJIUzI1NiJ9.eyJzdWIiOiJvLmJ1bGhha292YS5jaGlAZ21haWwuY29tIiwicm9sZSI6WyJST0xFX1VTRVIiXSwiZXhwIjoxNzQzNjI5MDQ2LCJpYXQiOjE3NDM2MjE4NDZ9.6y1wXneUsX3InjJ__BHnSeof9KLGgebWaNJB1mG18V4
[2025-04-02 23:22:08] [34mINFO[0;39m [36mg.s.f.AccessTokenAuthenticationFilter   [0;39m [35m:62  [0;39m user: Optional[UserVO(id=5, email=o.bulhakova.chi@gmail.com, languageVO=greencity.dto.language.LanguageVO@1ab8)]
[2025-04-02 23:22:08] [31mWARN[0;39m [36m.m.m.a.ExceptionHandlerExceptionResolver[0;39m [35m:247 [0;39m Resolved [org.springframework.web.bind.MissingServletRequestParameterException: Required request parameter 'email' for method parameter type String is not present]
[2025-04-02 23:22:20] [34mINFO[0;39m [36mg.s.f.AccessTokenAuthenticationFilter   [0;39m [35m:54  [0;39m token: eyJhbGciOiJIUzI1NiJ9.eyJzdWIiOiJvLmJ1bGhha292YS5jaGlAZ21haWwuY29tIiwicm9sZSI6WyJST0xFX1VTRVIiXSwiZXhwIjoxNzQzNjI5MDQ2LCJpYXQiOjE3NDM2MjE4NDZ9.6y1wXneUsX3InjJ__BHnSeof9KLGgebWaNJB1mG18V4
[2025-04-02 23:22:20] [34mINFO[0;39m [36mg.s.f.AccessTokenAuthenticationFilter   [0;39m [35m:54  [0;39m token: eyJhbGciOiJIUzI1NiJ9.eyJzdWIiOiJvLmJ1bGhha292YS5jaGlAZ21haWwuY29tIiwicm9sZSI6WyJST0xFX1VTRVIiXSwiZXhwIjoxNzQzNjI5MDQ2LCJpYXQiOjE3NDM2MjE4NDZ9.6y1wXneUsX3InjJ__BHnSeof9KLGgebWaNJB1mG18V4
[2025-04-02 23:22:20] [34mINFO[0;39m [36mg.s.f.AccessTokenAuthenticationFilter   [0;39m [35m:62  [0;39m user: Optional[UserVO(id=5, email=o.bulhakova.chi@gmail.com, languageVO=greencity.dto.language.LanguageVO@1ab8)]
[2025-04-02 23:22:21] [34mINFO[0;39m [36mg.s.f.AccessTokenAuthenticationFilter   [0;39m [35m:62  [0;39m user: Optional[UserVO(id=5, email=o.bulhakova.chi@gmail.com, languageVO=greencity.dto.language.LanguageVO@1ab8)]
[2025-04-02 23:22:21] [34mINFO[0;39m [36mg.s.f.AccessTokenAuthenticationFilter   [0;39m [35m:54  [0;39m token: eyJhbGciOiJIUzI1NiJ9.eyJzdWIiOiJvLmJ1bGhha292YS5jaGlAZ21haWwuY29tIiwicm9sZSI6WyJST0xFX1VTRVIiXSwiZXhwIjoxNzQzNjI5MDQ2LCJpYXQiOjE3NDM2MjE4NDZ9.6y1wXneUsX3InjJ__BHnSeof9KLGgebWaNJB1mG18V4
[2025-04-02 23:22:21] [34mINFO[0;39m [36mg.s.f.AccessTokenAuthenticationFilter   [0;39m [35m:54  [0;39m token: eyJhbGciOiJIUzI1NiJ9.eyJzdWIiOiJvLmJ1bGhha292YS5jaGlAZ21haWwuY29tIiwicm9sZSI6WyJST0xFX1VTRVIiXSwiZXhwIjoxNzQzNjI5MDQ2LCJpYXQiOjE3NDM2MjE4NDZ9.6y1wXneUsX3InjJ__BHnSeof9KLGgebWaNJB1mG18V4
[2025-04-02 23:22:21] [34mINFO[0;39m [36mg.s.f.AccessTokenAuthenticationFilter   [0;39m [35m:62  [0;39m user: Optional[UserVO(id=5, email=o.bulhakova.chi@gmail.com, languageVO=greencity.dto.language.LanguageVO@1ab8)]
[2025-04-02 23:22:21] [34mINFO[0;39m [36mg.s.f.AccessTokenAuthenticationFilter   [0;39m [35m:62  [0;39m user: Optional[UserVO(id=5, email=o.bulhakova.chi@gmail.com, languageVO=greencity.dto.language.LanguageVO@1ab8)]
[2025-04-02 23:22:23] [34mINFO[0;39m [36mg.service.ubs.OrderLockServiceImpl      [0;39m [35m:60  [0;39m Time: 2025-04-02T23:17:23.220365700
[2025-04-02 23:22:23] [34mINFO[0;39m [36mg.service.ubs.OrderLockServiceImpl      [0;39m [35m:62  [0;39m Unlock orders
[2025-04-02 23:23:08] [34mINFO[0;39m [36mj.LocalContainerEntityManagerFactoryBean[0;39m [35m:650 [0;39m Closing JPA EntityManagerFactory for persistence unit 'default'
[2025-04-02 23:23:08] [34mINFO[0;39m [36mcom.zaxxer.hikari.HikariDataSource      [0;39m [35m:350 [0;39m HikariPool-1 - Shutdown initiated...
[2025-04-02 23:23:08] [34mINFO[0;39m [36mcom.zaxxer.hikari.HikariDataSource      [0;39m [35m:352 [0;39m HikariPool-1 - Shutdown completed.
[2025-04-02 23:23:14] [34mINFO[0;39m [36mo.h.validator.internal.util.Version     [0;39m [35m:21  [0;39m HV000001: Hibernate Validator 8.0.1.Final
[2025-04-02 23:23:14] [34mINFO[0;39m [36mgreencity.UbsApplication                [0;39m [35m:50  [0;39m Starting UbsApplication using Java 21.0.5 with PID 27356 (C:\Users\o.bulhakova\IdeaProjects\project\GreenCityUBS\core\target\classes started by o.bulhakova in C:\Users\o.bulhakova\IdeaProjects\project\GreenCityUBS)
[2025-04-02 23:23:14] [34mINFO[0;39m [36mgreencity.UbsApplication                [0;39m [35m:660 [0;39m The following 1 profile is active: "dev"
[2025-04-02 23:23:14] [34mINFO[0;39m [36m.e.DevToolsPropertyDefaultsPostProcessor[0;39m [35m:252 [0;39m Devtools property defaults active! Set 'spring.devtools.add-properties' to 'false' to disable
[2025-04-02 23:23:14] [34mINFO[0;39m [36m.e.DevToolsPropertyDefaultsPostProcessor[0;39m [35m:252 [0;39m For additional web related logging consider setting the 'logging.level.web' property to 'DEBUG'
[2025-04-02 23:23:16] [34mINFO[0;39m [36m.s.d.r.c.RepositoryConfigurationDelegate[0;39m [35m:139 [0;39m Bootstrapping Spring Data JPA repositories in DEFAULT mode.
[2025-04-02 23:23:16] [34mINFO[0;39m [36m.s.d.r.c.RepositoryConfigurationDelegate[0;39m [35m:208 [0;39m Finished Spring Data repository scanning in 340 ms. Found 36 JPA repository interfaces.
[2025-04-02 23:23:16] [34mINFO[0;39m [36mo.s.cloud.context.scope.GenericScope    [0;39m [35m:282 [0;39m BeanFactory id=946dfe5b-ebbd-3bb0-96ba-f3cc67a34d79
[2025-04-02 23:23:17] [34mINFO[0;39m [36mo.s.b.w.embedded.tomcat.TomcatWebServer [0;39m [35m:109 [0;39m Tomcat initialized with port 8050 (http)
[2025-04-02 23:23:17] [34mINFO[0;39m [36mo.apache.coyote.http11.Http11NioProtocol[0;39m [35m:173 [0;39m Initializing ProtocolHandler ["http-nio-8050"]
[2025-04-02 23:23:17] [34mINFO[0;39m [36mo.apache.catalina.core.StandardService  [0;39m [35m:173 [0;39m Starting service [Tomcat]
[2025-04-02 23:23:17] [34mINFO[0;39m [36morg.apache.catalina.core.StandardEngine [0;39m [35m:173 [0;39m Starting Servlet engine: [Apache Tomcat/10.1.18]
[2025-04-02 23:23:17] [34mINFO[0;39m [36mo.a.c.c.C.[Tomcat].[localhost].[/]      [0;39m [35m:173 [0;39m Initializing Spring embedded WebApplicationContext
[2025-04-02 23:23:17] [34mINFO[0;39m [36mw.s.c.ServletWebServerApplicationContext[0;39m [35m:296 [0;39m Root WebApplicationContext: initialization completed in 3218 ms
[2025-04-02 23:23:18] [34mINFO[0;39m [36mliquibase.database                      [0;39m [35m:37  [0;39m Set default schema name to public
[2025-04-02 23:23:20] [34mINFO[0;39m [36mliquibase.changelog                     [0;39m [35m:37  [0;39m Reading from public.databasechangelog
[2025-04-02 23:23:20] [34mINFO[0;39m [36mliquibase.ui                            [0;39m [35m:37  [0;39m Database is up to date, no changesets to execute
[2025-04-02 23:23:20] [34mINFO[0;39m [36mliquibase.changelog                     [0;39m [35m:37  [0;39m Reading from public.databasechangelog
[2025-04-02 23:23:20] [34mINFO[0;39m [36mliquibase.util                          [0;39m [35m:37  [0;39m UPDATE SUMMARY
[2025-04-02 23:23:20] [34mINFO[0;39m [36mliquibase.util                          [0;39m [35m:37  [0;39m Run:                          0
[2025-04-02 23:23:20] [34mINFO[0;39m [36mliquibase.util                          [0;39m [35m:37  [0;39m Previously run:             362
[2025-04-02 23:23:20] [34mINFO[0;39m [36mliquibase.util                          [0;39m [35m:37  [0;39m Filtered out:                 0
[2025-04-02 23:23:20] [34mINFO[0;39m [36mliquibase.util                          [0;39m [35m:37  [0;39m -------------------------------
[2025-04-02 23:23:20] [34mINFO[0;39m [36mliquibase.util                          [0;39m [35m:37  [0;39m Total change sets:          362
[2025-04-02 23:23:20] [34mINFO[0;39m [36mliquibase.util                          [0;39m [35m:37  [0;39m Update summary generated
[2025-04-02 23:23:20] [34mINFO[0;39m [36mliquibase.lockservice                   [0;39m [35m:37  [0;39m Successfully released change log lock
[2025-04-02 23:23:20] [34mINFO[0;39m [36mliquibase.command                       [0;39m [35m:37  [0;39m Command execution complete
[2025-04-02 23:23:21] [34mINFO[0;39m [36mo.hibernate.jpa.internal.util.LogHelper [0;39m [35m:31  [0;39m HHH000204: Processing PersistenceUnitInfo [name: default]
[2025-04-02 23:23:21] [34mINFO[0;39m [36morg.hibernate.Version                   [0;39m [35m:44  [0;39m HHH000412: Hibernate ORM core version 6.4.1.Final
[2025-04-02 23:23:21] [34mINFO[0;39m [36mo.h.c.internal.RegionFactoryInitiator   [0;39m [35m:50  [0;39m HHH000026: Second-level cache disabled
[2025-04-02 23:23:21] [34mINFO[0;39m [36mo.s.o.j.p.SpringPersistenceUnitInfo     [0;39m [35m:87  [0;39m No LoadTimeWeaver setup: ignoring JPA class transformer
[2025-04-02 23:23:21] [34mINFO[0;39m [36mcom.zaxxer.hikari.HikariDataSource      [0;39m [35m:110 [0;39m HikariPool-1 - Starting...
[2025-04-02 23:23:21] [34mINFO[0;39m [36mcom.zaxxer.hikari.pool.HikariPool       [0;39m [35m:565 [0;39m HikariPool-1 - Added connection org.postgresql.jdbc.PgConnection@17e4eb14
[2025-04-02 23:23:21] [34mINFO[0;39m [36mcom.zaxxer.hikari.HikariDataSource      [0;39m [35m:123 [0;39m HikariPool-1 - Start completed.
[2025-04-02 23:23:22] [31mWARN[0;39m [36morg.hibernate.mapping.RootClass         [0;39m [35m:341 [0;39m HHH000038: Composite-id class does not override equals(): greencity.entity.user.employee.EmployeeFilterViewId
[2025-04-02 23:23:22] [31mWARN[0;39m [36morg.hibernate.mapping.RootClass         [0;39m [35m:344 [0;39m HHH000039: Composite-id class does not override hashCode(): greencity.entity.user.employee.EmployeeFilterViewId
[2025-04-02 23:23:23] [31mWARN[0;39m [36mo.h.metamodel.internal.MetadataContext  [0;39m [35m:727 [0;39m HHH015011: Unable to locate static metamodel field : greencity.entity.user.employee.EmployeeFilterViewId_#employeeId; this may or may not indicate a problem with the static metamodel
[2025-04-02 23:23:23] [31mWARN[0;39m [36mo.h.metamodel.internal.MetadataContext  [0;39m [35m:727 [0;39m HHH015011: Unable to locate static metamodel field : greencity.entity.user.employee.EmployeeFilterViewId_#positionId; this may or may not indicate a problem with the static metamodel
[2025-04-02 23:23:23] [34mINFO[0;39m [36mo.h.e.t.j.p.i.JtaPlatformInitiator      [0;39m [35m:58  [0;39m HHH000489: No JTA platform available (set 'hibernate.transaction.jta.platform' to enable JTA platform integration)
[2025-04-02 23:23:23] [34mINFO[0;39m [36mj.LocalContainerEntityManagerFactoryBean[0;39m [35m:437 [0;39m Initialized JPA EntityManagerFactory for persistence unit 'default'
[2025-04-02 23:23:23] [31mWARN[0;39m [36mJpaBaseConfiguration$JpaWebConfiguration[0;39m [35m:232 [0;39m spring.jpa.open-in-view is enabled by default. Therefore, database queries may be performed during view rendering. Explicitly configure spring.jpa.open-in-view to disable this warning
[2025-04-02 23:23:23] [31mWARN[0;39m [36mo.s.b.d.a.OptionalLiveReloadServer      [0;39m [35m:62  [0;39m Unable to start LiveReload server
[2025-04-02 23:23:24] [34mINFO[0;39m [36mo.s.d.j.r.query.QueryEnhancerFactory    [0;39m [35m:49  [0;39m Hibernate is in classpath; If applicable, HQL parser will be used.
[2025-04-02 23:23:28] [34mINFO[0;39m [36mo.s.s.web.DefaultSecurityFilterChain    [0;39m [35m:54  [0;39m Will secure any request with [org.springframework.security.web.session.DisableEncodeUrlFilter@6d58d50d, org.springframework.security.web.context.request.async.WebAsyncManagerIntegrationFilter@181ffde4, org.springframework.security.web.context.SecurityContextHolderFilter@30821780, org.springframework.security.web.header.HeaderWriterFilter@203602f8, org.springframework.web.filter.CorsFilter@64726023, org.springframework.security.web.authentication.logout.LogoutFilter@39852a54, greencity.security.filters.AccessTokenAuthenticationFilter@42172cdc, org.springframework.security.web.savedrequest.RequestCacheAwareFilter@3a2cf2f1, org.springframework.security.web.servletapi.SecurityContextHolderAwareRequestFilter@7863b2a1, org.springframework.security.web.authentication.AnonymousAuthenticationFilter@69cc792e, org.springframework.security.web.session.SessionManagementFilter@9f94c43, org.springframework.security.web.access.ExceptionTranslationFilter@32fddd72, org.springframework.security.web.access.intercept.AuthorizationFilter@262b475b]
[2025-04-02 23:23:28] [31mWARN[0;39m [36mo.s.s.c.a.web.builders.WebSecurity      [0;39m [35m:289 [0;39m You are asking Spring Security to ignore Mvc [pattern='/ubs/receivePayment']. This is not recommended -- please use permitAll via HttpSecurity#authorizeHttpRequests instead.
[2025-04-02 23:23:28] [34mINFO[0;39m [36mo.s.s.web.DefaultSecurityFilterChain    [0;39m [35m:51  [0;39m Will not secure Mvc [pattern='/ubs/receivePayment']
[2025-04-02 23:23:28] [31mWARN[0;39m [36mo.s.s.c.a.web.builders.WebSecurity      [0;39m [35m:289 [0;39m You are asking Spring Security to ignore Mvc [pattern='/ubs/monobank/payments']. This is not recommended -- please use permitAll via HttpSecurity#authorizeHttpRequests instead.
[2025-04-02 23:23:28] [34mINFO[0;39m [36mo.s.s.web.DefaultSecurityFilterChain    [0;39m [35m:51  [0;39m Will not secure Mvc [pattern='/ubs/monobank/payments']
[2025-04-02 23:23:28] [31mWARN[0;39m [36mion$DefaultTemplateResolverConfiguration[0;39m [35m:101 [0;39m Cannot find template location: classpath:/templates/ (please add some templates, check your Thymeleaf configuration, or set spring.thymeleaf.check-template-location=false)
[2025-04-02 23:23:29] [34mINFO[0;39m [36mo.apache.coyote.http11.Http11NioProtocol[0;39m [35m:173 [0;39m Starting ProtocolHandler ["http-nio-8050"]
[2025-04-02 23:23:29] [34mINFO[0;39m [36mo.s.b.w.embedded.tomcat.TomcatWebServer [0;39m [35m:241 [0;39m Tomcat started on port 8050 (http) with context path ''
[2025-04-02 23:23:29] [34mINFO[0;39m [36mgreencity.UbsApplication                [0;39m [35m:56  [0;39m Started UbsApplication in 15.193 seconds (process running for 16.711)
[2025-04-02 23:23:29] [34mINFO[0;39m [36mg.service.ubs.OrderLockServiceImpl      [0;39m [35m:60  [0;39m Time: 2025-04-02T23:18:29.298298400
[2025-04-02 23:23:29] [34mINFO[0;39m [36mg.service.ubs.OrderLockServiceImpl      [0;39m [35m:62  [0;39m Unlock orders
[2025-04-02 23:23:29] [34mINFO[0;39m [36mg.n.scheduler.NotificationTaskScheduler [0;39m [35m:39  [0;39m Failed to start scheduled notificator with type VIOLATION_THE_RULES because cron is incorrect or template is inactive.
[2025-04-02 23:23:29] [34mINFO[0;39m [36mg.n.scheduler.NotificationTaskScheduler [0;39m [35m:39  [0;39m Failed to start scheduled notificator with type CANCELED_VIOLATION_THE_RULES_BY_THE_MANAGER because cron is incorrect or template is inactive.
[2025-04-02 23:23:29] [34mINFO[0;39m [36mg.n.scheduler.NotificationTaskScheduler [0;39m [35m:39  [0;39m Failed to start scheduled notificator with type ORDER_STATUS_CHANGED because cron is incorrect or template is inactive.
[2025-04-02 23:23:29] [34mINFO[0;39m [36mg.n.scheduler.NotificationTaskScheduler [0;39m [35m:39  [0;39m Failed to start scheduled notificator with type CHANGED_IN_RULE_VIOLATION_STATUS because cron is incorrect or template is inactive.
[2025-04-02 23:23:29] [34mINFO[0;39m [36mg.n.scheduler.NotificationTaskScheduler [0;39m [35m:39  [0;39m Failed to start scheduled notificator with type COURIER_ITINERARY_FORMED because cron is incorrect or template is inactive.
[2025-04-02 23:23:29] [34mINFO[0;39m [36mg.n.scheduler.NotificationTaskScheduler [0;39m [35m:39  [0;39m Failed to start scheduled notificator with type DONE_OR_CANCELED_UNPAID_ORDER because cron is incorrect or template is inactive.
[2025-04-02 23:23:29] [34mINFO[0;39m [36mg.n.scheduler.NotificationTaskScheduler [0;39m [35m:39  [0;39m Failed to start scheduled notificator with type HALF_PAID_ORDER_WITH_STATUS_BROUGHT_BY_HIMSELF because cron is incorrect or template is inactive.
[2025-04-02 23:23:29] [34mINFO[0;39m [36mg.n.scheduler.NotificationTaskScheduler [0;39m [35m:29  [0;39m Scheduled notificator for LETS_STAY_CONNECTED notification template by 0 0 18 * * ? cron
[2025-04-02 23:23:29] [34mINFO[0;39m [36mg.n.scheduler.NotificationTaskScheduler [0;39m [35m:29  [0;39m Scheduled notificator for UNPAID_ORDER notification template by 0 0 18 * * ? cron
[2025-04-02 23:23:29] [34mINFO[0;39m [36mg.n.scheduler.NotificationTaskScheduler [0;39m [35m:39  [0;39m Failed to start scheduled notificator with type UNPAID_PACKAGE because cron is incorrect or template is inactive.
[2025-04-02 23:23:50] [34mINFO[0;39m [36mo.a.c.c.C.[Tomcat].[localhost].[/]      [0;39m [35m:173 [0;39m Initializing Spring DispatcherServlet 'dispatcherServlet'
[2025-04-02 23:23:50] [34mINFO[0;39m [36mo.s.web.servlet.DispatcherServlet       [0;39m [35m:532 [0;39m Initializing Servlet 'dispatcherServlet'
[2025-04-02 23:23:50] [34mINFO[0;39m [36mo.s.web.servlet.DispatcherServlet       [0;39m [35m:554 [0;39m Completed initialization in 2 ms
[2025-04-02 23:23:50] [31mWARN[0;39m [36mo.s.w.s.h.HandlerMappingIntrospector    [0;39m [35m:458 [0;39m Cache miss for REQUEST dispatch to '/ubs/userProfile/user/getUserProfile' (previous null). Performing MatchableHandlerMapping lookup. This is logged once only at WARN level, and every time at TRACE.
[2025-04-02 23:23:50] [34mINFO[0;39m [36mg.s.f.AccessTokenAuthenticationFilter   [0;39m [35m:54  [0;39m token: eyJhbGciOiJIUzI1NiJ9.eyJzdWIiOiJvLmJ1bGhha292YS5jaGlAZ21haWwuY29tIiwicm9sZSI6WyJST0xFX1VTRVIiXSwiZXhwIjoxNzQzNjI5MDQ2LCJpYXQiOjE3NDM2MjE4NDZ9.6y1wXneUsX3InjJ__BHnSeof9KLGgebWaNJB1mG18V4
[2025-04-02 23:23:50] [34mINFO[0;39m [36mg.s.f.AccessTokenAuthenticationFilter   [0;39m [35m:54  [0;39m token: eyJhbGciOiJIUzI1NiJ9.eyJzdWIiOiJvLmJ1bGhha292YS5jaGlAZ21haWwuY29tIiwicm9sZSI6WyJST0xFX1VTRVIiXSwiZXhwIjoxNzQzNjI5MDQ2LCJpYXQiOjE3NDM2MjE4NDZ9.6y1wXneUsX3InjJ__BHnSeof9KLGgebWaNJB1mG18V4
[2025-04-02 23:23:50] [34mINFO[0;39m [36mg.s.f.AccessTokenAuthenticationFilter   [0;39m [35m:62  [0;39m user: Optional[UserVO(id=5, email=o.bulhakova.chi@gmail.com, languageVO=greencity.dto.language.LanguageVO@1ab8)]
[2025-04-02 23:23:50] [34mINFO[0;39m [36mg.s.f.AccessTokenAuthenticationFilter   [0;39m [35m:62  [0;39m user: Optional[UserVO(id=5, email=o.bulhakova.chi@gmail.com, languageVO=greencity.dto.language.LanguageVO@1ab8)]
[2025-04-02 23:23:50] [34mINFO[0;39m [36mg.s.f.AccessTokenAuthenticationFilter   [0;39m [35m:54  [0;39m token: eyJhbGciOiJIUzI1NiJ9.eyJzdWIiOiJvLmJ1bGhha292YS5jaGlAZ21haWwuY29tIiwicm9sZSI6WyJST0xFX1VTRVIiXSwiZXhwIjoxNzQzNjI5MDQ2LCJpYXQiOjE3NDM2MjE4NDZ9.6y1wXneUsX3InjJ__BHnSeof9KLGgebWaNJB1mG18V4
[2025-04-02 23:23:50] [34mINFO[0;39m [36mg.s.f.AccessTokenAuthenticationFilter   [0;39m [35m:62  [0;39m user: Optional[UserVO(id=5, email=o.bulhakova.chi@gmail.com, languageVO=greencity.dto.language.LanguageVO@1ab8)]
[2025-04-02 23:23:51] [34mINFO[0;39m [36mg.s.f.AccessTokenAuthenticationFilter   [0;39m [35m:54  [0;39m token: eyJhbGciOiJIUzI1NiJ9.eyJzdWIiOiJvLmJ1bGhha292YS5jaGlAZ21haWwuY29tIiwicm9sZSI6WyJST0xFX1VTRVIiXSwiZXhwIjoxNzQzNjI5MDQ2LCJpYXQiOjE3NDM2MjE4NDZ9.6y1wXneUsX3InjJ__BHnSeof9KLGgebWaNJB1mG18V4
[2025-04-02 23:23:51] [34mINFO[0;39m [36mg.s.f.AccessTokenAuthenticationFilter   [0;39m [35m:62  [0;39m user: Optional[UserVO(id=5, email=o.bulhakova.chi@gmail.com, languageVO=greencity.dto.language.LanguageVO@1ab8)]
[2025-04-02 23:24:29] [34mINFO[0;39m [36mg.service.ubs.OrderLockServiceImpl      [0;39m [35m:60  [0;39m Time: 2025-04-02T23:19:29.290216300
[2025-04-02 23:24:29] [34mINFO[0;39m [36mg.service.ubs.OrderLockServiceImpl      [0;39m [35m:62  [0;39m Unlock orders
[2025-04-02 23:24:42] [34mINFO[0;39m [36mg.s.f.AccessTokenAuthenticationFilter   [0;39m [35m:54  [0;39m token: eyJhbGciOiJIUzI1NiJ9.eyJzdWIiOiJvLmJ1bGhha292YS5jaGlAZ21haWwuY29tIiwicm9sZSI6WyJST0xFX1VTRVIiXSwiZXhwIjoxNzQzNjI5MDQ2LCJpYXQiOjE3NDM2MjE4NDZ9.6y1wXneUsX3InjJ__BHnSeof9KLGgebWaNJB1mG18V4
[2025-04-02 23:24:42] [34mINFO[0;39m [36mg.s.f.AccessTokenAuthenticationFilter   [0;39m [35m:62  [0;39m user: Optional[UserVO(id=5, email=o.bulhakova.chi@gmail.com, languageVO=greencity.dto.language.LanguageVO@1ab8)]
[2025-04-02 23:24:42] [34mINFO[0;39m [36mg.s.f.AccessTokenAuthenticationFilter   [0;39m [35m:54  [0;39m token: eyJhbGciOiJIUzI1NiJ9.eyJzdWIiOiJvLmJ1bGhha292YS5jaGlAZ21haWwuY29tIiwicm9sZSI6WyJST0xFX1VTRVIiXSwiZXhwIjoxNzQzNjI5MDQ2LCJpYXQiOjE3NDM2MjE4NDZ9.6y1wXneUsX3InjJ__BHnSeof9KLGgebWaNJB1mG18V4
[2025-04-02 23:24:42] [34mINFO[0;39m [36mg.s.f.AccessTokenAuthenticationFilter   [0;39m [35m:62  [0;39m user: Optional[UserVO(id=5, email=o.bulhakova.chi@gmail.com, languageVO=greencity.dto.language.LanguageVO@1ab8)]
[2025-04-02 23:24:42] [34mINFO[0;39m [36mg.s.f.AccessTokenAuthenticationFilter   [0;39m [35m:54  [0;39m token: eyJhbGciOiJIUzI1NiJ9.eyJzdWIiOiJvLmJ1bGhha292YS5jaGlAZ21haWwuY29tIiwicm9sZSI6WyJST0xFX1VTRVIiXSwiZXhwIjoxNzQzNjI5MDQ2LCJpYXQiOjE3NDM2MjE4NDZ9.6y1wXneUsX3InjJ__BHnSeof9KLGgebWaNJB1mG18V4
[2025-04-02 23:24:42] [34mINFO[0;39m [36mg.s.f.AccessTokenAuthenticationFilter   [0;39m [35m:62  [0;39m user: Optional[UserVO(id=5, email=o.bulhakova.chi@gmail.com, languageVO=greencity.dto.language.LanguageVO@1ab8)]
[2025-04-02 23:24:42] [34mINFO[0;39m [36mg.s.f.AccessTokenAuthenticationFilter   [0;39m [35m:54  [0;39m token: eyJhbGciOiJIUzI1NiJ9.eyJzdWIiOiJvLmJ1bGhha292YS5jaGlAZ21haWwuY29tIiwicm9sZSI6WyJST0xFX1VTRVIiXSwiZXhwIjoxNzQzNjI5MDQ2LCJpYXQiOjE3NDM2MjE4NDZ9.6y1wXneUsX3InjJ__BHnSeof9KLGgebWaNJB1mG18V4
[2025-04-02 23:24:42] [34mINFO[0;39m [36mg.s.f.AccessTokenAuthenticationFilter   [0;39m [35m:62  [0;39m user: Optional[UserVO(id=5, email=o.bulhakova.chi@gmail.com, languageVO=greencity.dto.language.LanguageVO@1ab8)]
[2025-04-02 23:25:03] [34mINFO[0;39m [36mj.LocalContainerEntityManagerFactoryBean[0;39m [35m:650 [0;39m Closing JPA EntityManagerFactory for persistence unit 'default'
[2025-04-02 23:25:03] [34mINFO[0;39m [36mcom.zaxxer.hikari.HikariDataSource      [0;39m [35m:350 [0;39m HikariPool-1 - Shutdown initiated...
[2025-04-02 23:25:03] [34mINFO[0;39m [36mcom.zaxxer.hikari.HikariDataSource      [0;39m [35m:352 [0;39m HikariPool-1 - Shutdown completed.
[2025-04-02 23:25:09] [34mINFO[0;39m [36mo.h.validator.internal.util.Version     [0;39m [35m:21  [0;39m HV000001: Hibernate Validator 8.0.1.Final
[2025-04-02 23:25:09] [34mINFO[0;39m [36mgreencity.UbsApplication                [0;39m [35m:50  [0;39m Starting UbsApplication using Java 21.0.5 with PID 16504 (C:\Users\o.bulhakova\IdeaProjects\project\GreenCityUBS\core\target\classes started by o.bulhakova in C:\Users\o.bulhakova\IdeaProjects\project\GreenCityUBS)
[2025-04-02 23:25:09] [34mINFO[0;39m [36mgreencity.UbsApplication                [0;39m [35m:660 [0;39m The following 1 profile is active: "dev"
[2025-04-02 23:25:09] [34mINFO[0;39m [36m.e.DevToolsPropertyDefaultsPostProcessor[0;39m [35m:252 [0;39m Devtools property defaults active! Set 'spring.devtools.add-properties' to 'false' to disable
[2025-04-02 23:25:09] [34mINFO[0;39m [36m.e.DevToolsPropertyDefaultsPostProcessor[0;39m [35m:252 [0;39m For additional web related logging consider setting the 'logging.level.web' property to 'DEBUG'
[2025-04-02 23:25:11] [34mINFO[0;39m [36m.s.d.r.c.RepositoryConfigurationDelegate[0;39m [35m:139 [0;39m Bootstrapping Spring Data JPA repositories in DEFAULT mode.
[2025-04-02 23:25:11] [34mINFO[0;39m [36m.s.d.r.c.RepositoryConfigurationDelegate[0;39m [35m:208 [0;39m Finished Spring Data repository scanning in 329 ms. Found 36 JPA repository interfaces.
[2025-04-02 23:25:12] [34mINFO[0;39m [36mo.s.cloud.context.scope.GenericScope    [0;39m [35m:282 [0;39m BeanFactory id=946dfe5b-ebbd-3bb0-96ba-f3cc67a34d79
[2025-04-02 23:25:13] [34mINFO[0;39m [36mo.s.b.w.embedded.tomcat.TomcatWebServer [0;39m [35m:109 [0;39m Tomcat initialized with port 8050 (http)
[2025-04-02 23:25:13] [34mINFO[0;39m [36mo.apache.coyote.http11.Http11NioProtocol[0;39m [35m:173 [0;39m Initializing ProtocolHandler ["http-nio-8050"]
[2025-04-02 23:25:13] [34mINFO[0;39m [36mo.apache.catalina.core.StandardService  [0;39m [35m:173 [0;39m Starting service [Tomcat]
[2025-04-02 23:25:13] [34mINFO[0;39m [36morg.apache.catalina.core.StandardEngine [0;39m [35m:173 [0;39m Starting Servlet engine: [Apache Tomcat/10.1.18]
[2025-04-02 23:25:13] [34mINFO[0;39m [36mo.a.c.c.C.[Tomcat].[localhost].[/]      [0;39m [35m:173 [0;39m Initializing Spring embedded WebApplicationContext
[2025-04-02 23:25:13] [34mINFO[0;39m [36mw.s.c.ServletWebServerApplicationContext[0;39m [35m:296 [0;39m Root WebApplicationContext: initialization completed in 3436 ms
[2025-04-02 23:25:13] [34mINFO[0;39m [36mliquibase.database                      [0;39m [35m:37  [0;39m Set default schema name to public
[2025-04-02 23:25:16] [34mINFO[0;39m [36mliquibase.changelog                     [0;39m [35m:37  [0;39m Reading from public.databasechangelog
[2025-04-02 23:25:16] [34mINFO[0;39m [36mliquibase.ui                            [0;39m [35m:37  [0;39m Database is up to date, no changesets to execute
[2025-04-02 23:25:16] [34mINFO[0;39m [36mliquibase.changelog                     [0;39m [35m:37  [0;39m Reading from public.databasechangelog
[2025-04-02 23:25:16] [34mINFO[0;39m [36mliquibase.util                          [0;39m [35m:37  [0;39m UPDATE SUMMARY
[2025-04-02 23:25:16] [34mINFO[0;39m [36mliquibase.util                          [0;39m [35m:37  [0;39m Run:                          0
[2025-04-02 23:25:16] [34mINFO[0;39m [36mliquibase.util                          [0;39m [35m:37  [0;39m Previously run:             362
[2025-04-02 23:25:16] [34mINFO[0;39m [36mliquibase.util                          [0;39m [35m:37  [0;39m Filtered out:                 0
[2025-04-02 23:25:16] [34mINFO[0;39m [36mliquibase.util                          [0;39m [35m:37  [0;39m -------------------------------
[2025-04-02 23:25:16] [34mINFO[0;39m [36mliquibase.util                          [0;39m [35m:37  [0;39m Total change sets:          362
[2025-04-02 23:25:16] [34mINFO[0;39m [36mliquibase.util                          [0;39m [35m:37  [0;39m Update summary generated
[2025-04-02 23:25:16] [34mINFO[0;39m [36mliquibase.lockservice                   [0;39m [35m:37  [0;39m Successfully released change log lock
[2025-04-02 23:25:16] [34mINFO[0;39m [36mliquibase.command                       [0;39m [35m:37  [0;39m Command execution complete
[2025-04-02 23:25:16] [34mINFO[0;39m [36mo.hibernate.jpa.internal.util.LogHelper [0;39m [35m:31  [0;39m HHH000204: Processing PersistenceUnitInfo [name: default]
[2025-04-02 23:25:16] [34mINFO[0;39m [36morg.hibernate.Version                   [0;39m [35m:44  [0;39m HHH000412: Hibernate ORM core version 6.4.1.Final
[2025-04-02 23:25:16] [34mINFO[0;39m [36mo.h.c.internal.RegionFactoryInitiator   [0;39m [35m:50  [0;39m HHH000026: Second-level cache disabled
[2025-04-02 23:25:17] [34mINFO[0;39m [36mo.s.o.j.p.SpringPersistenceUnitInfo     [0;39m [35m:87  [0;39m No LoadTimeWeaver setup: ignoring JPA class transformer
[2025-04-02 23:25:17] [34mINFO[0;39m [36mcom.zaxxer.hikari.HikariDataSource      [0;39m [35m:110 [0;39m HikariPool-1 - Starting...
[2025-04-02 23:25:17] [34mINFO[0;39m [36mcom.zaxxer.hikari.pool.HikariPool       [0;39m [35m:565 [0;39m HikariPool-1 - Added connection org.postgresql.jdbc.PgConnection@2eed0c1e
[2025-04-02 23:25:17] [34mINFO[0;39m [36mcom.zaxxer.hikari.HikariDataSource      [0;39m [35m:123 [0;39m HikariPool-1 - Start completed.
[2025-04-02 23:25:18] [31mWARN[0;39m [36morg.hibernate.mapping.RootClass         [0;39m [35m:341 [0;39m HHH000038: Composite-id class does not override equals(): greencity.entity.user.employee.EmployeeFilterViewId
[2025-04-02 23:25:18] [31mWARN[0;39m [36morg.hibernate.mapping.RootClass         [0;39m [35m:344 [0;39m HHH000039: Composite-id class does not override hashCode(): greencity.entity.user.employee.EmployeeFilterViewId
[2025-04-02 23:25:19] [31mWARN[0;39m [36mo.h.metamodel.internal.MetadataContext  [0;39m [35m:727 [0;39m HHH015011: Unable to locate static metamodel field : greencity.entity.user.employee.EmployeeFilterViewId_#employeeId; this may or may not indicate a problem with the static metamodel
[2025-04-02 23:25:19] [31mWARN[0;39m [36mo.h.metamodel.internal.MetadataContext  [0;39m [35m:727 [0;39m HHH015011: Unable to locate static metamodel field : greencity.entity.user.employee.EmployeeFilterViewId_#positionId; this may or may not indicate a problem with the static metamodel
[2025-04-02 23:25:19] [34mINFO[0;39m [36mo.h.e.t.j.p.i.JtaPlatformInitiator      [0;39m [35m:58  [0;39m HHH000489: No JTA platform available (set 'hibernate.transaction.jta.platform' to enable JTA platform integration)
[2025-04-02 23:25:19] [34mINFO[0;39m [36mj.LocalContainerEntityManagerFactoryBean[0;39m [35m:437 [0;39m Initialized JPA EntityManagerFactory for persistence unit 'default'
[2025-04-02 23:25:19] [31mWARN[0;39m [36mJpaBaseConfiguration$JpaWebConfiguration[0;39m [35m:232 [0;39m spring.jpa.open-in-view is enabled by default. Therefore, database queries may be performed during view rendering. Explicitly configure spring.jpa.open-in-view to disable this warning
[2025-04-02 23:25:19] [31mWARN[0;39m [36mo.s.b.d.a.OptionalLiveReloadServer      [0;39m [35m:62  [0;39m Unable to start LiveReload server
[2025-04-02 23:25:19] [34mINFO[0;39m [36mo.s.d.j.r.query.QueryEnhancerFactory    [0;39m [35m:49  [0;39m Hibernate is in classpath; If applicable, HQL parser will be used.
[2025-04-02 23:25:25] [34mINFO[0;39m [36mo.s.s.web.DefaultSecurityFilterChain    [0;39m [35m:54  [0;39m Will secure any request with [org.springframework.security.web.session.DisableEncodeUrlFilter@12127257, org.springframework.security.web.context.request.async.WebAsyncManagerIntegrationFilter@6091aa69, org.springframework.security.web.context.SecurityContextHolderFilter@2ffdfbe9, org.springframework.security.web.header.HeaderWriterFilter@530f7c83, org.springframework.web.filter.CorsFilter@6ae35374, org.springframework.security.web.authentication.logout.LogoutFilter@68417a8c, greencity.security.filters.AccessTokenAuthenticationFilter@785d4c85, org.springframework.security.web.savedrequest.RequestCacheAwareFilter@1cd08f11, org.springframework.security.web.servletapi.SecurityContextHolderAwareRequestFilter@eecb7cc, org.springframework.security.web.authentication.AnonymousAuthenticationFilter@795c1913, org.springframework.security.web.session.SessionManagementFilter@2bd5dfca, org.springframework.security.web.access.ExceptionTranslationFilter@72325b71, org.springframework.security.web.access.intercept.AuthorizationFilter@a101d02]
[2025-04-02 23:25:25] [31mWARN[0;39m [36mo.s.s.c.a.web.builders.WebSecurity      [0;39m [35m:289 [0;39m You are asking Spring Security to ignore Mvc [pattern='/ubs/receivePayment']. This is not recommended -- please use permitAll via HttpSecurity#authorizeHttpRequests instead.
[2025-04-02 23:25:25] [34mINFO[0;39m [36mo.s.s.web.DefaultSecurityFilterChain    [0;39m [35m:51  [0;39m Will not secure Mvc [pattern='/ubs/receivePayment']
[2025-04-02 23:25:25] [31mWARN[0;39m [36mo.s.s.c.a.web.builders.WebSecurity      [0;39m [35m:289 [0;39m You are asking Spring Security to ignore Mvc [pattern='/ubs/monobank/payments']. This is not recommended -- please use permitAll via HttpSecurity#authorizeHttpRequests instead.
[2025-04-02 23:25:25] [34mINFO[0;39m [36mo.s.s.web.DefaultSecurityFilterChain    [0;39m [35m:51  [0;39m Will not secure Mvc [pattern='/ubs/monobank/payments']
[2025-04-02 23:25:25] [31mWARN[0;39m [36mion$DefaultTemplateResolverConfiguration[0;39m [35m:101 [0;39m Cannot find template location: classpath:/templates/ (please add some templates, check your Thymeleaf configuration, or set spring.thymeleaf.check-template-location=false)
[2025-04-02 23:25:26] [34mINFO[0;39m [36mo.apache.coyote.http11.Http11NioProtocol[0;39m [35m:173 [0;39m Starting ProtocolHandler ["http-nio-8050"]
[2025-04-02 23:25:26] [34mINFO[0;39m [36mo.s.b.w.embedded.tomcat.TomcatWebServer [0;39m [35m:241 [0;39m Tomcat started on port 8050 (http) with context path ''
[2025-04-02 23:25:26] [34mINFO[0;39m [36mgreencity.UbsApplication                [0;39m [35m:56  [0;39m Started UbsApplication in 16.862 seconds (process running for 18.085)
[2025-04-02 23:25:26] [34mINFO[0;39m [36mg.service.ubs.OrderLockServiceImpl      [0;39m [35m:60  [0;39m Time: 2025-04-02T23:20:26.131559600
[2025-04-02 23:25:26] [34mINFO[0;39m [36mg.service.ubs.OrderLockServiceImpl      [0;39m [35m:62  [0;39m Unlock orders
[2025-04-02 23:25:26] [34mINFO[0;39m [36mg.n.scheduler.NotificationTaskScheduler [0;39m [35m:39  [0;39m Failed to start scheduled notificator with type VIOLATION_THE_RULES because cron is incorrect or template is inactive.
[2025-04-02 23:25:26] [34mINFO[0;39m [36mg.n.scheduler.NotificationTaskScheduler [0;39m [35m:39  [0;39m Failed to start scheduled notificator with type CANCELED_VIOLATION_THE_RULES_BY_THE_MANAGER because cron is incorrect or template is inactive.
[2025-04-02 23:25:26] [34mINFO[0;39m [36mg.n.scheduler.NotificationTaskScheduler [0;39m [35m:39  [0;39m Failed to start scheduled notificator with type ORDER_STATUS_CHANGED because cron is incorrect or template is inactive.
[2025-04-02 23:25:26] [34mINFO[0;39m [36mg.n.scheduler.NotificationTaskScheduler [0;39m [35m:39  [0;39m Failed to start scheduled notificator with type CHANGED_IN_RULE_VIOLATION_STATUS because cron is incorrect or template is inactive.
[2025-04-02 23:25:26] [34mINFO[0;39m [36mg.n.scheduler.NotificationTaskScheduler [0;39m [35m:39  [0;39m Failed to start scheduled notificator with type COURIER_ITINERARY_FORMED because cron is incorrect or template is inactive.
[2025-04-02 23:25:26] [34mINFO[0;39m [36mg.n.scheduler.NotificationTaskScheduler [0;39m [35m:39  [0;39m Failed to start scheduled notificator with type DONE_OR_CANCELED_UNPAID_ORDER because cron is incorrect or template is inactive.
[2025-04-02 23:25:26] [34mINFO[0;39m [36mg.n.scheduler.NotificationTaskScheduler [0;39m [35m:39  [0;39m Failed to start scheduled notificator with type HALF_PAID_ORDER_WITH_STATUS_BROUGHT_BY_HIMSELF because cron is incorrect or template is inactive.
[2025-04-02 23:25:26] [34mINFO[0;39m [36mg.n.scheduler.NotificationTaskScheduler [0;39m [35m:29  [0;39m Scheduled notificator for LETS_STAY_CONNECTED notification template by 0 0 18 * * ? cron
[2025-04-02 23:25:26] [34mINFO[0;39m [36mg.n.scheduler.NotificationTaskScheduler [0;39m [35m:29  [0;39m Scheduled notificator for UNPAID_ORDER notification template by 0 0 18 * * ? cron
[2025-04-02 23:25:26] [34mINFO[0;39m [36mg.n.scheduler.NotificationTaskScheduler [0;39m [35m:39  [0;39m Failed to start scheduled notificator with type UNPAID_PACKAGE because cron is incorrect or template is inactive.
[2025-04-02 23:25:33] [34mINFO[0;39m [36mo.a.c.c.C.[Tomcat].[localhost].[/]      [0;39m [35m:173 [0;39m Initializing Spring DispatcherServlet 'dispatcherServlet'
[2025-04-02 23:25:33] [34mINFO[0;39m [36mo.s.web.servlet.DispatcherServlet       [0;39m [35m:532 [0;39m Initializing Servlet 'dispatcherServlet'
[2025-04-02 23:25:33] [34mINFO[0;39m [36mo.s.web.servlet.DispatcherServlet       [0;39m [35m:554 [0;39m Completed initialization in 5 ms
[2025-04-02 23:25:33] [31mWARN[0;39m [36mo.s.w.s.h.HandlerMappingIntrospector    [0;39m [35m:458 [0;39m Cache miss for REQUEST dispatch to '/notifications/quantityUnreadenNotifications' (previous null). Performing MatchableHandlerMapping lookup. This is logged once only at WARN level, and every time at TRACE.
[2025-04-02 23:25:34] [34mINFO[0;39m [36mg.s.f.AccessTokenAuthenticationFilter   [0;39m [35m:54  [0;39m token: eyJhbGciOiJIUzI1NiJ9.eyJzdWIiOiJvLmJ1bGhha292YS5jaGlAZ21haWwuY29tIiwicm9sZSI6WyJST0xFX1VTRVIiXSwiZXhwIjoxNzQzNjI5MDQ2LCJpYXQiOjE3NDM2MjE4NDZ9.6y1wXneUsX3InjJ__BHnSeof9KLGgebWaNJB1mG18V4
[2025-04-02 23:25:34] [34mINFO[0;39m [36mg.s.f.AccessTokenAuthenticationFilter   [0;39m [35m:54  [0;39m token: eyJhbGciOiJIUzI1NiJ9.eyJzdWIiOiJvLmJ1bGhha292YS5jaGlAZ21haWwuY29tIiwicm9sZSI6WyJST0xFX1VTRVIiXSwiZXhwIjoxNzQzNjI5MDQ2LCJpYXQiOjE3NDM2MjE4NDZ9.6y1wXneUsX3InjJ__BHnSeof9KLGgebWaNJB1mG18V4
[2025-04-02 23:25:34] [34mINFO[0;39m [36mg.s.f.AccessTokenAuthenticationFilter   [0;39m [35m:62  [0;39m user: Optional[UserVO(id=5, email=o.bulhakova.chi@gmail.com, languageVO=greencity.dto.language.LanguageVO@1ab8)]
[2025-04-02 23:25:34] [34mINFO[0;39m [36mg.s.f.AccessTokenAuthenticationFilter   [0;39m [35m:62  [0;39m user: Optional[UserVO(id=5, email=o.bulhakova.chi@gmail.com, languageVO=greencity.dto.language.LanguageVO@1ab8)]
[2025-04-02 23:25:34] [34mINFO[0;39m [36mg.s.f.AccessTokenAuthenticationFilter   [0;39m [35m:54  [0;39m token: eyJhbGciOiJIUzI1NiJ9.eyJzdWIiOiJvLmJ1bGhha292YS5jaGlAZ21haWwuY29tIiwicm9sZSI6WyJST0xFX1VTRVIiXSwiZXhwIjoxNzQzNjI5MDQ2LCJpYXQiOjE3NDM2MjE4NDZ9.6y1wXneUsX3InjJ__BHnSeof9KLGgebWaNJB1mG18V4
[2025-04-02 23:25:34] [34mINFO[0;39m [36mg.s.f.AccessTokenAuthenticationFilter   [0;39m [35m:62  [0;39m user: Optional[UserVO(id=5, email=o.bulhakova.chi@gmail.com, languageVO=greencity.dto.language.LanguageVO@1ab8)]
[2025-04-02 23:25:35] [34mINFO[0;39m [36mg.s.f.AccessTokenAuthenticationFilter   [0;39m [35m:54  [0;39m token: eyJhbGciOiJIUzI1NiJ9.eyJzdWIiOiJvLmJ1bGhha292YS5jaGlAZ21haWwuY29tIiwicm9sZSI6WyJST0xFX1VTRVIiXSwiZXhwIjoxNzQzNjI5MDQ2LCJpYXQiOjE3NDM2MjE4NDZ9.6y1wXneUsX3InjJ__BHnSeof9KLGgebWaNJB1mG18V4
[2025-04-02 23:25:35] [34mINFO[0;39m [36mg.s.f.AccessTokenAuthenticationFilter   [0;39m [35m:62  [0;39m user: Optional[UserVO(id=5, email=o.bulhakova.chi@gmail.com, languageVO=greencity.dto.language.LanguageVO@1ab8)]
[2025-04-02 23:26:26] [34mINFO[0;39m [36mg.service.ubs.OrderLockServiceImpl      [0;39m [35m:60  [0;39m Time: 2025-04-02T23:21:26.129119300
[2025-04-02 23:26:26] [34mINFO[0;39m [36mg.service.ubs.OrderLockServiceImpl      [0;39m [35m:62  [0;39m Unlock orders
[2025-04-02 23:27:26] [34mINFO[0;39m [36mg.service.ubs.OrderLockServiceImpl      [0;39m [35m:60  [0;39m Time: 2025-04-02T23:22:26.120883700
[2025-04-02 23:27:26] [34mINFO[0;39m [36mg.service.ubs.OrderLockServiceImpl      [0;39m [35m:62  [0;39m Unlock orders
[2025-04-02 23:28:26] [34mINFO[0;39m [36mg.service.ubs.OrderLockServiceImpl      [0;39m [35m:60  [0;39m Time: 2025-04-02T23:23:26.129219500
[2025-04-02 23:28:26] [34mINFO[0;39m [36mg.service.ubs.OrderLockServiceImpl      [0;39m [35m:62  [0;39m Unlock orders
[2025-04-02 23:29:26] [34mINFO[0;39m [36mg.service.ubs.OrderLockServiceImpl      [0;39m [35m:60  [0;39m Time: 2025-04-02T23:24:26.119697100
[2025-04-02 23:29:26] [34mINFO[0;39m [36mg.service.ubs.OrderLockServiceImpl      [0;39m [35m:62  [0;39m Unlock orders
[2025-04-02 23:30:26] [34mINFO[0;39m [36mg.service.ubs.OrderLockServiceImpl      [0;39m [35m:60  [0;39m Time: 2025-04-02T23:25:26.117248600
[2025-04-02 23:30:26] [34mINFO[0;39m [36mg.service.ubs.OrderLockServiceImpl      [0;39m [35m:62  [0;39m Unlock orders
[2025-04-02 23:31:26] [34mINFO[0;39m [36mg.service.ubs.OrderLockServiceImpl      [0;39m [35m:60  [0;39m Time: 2025-04-02T23:26:26.128213600
[2025-04-02 23:31:26] [34mINFO[0;39m [36mg.service.ubs.OrderLockServiceImpl      [0;39m [35m:62  [0;39m Unlock orders
[2025-04-02 23:32:26] [34mINFO[0;39m [36mg.service.ubs.OrderLockServiceImpl      [0;39m [35m:60  [0;39m Time: 2025-04-02T23:27:26.118694700
[2025-04-02 23:32:26] [34mINFO[0;39m [36mg.service.ubs.OrderLockServiceImpl      [0;39m [35m:62  [0;39m Unlock orders
[2025-04-02 23:33:26] [34mINFO[0;39m [36mg.service.ubs.OrderLockServiceImpl      [0;39m [35m:60  [0;39m Time: 2025-04-02T23:28:26.130395
[2025-04-02 23:33:26] [34mINFO[0;39m [36mg.service.ubs.OrderLockServiceImpl      [0;39m [35m:62  [0;39m Unlock orders
[2025-04-02 23:34:26] [34mINFO[0;39m [36mg.service.ubs.OrderLockServiceImpl      [0;39m [35m:60  [0;39m Time: 2025-04-02T23:29:26.126563900
[2025-04-02 23:34:26] [34mINFO[0;39m [36mg.service.ubs.OrderLockServiceImpl      [0;39m [35m:62  [0;39m Unlock orders
[2025-04-02 23:35:26] [34mINFO[0;39m [36mg.service.ubs.OrderLockServiceImpl      [0;39m [35m:60  [0;39m Time: 2025-04-02T23:30:26.125450800
[2025-04-02 23:35:26] [34mINFO[0;39m [36mg.service.ubs.OrderLockServiceImpl      [0;39m [35m:62  [0;39m Unlock orders
[2025-04-02 23:36:26] [34mINFO[0;39m [36mg.service.ubs.OrderLockServiceImpl      [0;39m [35m:60  [0;39m Time: 2025-04-02T23:31:26.126436300
[2025-04-02 23:36:26] [34mINFO[0;39m [36mg.service.ubs.OrderLockServiceImpl      [0;39m [35m:62  [0;39m Unlock orders
[2025-04-02 23:37:26] [34mINFO[0;39m [36mg.service.ubs.OrderLockServiceImpl      [0;39m [35m:60  [0;39m Time: 2025-04-02T23:32:26.131186100
[2025-04-02 23:37:26] [34mINFO[0;39m [36mg.service.ubs.OrderLockServiceImpl      [0;39m [35m:62  [0;39m Unlock orders
[2025-04-02 23:38:26] [34mINFO[0;39m [36mg.service.ubs.OrderLockServiceImpl      [0;39m [35m:60  [0;39m Time: 2025-04-02T23:33:26.124219600
[2025-04-02 23:38:26] [34mINFO[0;39m [36mg.service.ubs.OrderLockServiceImpl      [0;39m [35m:62  [0;39m Unlock orders
[2025-04-02 23:39:26] [34mINFO[0;39m [36mg.service.ubs.OrderLockServiceImpl      [0;39m [35m:60  [0;39m Time: 2025-04-02T23:34:26.126966500
[2025-04-02 23:39:26] [34mINFO[0;39m [36mg.service.ubs.OrderLockServiceImpl      [0;39m [35m:62  [0;39m Unlock orders
[2025-04-02 23:40:26] [34mINFO[0;39m [36mg.service.ubs.OrderLockServiceImpl      [0;39m [35m:60  [0;39m Time: 2025-04-02T23:35:26.129924500
[2025-04-02 23:40:26] [34mINFO[0;39m [36mg.service.ubs.OrderLockServiceImpl      [0;39m [35m:62  [0;39m Unlock orders
[2025-04-02 23:41:26] [34mINFO[0;39m [36mg.service.ubs.OrderLockServiceImpl      [0;39m [35m:60  [0;39m Time: 2025-04-02T23:36:26.121922
[2025-04-02 23:41:26] [34mINFO[0;39m [36mg.service.ubs.OrderLockServiceImpl      [0;39m [35m:62  [0;39m Unlock orders
[2025-04-02 23:42:26] [34mINFO[0;39m [36mg.service.ubs.OrderLockServiceImpl      [0;39m [35m:60  [0;39m Time: 2025-04-02T23:37:26.119372500
[2025-04-02 23:42:26] [34mINFO[0;39m [36mg.service.ubs.OrderLockServiceImpl      [0;39m [35m:62  [0;39m Unlock orders
[2025-04-02 23:43:26] [34mINFO[0;39m [36mg.service.ubs.OrderLockServiceImpl      [0;39m [35m:60  [0;39m Time: 2025-04-02T23:38:26.131983900
[2025-04-02 23:43:26] [34mINFO[0;39m [36mg.service.ubs.OrderLockServiceImpl      [0;39m [35m:62  [0;39m Unlock orders
[2025-04-02 23:44:26] [34mINFO[0;39m [36mg.service.ubs.OrderLockServiceImpl      [0;39m [35m:60  [0;39m Time: 2025-04-02T23:39:26.121803500
[2025-04-02 23:44:26] [34mINFO[0;39m [36mg.service.ubs.OrderLockServiceImpl      [0;39m [35m:62  [0;39m Unlock orders
[2025-04-02 23:45:26] [34mINFO[0;39m [36mg.service.ubs.OrderLockServiceImpl      [0;39m [35m:60  [0;39m Time: 2025-04-02T23:40:26.121204500
[2025-04-02 23:45:26] [34mINFO[0;39m [36mg.service.ubs.OrderLockServiceImpl      [0;39m [35m:62  [0;39m Unlock orders
[2025-04-02 23:46:26] [34mINFO[0;39m [36mg.service.ubs.OrderLockServiceImpl      [0;39m [35m:60  [0;39m Time: 2025-04-02T23:41:26.125474700
[2025-04-02 23:46:26] [34mINFO[0;39m [36mg.service.ubs.OrderLockServiceImpl      [0;39m [35m:62  [0;39m Unlock orders
[2025-04-02 23:47:26] [34mINFO[0;39m [36mg.service.ubs.OrderLockServiceImpl      [0;39m [35m:60  [0;39m Time: 2025-04-02T23:42:26.125702700
[2025-04-02 23:47:26] [34mINFO[0;39m [36mg.service.ubs.OrderLockServiceImpl      [0;39m [35m:62  [0;39m Unlock orders
[2025-04-02 23:47:57] [34mINFO[0;39m [36mrtingClassPathChangeChangedEventListener[0;39m [35m:211 [0;39m Restarting due to 1 class path change (0 additions, 1 deletion, 0 modifications)
[2025-04-02 23:47:57] [34mINFO[0;39m [36mo.apache.coyote.http11.Http11NioProtocol[0;39m [35m:173 [0;39m Stopping ProtocolHandler ["http-nio-8050"]
[2025-04-02 23:47:57] [34mINFO[0;39m [36mj.LocalContainerEntityManagerFactoryBean[0;39m [35m:650 [0;39m Closing JPA EntityManagerFactory for persistence unit 'default'
[2025-04-02 23:47:57] [34mINFO[0;39m [36mcom.zaxxer.hikari.HikariDataSource      [0;39m [35m:350 [0;39m HikariPool-1 - Shutdown initiated...
[2025-04-02 23:47:57] [34mINFO[0;39m [36mcom.zaxxer.hikari.HikariDataSource      [0;39m [35m:352 [0;39m HikariPool-1 - Shutdown completed.
[2025-04-02 23:47:57] [34mINFO[0;39m [36mgreencity.UbsApplication                [0;39m [35m:50  [0;39m Starting UbsApplication using Java 21.0.5 with PID 16504 (C:\Users\o.bulhakova\IdeaProjects\project\GreenCityUBS\core\target\classes started by o.bulhakova in C:\Users\o.bulhakova\IdeaProjects\project\GreenCityUBS)
[2025-04-02 23:47:57] [34mINFO[0;39m [36mgreencity.UbsApplication                [0;39m [35m:660 [0;39m The following 1 profile is active: "dev"
[2025-04-02 23:47:58] [34mINFO[0;39m [36m.s.d.r.c.RepositoryConfigurationDelegate[0;39m [35m:139 [0;39m Bootstrapping Spring Data JPA repositories in DEFAULT mode.
[2025-04-02 23:47:58] [34mINFO[0;39m [36m.s.d.r.c.RepositoryConfigurationDelegate[0;39m [35m:208 [0;39m Finished Spring Data repository scanning in 165 ms. Found 36 JPA repository interfaces.
[2025-04-02 23:47:58] [34mINFO[0;39m [36mo.s.cloud.context.scope.GenericScope    [0;39m [35m:282 [0;39m BeanFactory id=946dfe5b-ebbd-3bb0-96ba-f3cc67a34d79
[2025-04-02 23:47:59] [34mINFO[0;39m [36mo.s.b.w.embedded.tomcat.TomcatWebServer [0;39m [35m:109 [0;39m Tomcat initialized with port 8050 (http)
[2025-04-02 23:47:59] [34mINFO[0;39m [36mo.apache.coyote.http11.Http11NioProtocol[0;39m [35m:173 [0;39m Initializing ProtocolHandler ["http-nio-8050"]
[2025-04-02 23:47:59] [34mINFO[0;39m [36mo.apache.catalina.core.StandardService  [0;39m [35m:173 [0;39m Starting service [Tomcat]
[2025-04-02 23:47:59] [34mINFO[0;39m [36morg.apache.catalina.core.StandardEngine [0;39m [35m:173 [0;39m Starting Servlet engine: [Apache Tomcat/10.1.18]
[2025-04-02 23:47:59] [34mINFO[0;39m [36mo.a.c.c.C.[Tomcat].[localhost].[/]      [0;39m [35m:173 [0;39m Initializing Spring embedded WebApplicationContext
[2025-04-02 23:47:59] [34mINFO[0;39m [36mw.s.c.ServletWebServerApplicationContext[0;39m [35m:296 [0;39m Root WebApplicationContext: initialization completed in 1781 ms
[2025-04-02 23:47:59] [34mINFO[0;39m [36mliquibase.database                      [0;39m [35m:37  [0;39m Set default schema name to public
[2025-04-02 23:48:01] [34mINFO[0;39m [36mliquibase.changelog                     [0;39m [35m:37  [0;39m Reading from public.databasechangelog
[2025-04-02 23:48:01] [34mINFO[0;39m [36mliquibase.ui                            [0;39m [35m:37  [0;39m Database is up to date, no changesets to execute
[2025-04-02 23:48:01] [34mINFO[0;39m [36mliquibase.util                          [0;39m [35m:37  [0;39m UPDATE SUMMARY
[2025-04-02 23:48:01] [34mINFO[0;39m [36mliquibase.util                          [0;39m [35m:37  [0;39m Run:                          0
[2025-04-02 23:48:01] [34mINFO[0;39m [36mliquibase.util                          [0;39m [35m:37  [0;39m Previously run:             362
[2025-04-02 23:48:01] [34mINFO[0;39m [36mliquibase.util                          [0;39m [35m:37  [0;39m Filtered out:                 0
[2025-04-02 23:48:01] [34mINFO[0;39m [36mliquibase.util                          [0;39m [35m:37  [0;39m -------------------------------
[2025-04-02 23:48:01] [34mINFO[0;39m [36mliquibase.util                          [0;39m [35m:37  [0;39m Total change sets:          362
[2025-04-02 23:48:01] [34mINFO[0;39m [36mliquibase.util                          [0;39m [35m:37  [0;39m Update summary generated
[2025-04-02 23:48:01] [34mINFO[0;39m [36mliquibase.lockservice                   [0;39m [35m:37  [0;39m Successfully released change log lock
[2025-04-02 23:48:01] [34mINFO[0;39m [36mliquibase.command                       [0;39m [35m:37  [0;39m Command execution complete
[2025-04-02 23:48:01] [34mINFO[0;39m [36mo.hibernate.jpa.internal.util.LogHelper [0;39m [35m:31  [0;39m HHH000204: Processing PersistenceUnitInfo [name: default]
[2025-04-02 23:48:01] [34mINFO[0;39m [36mo.h.c.internal.RegionFactoryInitiator   [0;39m [35m:50  [0;39m HHH000026: Second-level cache disabled
[2025-04-02 23:48:01] [34mINFO[0;39m [36mo.s.o.j.p.SpringPersistenceUnitInfo     [0;39m [35m:87  [0;39m No LoadTimeWeaver setup: ignoring JPA class transformer
[2025-04-02 23:48:01] [34mINFO[0;39m [36mcom.zaxxer.hikari.HikariDataSource      [0;39m [35m:110 [0;39m HikariPool-2 - Starting...
[2025-04-02 23:48:01] [34mINFO[0;39m [36mcom.zaxxer.hikari.pool.HikariPool       [0;39m [35m:565 [0;39m HikariPool-2 - Added connection org.postgresql.jdbc.PgConnection@bb5be8d
[2025-04-02 23:48:01] [34mINFO[0;39m [36mcom.zaxxer.hikari.HikariDataSource      [0;39m [35m:123 [0;39m HikariPool-2 - Start completed.
[2025-04-02 23:48:01] [31mWARN[0;39m [36morg.hibernate.mapping.RootClass         [0;39m [35m:341 [0;39m HHH000038: Composite-id class does not override equals(): greencity.entity.user.employee.EmployeeFilterViewId
[2025-04-02 23:48:01] [31mWARN[0;39m [36morg.hibernate.mapping.RootClass         [0;39m [35m:344 [0;39m HHH000039: Composite-id class does not override hashCode(): greencity.entity.user.employee.EmployeeFilterViewId
[2025-04-02 23:48:02] [31mWARN[0;39m [36mo.h.metamodel.internal.MetadataContext  [0;39m [35m:727 [0;39m HHH015011: Unable to locate static metamodel field : greencity.entity.user.employee.EmployeeFilterViewId_#employeeId; this may or may not indicate a problem with the static metamodel
[2025-04-02 23:48:02] [31mWARN[0;39m [36mo.h.metamodel.internal.MetadataContext  [0;39m [35m:727 [0;39m HHH015011: Unable to locate static metamodel field : greencity.entity.user.employee.EmployeeFilterViewId_#positionId; this may or may not indicate a problem with the static metamodel
[2025-04-02 23:48:02] [34mINFO[0;39m [36mo.h.e.t.j.p.i.JtaPlatformInitiator      [0;39m [35m:58  [0;39m HHH000489: No JTA platform available (set 'hibernate.transaction.jta.platform' to enable JTA platform integration)
[2025-04-02 23:48:02] [34mINFO[0;39m [36mj.LocalContainerEntityManagerFactoryBean[0;39m [35m:437 [0;39m Initialized JPA EntityManagerFactory for persistence unit 'default'
[2025-04-02 23:48:02] [31mWARN[0;39m [36mJpaBaseConfiguration$JpaWebConfiguration[0;39m [35m:232 [0;39m spring.jpa.open-in-view is enabled by default. Therefore, database queries may be performed during view rendering. Explicitly configure spring.jpa.open-in-view to disable this warning
[2025-04-02 23:48:02] [31mWARN[0;39m [36mo.s.b.d.a.OptionalLiveReloadServer      [0;39m [35m:62  [0;39m Unable to start LiveReload server
[2025-04-02 23:48:04] [34mINFO[0;39m [36mo.s.s.web.DefaultSecurityFilterChain    [0;39m [35m:54  [0;39m Will secure any request with [org.springframework.security.web.session.DisableEncodeUrlFilter@1d1b128a, org.springframework.security.web.context.request.async.WebAsyncManagerIntegrationFilter@7221ac8c, org.springframework.security.web.context.SecurityContextHolderFilter@7d4de787, org.springframework.security.web.header.HeaderWriterFilter@337dbfb4, org.springframework.web.filter.CorsFilter@546fbf38, org.springframework.security.web.authentication.logout.LogoutFilter@57d7105d, greencity.security.filters.AccessTokenAuthenticationFilter@7c28a87f, org.springframework.security.web.savedrequest.RequestCacheAwareFilter@247aebd1, org.springframework.security.web.servletapi.SecurityContextHolderAwareRequestFilter@7a2460f5, org.springframework.security.web.authentication.AnonymousAuthenticationFilter@39e26a32, org.springframework.security.web.session.SessionManagementFilter@7918c6e4, org.springframework.security.web.access.ExceptionTranslationFilter@6a067d12, org.springframework.security.web.access.intercept.AuthorizationFilter@7dfab2b8]
[2025-04-02 23:48:04] [31mWARN[0;39m [36mo.s.s.c.a.web.builders.WebSecurity      [0;39m [35m:289 [0;39m You are asking Spring Security to ignore Mvc [pattern='/ubs/receivePayment']. This is not recommended -- please use permitAll via HttpSecurity#authorizeHttpRequests instead.
[2025-04-02 23:48:04] [34mINFO[0;39m [36mo.s.s.web.DefaultSecurityFilterChain    [0;39m [35m:51  [0;39m Will not secure Mvc [pattern='/ubs/receivePayment']
[2025-04-02 23:48:04] [31mWARN[0;39m [36mo.s.s.c.a.web.builders.WebSecurity      [0;39m [35m:289 [0;39m You are asking Spring Security to ignore Mvc [pattern='/ubs/monobank/payments']. This is not recommended -- please use permitAll via HttpSecurity#authorizeHttpRequests instead.
[2025-04-02 23:48:04] [34mINFO[0;39m [36mo.s.s.web.DefaultSecurityFilterChain    [0;39m [35m:51  [0;39m Will not secure Mvc [pattern='/ubs/monobank/payments']
[2025-04-02 23:48:05] [31mWARN[0;39m [36mion$DefaultTemplateResolverConfiguration[0;39m [35m:101 [0;39m Cannot find template location: classpath:/templates/ (please add some templates, check your Thymeleaf configuration, or set spring.thymeleaf.check-template-location=false)
[2025-04-02 23:48:05] [34mINFO[0;39m [36mo.apache.coyote.http11.Http11NioProtocol[0;39m [35m:173 [0;39m Starting ProtocolHandler ["http-nio-8050"]
[2025-04-02 23:48:05] [34mINFO[0;39m [36mo.s.b.w.embedded.tomcat.TomcatWebServer [0;39m [35m:241 [0;39m Tomcat started on port 8050 (http) with context path ''
[2025-04-02 23:48:05] [34mINFO[0;39m [36mgreencity.UbsApplication                [0;39m [35m:56  [0;39m Started UbsApplication in 7.975 seconds (process running for 1377.301)
[2025-04-02 23:48:05] [34mINFO[0;39m [36mg.service.ubs.OrderLockServiceImpl      [0;39m [35m:60  [0;39m Time: 2025-04-02T23:43:05.333828800
[2025-04-02 23:48:05] [34mINFO[0;39m [36m.ConditionEvaluationDeltaLoggingListener[0;39m [35m:63  [0;39m Condition evaluation unchanged
[2025-04-02 23:48:05] [34mINFO[0;39m [36mg.service.ubs.OrderLockServiceImpl      [0;39m [35m:62  [0;39m Unlock orders
[2025-04-02 23:48:05] [34mINFO[0;39m [36mg.n.scheduler.NotificationTaskScheduler [0;39m [35m:39  [0;39m Failed to start scheduled notificator with type VIOLATION_THE_RULES because cron is incorrect or template is inactive.
[2025-04-02 23:48:05] [34mINFO[0;39m [36mg.n.scheduler.NotificationTaskScheduler [0;39m [35m:39  [0;39m Failed to start scheduled notificator with type CANCELED_VIOLATION_THE_RULES_BY_THE_MANAGER because cron is incorrect or template is inactive.
[2025-04-02 23:48:05] [34mINFO[0;39m [36mg.n.scheduler.NotificationTaskScheduler [0;39m [35m:39  [0;39m Failed to start scheduled notificator with type ORDER_STATUS_CHANGED because cron is incorrect or template is inactive.
[2025-04-02 23:48:05] [34mINFO[0;39m [36mg.n.scheduler.NotificationTaskScheduler [0;39m [35m:39  [0;39m Failed to start scheduled notificator with type CHANGED_IN_RULE_VIOLATION_STATUS because cron is incorrect or template is inactive.
[2025-04-02 23:48:05] [34mINFO[0;39m [36mg.n.scheduler.NotificationTaskScheduler [0;39m [35m:39  [0;39m Failed to start scheduled notificator with type COURIER_ITINERARY_FORMED because cron is incorrect or template is inactive.
[2025-04-02 23:48:05] [34mINFO[0;39m [36mg.n.scheduler.NotificationTaskScheduler [0;39m [35m:39  [0;39m Failed to start scheduled notificator with type DONE_OR_CANCELED_UNPAID_ORDER because cron is incorrect or template is inactive.
[2025-04-02 23:48:05] [34mINFO[0;39m [36mg.n.scheduler.NotificationTaskScheduler [0;39m [35m:39  [0;39m Failed to start scheduled notificator with type HALF_PAID_ORDER_WITH_STATUS_BROUGHT_BY_HIMSELF because cron is incorrect or template is inactive.
[2025-04-02 23:48:05] [34mINFO[0;39m [36mg.n.scheduler.NotificationTaskScheduler [0;39m [35m:29  [0;39m Scheduled notificator for LETS_STAY_CONNECTED notification template by 0 0 18 * * ? cron
[2025-04-02 23:48:05] [34mINFO[0;39m [36mg.n.scheduler.NotificationTaskScheduler [0;39m [35m:29  [0;39m Scheduled notificator for UNPAID_ORDER notification template by 0 0 18 * * ? cron
[2025-04-02 23:48:05] [34mINFO[0;39m [36mg.n.scheduler.NotificationTaskScheduler [0;39m [35m:39  [0;39m Failed to start scheduled notificator with type UNPAID_PACKAGE because cron is incorrect or template is inactive.
[2025-04-02 23:48:06] [34mINFO[0;39m [36mrtingClassPathChangeChangedEventListener[0;39m [35m:211 [0;39m Restarting due to 1 class path change (1 addition, 0 deletions, 0 modifications)
[2025-04-02 23:48:06] [34mINFO[0;39m [36mo.apache.coyote.http11.Http11NioProtocol[0;39m [35m:173 [0;39m Stopping ProtocolHandler ["http-nio-8050"]
[2025-04-02 23:48:06] [34mINFO[0;39m [36mj.LocalContainerEntityManagerFactoryBean[0;39m [35m:650 [0;39m Closing JPA EntityManagerFactory for persistence unit 'default'
[2025-04-02 23:48:06] [34mINFO[0;39m [36mcom.zaxxer.hikari.HikariDataSource      [0;39m [35m:350 [0;39m HikariPool-2 - Shutdown initiated...
[2025-04-02 23:48:06] [34mINFO[0;39m [36mcom.zaxxer.hikari.HikariDataSource      [0;39m [35m:352 [0;39m HikariPool-2 - Shutdown completed.
[2025-04-02 23:48:07] [34mINFO[0;39m [36mgreencity.UbsApplication                [0;39m [35m:50  [0;39m Starting UbsApplication using Java 21.0.5 with PID 16504 (C:\Users\o.bulhakova\IdeaProjects\project\GreenCityUBS\core\target\classes started by o.bulhakova in C:\Users\o.bulhakova\IdeaProjects\project\GreenCityUBS)
[2025-04-02 23:48:07] [34mINFO[0;39m [36mgreencity.UbsApplication                [0;39m [35m:660 [0;39m The following 1 profile is active: "dev"
[2025-04-02 23:48:07] [34mINFO[0;39m [36m.s.d.r.c.RepositoryConfigurationDelegate[0;39m [35m:139 [0;39m Bootstrapping Spring Data JPA repositories in DEFAULT mode.
[2025-04-02 23:48:08] [34mINFO[0;39m [36m.s.d.r.c.RepositoryConfigurationDelegate[0;39m [35m:208 [0;39m Finished Spring Data repository scanning in 181 ms. Found 36 JPA repository interfaces.
[2025-04-02 23:48:08] [34mINFO[0;39m [36mo.s.cloud.context.scope.GenericScope    [0;39m [35m:282 [0;39m BeanFactory id=946dfe5b-ebbd-3bb0-96ba-f3cc67a34d79
[2025-04-02 23:48:08] [34mINFO[0;39m [36mo.s.b.w.embedded.tomcat.TomcatWebServer [0;39m [35m:109 [0;39m Tomcat initialized with port 8050 (http)
[2025-04-02 23:48:08] [34mINFO[0;39m [36mo.apache.coyote.http11.Http11NioProtocol[0;39m [35m:173 [0;39m Initializing ProtocolHandler ["http-nio-8050"]
[2025-04-02 23:48:08] [34mINFO[0;39m [36mo.apache.catalina.core.StandardService  [0;39m [35m:173 [0;39m Starting service [Tomcat]
[2025-04-02 23:48:08] [34mINFO[0;39m [36morg.apache.catalina.core.StandardEngine [0;39m [35m:173 [0;39m Starting Servlet engine: [Apache Tomcat/10.1.18]
[2025-04-02 23:48:08] [34mINFO[0;39m [36mo.a.c.c.C.[Tomcat].[localhost].[/]      [0;39m [35m:173 [0;39m Initializing Spring embedded WebApplicationContext
[2025-04-02 23:48:08] [34mINFO[0;39m [36mw.s.c.ServletWebServerApplicationContext[0;39m [35m:296 [0;39m Root WebApplicationContext: initialization completed in 1262 ms
[2025-04-02 23:48:08] [34mINFO[0;39m [36mliquibase.database                      [0;39m [35m:37  [0;39m Set default schema name to public
[2025-04-02 23:48:10] [34mINFO[0;39m [36mliquibase.changelog                     [0;39m [35m:37  [0;39m Reading from public.databasechangelog
[2025-04-02 23:48:10] [34mINFO[0;39m [36mliquibase.ui                            [0;39m [35m:37  [0;39m Database is up to date, no changesets to execute
[2025-04-02 23:48:10] [34mINFO[0;39m [36mliquibase.util                          [0;39m [35m:37  [0;39m UPDATE SUMMARY
[2025-04-02 23:48:10] [34mINFO[0;39m [36mliquibase.util                          [0;39m [35m:37  [0;39m Run:                          0
[2025-04-02 23:48:10] [34mINFO[0;39m [36mliquibase.util                          [0;39m [35m:37  [0;39m Previously run:             362
[2025-04-02 23:48:10] [34mINFO[0;39m [36mliquibase.util                          [0;39m [35m:37  [0;39m Filtered out:                 0
[2025-04-02 23:48:10] [34mINFO[0;39m [36mliquibase.util                          [0;39m [35m:37  [0;39m -------------------------------
[2025-04-02 23:48:10] [34mINFO[0;39m [36mliquibase.util                          [0;39m [35m:37  [0;39m Total change sets:          362
[2025-04-02 23:48:10] [34mINFO[0;39m [36mliquibase.util                          [0;39m [35m:37  [0;39m Update summary generated
[2025-04-02 23:48:10] [34mINFO[0;39m [36mliquibase.lockservice                   [0;39m [35m:37  [0;39m Successfully released change log lock
[2025-04-02 23:48:10] [34mINFO[0;39m [36mliquibase.command                       [0;39m [35m:37  [0;39m Command execution complete
[2025-04-02 23:48:10] [34mINFO[0;39m [36mo.hibernate.jpa.internal.util.LogHelper [0;39m [35m:31  [0;39m HHH000204: Processing PersistenceUnitInfo [name: default]
[2025-04-02 23:48:10] [34mINFO[0;39m [36mo.h.c.internal.RegionFactoryInitiator   [0;39m [35m:50  [0;39m HHH000026: Second-level cache disabled
[2025-04-02 23:48:10] [34mINFO[0;39m [36mo.s.o.j.p.SpringPersistenceUnitInfo     [0;39m [35m:87  [0;39m No LoadTimeWeaver setup: ignoring JPA class transformer
[2025-04-02 23:48:10] [34mINFO[0;39m [36mcom.zaxxer.hikari.HikariDataSource      [0;39m [35m:110 [0;39m HikariPool-3 - Starting...
[2025-04-02 23:48:10] [34mINFO[0;39m [36mcom.zaxxer.hikari.pool.HikariPool       [0;39m [35m:565 [0;39m HikariPool-3 - Added connection org.postgresql.jdbc.PgConnection@7974202c
[2025-04-02 23:48:10] [34mINFO[0;39m [36mcom.zaxxer.hikari.HikariDataSource      [0;39m [35m:123 [0;39m HikariPool-3 - Start completed.
[2025-04-02 23:48:10] [31mWARN[0;39m [36morg.hibernate.mapping.RootClass         [0;39m [35m:341 [0;39m HHH000038: Composite-id class does not override equals(): greencity.entity.user.employee.EmployeeFilterViewId
[2025-04-02 23:48:10] [31mWARN[0;39m [36morg.hibernate.mapping.RootClass         [0;39m [35m:344 [0;39m HHH000039: Composite-id class does not override hashCode(): greencity.entity.user.employee.EmployeeFilterViewId
[2025-04-02 23:48:11] [31mWARN[0;39m [36mo.h.metamodel.internal.MetadataContext  [0;39m [35m:727 [0;39m HHH015011: Unable to locate static metamodel field : greencity.entity.user.employee.EmployeeFilterViewId_#employeeId; this may or may not indicate a problem with the static metamodel
[2025-04-02 23:48:11] [31mWARN[0;39m [36mo.h.metamodel.internal.MetadataContext  [0;39m [35m:727 [0;39m HHH015011: Unable to locate static metamodel field : greencity.entity.user.employee.EmployeeFilterViewId_#positionId; this may or may not indicate a problem with the static metamodel
[2025-04-02 23:48:11] [34mINFO[0;39m [36mo.h.e.t.j.p.i.JtaPlatformInitiator      [0;39m [35m:58  [0;39m HHH000489: No JTA platform available (set 'hibernate.transaction.jta.platform' to enable JTA platform integration)
[2025-04-02 23:48:11] [34mINFO[0;39m [36mj.LocalContainerEntityManagerFactoryBean[0;39m [35m:437 [0;39m Initialized JPA EntityManagerFactory for persistence unit 'default'
[2025-04-02 23:48:11] [31mWARN[0;39m [36mJpaBaseConfiguration$JpaWebConfiguration[0;39m [35m:232 [0;39m spring.jpa.open-in-view is enabled by default. Therefore, database queries may be performed during view rendering. Explicitly configure spring.jpa.open-in-view to disable this warning
[2025-04-02 23:48:11] [31mWARN[0;39m [36mo.s.b.d.a.OptionalLiveReloadServer      [0;39m [35m:62  [0;39m Unable to start LiveReload server
[2025-04-02 23:48:13] [34mINFO[0;39m [36mo.s.s.web.DefaultSecurityFilterChain    [0;39m [35m:54  [0;39m Will secure any request with [org.springframework.security.web.session.DisableEncodeUrlFilter@6c77e2c6, org.springframework.security.web.context.request.async.WebAsyncManagerIntegrationFilter@15c0e28f, org.springframework.security.web.context.SecurityContextHolderFilter@1fb797ea, org.springframework.security.web.header.HeaderWriterFilter@4199e05f, org.springframework.web.filter.CorsFilter@f2f28b8, org.springframework.security.web.authentication.logout.LogoutFilter@4a567314, greencity.security.filters.AccessTokenAuthenticationFilter@532b620f, org.springframework.security.web.savedrequest.RequestCacheAwareFilter@7d3908d4, org.springframework.security.web.servletapi.SecurityContextHolderAwareRequestFilter@732c8434, org.springframework.security.web.authentication.AnonymousAuthenticationFilter@19cb7e, org.springframework.security.web.session.SessionManagementFilter@4c0ac837, org.springframework.security.web.access.ExceptionTranslationFilter@f6da028, org.springframework.security.web.access.intercept.AuthorizationFilter@68069bc1]
[2025-04-02 23:48:13] [31mWARN[0;39m [36mo.s.s.c.a.web.builders.WebSecurity      [0;39m [35m:289 [0;39m You are asking Spring Security to ignore Mvc [pattern='/ubs/receivePayment']. This is not recommended -- please use permitAll via HttpSecurity#authorizeHttpRequests instead.
[2025-04-02 23:48:13] [34mINFO[0;39m [36mo.s.s.web.DefaultSecurityFilterChain    [0;39m [35m:51  [0;39m Will not secure Mvc [pattern='/ubs/receivePayment']
[2025-04-02 23:48:13] [31mWARN[0;39m [36mo.s.s.c.a.web.builders.WebSecurity      [0;39m [35m:289 [0;39m You are asking Spring Security to ignore Mvc [pattern='/ubs/monobank/payments']. This is not recommended -- please use permitAll via HttpSecurity#authorizeHttpRequests instead.
[2025-04-02 23:48:13] [34mINFO[0;39m [36mo.s.s.web.DefaultSecurityFilterChain    [0;39m [35m:51  [0;39m Will not secure Mvc [pattern='/ubs/monobank/payments']
[2025-04-02 23:48:13] [31mWARN[0;39m [36mion$DefaultTemplateResolverConfiguration[0;39m [35m:101 [0;39m Cannot find template location: classpath:/templates/ (please add some templates, check your Thymeleaf configuration, or set spring.thymeleaf.check-template-location=false)
[2025-04-02 23:48:14] [34mINFO[0;39m [36mo.apache.coyote.http11.Http11NioProtocol[0;39m [35m:173 [0;39m Starting ProtocolHandler ["http-nio-8050"]
[2025-04-02 23:48:14] [34mINFO[0;39m [36mo.s.b.w.embedded.tomcat.TomcatWebServer [0;39m [35m:241 [0;39m Tomcat started on port 8050 (http) with context path ''
[2025-04-02 23:48:14] [34mINFO[0;39m [36mgreencity.UbsApplication                [0;39m [35m:56  [0;39m Started UbsApplication in 7.033 seconds (process running for 1386.057)
[2025-04-02 23:48:14] [34mINFO[0;39m [36mg.service.ubs.OrderLockServiceImpl      [0;39m [35m:60  [0;39m Time: 2025-04-02T23:43:14.089521300
[2025-04-02 23:48:14] [34mINFO[0;39m [36m.ConditionEvaluationDeltaLoggingListener[0;39m [35m:63  [0;39m Condition evaluation unchanged
[2025-04-02 23:48:14] [34mINFO[0;39m [36mg.service.ubs.OrderLockServiceImpl      [0;39m [35m:62  [0;39m Unlock orders
[2025-04-02 23:48:14] [34mINFO[0;39m [36mg.n.scheduler.NotificationTaskScheduler [0;39m [35m:39  [0;39m Failed to start scheduled notificator with type VIOLATION_THE_RULES because cron is incorrect or template is inactive.
[2025-04-02 23:48:14] [34mINFO[0;39m [36mg.n.scheduler.NotificationTaskScheduler [0;39m [35m:39  [0;39m Failed to start scheduled notificator with type CANCELED_VIOLATION_THE_RULES_BY_THE_MANAGER because cron is incorrect or template is inactive.
[2025-04-02 23:48:14] [34mINFO[0;39m [36mg.n.scheduler.NotificationTaskScheduler [0;39m [35m:39  [0;39m Failed to start scheduled notificator with type ORDER_STATUS_CHANGED because cron is incorrect or template is inactive.
[2025-04-02 23:48:14] [34mINFO[0;39m [36mg.n.scheduler.NotificationTaskScheduler [0;39m [35m:39  [0;39m Failed to start scheduled notificator with type CHANGED_IN_RULE_VIOLATION_STATUS because cron is incorrect or template is inactive.
[2025-04-02 23:48:14] [34mINFO[0;39m [36mg.n.scheduler.NotificationTaskScheduler [0;39m [35m:39  [0;39m Failed to start scheduled notificator with type COURIER_ITINERARY_FORMED because cron is incorrect or template is inactive.
[2025-04-02 23:48:14] [34mINFO[0;39m [36mg.n.scheduler.NotificationTaskScheduler [0;39m [35m:39  [0;39m Failed to start scheduled notificator with type DONE_OR_CANCELED_UNPAID_ORDER because cron is incorrect or template is inactive.
[2025-04-02 23:48:14] [34mINFO[0;39m [36mg.n.scheduler.NotificationTaskScheduler [0;39m [35m:39  [0;39m Failed to start scheduled notificator with type HALF_PAID_ORDER_WITH_STATUS_BROUGHT_BY_HIMSELF because cron is incorrect or template is inactive.
[2025-04-02 23:48:14] [34mINFO[0;39m [36mg.n.scheduler.NotificationTaskScheduler [0;39m [35m:29  [0;39m Scheduled notificator for LETS_STAY_CONNECTED notification template by 0 0 18 * * ? cron
[2025-04-02 23:48:14] [34mINFO[0;39m [36mg.n.scheduler.NotificationTaskScheduler [0;39m [35m:29  [0;39m Scheduled notificator for UNPAID_ORDER notification template by 0 0 18 * * ? cron
[2025-04-02 23:48:14] [34mINFO[0;39m [36mg.n.scheduler.NotificationTaskScheduler [0;39m [35m:39  [0;39m Failed to start scheduled notificator with type UNPAID_PACKAGE because cron is incorrect or template is inactive.
[2025-04-02 23:48:55] [34mINFO[0;39m [36mrtingClassPathChangeChangedEventListener[0;39m [35m:211 [0;39m Restarting due to 1 class path change (0 additions, 1 deletion, 0 modifications)
[2025-04-02 23:48:55] [34mINFO[0;39m [36mo.apache.coyote.http11.Http11NioProtocol[0;39m [35m:173 [0;39m Stopping ProtocolHandler ["http-nio-8050"]
[2025-04-02 23:48:55] [34mINFO[0;39m [36mj.LocalContainerEntityManagerFactoryBean[0;39m [35m:650 [0;39m Closing JPA EntityManagerFactory for persistence unit 'default'
[2025-04-02 23:48:55] [34mINFO[0;39m [36mcom.zaxxer.hikari.HikariDataSource      [0;39m [35m:350 [0;39m HikariPool-3 - Shutdown initiated...
[2025-04-02 23:48:55] [34mINFO[0;39m [36mcom.zaxxer.hikari.HikariDataSource      [0;39m [35m:352 [0;39m HikariPool-3 - Shutdown completed.
[2025-04-02 23:48:55] [34mINFO[0;39m [36mgreencity.UbsApplication                [0;39m [35m:50  [0;39m Starting UbsApplication using Java 21.0.5 with PID 16504 (C:\Users\o.bulhakova\IdeaProjects\project\GreenCityUBS\core\target\classes started by o.bulhakova in C:\Users\o.bulhakova\IdeaProjects\project\GreenCityUBS)
[2025-04-02 23:48:55] [34mINFO[0;39m [36mgreencity.UbsApplication                [0;39m [35m:660 [0;39m The following 1 profile is active: "dev"
[2025-04-02 23:48:56] [34mINFO[0;39m [36m.s.d.r.c.RepositoryConfigurationDelegate[0;39m [35m:139 [0;39m Bootstrapping Spring Data JPA repositories in DEFAULT mode.
[2025-04-02 23:48:56] [34mINFO[0;39m [36m.s.d.r.c.RepositoryConfigurationDelegate[0;39m [35m:208 [0;39m Finished Spring Data repository scanning in 169 ms. Found 36 JPA repository interfaces.
[2025-04-02 23:48:56] [34mINFO[0;39m [36mo.s.cloud.context.scope.GenericScope    [0;39m [35m:282 [0;39m BeanFactory id=efe4609b-1a86-3436-82c8-0bd7bdcadba8
[2025-04-02 23:48:57] [34mINFO[0;39m [36mo.s.b.w.embedded.tomcat.TomcatWebServer [0;39m [35m:109 [0;39m Tomcat initialized with port 8050 (http)
[2025-04-02 23:48:57] [34mINFO[0;39m [36mo.apache.coyote.http11.Http11NioProtocol[0;39m [35m:173 [0;39m Initializing ProtocolHandler ["http-nio-8050"]
[2025-04-02 23:48:57] [34mINFO[0;39m [36mo.apache.catalina.core.StandardService  [0;39m [35m:173 [0;39m Starting service [Tomcat]
[2025-04-02 23:48:57] [34mINFO[0;39m [36morg.apache.catalina.core.StandardEngine [0;39m [35m:173 [0;39m Starting Servlet engine: [Apache Tomcat/10.1.18]
[2025-04-02 23:48:57] [34mINFO[0;39m [36mo.a.c.c.C.[Tomcat].[localhost].[/]      [0;39m [35m:173 [0;39m Initializing Spring embedded WebApplicationContext
[2025-04-02 23:48:57] [34mINFO[0;39m [36mw.s.c.ServletWebServerApplicationContext[0;39m [35m:296 [0;39m Root WebApplicationContext: initialization completed in 1344 ms
[2025-04-02 23:48:57] [34mINFO[0;39m [36mliquibase.database                      [0;39m [35m:37  [0;39m Set default schema name to public
[2025-04-02 23:48:58] [34mINFO[0;39m [36mliquibase.changelog                     [0;39m [35m:37  [0;39m Reading from public.databasechangelog
[2025-04-02 23:48:58] [34mINFO[0;39m [36mliquibase.ui                            [0;39m [35m:37  [0;39m Database is up to date, no changesets to execute
[2025-04-02 23:48:58] [34mINFO[0;39m [36mliquibase.util                          [0;39m [35m:37  [0;39m UPDATE SUMMARY
[2025-04-02 23:48:58] [34mINFO[0;39m [36mliquibase.util                          [0;39m [35m:37  [0;39m Run:                          0
[2025-04-02 23:48:58] [34mINFO[0;39m [36mliquibase.util                          [0;39m [35m:37  [0;39m Previously run:             362
[2025-04-02 23:48:58] [34mINFO[0;39m [36mliquibase.util                          [0;39m [35m:37  [0;39m Filtered out:                 0
[2025-04-02 23:48:58] [34mINFO[0;39m [36mliquibase.util                          [0;39m [35m:37  [0;39m -------------------------------
[2025-04-02 23:48:58] [34mINFO[0;39m [36mliquibase.util                          [0;39m [35m:37  [0;39m Total change sets:          362
[2025-04-02 23:48:58] [34mINFO[0;39m [36mliquibase.util                          [0;39m [35m:37  [0;39m Update summary generated
[2025-04-02 23:48:58] [34mINFO[0;39m [36mliquibase.lockservice                   [0;39m [35m:37  [0;39m Successfully released change log lock
[2025-04-02 23:48:58] [34mINFO[0;39m [36mliquibase.command                       [0;39m [35m:37  [0;39m Command execution complete
[2025-04-02 23:48:58] [34mINFO[0;39m [36mo.hibernate.jpa.internal.util.LogHelper [0;39m [35m:31  [0;39m HHH000204: Processing PersistenceUnitInfo [name: default]
[2025-04-02 23:48:58] [34mINFO[0;39m [36mo.h.c.internal.RegionFactoryInitiator   [0;39m [35m:50  [0;39m HHH000026: Second-level cache disabled
[2025-04-02 23:48:58] [34mINFO[0;39m [36mo.s.o.j.p.SpringPersistenceUnitInfo     [0;39m [35m:87  [0;39m No LoadTimeWeaver setup: ignoring JPA class transformer
[2025-04-02 23:48:58] [34mINFO[0;39m [36mcom.zaxxer.hikari.HikariDataSource      [0;39m [35m:110 [0;39m HikariPool-4 - Starting...
[2025-04-02 23:48:58] [34mINFO[0;39m [36mcom.zaxxer.hikari.pool.HikariPool       [0;39m [35m:565 [0;39m HikariPool-4 - Added connection org.postgresql.jdbc.PgConnection@76b06513
[2025-04-02 23:48:58] [34mINFO[0;39m [36mcom.zaxxer.hikari.HikariDataSource      [0;39m [35m:123 [0;39m HikariPool-4 - Start completed.
[2025-04-02 23:48:59] [31mWARN[0;39m [36morg.hibernate.mapping.RootClass         [0;39m [35m:341 [0;39m HHH000038: Composite-id class does not override equals(): greencity.entity.user.employee.EmployeeFilterViewId
[2025-04-02 23:48:59] [31mWARN[0;39m [36morg.hibernate.mapping.RootClass         [0;39m [35m:344 [0;39m HHH000039: Composite-id class does not override hashCode(): greencity.entity.user.employee.EmployeeFilterViewId
[2025-04-02 23:48:59] [31mWARN[0;39m [36mo.h.metamodel.internal.MetadataContext  [0;39m [35m:727 [0;39m HHH015011: Unable to locate static metamodel field : greencity.entity.user.employee.EmployeeFilterViewId_#employeeId; this may or may not indicate a problem with the static metamodel
[2025-04-02 23:48:59] [31mWARN[0;39m [36mo.h.metamodel.internal.MetadataContext  [0;39m [35m:727 [0;39m HHH015011: Unable to locate static metamodel field : greencity.entity.user.employee.EmployeeFilterViewId_#positionId; this may or may not indicate a problem with the static metamodel
[2025-04-02 23:48:59] [34mINFO[0;39m [36mo.h.e.t.j.p.i.JtaPlatformInitiator      [0;39m [35m:58  [0;39m HHH000489: No JTA platform available (set 'hibernate.transaction.jta.platform' to enable JTA platform integration)
[2025-04-02 23:48:59] [34mINFO[0;39m [36mj.LocalContainerEntityManagerFactoryBean[0;39m [35m:437 [0;39m Initialized JPA EntityManagerFactory for persistence unit 'default'
[2025-04-02 23:48:59] [31mWARN[0;39m [36mJpaBaseConfiguration$JpaWebConfiguration[0;39m [35m:232 [0;39m spring.jpa.open-in-view is enabled by default. Therefore, database queries may be performed during view rendering. Explicitly configure spring.jpa.open-in-view to disable this warning
[2025-04-02 23:48:59] [31mWARN[0;39m [36mo.s.b.d.a.OptionalLiveReloadServer      [0;39m [35m:62  [0;39m Unable to start LiveReload server
[2025-04-02 23:49:01] [31mWARN[0;39m [36mConfigServletWebServerApplicationContext[0;39m [35m:632 [0;39m Exception encountered during context initialization - cancelling refresh attempt: org.springframework.beans.factory.UnsatisfiedDependencyException: Error creating bean with name 'adminUbsController' defined in file [C:\Users\o.bulhakova\IdeaProjects\project\GreenCityUBS\core\target\classes\greencity\controller\AdminUbsController.class]: Unsatisfied dependency expressed through constructor parameter 0: Error creating bean with name 'ordersAdminsPageServiceImpl' defined in file [C:\Users\o.bulhakova\IdeaProjects\project\GreenCityUBS\service\target\classes\greencity\service\ubs\OrdersAdminsPageServiceImpl.class]: Unsatisfied dependency expressed through constructor parameter 14: Error creating bean with name 'notificationServiceImpl' defined in file [C:\Users\o.bulhakova\IdeaProjects\project\GreenCityUBS\service\target\classes\greencity\service\notification\NotificationServiceImpl.class]: Unsatisfied dependency expressed through constructor parameter 9: No qualifying bean of type 'java.util.concurrent.ExecutorService' available: expected at least 1 bean which qualifies as autowire candidate. Dependency annotations: {}
[2025-04-02 23:49:01] [31mWARN[0;39m [36ms.c.a.AnnotationConfigApplicationContext[0;39m [35m:1130[0;39m Exception thrown from ApplicationListener handling ContextClosedEvent
org.springframework.beans.factory.BeanCreationNotAllowedException: Error creating bean with name 'rabbitConnectionFactory': Singleton bean creation not allowed while singletons of this factory are in destruction (Do not request a bean from a BeanFactory in a destroy method implementation!)
	at org.springframework.beans.factory.support.DefaultSingletonBeanRegistry.getSingleton(DefaultSingletonBeanRegistry.java:220)
	at org.springframework.beans.factory.support.AbstractBeanFactory.doGetBean(AbstractBeanFactory.java:323)
	at org.springframework.beans.factory.support.AbstractBeanFactory.getBean(AbstractBeanFactory.java:204)
	at org.springframework.context.event.AbstractApplicationEventMulticaster.retrieveApplicationListeners(AbstractApplicationEventMulticaster.java:265)
	at org.springframework.context.event.AbstractApplicationEventMulticaster.getApplicationListeners(AbstractApplicationEventMulticaster.java:222)
	at org.springframework.context.event.SimpleApplicationEventMulticaster.multicastEvent(SimpleApplicationEventMulticaster.java:144)
	at org.springframework.context.support.AbstractApplicationContext.publishEvent(AbstractApplicationContext.java:451)
	at org.springframework.context.support.AbstractApplicationContext.publishEvent(AbstractApplicationContext.java:457)
	at org.springframework.context.support.AbstractApplicationContext.publishEvent(AbstractApplicationContext.java:384)
	at org.springframework.context.support.AbstractApplicationContext.doClose(AbstractApplicationContext.java:1127)
	at org.springframework.context.support.AbstractApplicationContext.close(AbstractApplicationContext.java:1090)
	at org.springframework.cloud.context.named.NamedContextFactory.destroy(NamedContextFactory.java:113)
	at org.springframework.beans.factory.support.DisposableBeanAdapter.destroy(DisposableBeanAdapter.java:211)
	at org.springframework.beans.factory.support.DefaultSingletonBeanRegistry.destroyBean(DefaultSingletonBeanRegistry.java:587)
	at org.springframework.beans.factory.support.DefaultSingletonBeanRegistry.destroySingleton(DefaultSingletonBeanRegistry.java:559)
	at org.springframework.beans.factory.support.DefaultListableBeanFactory.destroySingleton(DefaultListableBeanFactory.java:1202)
	at org.springframework.beans.factory.support.DefaultSingletonBeanRegistry.destroySingletons(DefaultSingletonBeanRegistry.java:520)
	at org.springframework.beans.factory.support.DefaultListableBeanFactory.destroySingletons(DefaultListableBeanFactory.java:1195)
	at org.springframework.context.support.AbstractApplicationContext.destroyBeans(AbstractApplicationContext.java:1183)
	at org.springframework.context.support.AbstractApplicationContext.refresh(AbstractApplicationContext.java:637)
	at org.springframework.boot.web.servlet.context.ServletWebServerApplicationContext.refresh(ServletWebServerApplicationContext.java:146)
	at org.springframework.boot.SpringApplication.refresh(SpringApplication.java:754)
	at org.springframework.boot.SpringApplication.refreshContext(SpringApplication.java:456)
	at org.springframework.boot.SpringApplication.run(SpringApplication.java:334)
	at org.springframework.boot.SpringApplication.run(SpringApplication.java:1354)
	at org.springframework.boot.SpringApplication.run(SpringApplication.java:1343)
	at greencity.UbsApplication.main(UbsApplication.java:18)
	at java.base/jdk.internal.reflect.DirectMethodHandleAccessor.invoke(DirectMethodHandleAccessor.java:103)
	at java.base/java.lang.reflect.Method.invoke(Method.java:580)
	at org.springframework.boot.devtools.restart.RestartLauncher.run(RestartLauncher.java:50)
[2025-04-02 23:49:01] [31mWARN[0;39m [36ms.c.a.AnnotationConfigApplicationContext[0;39m [35m:1130[0;39m Exception thrown from ApplicationListener handling ContextClosedEvent
org.springframework.beans.factory.BeanCreationNotAllowedException: Error creating bean with name 'rabbitConnectionFactory': Singleton bean creation not allowed while singletons of this factory are in destruction (Do not request a bean from a BeanFactory in a destroy method implementation!)
	at org.springframework.beans.factory.support.DefaultSingletonBeanRegistry.getSingleton(DefaultSingletonBeanRegistry.java:220)
	at org.springframework.beans.factory.support.AbstractBeanFactory.doGetBean(AbstractBeanFactory.java:323)
	at org.springframework.beans.factory.support.AbstractBeanFactory.getBean(AbstractBeanFactory.java:204)
	at org.springframework.context.event.AbstractApplicationEventMulticaster.retrieveApplicationListeners(AbstractApplicationEventMulticaster.java:265)
	at org.springframework.context.event.AbstractApplicationEventMulticaster.getApplicationListeners(AbstractApplicationEventMulticaster.java:222)
	at org.springframework.context.event.SimpleApplicationEventMulticaster.multicastEvent(SimpleApplicationEventMulticaster.java:144)
	at org.springframework.context.support.AbstractApplicationContext.publishEvent(AbstractApplicationContext.java:451)
	at org.springframework.context.support.AbstractApplicationContext.publishEvent(AbstractApplicationContext.java:457)
	at org.springframework.context.support.AbstractApplicationContext.publishEvent(AbstractApplicationContext.java:384)
	at org.springframework.context.support.AbstractApplicationContext.doClose(AbstractApplicationContext.java:1127)
	at org.springframework.context.support.AbstractApplicationContext.close(AbstractApplicationContext.java:1090)
	at org.springframework.cloud.context.named.NamedContextFactory.destroy(NamedContextFactory.java:113)
	at org.springframework.beans.factory.support.DisposableBeanAdapter.destroy(DisposableBeanAdapter.java:211)
	at org.springframework.beans.factory.support.DefaultSingletonBeanRegistry.destroyBean(DefaultSingletonBeanRegistry.java:587)
	at org.springframework.beans.factory.support.DefaultSingletonBeanRegistry.destroySingleton(DefaultSingletonBeanRegistry.java:559)
	at org.springframework.beans.factory.support.DefaultListableBeanFactory.destroySingleton(DefaultListableBeanFactory.java:1202)
	at org.springframework.beans.factory.support.DefaultSingletonBeanRegistry.destroySingletons(DefaultSingletonBeanRegistry.java:520)
	at org.springframework.beans.factory.support.DefaultListableBeanFactory.destroySingletons(DefaultListableBeanFactory.java:1195)
	at org.springframework.context.support.AbstractApplicationContext.destroyBeans(AbstractApplicationContext.java:1183)
	at org.springframework.context.support.AbstractApplicationContext.refresh(AbstractApplicationContext.java:637)
	at org.springframework.boot.web.servlet.context.ServletWebServerApplicationContext.refresh(ServletWebServerApplicationContext.java:146)
	at org.springframework.boot.SpringApplication.refresh(SpringApplication.java:754)
	at org.springframework.boot.SpringApplication.refreshContext(SpringApplication.java:456)
	at org.springframework.boot.SpringApplication.run(SpringApplication.java:334)
	at org.springframework.boot.SpringApplication.run(SpringApplication.java:1354)
	at org.springframework.boot.SpringApplication.run(SpringApplication.java:1343)
	at greencity.UbsApplication.main(UbsApplication.java:18)
	at java.base/jdk.internal.reflect.DirectMethodHandleAccessor.invoke(DirectMethodHandleAccessor.java:103)
	at java.base/java.lang.reflect.Method.invoke(Method.java:580)
	at org.springframework.boot.devtools.restart.RestartLauncher.run(RestartLauncher.java:50)
[2025-04-02 23:49:01] [34mINFO[0;39m [36mj.LocalContainerEntityManagerFactoryBean[0;39m [35m:650 [0;39m Closing JPA EntityManagerFactory for persistence unit 'default'
[2025-04-02 23:49:01] [34mINFO[0;39m [36mcom.zaxxer.hikari.HikariDataSource      [0;39m [35m:350 [0;39m HikariPool-4 - Shutdown initiated...
[2025-04-02 23:49:01] [34mINFO[0;39m [36mcom.zaxxer.hikari.HikariDataSource      [0;39m [35m:352 [0;39m HikariPool-4 - Shutdown completed.
[2025-04-02 23:49:01] [34mINFO[0;39m [36mo.apache.catalina.core.StandardService  [0;39m [35m:173 [0;39m Stopping service [Tomcat]
[2025-04-02 23:49:01] [34mINFO[0;39m [36m.s.b.a.l.ConditionEvaluationReportLogger[0;39m [35m:82  [0;39m 

Error starting ApplicationContext. To display the condition evaluation report re-run your application with 'debug' enabled.
[2025-04-02 23:49:01] [1;31mERROR[0;39m [36mo.s.b.d.LoggingFailureAnalysisReporter  [0;39m [35m:40  [0;39m 

***************************
APPLICATION FAILED TO START
***************************

Description:

Parameter 9 of constructor in greencity.service.notification.NotificationServiceImpl required a bean of type 'java.util.concurrent.ExecutorService' that could not be found.


Action:

Consider defining a bean of type 'java.util.concurrent.ExecutorService' in your configuration.

[2025-04-02 23:49:18] [34mINFO[0;39m [36mo.h.validator.internal.util.Version     [0;39m [35m:21  [0;39m HV000001: Hibernate Validator 8.0.1.Final
[2025-04-02 23:49:18] [34mINFO[0;39m [36mgreencity.UbsApplication                [0;39m [35m:50  [0;39m Starting UbsApplication using Java 21.0.5 with PID 30076 (C:\Users\o.bulhakova\IdeaProjects\project\GreenCityUBS\core\target\classes started by o.bulhakova in C:\Users\o.bulhakova\IdeaProjects\project\GreenCityUBS)
[2025-04-02 23:49:18] [34mINFO[0;39m [36mgreencity.UbsApplication                [0;39m [35m:660 [0;39m The following 1 profile is active: "dev"
[2025-04-02 23:49:18] [34mINFO[0;39m [36m.e.DevToolsPropertyDefaultsPostProcessor[0;39m [35m:252 [0;39m Devtools property defaults active! Set 'spring.devtools.add-properties' to 'false' to disable
[2025-04-02 23:49:18] [34mINFO[0;39m [36m.e.DevToolsPropertyDefaultsPostProcessor[0;39m [35m:252 [0;39m For additional web related logging consider setting the 'logging.level.web' property to 'DEBUG'
[2025-04-02 23:49:19] [34mINFO[0;39m [36m.s.d.r.c.RepositoryConfigurationDelegate[0;39m [35m:139 [0;39m Bootstrapping Spring Data JPA repositories in DEFAULT mode.
[2025-04-02 23:49:20] [34mINFO[0;39m [36m.s.d.r.c.RepositoryConfigurationDelegate[0;39m [35m:208 [0;39m Finished Spring Data repository scanning in 315 ms. Found 36 JPA repository interfaces.
[2025-04-02 23:49:20] [34mINFO[0;39m [36mo.s.cloud.context.scope.GenericScope    [0;39m [35m:282 [0;39m BeanFactory id=946dfe5b-ebbd-3bb0-96ba-f3cc67a34d79
[2025-04-02 23:49:21] [34mINFO[0;39m [36mo.s.b.w.embedded.tomcat.TomcatWebServer [0;39m [35m:109 [0;39m Tomcat initialized with port 8050 (http)
[2025-04-02 23:49:21] [34mINFO[0;39m [36mo.apache.coyote.http11.Http11NioProtocol[0;39m [35m:173 [0;39m Initializing ProtocolHandler ["http-nio-8050"]
[2025-04-02 23:49:21] [34mINFO[0;39m [36mo.apache.catalina.core.StandardService  [0;39m [35m:173 [0;39m Starting service [Tomcat]
[2025-04-02 23:49:21] [34mINFO[0;39m [36morg.apache.catalina.core.StandardEngine [0;39m [35m:173 [0;39m Starting Servlet engine: [Apache Tomcat/10.1.18]
[2025-04-02 23:49:21] [34mINFO[0;39m [36mo.a.c.c.C.[Tomcat].[localhost].[/]      [0;39m [35m:173 [0;39m Initializing Spring embedded WebApplicationContext
[2025-04-02 23:49:21] [34mINFO[0;39m [36mw.s.c.ServletWebServerApplicationContext[0;39m [35m:296 [0;39m Root WebApplicationContext: initialization completed in 2887 ms
[2025-04-02 23:49:21] [34mINFO[0;39m [36mliquibase.database                      [0;39m [35m:37  [0;39m Set default schema name to public
[2025-04-02 23:49:23] [34mINFO[0;39m [36mliquibase.changelog                     [0;39m [35m:37  [0;39m Reading from public.databasechangelog
[2025-04-02 23:49:24] [34mINFO[0;39m [36mliquibase.ui                            [0;39m [35m:37  [0;39m Database is up to date, no changesets to execute
[2025-04-02 23:49:24] [34mINFO[0;39m [36mliquibase.changelog                     [0;39m [35m:37  [0;39m Reading from public.databasechangelog
[2025-04-02 23:49:24] [34mINFO[0;39m [36mliquibase.util                          [0;39m [35m:37  [0;39m UPDATE SUMMARY
[2025-04-02 23:49:24] [34mINFO[0;39m [36mliquibase.util                          [0;39m [35m:37  [0;39m Run:                          0
[2025-04-02 23:49:24] [34mINFO[0;39m [36mliquibase.util                          [0;39m [35m:37  [0;39m Previously run:             362
[2025-04-02 23:49:24] [34mINFO[0;39m [36mliquibase.util                          [0;39m [35m:37  [0;39m Filtered out:                 0
[2025-04-02 23:49:24] [34mINFO[0;39m [36mliquibase.util                          [0;39m [35m:37  [0;39m -------------------------------
[2025-04-02 23:49:24] [34mINFO[0;39m [36mliquibase.util                          [0;39m [35m:37  [0;39m Total change sets:          362
[2025-04-02 23:49:24] [34mINFO[0;39m [36mliquibase.util                          [0;39m [35m:37  [0;39m Update summary generated
[2025-04-02 23:49:24] [34mINFO[0;39m [36mliquibase.lockservice                   [0;39m [35m:37  [0;39m Successfully released change log lock
[2025-04-02 23:49:24] [34mINFO[0;39m [36mliquibase.command                       [0;39m [35m:37  [0;39m Command execution complete
[2025-04-02 23:49:24] [34mINFO[0;39m [36mo.hibernate.jpa.internal.util.LogHelper [0;39m [35m:31  [0;39m HHH000204: Processing PersistenceUnitInfo [name: default]
[2025-04-02 23:49:24] [34mINFO[0;39m [36morg.hibernate.Version                   [0;39m [35m:44  [0;39m HHH000412: Hibernate ORM core version 6.4.1.Final
[2025-04-02 23:49:24] [34mINFO[0;39m [36mo.h.c.internal.RegionFactoryInitiator   [0;39m [35m:50  [0;39m HHH000026: Second-level cache disabled
[2025-04-02 23:49:24] [34mINFO[0;39m [36mo.s.o.j.p.SpringPersistenceUnitInfo     [0;39m [35m:87  [0;39m No LoadTimeWeaver setup: ignoring JPA class transformer
[2025-04-02 23:49:24] [34mINFO[0;39m [36mcom.zaxxer.hikari.HikariDataSource      [0;39m [35m:110 [0;39m HikariPool-1 - Starting...
[2025-04-02 23:49:24] [34mINFO[0;39m [36mcom.zaxxer.hikari.pool.HikariPool       [0;39m [35m:565 [0;39m HikariPool-1 - Added connection org.postgresql.jdbc.PgConnection@1a35c57a
[2025-04-02 23:49:24] [34mINFO[0;39m [36mcom.zaxxer.hikari.HikariDataSource      [0;39m [35m:123 [0;39m HikariPool-1 - Start completed.
[2025-04-02 23:49:25] [31mWARN[0;39m [36morg.hibernate.mapping.RootClass         [0;39m [35m:341 [0;39m HHH000038: Composite-id class does not override equals(): greencity.entity.user.employee.EmployeeFilterViewId
[2025-04-02 23:49:25] [31mWARN[0;39m [36morg.hibernate.mapping.RootClass         [0;39m [35m:344 [0;39m HHH000039: Composite-id class does not override hashCode(): greencity.entity.user.employee.EmployeeFilterViewId
[2025-04-02 23:49:26] [31mWARN[0;39m [36mo.h.metamodel.internal.MetadataContext  [0;39m [35m:727 [0;39m HHH015011: Unable to locate static metamodel field : greencity.entity.user.employee.EmployeeFilterViewId_#employeeId; this may or may not indicate a problem with the static metamodel
[2025-04-02 23:49:26] [31mWARN[0;39m [36mo.h.metamodel.internal.MetadataContext  [0;39m [35m:727 [0;39m HHH015011: Unable to locate static metamodel field : greencity.entity.user.employee.EmployeeFilterViewId_#positionId; this may or may not indicate a problem with the static metamodel
[2025-04-02 23:49:26] [34mINFO[0;39m [36mo.h.e.t.j.p.i.JtaPlatformInitiator      [0;39m [35m:58  [0;39m HHH000489: No JTA platform available (set 'hibernate.transaction.jta.platform' to enable JTA platform integration)
[2025-04-02 23:49:26] [34mINFO[0;39m [36mj.LocalContainerEntityManagerFactoryBean[0;39m [35m:437 [0;39m Initialized JPA EntityManagerFactory for persistence unit 'default'
[2025-04-02 23:49:27] [31mWARN[0;39m [36mJpaBaseConfiguration$JpaWebConfiguration[0;39m [35m:232 [0;39m spring.jpa.open-in-view is enabled by default. Therefore, database queries may be performed during view rendering. Explicitly configure spring.jpa.open-in-view to disable this warning
[2025-04-02 23:49:27] [31mWARN[0;39m [36mo.s.b.d.a.OptionalLiveReloadServer      [0;39m [35m:62  [0;39m Unable to start LiveReload server
[2025-04-02 23:49:27] [34mINFO[0;39m [36mo.s.d.j.r.query.QueryEnhancerFactory    [0;39m [35m:49  [0;39m Hibernate is in classpath; If applicable, HQL parser will be used.
[2025-04-02 23:49:31] [34mINFO[0;39m [36mo.s.s.web.DefaultSecurityFilterChain    [0;39m [35m:54  [0;39m Will secure any request with [org.springframework.security.web.session.DisableEncodeUrlFilter@433b689b, org.springframework.security.web.context.request.async.WebAsyncManagerIntegrationFilter@622061f, org.springframework.security.web.context.SecurityContextHolderFilter@6ecba6b6, org.springframework.security.web.header.HeaderWriterFilter@4e0e2f57, org.springframework.web.filter.CorsFilter@312fa652, org.springframework.security.web.authentication.logout.LogoutFilter@6fdde58c, greencity.security.filters.AccessTokenAuthenticationFilter@7e86d265, org.springframework.security.web.savedrequest.RequestCacheAwareFilter@7ff29000, org.springframework.security.web.servletapi.SecurityContextHolderAwareRequestFilter@7c013d06, org.springframework.security.web.authentication.AnonymousAuthenticationFilter@66e1029e, org.springframework.security.web.session.SessionManagementFilter@7c26b720, org.springframework.security.web.access.ExceptionTranslationFilter@2a535a53, org.springframework.security.web.access.intercept.AuthorizationFilter@672a0213]
[2025-04-02 23:49:31] [31mWARN[0;39m [36mo.s.s.c.a.web.builders.WebSecurity      [0;39m [35m:289 [0;39m You are asking Spring Security to ignore Mvc [pattern='/ubs/receivePayment']. This is not recommended -- please use permitAll via HttpSecurity#authorizeHttpRequests instead.
[2025-04-02 23:49:31] [34mINFO[0;39m [36mo.s.s.web.DefaultSecurityFilterChain    [0;39m [35m:51  [0;39m Will not secure Mvc [pattern='/ubs/receivePayment']
[2025-04-02 23:49:31] [31mWARN[0;39m [36mo.s.s.c.a.web.builders.WebSecurity      [0;39m [35m:289 [0;39m You are asking Spring Security to ignore Mvc [pattern='/ubs/monobank/payments']. This is not recommended -- please use permitAll via HttpSecurity#authorizeHttpRequests instead.
[2025-04-02 23:49:31] [34mINFO[0;39m [36mo.s.s.web.DefaultSecurityFilterChain    [0;39m [35m:51  [0;39m Will not secure Mvc [pattern='/ubs/monobank/payments']
[2025-04-02 23:49:31] [31mWARN[0;39m [36mion$DefaultTemplateResolverConfiguration[0;39m [35m:101 [0;39m Cannot find template location: classpath:/templates/ (please add some templates, check your Thymeleaf configuration, or set spring.thymeleaf.check-template-location=false)
[2025-04-02 23:49:32] [34mINFO[0;39m [36mo.apache.coyote.http11.Http11NioProtocol[0;39m [35m:173 [0;39m Starting ProtocolHandler ["http-nio-8050"]
[2025-04-02 23:49:32] [34mINFO[0;39m [36mo.s.b.w.embedded.tomcat.TomcatWebServer [0;39m [35m:241 [0;39m Tomcat started on port 8050 (http) with context path ''
[2025-04-02 23:49:32] [34mINFO[0;39m [36mgreencity.UbsApplication                [0;39m [35m:56  [0;39m Started UbsApplication in 14.706 seconds (process running for 15.858)
[2025-04-02 23:49:32] [34mINFO[0;39m [36mg.service.ubs.OrderLockServiceImpl      [0;39m [35m:60  [0;39m Time: 2025-04-02T23:44:32.590394400
[2025-04-02 23:49:32] [34mINFO[0;39m [36mg.service.ubs.OrderLockServiceImpl      [0;39m [35m:62  [0;39m Unlock orders
[2025-04-02 23:49:32] [34mINFO[0;39m [36mg.n.scheduler.NotificationTaskScheduler [0;39m [35m:39  [0;39m Failed to start scheduled notificator with type VIOLATION_THE_RULES because cron is incorrect or template is inactive.
[2025-04-02 23:49:32] [34mINFO[0;39m [36mg.n.scheduler.NotificationTaskScheduler [0;39m [35m:39  [0;39m Failed to start scheduled notificator with type CANCELED_VIOLATION_THE_RULES_BY_THE_MANAGER because cron is incorrect or template is inactive.
[2025-04-02 23:49:32] [34mINFO[0;39m [36mg.n.scheduler.NotificationTaskScheduler [0;39m [35m:39  [0;39m Failed to start scheduled notificator with type ORDER_STATUS_CHANGED because cron is incorrect or template is inactive.
[2025-04-02 23:49:32] [34mINFO[0;39m [36mg.n.scheduler.NotificationTaskScheduler [0;39m [35m:39  [0;39m Failed to start scheduled notificator with type CHANGED_IN_RULE_VIOLATION_STATUS because cron is incorrect or template is inactive.
[2025-04-02 23:49:32] [34mINFO[0;39m [36mg.n.scheduler.NotificationTaskScheduler [0;39m [35m:39  [0;39m Failed to start scheduled notificator with type COURIER_ITINERARY_FORMED because cron is incorrect or template is inactive.
[2025-04-02 23:49:32] [34mINFO[0;39m [36mg.n.scheduler.NotificationTaskScheduler [0;39m [35m:39  [0;39m Failed to start scheduled notificator with type DONE_OR_CANCELED_UNPAID_ORDER because cron is incorrect or template is inactive.
[2025-04-02 23:49:32] [34mINFO[0;39m [36mg.n.scheduler.NotificationTaskScheduler [0;39m [35m:39  [0;39m Failed to start scheduled notificator with type HALF_PAID_ORDER_WITH_STATUS_BROUGHT_BY_HIMSELF because cron is incorrect or template is inactive.
[2025-04-02 23:49:32] [34mINFO[0;39m [36mg.n.scheduler.NotificationTaskScheduler [0;39m [35m:29  [0;39m Scheduled notificator for LETS_STAY_CONNECTED notification template by 0 0 18 * * ? cron
[2025-04-02 23:49:32] [34mINFO[0;39m [36mg.n.scheduler.NotificationTaskScheduler [0;39m [35m:29  [0;39m Scheduled notificator for UNPAID_ORDER notification template by 0 0 18 * * ? cron
[2025-04-02 23:49:32] [34mINFO[0;39m [36mg.n.scheduler.NotificationTaskScheduler [0;39m [35m:39  [0;39m Failed to start scheduled notificator with type UNPAID_PACKAGE because cron is incorrect or template is inactive.
[2025-04-02 23:49:49] [34mINFO[0;39m [36mo.a.c.c.C.[Tomcat].[localhost].[/]      [0;39m [35m:173 [0;39m Initializing Spring DispatcherServlet 'dispatcherServlet'
[2025-04-02 23:49:49] [34mINFO[0;39m [36mo.s.web.servlet.DispatcherServlet       [0;39m [35m:532 [0;39m Initializing Servlet 'dispatcherServlet'
[2025-04-02 23:49:49] [34mINFO[0;39m [36mo.s.web.servlet.DispatcherServlet       [0;39m [35m:554 [0;39m Completed initialization in 4 ms
[2025-04-02 23:49:49] [31mWARN[0;39m [36mo.s.w.s.h.HandlerMappingIntrospector    [0;39m [35m:458 [0;39m Cache miss for REQUEST dispatch to '/notifications/quantityUnreadenNotifications' (previous null). Performing MatchableHandlerMapping lookup. This is logged once only at WARN level, and every time at TRACE.
[2025-04-02 23:49:49] [34mINFO[0;39m [36mg.s.f.AccessTokenAuthenticationFilter   [0;39m [35m:54  [0;39m token: eyJhbGciOiJIUzI1NiJ9.eyJzdWIiOiJvLmJ1bGhha292YS5jaGlAZ21haWwuY29tIiwicm9sZSI6WyJST0xFX1VTRVIiXSwiZXhwIjoxNzQzNjI5MDQ2LCJpYXQiOjE3NDM2MjE4NDZ9.6y1wXneUsX3InjJ__BHnSeof9KLGgebWaNJB1mG18V4
[2025-04-02 23:49:49] [34mINFO[0;39m [36mg.s.f.AccessTokenAuthenticationFilter   [0;39m [35m:54  [0;39m token: eyJhbGciOiJIUzI1NiJ9.eyJzdWIiOiJvLmJ1bGhha292YS5jaGlAZ21haWwuY29tIiwicm9sZSI6WyJST0xFX1VTRVIiXSwiZXhwIjoxNzQzNjI5MDQ2LCJpYXQiOjE3NDM2MjE4NDZ9.6y1wXneUsX3InjJ__BHnSeof9KLGgebWaNJB1mG18V4
[2025-04-02 23:49:49] [34mINFO[0;39m [36mg.s.f.AccessTokenAuthenticationFilter   [0;39m [35m:62  [0;39m user: Optional[UserVO(id=5, email=o.bulhakova.chi@gmail.com, languageVO=greencity.dto.language.LanguageVO@1ab8)]
[2025-04-02 23:49:49] [34mINFO[0;39m [36mg.s.f.AccessTokenAuthenticationFilter   [0;39m [35m:62  [0;39m user: Optional[UserVO(id=5, email=o.bulhakova.chi@gmail.com, languageVO=greencity.dto.language.LanguageVO@1ab8)]
[2025-04-02 23:49:49] [34mINFO[0;39m [36mg.s.f.AccessTokenAuthenticationFilter   [0;39m [35m:54  [0;39m token: eyJhbGciOiJIUzI1NiJ9.eyJzdWIiOiJvLmJ1bGhha292YS5jaGlAZ21haWwuY29tIiwicm9sZSI6WyJST0xFX1VTRVIiXSwiZXhwIjoxNzQzNjI5MDQ2LCJpYXQiOjE3NDM2MjE4NDZ9.6y1wXneUsX3InjJ__BHnSeof9KLGgebWaNJB1mG18V4
[2025-04-02 23:49:50] [34mINFO[0;39m [36mg.s.f.AccessTokenAuthenticationFilter   [0;39m [35m:62  [0;39m user: Optional[UserVO(id=5, email=o.bulhakova.chi@gmail.com, languageVO=greencity.dto.language.LanguageVO@1ab8)]
[2025-04-02 23:49:50] [34mINFO[0;39m [36mg.s.f.AccessTokenAuthenticationFilter   [0;39m [35m:54  [0;39m token: eyJhbGciOiJIUzI1NiJ9.eyJzdWIiOiJvLmJ1bGhha292YS5jaGlAZ21haWwuY29tIiwicm9sZSI6WyJST0xFX1VTRVIiXSwiZXhwIjoxNzQzNjI5MDQ2LCJpYXQiOjE3NDM2MjE4NDZ9.6y1wXneUsX3InjJ__BHnSeof9KLGgebWaNJB1mG18V4
[2025-04-02 23:49:50] [34mINFO[0;39m [36mg.s.f.AccessTokenAuthenticationFilter   [0;39m [35m:62  [0;39m user: Optional[UserVO(id=5, email=o.bulhakova.chi@gmail.com, languageVO=greencity.dto.language.LanguageVO@1ab8)]
[2025-04-02 23:50:07] [34mINFO[0;39m [36mg.s.f.AccessTokenAuthenticationFilter   [0;39m [35m:54  [0;39m token: eyJhbGciOiJIUzI1NiJ9.eyJzdWIiOiJvLmJ1bGhha292YS5jaGlAZ21haWwuY29tIiwicm9sZSI6WyJST0xFX1VTRVIiXSwiZXhwIjoxNzQzNjI5MDQ2LCJpYXQiOjE3NDM2MjE4NDZ9.6y1wXneUsX3InjJ__BHnSeof9KLGgebWaNJB1mG18V4
[2025-04-02 23:50:07] [34mINFO[0;39m [36mg.s.f.AccessTokenAuthenticationFilter   [0;39m [35m:62  [0;39m user: Optional[UserVO(id=5, email=o.bulhakova.chi@gmail.com, languageVO=greencity.dto.language.LanguageVO@1ab8)]
[2025-04-02 23:50:07] [34mINFO[0;39m [36mg.s.f.AccessTokenAuthenticationFilter   [0;39m [35m:54  [0;39m token: eyJhbGciOiJIUzI1NiJ9.eyJzdWIiOiJvLmJ1bGhha292YS5jaGlAZ21haWwuY29tIiwicm9sZSI6WyJST0xFX1VTRVIiXSwiZXhwIjoxNzQzNjI5MDQ2LCJpYXQiOjE3NDM2MjE4NDZ9.6y1wXneUsX3InjJ__BHnSeof9KLGgebWaNJB1mG18V4
[2025-04-02 23:50:07] [34mINFO[0;39m [36mg.s.f.AccessTokenAuthenticationFilter   [0;39m [35m:62  [0;39m user: Optional[UserVO(id=5, email=o.bulhakova.chi@gmail.com, languageVO=greencity.dto.language.LanguageVO@1ab8)]
[2025-04-02 23:50:07] [34mINFO[0;39m [36mg.s.f.AccessTokenAuthenticationFilter   [0;39m [35m:54  [0;39m token: eyJhbGciOiJIUzI1NiJ9.eyJzdWIiOiJvLmJ1bGhha292YS5jaGlAZ21haWwuY29tIiwicm9sZSI6WyJST0xFX1VTRVIiXSwiZXhwIjoxNzQzNjI5MDQ2LCJpYXQiOjE3NDM2MjE4NDZ9.6y1wXneUsX3InjJ__BHnSeof9KLGgebWaNJB1mG18V4
[2025-04-02 23:50:07] [34mINFO[0;39m [36mg.s.f.AccessTokenAuthenticationFilter   [0;39m [35m:54  [0;39m token: eyJhbGciOiJIUzI1NiJ9.eyJzdWIiOiJvLmJ1bGhha292YS5jaGlAZ21haWwuY29tIiwicm9sZSI6WyJST0xFX1VTRVIiXSwiZXhwIjoxNzQzNjI5MDQ2LCJpYXQiOjE3NDM2MjE4NDZ9.6y1wXneUsX3InjJ__BHnSeof9KLGgebWaNJB1mG18V4
[2025-04-02 23:50:08] [34mINFO[0;39m [36mg.s.f.AccessTokenAuthenticationFilter   [0;39m [35m:62  [0;39m user: Optional[UserVO(id=5, email=o.bulhakova.chi@gmail.com, languageVO=greencity.dto.language.LanguageVO@1ab8)]
[2025-04-02 23:50:08] [34mINFO[0;39m [36mg.s.f.AccessTokenAuthenticationFilter   [0;39m [35m:62  [0;39m user: Optional[UserVO(id=5, email=o.bulhakova.chi@gmail.com, languageVO=greencity.dto.language.LanguageVO@1ab8)]
[2025-04-02 23:50:32] [34mINFO[0;39m [36mg.service.ubs.OrderLockServiceImpl      [0;39m [35m:60  [0;39m Time: 2025-04-02T23:45:32.579572700
[2025-04-02 23:50:32] [34mINFO[0;39m [36mg.service.ubs.OrderLockServiceImpl      [0;39m [35m:62  [0;39m Unlock orders
[2025-04-02 23:51:25] [34mINFO[0;39m [36mj.LocalContainerEntityManagerFactoryBean[0;39m [35m:650 [0;39m Closing JPA EntityManagerFactory for persistence unit 'default'
[2025-04-02 23:51:25] [34mINFO[0;39m [36mcom.zaxxer.hikari.HikariDataSource      [0;39m [35m:350 [0;39m HikariPool-1 - Shutdown initiated...
[2025-04-02 23:51:25] [34mINFO[0;39m [36mcom.zaxxer.hikari.HikariDataSource      [0;39m [35m:352 [0;39m HikariPool-1 - Shutdown completed.
[2025-04-02 23:51:29] [34mINFO[0;39m [36mo.h.validator.internal.util.Version     [0;39m [35m:21  [0;39m HV000001: Hibernate Validator 8.0.1.Final
[2025-04-02 23:51:29] [34mINFO[0;39m [36mgreencity.UbsApplication                [0;39m [35m:50  [0;39m Starting UbsApplication using Java 21.0.5 with PID 27244 (C:\Users\o.bulhakova\IdeaProjects\project\GreenCityUBS\core\target\classes started by o.bulhakova in C:\Users\o.bulhakova\IdeaProjects\project\GreenCityUBS)
[2025-04-02 23:51:29] [34mINFO[0;39m [36mgreencity.UbsApplication                [0;39m [35m:660 [0;39m The following 1 profile is active: "dev"
[2025-04-02 23:51:29] [34mINFO[0;39m [36m.e.DevToolsPropertyDefaultsPostProcessor[0;39m [35m:252 [0;39m Devtools property defaults active! Set 'spring.devtools.add-properties' to 'false' to disable
[2025-04-02 23:51:29] [34mINFO[0;39m [36m.e.DevToolsPropertyDefaultsPostProcessor[0;39m [35m:252 [0;39m For additional web related logging consider setting the 'logging.level.web' property to 'DEBUG'
[2025-04-02 23:51:31] [34mINFO[0;39m [36m.s.d.r.c.RepositoryConfigurationDelegate[0;39m [35m:139 [0;39m Bootstrapping Spring Data JPA repositories in DEFAULT mode.
[2025-04-02 23:51:31] [34mINFO[0;39m [36m.s.d.r.c.RepositoryConfigurationDelegate[0;39m [35m:208 [0;39m Finished Spring Data repository scanning in 324 ms. Found 36 JPA repository interfaces.
[2025-04-02 23:51:31] [34mINFO[0;39m [36mo.s.cloud.context.scope.GenericScope    [0;39m [35m:282 [0;39m BeanFactory id=946dfe5b-ebbd-3bb0-96ba-f3cc67a34d79
[2025-04-02 23:51:32] [34mINFO[0;39m [36mo.s.b.w.embedded.tomcat.TomcatWebServer [0;39m [35m:109 [0;39m Tomcat initialized with port 8050 (http)
[2025-04-02 23:51:32] [34mINFO[0;39m [36mo.apache.coyote.http11.Http11NioProtocol[0;39m [35m:173 [0;39m Initializing ProtocolHandler ["http-nio-8050"]
[2025-04-02 23:51:32] [34mINFO[0;39m [36mo.apache.catalina.core.StandardService  [0;39m [35m:173 [0;39m Starting service [Tomcat]
[2025-04-02 23:51:32] [34mINFO[0;39m [36morg.apache.catalina.core.StandardEngine [0;39m [35m:173 [0;39m Starting Servlet engine: [Apache Tomcat/10.1.18]
[2025-04-02 23:51:32] [34mINFO[0;39m [36mo.a.c.c.C.[Tomcat].[localhost].[/]      [0;39m [35m:173 [0;39m Initializing Spring embedded WebApplicationContext
[2025-04-02 23:51:32] [34mINFO[0;39m [36mw.s.c.ServletWebServerApplicationContext[0;39m [35m:296 [0;39m Root WebApplicationContext: initialization completed in 3010 ms
[2025-04-02 23:51:33] [34mINFO[0;39m [36mliquibase.database                      [0;39m [35m:37  [0;39m Set default schema name to public
[2025-04-02 23:51:35] [34mINFO[0;39m [36mliquibase.changelog                     [0;39m [35m:37  [0;39m Reading from public.databasechangelog
[2025-04-02 23:51:35] [34mINFO[0;39m [36mliquibase.ui                            [0;39m [35m:37  [0;39m Database is up to date, no changesets to execute
[2025-04-02 23:51:35] [34mINFO[0;39m [36mliquibase.changelog                     [0;39m [35m:37  [0;39m Reading from public.databasechangelog
[2025-04-02 23:51:35] [34mINFO[0;39m [36mliquibase.util                          [0;39m [35m:37  [0;39m UPDATE SUMMARY
[2025-04-02 23:51:35] [34mINFO[0;39m [36mliquibase.util                          [0;39m [35m:37  [0;39m Run:                          0
[2025-04-02 23:51:35] [34mINFO[0;39m [36mliquibase.util                          [0;39m [35m:37  [0;39m Previously run:             362
[2025-04-02 23:51:35] [34mINFO[0;39m [36mliquibase.util                          [0;39m [35m:37  [0;39m Filtered out:                 0
[2025-04-02 23:51:35] [34mINFO[0;39m [36mliquibase.util                          [0;39m [35m:37  [0;39m -------------------------------
[2025-04-02 23:51:35] [34mINFO[0;39m [36mliquibase.util                          [0;39m [35m:37  [0;39m Total change sets:          362
[2025-04-02 23:51:35] [34mINFO[0;39m [36mliquibase.util                          [0;39m [35m:37  [0;39m Update summary generated
[2025-04-02 23:51:35] [34mINFO[0;39m [36mliquibase.lockservice                   [0;39m [35m:37  [0;39m Successfully released change log lock
[2025-04-02 23:51:35] [34mINFO[0;39m [36mliquibase.command                       [0;39m [35m:37  [0;39m Command execution complete
[2025-04-02 23:51:35] [34mINFO[0;39m [36mo.hibernate.jpa.internal.util.LogHelper [0;39m [35m:31  [0;39m HHH000204: Processing PersistenceUnitInfo [name: default]
[2025-04-02 23:51:35] [34mINFO[0;39m [36morg.hibernate.Version                   [0;39m [35m:44  [0;39m HHH000412: Hibernate ORM core version 6.4.1.Final
[2025-04-02 23:51:35] [34mINFO[0;39m [36mo.h.c.internal.RegionFactoryInitiator   [0;39m [35m:50  [0;39m HHH000026: Second-level cache disabled
[2025-04-02 23:51:36] [34mINFO[0;39m [36mo.s.o.j.p.SpringPersistenceUnitInfo     [0;39m [35m:87  [0;39m No LoadTimeWeaver setup: ignoring JPA class transformer
[2025-04-02 23:51:36] [34mINFO[0;39m [36mcom.zaxxer.hikari.HikariDataSource      [0;39m [35m:110 [0;39m HikariPool-1 - Starting...
[2025-04-02 23:51:36] [34mINFO[0;39m [36mcom.zaxxer.hikari.pool.HikariPool       [0;39m [35m:565 [0;39m HikariPool-1 - Added connection org.postgresql.jdbc.PgConnection@3513faf1
[2025-04-02 23:51:36] [34mINFO[0;39m [36mcom.zaxxer.hikari.HikariDataSource      [0;39m [35m:123 [0;39m HikariPool-1 - Start completed.
[2025-04-02 23:51:37] [31mWARN[0;39m [36morg.hibernate.mapping.RootClass         [0;39m [35m:341 [0;39m HHH000038: Composite-id class does not override equals(): greencity.entity.user.employee.EmployeeFilterViewId
[2025-04-02 23:51:37] [31mWARN[0;39m [36morg.hibernate.mapping.RootClass         [0;39m [35m:344 [0;39m HHH000039: Composite-id class does not override hashCode(): greencity.entity.user.employee.EmployeeFilterViewId
[2025-04-02 23:51:38] [31mWARN[0;39m [36mo.h.metamodel.internal.MetadataContext  [0;39m [35m:727 [0;39m HHH015011: Unable to locate static metamodel field : greencity.entity.user.employee.EmployeeFilterViewId_#employeeId; this may or may not indicate a problem with the static metamodel
[2025-04-02 23:51:38] [31mWARN[0;39m [36mo.h.metamodel.internal.MetadataContext  [0;39m [35m:727 [0;39m HHH015011: Unable to locate static metamodel field : greencity.entity.user.employee.EmployeeFilterViewId_#positionId; this may or may not indicate a problem with the static metamodel
[2025-04-02 23:51:38] [34mINFO[0;39m [36mo.h.e.t.j.p.i.JtaPlatformInitiator      [0;39m [35m:58  [0;39m HHH000489: No JTA platform available (set 'hibernate.transaction.jta.platform' to enable JTA platform integration)
[2025-04-02 23:51:38] [34mINFO[0;39m [36mj.LocalContainerEntityManagerFactoryBean[0;39m [35m:437 [0;39m Initialized JPA EntityManagerFactory for persistence unit 'default'
[2025-04-02 23:51:38] [31mWARN[0;39m [36mJpaBaseConfiguration$JpaWebConfiguration[0;39m [35m:232 [0;39m spring.jpa.open-in-view is enabled by default. Therefore, database queries may be performed during view rendering. Explicitly configure spring.jpa.open-in-view to disable this warning
[2025-04-02 23:51:38] [31mWARN[0;39m [36mo.s.b.d.a.OptionalLiveReloadServer      [0;39m [35m:62  [0;39m Unable to start LiveReload server
[2025-04-02 23:51:39] [34mINFO[0;39m [36mo.s.d.j.r.query.QueryEnhancerFactory    [0;39m [35m:49  [0;39m Hibernate is in classpath; If applicable, HQL parser will be used.
[2025-04-02 23:51:43] [34mINFO[0;39m [36mo.s.s.web.DefaultSecurityFilterChain    [0;39m [35m:54  [0;39m Will secure any request with [org.springframework.security.web.session.DisableEncodeUrlFilter@70eb362b, org.springframework.security.web.context.request.async.WebAsyncManagerIntegrationFilter@24d47455, org.springframework.security.web.context.SecurityContextHolderFilter@6745f847, org.springframework.security.web.header.HeaderWriterFilter@55543908, org.springframework.web.filter.CorsFilter@65f2b9d4, org.springframework.security.web.authentication.logout.LogoutFilter@39e13dec, greencity.security.filters.AccessTokenAuthenticationFilter@368fc7a2, org.springframework.security.web.savedrequest.RequestCacheAwareFilter@3ccfeb1a, org.springframework.security.web.servletapi.SecurityContextHolderAwareRequestFilter@14098a3e, org.springframework.security.web.authentication.AnonymousAuthenticationFilter@1ffce536, org.springframework.security.web.session.SessionManagementFilter@51cca65a, org.springframework.security.web.access.ExceptionTranslationFilter@a0f631e, org.springframework.security.web.access.intercept.AuthorizationFilter@75d68635]
[2025-04-02 23:51:43] [31mWARN[0;39m [36mo.s.s.c.a.web.builders.WebSecurity      [0;39m [35m:289 [0;39m You are asking Spring Security to ignore Mvc [pattern='/ubs/receivePayment']. This is not recommended -- please use permitAll via HttpSecurity#authorizeHttpRequests instead.
[2025-04-02 23:51:43] [34mINFO[0;39m [36mo.s.s.web.DefaultSecurityFilterChain    [0;39m [35m:51  [0;39m Will not secure Mvc [pattern='/ubs/receivePayment']
[2025-04-02 23:51:43] [31mWARN[0;39m [36mo.s.s.c.a.web.builders.WebSecurity      [0;39m [35m:289 [0;39m You are asking Spring Security to ignore Mvc [pattern='/ubs/monobank/payments']. This is not recommended -- please use permitAll via HttpSecurity#authorizeHttpRequests instead.
[2025-04-02 23:51:43] [34mINFO[0;39m [36mo.s.s.web.DefaultSecurityFilterChain    [0;39m [35m:51  [0;39m Will not secure Mvc [pattern='/ubs/monobank/payments']
[2025-04-02 23:51:43] [31mWARN[0;39m [36mion$DefaultTemplateResolverConfiguration[0;39m [35m:101 [0;39m Cannot find template location: classpath:/templates/ (please add some templates, check your Thymeleaf configuration, or set spring.thymeleaf.check-template-location=false)
[2025-04-02 23:51:44] [34mINFO[0;39m [36mo.apache.coyote.http11.Http11NioProtocol[0;39m [35m:173 [0;39m Starting ProtocolHandler ["http-nio-8050"]
[2025-04-02 23:51:44] [34mINFO[0;39m [36mo.s.b.w.embedded.tomcat.TomcatWebServer [0;39m [35m:241 [0;39m Tomcat started on port 8050 (http) with context path ''
[2025-04-02 23:51:44] [34mINFO[0;39m [36mgreencity.UbsApplication                [0;39m [35m:56  [0;39m Started UbsApplication in 14.907 seconds (process running for 16.004)
[2025-04-02 23:51:44] [34mINFO[0;39m [36mg.service.ubs.OrderLockServiceImpl      [0;39m [35m:60  [0;39m Time: 2025-04-02T23:46:44.055774600
[2025-04-02 23:51:44] [34mINFO[0;39m [36mg.service.ubs.OrderLockServiceImpl      [0;39m [35m:62  [0;39m Unlock orders
[2025-04-02 23:51:44] [34mINFO[0;39m [36mg.n.scheduler.NotificationTaskScheduler [0;39m [35m:39  [0;39m Failed to start scheduled notificator with type VIOLATION_THE_RULES because cron is incorrect or template is inactive.
[2025-04-02 23:51:44] [34mINFO[0;39m [36mg.n.scheduler.NotificationTaskScheduler [0;39m [35m:39  [0;39m Failed to start scheduled notificator with type CANCELED_VIOLATION_THE_RULES_BY_THE_MANAGER because cron is incorrect or template is inactive.
[2025-04-02 23:51:44] [34mINFO[0;39m [36mg.n.scheduler.NotificationTaskScheduler [0;39m [35m:39  [0;39m Failed to start scheduled notificator with type ORDER_STATUS_CHANGED because cron is incorrect or template is inactive.
[2025-04-02 23:51:44] [34mINFO[0;39m [36mg.n.scheduler.NotificationTaskScheduler [0;39m [35m:39  [0;39m Failed to start scheduled notificator with type CHANGED_IN_RULE_VIOLATION_STATUS because cron is incorrect or template is inactive.
[2025-04-02 23:51:44] [34mINFO[0;39m [36mg.n.scheduler.NotificationTaskScheduler [0;39m [35m:39  [0;39m Failed to start scheduled notificator with type COURIER_ITINERARY_FORMED because cron is incorrect or template is inactive.
[2025-04-02 23:51:44] [34mINFO[0;39m [36mg.n.scheduler.NotificationTaskScheduler [0;39m [35m:39  [0;39m Failed to start scheduled notificator with type DONE_OR_CANCELED_UNPAID_ORDER because cron is incorrect or template is inactive.
[2025-04-02 23:51:44] [34mINFO[0;39m [36mg.n.scheduler.NotificationTaskScheduler [0;39m [35m:39  [0;39m Failed to start scheduled notificator with type HALF_PAID_ORDER_WITH_STATUS_BROUGHT_BY_HIMSELF because cron is incorrect or template is inactive.
[2025-04-02 23:51:44] [34mINFO[0;39m [36mg.n.scheduler.NotificationTaskScheduler [0;39m [35m:29  [0;39m Scheduled notificator for LETS_STAY_CONNECTED notification template by 0 0 18 * * ? cron
[2025-04-02 23:51:44] [34mINFO[0;39m [36mg.n.scheduler.NotificationTaskScheduler [0;39m [35m:29  [0;39m Scheduled notificator for UNPAID_ORDER notification template by 0 0 18 * * ? cron
[2025-04-02 23:51:44] [34mINFO[0;39m [36mg.n.scheduler.NotificationTaskScheduler [0;39m [35m:39  [0;39m Failed to start scheduled notificator with type UNPAID_PACKAGE because cron is incorrect or template is inactive.
[2025-04-02 23:52:16] [34mINFO[0;39m [36mo.a.c.c.C.[Tomcat].[localhost].[/]      [0;39m [35m:173 [0;39m Initializing Spring DispatcherServlet 'dispatcherServlet'
[2025-04-02 23:52:16] [34mINFO[0;39m [36mo.s.web.servlet.DispatcherServlet       [0;39m [35m:532 [0;39m Initializing Servlet 'dispatcherServlet'
[2025-04-02 23:52:16] [34mINFO[0;39m [36mo.s.web.servlet.DispatcherServlet       [0;39m [35m:554 [0;39m Completed initialization in 3 ms
[2025-04-02 23:52:16] [31mWARN[0;39m [36mo.s.w.s.h.HandlerMappingIntrospector    [0;39m [35m:458 [0;39m Cache miss for REQUEST dispatch to '/notifications/quantityUnreadenNotifications' (previous null). Performing MatchableHandlerMapping lookup. This is logged once only at WARN level, and every time at TRACE.
[2025-04-02 23:52:16] [34mINFO[0;39m [36mg.s.f.AccessTokenAuthenticationFilter   [0;39m [35m:54  [0;39m token: eyJhbGciOiJIUzI1NiJ9.eyJzdWIiOiJvLmJ1bGhha292YS5jaGlAZ21haWwuY29tIiwicm9sZSI6WyJST0xFX1VTRVIiXSwiZXhwIjoxNzQzNjI5MDQ2LCJpYXQiOjE3NDM2MjE4NDZ9.6y1wXneUsX3InjJ__BHnSeof9KLGgebWaNJB1mG18V4
[2025-04-02 23:52:16] [34mINFO[0;39m [36mg.s.f.AccessTokenAuthenticationFilter   [0;39m [35m:54  [0;39m token: eyJhbGciOiJIUzI1NiJ9.eyJzdWIiOiJvLmJ1bGhha292YS5jaGlAZ21haWwuY29tIiwicm9sZSI6WyJST0xFX1VTRVIiXSwiZXhwIjoxNzQzNjI5MDQ2LCJpYXQiOjE3NDM2MjE4NDZ9.6y1wXneUsX3InjJ__BHnSeof9KLGgebWaNJB1mG18V4
[2025-04-02 23:52:16] [34mINFO[0;39m [36mg.s.f.AccessTokenAuthenticationFilter   [0;39m [35m:62  [0;39m user: Optional[UserVO(id=5, email=o.bulhakova.chi@gmail.com, languageVO=greencity.dto.language.LanguageVO@1ab8)]
[2025-04-02 23:52:16] [34mINFO[0;39m [36mg.s.f.AccessTokenAuthenticationFilter   [0;39m [35m:62  [0;39m user: Optional[UserVO(id=5, email=o.bulhakova.chi@gmail.com, languageVO=greencity.dto.language.LanguageVO@1ab8)]
[2025-04-02 23:52:16] [34mINFO[0;39m [36mg.s.f.AccessTokenAuthenticationFilter   [0;39m [35m:54  [0;39m token: eyJhbGciOiJIUzI1NiJ9.eyJzdWIiOiJvLmJ1bGhha292YS5jaGlAZ21haWwuY29tIiwicm9sZSI6WyJST0xFX1VTRVIiXSwiZXhwIjoxNzQzNjI5MDQ2LCJpYXQiOjE3NDM2MjE4NDZ9.6y1wXneUsX3InjJ__BHnSeof9KLGgebWaNJB1mG18V4
[2025-04-02 23:52:16] [34mINFO[0;39m [36mg.s.f.AccessTokenAuthenticationFilter   [0;39m [35m:62  [0;39m user: Optional[UserVO(id=5, email=o.bulhakova.chi@gmail.com, languageVO=greencity.dto.language.LanguageVO@1ab8)]
[2025-04-02 23:52:17] [34mINFO[0;39m [36mg.s.f.AccessTokenAuthenticationFilter   [0;39m [35m:54  [0;39m token: eyJhbGciOiJIUzI1NiJ9.eyJzdWIiOiJvLmJ1bGhha292YS5jaGlAZ21haWwuY29tIiwicm9sZSI6WyJST0xFX1VTRVIiXSwiZXhwIjoxNzQzNjI5MDQ2LCJpYXQiOjE3NDM2MjE4NDZ9.6y1wXneUsX3InjJ__BHnSeof9KLGgebWaNJB1mG18V4
[2025-04-02 23:52:17] [34mINFO[0;39m [36mg.s.f.AccessTokenAuthenticationFilter   [0;39m [35m:62  [0;39m user: Optional[UserVO(id=5, email=o.bulhakova.chi@gmail.com, languageVO=greencity.dto.language.LanguageVO@1ab8)]
[2025-04-02 23:52:44] [34mINFO[0;39m [36mg.service.ubs.OrderLockServiceImpl      [0;39m [35m:60  [0;39m Time: 2025-04-02T23:47:44.052750800
[2025-04-02 23:52:44] [34mINFO[0;39m [36mg.service.ubs.OrderLockServiceImpl      [0;39m [35m:62  [0;39m Unlock orders
[2025-04-02 23:53:44] [34mINFO[0;39m [36mg.service.ubs.OrderLockServiceImpl      [0;39m [35m:60  [0;39m Time: 2025-04-02T23:48:44.049695700
[2025-04-02 23:53:44] [34mINFO[0;39m [36mg.service.ubs.OrderLockServiceImpl      [0;39m [35m:62  [0;39m Unlock orders
[2025-04-02 23:54:44] [34mINFO[0;39m [36mg.service.ubs.OrderLockServiceImpl      [0;39m [35m:60  [0;39m Time: 2025-04-02T23:49:44.050356400
[2025-04-02 23:54:44] [34mINFO[0;39m [36mg.service.ubs.OrderLockServiceImpl      [0;39m [35m:62  [0;39m Unlock orders
[2025-04-02 23:55:44] [34mINFO[0;39m [36mg.service.ubs.OrderLockServiceImpl      [0;39m [35m:60  [0;39m Time: 2025-04-02T23:50:44.049150700
[2025-04-02 23:55:44] [34mINFO[0;39m [36mg.service.ubs.OrderLockServiceImpl      [0;39m [35m:62  [0;39m Unlock orders
[2025-04-02 23:56:37] [34mINFO[0;39m [36mj.LocalContainerEntityManagerFactoryBean[0;39m [35m:650 [0;39m Closing JPA EntityManagerFactory for persistence unit 'default'
[2025-04-02 23:56:37] [34mINFO[0;39m [36mcom.zaxxer.hikari.HikariDataSource      [0;39m [35m:350 [0;39m HikariPool-1 - Shutdown initiated...
[2025-04-02 23:56:37] [34mINFO[0;39m [36mcom.zaxxer.hikari.HikariDataSource      [0;39m [35m:352 [0;39m HikariPool-1 - Shutdown completed.
[2025-04-02 23:56:41] [34mINFO[0;39m [36mo.h.validator.internal.util.Version     [0;39m [35m:21  [0;39m HV000001: Hibernate Validator 8.0.1.Final
[2025-04-02 23:56:41] [34mINFO[0;39m [36mgreencity.UbsApplication                [0;39m [35m:50  [0;39m Starting UbsApplication using Java 21.0.5 with PID 29020 (C:\Users\o.bulhakova\IdeaProjects\project\GreenCityUBS\core\target\classes started by o.bulhakova in C:\Users\o.bulhakova\IdeaProjects\project\GreenCityUBS)
[2025-04-02 23:56:41] [34mINFO[0;39m [36mgreencity.UbsApplication                [0;39m [35m:660 [0;39m The following 1 profile is active: "dev"
[2025-04-02 23:56:41] [34mINFO[0;39m [36m.e.DevToolsPropertyDefaultsPostProcessor[0;39m [35m:252 [0;39m Devtools property defaults active! Set 'spring.devtools.add-properties' to 'false' to disable
[2025-04-02 23:56:41] [34mINFO[0;39m [36m.e.DevToolsPropertyDefaultsPostProcessor[0;39m [35m:252 [0;39m For additional web related logging consider setting the 'logging.level.web' property to 'DEBUG'
[2025-04-02 23:56:43] [34mINFO[0;39m [36m.s.d.r.c.RepositoryConfigurationDelegate[0;39m [35m:139 [0;39m Bootstrapping Spring Data JPA repositories in DEFAULT mode.
[2025-04-02 23:56:43] [34mINFO[0;39m [36m.s.d.r.c.RepositoryConfigurationDelegate[0;39m [35m:208 [0;39m Finished Spring Data repository scanning in 313 ms. Found 36 JPA repository interfaces.
[2025-04-02 23:56:43] [34mINFO[0;39m [36mo.s.cloud.context.scope.GenericScope    [0;39m [35m:282 [0;39m BeanFactory id=946dfe5b-ebbd-3bb0-96ba-f3cc67a34d79
[2025-04-02 23:56:44] [34mINFO[0;39m [36mo.s.b.w.embedded.tomcat.TomcatWebServer [0;39m [35m:109 [0;39m Tomcat initialized with port 8050 (http)
[2025-04-02 23:56:44] [34mINFO[0;39m [36mo.apache.coyote.http11.Http11NioProtocol[0;39m [35m:173 [0;39m Initializing ProtocolHandler ["http-nio-8050"]
[2025-04-02 23:56:44] [34mINFO[0;39m [36mo.apache.catalina.core.StandardService  [0;39m [35m:173 [0;39m Starting service [Tomcat]
[2025-04-02 23:56:44] [34mINFO[0;39m [36morg.apache.catalina.core.StandardEngine [0;39m [35m:173 [0;39m Starting Servlet engine: [Apache Tomcat/10.1.18]
[2025-04-02 23:56:44] [34mINFO[0;39m [36mo.a.c.c.C.[Tomcat].[localhost].[/]      [0;39m [35m:173 [0;39m Initializing Spring embedded WebApplicationContext
[2025-04-02 23:56:44] [34mINFO[0;39m [36mw.s.c.ServletWebServerApplicationContext[0;39m [35m:296 [0;39m Root WebApplicationContext: initialization completed in 2906 ms
[2025-04-02 23:56:45] [34mINFO[0;39m [36mliquibase.database                      [0;39m [35m:37  [0;39m Set default schema name to public
[2025-04-02 23:56:47] [34mINFO[0;39m [36mliquibase.changelog                     [0;39m [35m:37  [0;39m Reading from public.databasechangelog
[2025-04-02 23:56:47] [34mINFO[0;39m [36mliquibase.ui                            [0;39m [35m:37  [0;39m Database is up to date, no changesets to execute
[2025-04-02 23:56:47] [34mINFO[0;39m [36mliquibase.changelog                     [0;39m [35m:37  [0;39m Reading from public.databasechangelog
[2025-04-02 23:56:47] [34mINFO[0;39m [36mliquibase.util                          [0;39m [35m:37  [0;39m UPDATE SUMMARY
[2025-04-02 23:56:47] [34mINFO[0;39m [36mliquibase.util                          [0;39m [35m:37  [0;39m Run:                          0
[2025-04-02 23:56:47] [34mINFO[0;39m [36mliquibase.util                          [0;39m [35m:37  [0;39m Previously run:             362
[2025-04-02 23:56:47] [34mINFO[0;39m [36mliquibase.util                          [0;39m [35m:37  [0;39m Filtered out:                 0
[2025-04-02 23:56:47] [34mINFO[0;39m [36mliquibase.util                          [0;39m [35m:37  [0;39m -------------------------------
[2025-04-02 23:56:47] [34mINFO[0;39m [36mliquibase.util                          [0;39m [35m:37  [0;39m Total change sets:          362
[2025-04-02 23:56:47] [34mINFO[0;39m [36mliquibase.util                          [0;39m [35m:37  [0;39m Update summary generated
[2025-04-02 23:56:47] [34mINFO[0;39m [36mliquibase.lockservice                   [0;39m [35m:37  [0;39m Successfully released change log lock
[2025-04-02 23:56:47] [34mINFO[0;39m [36mliquibase.command                       [0;39m [35m:37  [0;39m Command execution complete
[2025-04-02 23:56:47] [34mINFO[0;39m [36mo.hibernate.jpa.internal.util.LogHelper [0;39m [35m:31  [0;39m HHH000204: Processing PersistenceUnitInfo [name: default]
[2025-04-02 23:56:48] [34mINFO[0;39m [36morg.hibernate.Version                   [0;39m [35m:44  [0;39m HHH000412: Hibernate ORM core version 6.4.1.Final
[2025-04-02 23:56:48] [34mINFO[0;39m [36mo.h.c.internal.RegionFactoryInitiator   [0;39m [35m:50  [0;39m HHH000026: Second-level cache disabled
[2025-04-02 23:56:48] [34mINFO[0;39m [36mo.s.o.j.p.SpringPersistenceUnitInfo     [0;39m [35m:87  [0;39m No LoadTimeWeaver setup: ignoring JPA class transformer
[2025-04-02 23:56:48] [34mINFO[0;39m [36mcom.zaxxer.hikari.HikariDataSource      [0;39m [35m:110 [0;39m HikariPool-1 - Starting...
[2025-04-02 23:56:48] [34mINFO[0;39m [36mcom.zaxxer.hikari.pool.HikariPool       [0;39m [35m:565 [0;39m HikariPool-1 - Added connection org.postgresql.jdbc.PgConnection@3d2306d1
[2025-04-02 23:56:48] [34mINFO[0;39m [36mcom.zaxxer.hikari.HikariDataSource      [0;39m [35m:123 [0;39m HikariPool-1 - Start completed.
[2025-04-02 23:56:49] [31mWARN[0;39m [36morg.hibernate.mapping.RootClass         [0;39m [35m:341 [0;39m HHH000038: Composite-id class does not override equals(): greencity.entity.user.employee.EmployeeFilterViewId
[2025-04-02 23:56:49] [31mWARN[0;39m [36morg.hibernate.mapping.RootClass         [0;39m [35m:344 [0;39m HHH000039: Composite-id class does not override hashCode(): greencity.entity.user.employee.EmployeeFilterViewId
[2025-04-02 23:56:50] [31mWARN[0;39m [36mo.h.metamodel.internal.MetadataContext  [0;39m [35m:727 [0;39m HHH015011: Unable to locate static metamodel field : greencity.entity.user.employee.EmployeeFilterViewId_#employeeId; this may or may not indicate a problem with the static metamodel
[2025-04-02 23:56:50] [31mWARN[0;39m [36mo.h.metamodel.internal.MetadataContext  [0;39m [35m:727 [0;39m HHH015011: Unable to locate static metamodel field : greencity.entity.user.employee.EmployeeFilterViewId_#positionId; this may or may not indicate a problem with the static metamodel
[2025-04-02 23:56:50] [34mINFO[0;39m [36mo.h.e.t.j.p.i.JtaPlatformInitiator      [0;39m [35m:58  [0;39m HHH000489: No JTA platform available (set 'hibernate.transaction.jta.platform' to enable JTA platform integration)
[2025-04-02 23:56:50] [34mINFO[0;39m [36mj.LocalContainerEntityManagerFactoryBean[0;39m [35m:437 [0;39m Initialized JPA EntityManagerFactory for persistence unit 'default'
[2025-04-02 23:56:50] [31mWARN[0;39m [36mJpaBaseConfiguration$JpaWebConfiguration[0;39m [35m:232 [0;39m spring.jpa.open-in-view is enabled by default. Therefore, database queries may be performed during view rendering. Explicitly configure spring.jpa.open-in-view to disable this warning
[2025-04-02 23:56:50] [31mWARN[0;39m [36mo.s.b.d.a.OptionalLiveReloadServer      [0;39m [35m:62  [0;39m Unable to start LiveReload server
[2025-04-02 23:56:51] [34mINFO[0;39m [36mo.s.d.j.r.query.QueryEnhancerFactory    [0;39m [35m:49  [0;39m Hibernate is in classpath; If applicable, HQL parser will be used.
[2025-04-02 23:56:55] [34mINFO[0;39m [36mo.s.s.web.DefaultSecurityFilterChain    [0;39m [35m:54  [0;39m Will secure any request with [org.springframework.security.web.session.DisableEncodeUrlFilter@5d314997, org.springframework.security.web.context.request.async.WebAsyncManagerIntegrationFilter@7c26b720, org.springframework.security.web.context.SecurityContextHolderFilter@3d015752, org.springframework.security.web.header.HeaderWriterFilter@40b67f55, org.springframework.web.filter.CorsFilter@6ff6f83b, org.springframework.security.web.authentication.logout.LogoutFilter@eecb7cc, greencity.security.filters.AccessTokenAuthenticationFilter@39e13dec, org.springframework.security.web.savedrequest.RequestCacheAwareFilter@9fe12e2, org.springframework.security.web.servletapi.SecurityContextHolderAwareRequestFilter@4cb597be, org.springframework.security.web.authentication.AnonymousAuthenticationFilter@6ecba6b6, org.springframework.security.web.session.SessionManagementFilter@302e0f3c, org.springframework.security.web.access.ExceptionTranslationFilter@353be721, org.springframework.security.web.access.intercept.AuthorizationFilter@48db631c]
[2025-04-02 23:56:55] [31mWARN[0;39m [36mo.s.s.c.a.web.builders.WebSecurity      [0;39m [35m:289 [0;39m You are asking Spring Security to ignore Mvc [pattern='/ubs/receivePayment']. This is not recommended -- please use permitAll via HttpSecurity#authorizeHttpRequests instead.
[2025-04-02 23:56:55] [34mINFO[0;39m [36mo.s.s.web.DefaultSecurityFilterChain    [0;39m [35m:51  [0;39m Will not secure Mvc [pattern='/ubs/receivePayment']
[2025-04-02 23:56:55] [31mWARN[0;39m [36mo.s.s.c.a.web.builders.WebSecurity      [0;39m [35m:289 [0;39m You are asking Spring Security to ignore Mvc [pattern='/ubs/monobank/payments']. This is not recommended -- please use permitAll via HttpSecurity#authorizeHttpRequests instead.
[2025-04-02 23:56:55] [34mINFO[0;39m [36mo.s.s.web.DefaultSecurityFilterChain    [0;39m [35m:51  [0;39m Will not secure Mvc [pattern='/ubs/monobank/payments']
[2025-04-02 23:56:55] [31mWARN[0;39m [36mion$DefaultTemplateResolverConfiguration[0;39m [35m:101 [0;39m Cannot find template location: classpath:/templates/ (please add some templates, check your Thymeleaf configuration, or set spring.thymeleaf.check-template-location=false)
[2025-04-02 23:56:56] [34mINFO[0;39m [36mo.apache.coyote.http11.Http11NioProtocol[0;39m [35m:173 [0;39m Starting ProtocolHandler ["http-nio-8050"]
[2025-04-02 23:56:56] [34mINFO[0;39m [36mo.s.b.w.embedded.tomcat.TomcatWebServer [0;39m [35m:241 [0;39m Tomcat started on port 8050 (http) with context path ''
[2025-04-02 23:56:56] [34mINFO[0;39m [36mgreencity.UbsApplication                [0;39m [35m:56  [0;39m Started UbsApplication in 15.31 seconds (process running for 16.394)
[2025-04-02 23:56:56] [34mINFO[0;39m [36mg.service.ubs.OrderLockServiceImpl      [0;39m [35m:60  [0;39m Time: 2025-04-02T23:51:56.434816200
[2025-04-02 23:56:56] [34mINFO[0;39m [36mg.service.ubs.OrderLockServiceImpl      [0;39m [35m:62  [0;39m Unlock orders
[2025-04-02 23:56:56] [34mINFO[0;39m [36mg.n.scheduler.NotificationTaskScheduler [0;39m [35m:39  [0;39m Failed to start scheduled notificator with type VIOLATION_THE_RULES because cron is incorrect or template is inactive.
[2025-04-02 23:56:56] [34mINFO[0;39m [36mg.n.scheduler.NotificationTaskScheduler [0;39m [35m:39  [0;39m Failed to start scheduled notificator with type CANCELED_VIOLATION_THE_RULES_BY_THE_MANAGER because cron is incorrect or template is inactive.
[2025-04-02 23:56:56] [34mINFO[0;39m [36mg.n.scheduler.NotificationTaskScheduler [0;39m [35m:39  [0;39m Failed to start scheduled notificator with type ORDER_STATUS_CHANGED because cron is incorrect or template is inactive.
[2025-04-02 23:56:56] [34mINFO[0;39m [36mg.n.scheduler.NotificationTaskScheduler [0;39m [35m:39  [0;39m Failed to start scheduled notificator with type CHANGED_IN_RULE_VIOLATION_STATUS because cron is incorrect or template is inactive.
[2025-04-02 23:56:56] [34mINFO[0;39m [36mg.n.scheduler.NotificationTaskScheduler [0;39m [35m:39  [0;39m Failed to start scheduled notificator with type COURIER_ITINERARY_FORMED because cron is incorrect or template is inactive.
[2025-04-02 23:56:56] [34mINFO[0;39m [36mg.n.scheduler.NotificationTaskScheduler [0;39m [35m:39  [0;39m Failed to start scheduled notificator with type DONE_OR_CANCELED_UNPAID_ORDER because cron is incorrect or template is inactive.
[2025-04-02 23:56:56] [34mINFO[0;39m [36mg.n.scheduler.NotificationTaskScheduler [0;39m [35m:39  [0;39m Failed to start scheduled notificator with type HALF_PAID_ORDER_WITH_STATUS_BROUGHT_BY_HIMSELF because cron is incorrect or template is inactive.
[2025-04-02 23:56:56] [34mINFO[0;39m [36mg.n.scheduler.NotificationTaskScheduler [0;39m [35m:29  [0;39m Scheduled notificator for LETS_STAY_CONNECTED notification template by 0 0 18 * * ? cron
[2025-04-02 23:56:56] [34mINFO[0;39m [36mg.n.scheduler.NotificationTaskScheduler [0;39m [35m:29  [0;39m Scheduled notificator for UNPAID_ORDER notification template by 0 0 18 * * ? cron
[2025-04-02 23:56:56] [34mINFO[0;39m [36mg.n.scheduler.NotificationTaskScheduler [0;39m [35m:39  [0;39m Failed to start scheduled notificator with type UNPAID_PACKAGE because cron is incorrect or template is inactive.
[2025-04-02 23:57:29] [34mINFO[0;39m [36mo.a.c.c.C.[Tomcat].[localhost].[/]      [0;39m [35m:173 [0;39m Initializing Spring DispatcherServlet 'dispatcherServlet'
[2025-04-02 23:57:29] [34mINFO[0;39m [36mo.s.web.servlet.DispatcherServlet       [0;39m [35m:532 [0;39m Initializing Servlet 'dispatcherServlet'
[2025-04-02 23:57:29] [34mINFO[0;39m [36mo.s.web.servlet.DispatcherServlet       [0;39m [35m:554 [0;39m Completed initialization in 4 ms
[2025-04-02 23:57:29] [31mWARN[0;39m [36mo.s.w.s.h.HandlerMappingIntrospector    [0;39m [35m:458 [0;39m Cache miss for REQUEST dispatch to '/notifications/quantityUnreadenNotifications' (previous null). Performing MatchableHandlerMapping lookup. This is logged once only at WARN level, and every time at TRACE.
[2025-04-02 23:57:29] [34mINFO[0;39m [36mg.s.f.AccessTokenAuthenticationFilter   [0;39m [35m:54  [0;39m token: eyJhbGciOiJIUzI1NiJ9.eyJzdWIiOiJvLmJ1bGhha292YS5jaGlAZ21haWwuY29tIiwicm9sZSI6WyJST0xFX1VTRVIiXSwiZXhwIjoxNzQzNjI5MDQ2LCJpYXQiOjE3NDM2MjE4NDZ9.6y1wXneUsX3InjJ__BHnSeof9KLGgebWaNJB1mG18V4
[2025-04-02 23:57:29] [34mINFO[0;39m [36mg.s.f.AccessTokenAuthenticationFilter   [0;39m [35m:54  [0;39m token: eyJhbGciOiJIUzI1NiJ9.eyJzdWIiOiJvLmJ1bGhha292YS5jaGlAZ21haWwuY29tIiwicm9sZSI6WyJST0xFX1VTRVIiXSwiZXhwIjoxNzQzNjI5MDQ2LCJpYXQiOjE3NDM2MjE4NDZ9.6y1wXneUsX3InjJ__BHnSeof9KLGgebWaNJB1mG18V4
[2025-04-02 23:57:29] [34mINFO[0;39m [36mg.s.f.AccessTokenAuthenticationFilter   [0;39m [35m:62  [0;39m user: Optional[UserVO(id=5, email=o.bulhakova.chi@gmail.com, languageVO=greencity.dto.language.LanguageVO@1ab8)]
[2025-04-02 23:57:29] [34mINFO[0;39m [36mg.s.f.AccessTokenAuthenticationFilter   [0;39m [35m:62  [0;39m user: Optional[UserVO(id=5, email=o.bulhakova.chi@gmail.com, languageVO=greencity.dto.language.LanguageVO@1ab8)]
[2025-04-02 23:57:30] [34mINFO[0;39m [36mg.s.f.AccessTokenAuthenticationFilter   [0;39m [35m:54  [0;39m token: eyJhbGciOiJIUzI1NiJ9.eyJzdWIiOiJvLmJ1bGhha292YS5jaGlAZ21haWwuY29tIiwicm9sZSI6WyJST0xFX1VTRVIiXSwiZXhwIjoxNzQzNjI5MDQ2LCJpYXQiOjE3NDM2MjE4NDZ9.6y1wXneUsX3InjJ__BHnSeof9KLGgebWaNJB1mG18V4
[2025-04-02 23:57:30] [34mINFO[0;39m [36mg.s.f.AccessTokenAuthenticationFilter   [0;39m [35m:62  [0;39m user: Optional[UserVO(id=5, email=o.bulhakova.chi@gmail.com, languageVO=greencity.dto.language.LanguageVO@1ab8)]
[2025-04-02 23:57:30] [34mINFO[0;39m [36mg.s.f.AccessTokenAuthenticationFilter   [0;39m [35m:54  [0;39m token: eyJhbGciOiJIUzI1NiJ9.eyJzdWIiOiJvLmJ1bGhha292YS5jaGlAZ21haWwuY29tIiwicm9sZSI6WyJST0xFX1VTRVIiXSwiZXhwIjoxNzQzNjI5MDQ2LCJpYXQiOjE3NDM2MjE4NDZ9.6y1wXneUsX3InjJ__BHnSeof9KLGgebWaNJB1mG18V4
[2025-04-02 23:57:30] [34mINFO[0;39m [36mg.s.f.AccessTokenAuthenticationFilter   [0;39m [35m:62  [0;39m user: Optional[UserVO(id=5, email=o.bulhakova.chi@gmail.com, languageVO=greencity.dto.language.LanguageVO@1ab8)]
[2025-04-02 23:57:56] [34mINFO[0;39m [36mg.service.ubs.OrderLockServiceImpl      [0;39m [35m:60  [0;39m Time: 2025-04-02T23:52:56.422766200
[2025-04-02 23:57:56] [34mINFO[0;39m [36mg.service.ubs.OrderLockServiceImpl      [0;39m [35m:62  [0;39m Unlock orders
[2025-04-02 23:58:56] [34mINFO[0;39m [36mg.service.ubs.OrderLockServiceImpl      [0;39m [35m:60  [0;39m Time: 2025-04-02T23:53:56.425795200
[2025-04-02 23:58:56] [34mINFO[0;39m [36mg.service.ubs.OrderLockServiceImpl      [0;39m [35m:62  [0;39m Unlock orders
[2025-04-02 23:59:56] [34mINFO[0;39m [36mg.service.ubs.OrderLockServiceImpl      [0;39m [35m:60  [0;39m Time: 2025-04-02T23:54:56.431436600
[2025-04-02 23:59:56] [34mINFO[0;39m [36mg.service.ubs.OrderLockServiceImpl      [0;39m [35m:62  [0;39m Unlock orders
