[2025-04-18 00:00:00] [34mINFO[0;39m [36mgreencity.config.OrderStatusScheduler   [0;39m [35m:23  [0;39m Update order status from actual status to expected status by the day of export
[2025-04-18 00:00:00] [34mINFO[0;39m [36mgreencity.config.CertificatesScheduler  [0;39m [35m:26  [0;39m Changing certificates status if expiration date has expired
[2025-04-18 00:00:39] [34mINFO[0;39m [36mg.service.ubs.OrderLockServiceImpl      [0;39m [35m:60  [0;39m Time: 2025-04-17T23:55:39.187883600
[2025-04-18 00:00:39] [34mINFO[0;39m [36mg.service.ubs.OrderLockServiceImpl      [0;39m [35m:62  [0;39m Unlock orders
[2025-04-18 00:01:39] [34mINFO[0;39m [36mg.service.ubs.OrderLockServiceImpl      [0;39m [35m:60  [0;39m Time: 2025-04-17T23:56:39.183106
[2025-04-18 00:01:39] [34mINFO[0;39m [36mg.service.ubs.OrderLockServiceImpl      [0;39m [35m:62  [0;39m Unlock orders
[2025-04-18 00:02:39] [34mINFO[0;39m [36mg.service.ubs.OrderLockServiceImpl      [0;39m [35m:60  [0;39m Time: 2025-04-17T23:57:39.183009100
[2025-04-18 00:02:39] [34mINFO[0;39m [36mg.service.ubs.OrderLockServiceImpl      [0;39m [35m:62  [0;39m Unlock orders
[2025-04-18 00:03:39] [34mINFO[0;39m [36mg.service.ubs.OrderLockServiceImpl      [0;39m [35m:60  [0;39m Time: 2025-04-17T23:58:39.181632
[2025-04-18 00:03:39] [34mINFO[0;39m [36mg.service.ubs.OrderLockServiceImpl      [0;39m [35m:62  [0;39m Unlock orders
[2025-04-18 00:04:39] [34mINFO[0;39m [36mg.service.ubs.OrderLockServiceImpl      [0;39m [35m:60  [0;39m Time: 2025-04-17T23:59:39.178277400
[2025-04-18 00:04:39] [34mINFO[0;39m [36mg.service.ubs.OrderLockServiceImpl      [0;39m [35m:62  [0;39m Unlock orders
[2025-04-18 00:05:39] [34mINFO[0;39m [36mg.service.ubs.OrderLockServiceImpl      [0;39m [35m:60  [0;39m Time: 2025-04-18T00:00:39.178891200
[2025-04-18 00:05:39] [34mINFO[0;39m [36mg.service.ubs.OrderLockServiceImpl      [0;39m [35m:62  [0;39m Unlock orders
[2025-04-18 00:06:39] [34mINFO[0;39m [36mg.service.ubs.OrderLockServiceImpl      [0;39m [35m:60  [0;39m Time: 2025-04-18T00:01:39.183211
[2025-04-18 00:06:39] [34mINFO[0;39m [36mg.service.ubs.OrderLockServiceImpl      [0;39m [35m:62  [0;39m Unlock orders
[2025-04-18 00:07:39] [34mINFO[0;39m [36mg.service.ubs.OrderLockServiceImpl      [0;39m [35m:60  [0;39m Time: 2025-04-18T00:02:39.169544800
[2025-04-18 00:07:39] [34mINFO[0;39m [36mg.service.ubs.OrderLockServiceImpl      [0;39m [35m:62  [0;39m Unlock orders
[2025-04-18 00:08:39] [34mINFO[0;39m [36mg.service.ubs.OrderLockServiceImpl      [0;39m [35m:60  [0;39m Time: 2025-04-18T00:03:39.171062500
[2025-04-18 00:08:39] [34mINFO[0;39m [36mg.service.ubs.OrderLockServiceImpl      [0;39m [35m:62  [0;39m Unlock orders
[2025-04-18 00:09:39] [34mINFO[0;39m [36mg.service.ubs.OrderLockServiceImpl      [0;39m [35m:60  [0;39m Time: 2025-04-18T00:04:39.182510400
[2025-04-18 00:09:39] [34mINFO[0;39m [36mg.service.ubs.OrderLockServiceImpl      [0;39m [35m:62  [0;39m Unlock orders
[2025-04-18 00:10:39] [34mINFO[0;39m [36mg.service.ubs.OrderLockServiceImpl      [0;39m [35m:60  [0;39m Time: 2025-04-18T00:05:39.181562900
[2025-04-18 00:10:39] [34mINFO[0;39m [36mg.service.ubs.OrderLockServiceImpl      [0;39m [35m:62  [0;39m Unlock orders
[2025-04-18 00:11:39] [34mINFO[0;39m [36mg.service.ubs.OrderLockServiceImpl      [0;39m [35m:60  [0;39m Time: 2025-04-18T00:06:39.171258700
[2025-04-18 00:11:39] [34mINFO[0;39m [36mg.service.ubs.OrderLockServiceImpl      [0;39m [35m:62  [0;39m Unlock orders
[2025-04-18 00:12:39] [34mINFO[0;39m [36mg.service.ubs.OrderLockServiceImpl      [0;39m [35m:60  [0;39m Time: 2025-04-18T00:07:39.177433600
[2025-04-18 00:12:39] [34mINFO[0;39m [36mg.service.ubs.OrderLockServiceImpl      [0;39m [35m:62  [0;39m Unlock orders
[2025-04-18 00:13:39] [34mINFO[0;39m [36mg.service.ubs.OrderLockServiceImpl      [0;39m [35m:60  [0;39m Time: 2025-04-18T00:08:39.182426500
[2025-04-18 00:13:39] [34mINFO[0;39m [36mg.service.ubs.OrderLockServiceImpl      [0;39m [35m:62  [0;39m Unlock orders
[2025-04-18 00:14:39] [34mINFO[0;39m [36mg.service.ubs.OrderLockServiceImpl      [0;39m [35m:60  [0;39m Time: 2025-04-18T00:09:39.183703300
[2025-04-18 00:14:39] [34mINFO[0;39m [36mg.service.ubs.OrderLockServiceImpl      [0;39m [35m:62  [0;39m Unlock orders
[2025-04-18 00:15:39] [34mINFO[0;39m [36mg.service.ubs.OrderLockServiceImpl      [0;39m [35m:60  [0;39m Time: 2025-04-18T00:10:39.170389100
[2025-04-18 00:15:39] [34mINFO[0;39m [36mg.service.ubs.OrderLockServiceImpl      [0;39m [35m:62  [0;39m Unlock orders
[2025-04-18 00:16:39] [34mINFO[0;39m [36mg.service.ubs.OrderLockServiceImpl      [0;39m [35m:60  [0;39m Time: 2025-04-18T00:11:39.175106400
[2025-04-18 00:16:39] [34mINFO[0;39m [36mg.service.ubs.OrderLockServiceImpl      [0;39m [35m:62  [0;39m Unlock orders
[2025-04-18 00:17:39] [34mINFO[0;39m [36mg.service.ubs.OrderLockServiceImpl      [0;39m [35m:60  [0;39m Time: 2025-04-18T00:12:39.180690
[2025-04-18 00:17:39] [34mINFO[0;39m [36mg.service.ubs.OrderLockServiceImpl      [0;39m [35m:62  [0;39m Unlock orders
[2025-04-18 00:18:39] [34mINFO[0;39m [36mg.service.ubs.OrderLockServiceImpl      [0;39m [35m:60  [0;39m Time: 2025-04-18T00:13:39.176189300
[2025-04-18 00:18:39] [34mINFO[0;39m [36mg.service.ubs.OrderLockServiceImpl      [0;39m [35m:62  [0;39m Unlock orders
[2025-04-18 00:19:39] [34mINFO[0;39m [36mg.service.ubs.OrderLockServiceImpl      [0;39m [35m:60  [0;39m Time: 2025-04-18T00:14:39.183080
[2025-04-18 00:19:39] [34mINFO[0;39m [36mg.service.ubs.OrderLockServiceImpl      [0;39m [35m:62  [0;39m Unlock orders
[2025-04-18 00:20:39] [34mINFO[0;39m [36mg.service.ubs.OrderLockServiceImpl      [0;39m [35m:60  [0;39m Time: 2025-04-18T00:15:39.182018300
[2025-04-18 00:20:39] [34mINFO[0;39m [36mg.service.ubs.OrderLockServiceImpl      [0;39m [35m:62  [0;39m Unlock orders
[2025-04-18 00:21:39] [34mINFO[0;39m [36mg.service.ubs.OrderLockServiceImpl      [0;39m [35m:60  [0;39m Time: 2025-04-18T00:16:39.178552100
[2025-04-18 00:21:39] [34mINFO[0;39m [36mg.service.ubs.OrderLockServiceImpl      [0;39m [35m:62  [0;39m Unlock orders
[2025-04-18 00:22:39] [34mINFO[0;39m [36mg.service.ubs.OrderLockServiceImpl      [0;39m [35m:60  [0;39m Time: 2025-04-18T00:17:39.172816900
[2025-04-18 00:22:39] [34mINFO[0;39m [36mg.service.ubs.OrderLockServiceImpl      [0;39m [35m:62  [0;39m Unlock orders
[2025-04-18 00:23:39] [34mINFO[0;39m [36mg.service.ubs.OrderLockServiceImpl      [0;39m [35m:60  [0;39m Time: 2025-04-18T00:18:39.179559100
[2025-04-18 00:23:39] [34mINFO[0;39m [36mg.service.ubs.OrderLockServiceImpl      [0;39m [35m:62  [0;39m Unlock orders
[2025-04-18 00:24:39] [34mINFO[0;39m [36mg.service.ubs.OrderLockServiceImpl      [0;39m [35m:60  [0;39m Time: 2025-04-18T00:19:39.178993100
[2025-04-18 00:24:39] [34mINFO[0;39m [36mg.service.ubs.OrderLockServiceImpl      [0;39m [35m:62  [0;39m Unlock orders
[2025-04-18 00:25:39] [34mINFO[0;39m [36mg.service.ubs.OrderLockServiceImpl      [0;39m [35m:60  [0;39m Time: 2025-04-18T00:20:39.176425900
[2025-04-18 00:25:39] [34mINFO[0;39m [36mg.service.ubs.OrderLockServiceImpl      [0;39m [35m:62  [0;39m Unlock orders
[2025-04-18 00:26:39] [34mINFO[0;39m [36mg.service.ubs.OrderLockServiceImpl      [0;39m [35m:60  [0;39m Time: 2025-04-18T00:21:39.174840600
[2025-04-18 00:26:39] [34mINFO[0;39m [36mg.service.ubs.OrderLockServiceImpl      [0;39m [35m:62  [0;39m Unlock orders
[2025-04-18 00:27:39] [34mINFO[0;39m [36mg.service.ubs.OrderLockServiceImpl      [0;39m [35m:60  [0;39m Time: 2025-04-18T00:22:39.180370200
[2025-04-18 00:27:39] [34mINFO[0;39m [36mg.service.ubs.OrderLockServiceImpl      [0;39m [35m:62  [0;39m Unlock orders
[2025-04-18 00:28:39] [34mINFO[0;39m [36mg.service.ubs.OrderLockServiceImpl      [0;39m [35m:60  [0;39m Time: 2025-04-18T00:23:39.180351100
[2025-04-18 00:28:39] [34mINFO[0;39m [36mg.service.ubs.OrderLockServiceImpl      [0;39m [35m:62  [0;39m Unlock orders
[2025-04-18 03:15:31] [31mWARN[0;39m [36mcom.zaxxer.hikari.pool.HikariPool       [0;39m [35m:804 [0;39m HikariPool-1 - Thread starvation or clock leap detected (housekeeper delta=2h46m19s464ms963µs).
[2025-04-18 04:34:00] [31mWARN[0;39m [36morg.postgresql.core.ConnectionFactory   [0;39m [35m:91  [0;39m Failed to closed stream with error: {0}
java.net.SocketException: Connection reset by peer
	at java.base/sun.nio.ch.SocketDispatcher.write0(Native Method)
	at java.base/sun.nio.ch.SocketDispatcher.write(SocketDispatcher.java:54)
	at java.base/sun.nio.ch.NioSocketImpl.tryWrite(NioSocketImpl.java:394)
	at java.base/sun.nio.ch.NioSocketImpl.implWrite(NioSocketImpl.java:410)
	at java.base/sun.nio.ch.NioSocketImpl.write(NioSocketImpl.java:440)
	at java.base/sun.nio.ch.NioSocketImpl$2.write(NioSocketImpl.java:819)
	at java.base/java.net.Socket$SocketOutputStream.write(Socket.java:1195)
	at java.base/java.io.BufferedOutputStream.flushBuffer(BufferedOutputStream.java:125)
	at java.base/java.io.BufferedOutputStream.implFlush(BufferedOutputStream.java:252)
	at java.base/java.io.BufferedOutputStream.flush(BufferedOutputStream.java:240)
	at java.base/java.io.FilterOutputStream.flush(FilterOutputStream.java:155)
	at org.postgresql.core.PGStream$1.close(PGStream.java:314)
	at java.base/sun.nio.cs.StreamEncoder.implClose(StreamEncoder.java:439)
	at java.base/sun.nio.cs.StreamEncoder.lockedClose(StreamEncoder.java:237)
	at java.base/sun.nio.cs.StreamEncoder.close(StreamEncoder.java:222)
	at java.base/java.io.OutputStreamWriter.close(OutputStreamWriter.java:266)
	at org.postgresql.core.PGStream.close(PGStream.java:747)
	at org.postgresql.core.ConnectionFactory.closeStream(ConnectionFactory.java:89)
	at org.postgresql.core.v3.ConnectionFactoryImpl.tryConnect(ConnectionFactoryImpl.java:207)
	at org.postgresql.core.v3.ConnectionFactoryImpl.openConnectionImpl(ConnectionFactoryImpl.java:258)
	at org.postgresql.core.ConnectionFactory.openConnection(ConnectionFactory.java:54)
	at org.postgresql.jdbc.PgConnection.<init>(PgConnection.java:263)
	at org.postgresql.Driver.makeConnection(Driver.java:443)
	at org.postgresql.Driver.connect(Driver.java:297)
	at com.zaxxer.hikari.util.DriverDataSource.getConnection(DriverDataSource.java:138)
	at com.zaxxer.hikari.pool.PoolBase.newConnection(PoolBase.java:359)
	at com.zaxxer.hikari.pool.PoolBase.newPoolEntry(PoolBase.java:201)
	at com.zaxxer.hikari.pool.HikariPool.createPoolEntry(HikariPool.java:470)
	at com.zaxxer.hikari.pool.HikariPool$PoolEntryCreator.call(HikariPool.java:733)
	at com.zaxxer.hikari.pool.HikariPool$PoolEntryCreator.call(HikariPool.java:712)
	at java.base/java.util.concurrent.FutureTask.run(FutureTask.java:317)
	at java.base/java.util.concurrent.ThreadPoolExecutor.runWorker(ThreadPoolExecutor.java:1144)
	at java.base/java.util.concurrent.ThreadPoolExecutor$Worker.run(ThreadPoolExecutor.java:642)
	at java.base/java.lang.Thread.run(Thread.java:1583)
[2025-04-18 05:33:53] [34mINFO[0;39m [36mg.service.ubs.OrderLockServiceImpl      [0;39m [35m:60  [0;39m Time: 2025-04-18T05:28:53.636974600
[2025-04-18 05:33:53] [34mINFO[0;39m [36mg.service.ubs.OrderLockServiceImpl      [0;39m [35m:62  [0;39m Unlock orders
[2025-04-18 05:33:53] [34mINFO[0;39m [36mg.service.ubs.OrderLockServiceImpl      [0;39m [35m:60  [0;39m Time: 2025-04-18T05:28:53.648136300
[2025-04-18 05:33:53] [34mINFO[0;39m [36mg.service.ubs.OrderLockServiceImpl      [0;39m [35m:62  [0;39m Unlock orders
[2025-04-18 05:33:53] [34mINFO[0;39m [36mg.service.ubs.OrderLockServiceImpl      [0;39m [35m:60  [0;39m Time: 2025-04-18T05:28:53.651153100
[2025-04-18 05:33:53] [34mINFO[0;39m [36mg.service.ubs.OrderLockServiceImpl      [0;39m [35m:62  [0;39m Unlock orders
[2025-04-18 05:33:53] [34mINFO[0;39m [36mg.service.ubs.OrderLockServiceImpl      [0;39m [35m:60  [0;39m Time: 2025-04-18T05:28:53.654150700
[2025-04-18 05:33:53] [34mINFO[0;39m [36mg.service.ubs.OrderLockServiceImpl      [0;39m [35m:62  [0;39m Unlock orders
[2025-04-18 05:33:53] [34mINFO[0;39m [36mg.service.ubs.OrderLockServiceImpl      [0;39m [35m:60  [0;39m Time: 2025-04-18T05:28:53.656154300
[2025-04-18 05:33:53] [34mINFO[0;39m [36mg.service.ubs.OrderLockServiceImpl      [0;39m [35m:62  [0;39m Unlock orders
[2025-04-18 05:33:53] [34mINFO[0;39m [36mg.service.ubs.OrderLockServiceImpl      [0;39m [35m:60  [0;39m Time: 2025-04-18T05:28:53.659148500
[2025-04-18 05:33:53] [34mINFO[0;39m [36mg.service.ubs.OrderLockServiceImpl      [0;39m [35m:62  [0;39m Unlock orders
[2025-04-18 05:33:53] [34mINFO[0;39m [36mg.service.ubs.OrderLockServiceImpl      [0;39m [35m:60  [0;39m Time: 2025-04-18T05:28:53.661150500
[2025-04-18 05:33:53] [34mINFO[0;39m [36mg.service.ubs.OrderLockServiceImpl      [0;39m [35m:62  [0;39m Unlock orders
[2025-04-18 05:33:53] [34mINFO[0;39m [36mg.service.ubs.OrderLockServiceImpl      [0;39m [35m:60  [0;39m Time: 2025-04-18T05:28:53.663151200
[2025-04-18 05:33:53] [34mINFO[0;39m [36mg.service.ubs.OrderLockServiceImpl      [0;39m [35m:62  [0;39m Unlock orders
[2025-04-18 05:33:53] [34mINFO[0;39m [36mg.service.ubs.OrderLockServiceImpl      [0;39m [35m:60  [0;39m Time: 2025-04-18T05:28:53.666151
[2025-04-18 05:33:53] [34mINFO[0;39m [36mg.service.ubs.OrderLockServiceImpl      [0;39m [35m:62  [0;39m Unlock orders
[2025-04-18 05:33:53] [34mINFO[0;39m [36mg.service.ubs.OrderLockServiceImpl      [0;39m [35m:60  [0;39m Time: 2025-04-18T05:28:53.668150200
[2025-04-18 05:33:53] [34mINFO[0;39m [36mg.service.ubs.OrderLockServiceImpl      [0;39m [35m:62  [0;39m Unlock orders
[2025-04-18 05:33:53] [34mINFO[0;39m [36mg.service.ubs.OrderLockServiceImpl      [0;39m [35m:60  [0;39m Time: 2025-04-18T05:28:53.671152300
[2025-04-18 05:33:53] [34mINFO[0;39m [36mg.service.ubs.OrderLockServiceImpl      [0;39m [35m:62  [0;39m Unlock orders
[2025-04-18 05:33:53] [34mINFO[0;39m [36mg.service.ubs.OrderLockServiceImpl      [0;39m [35m:60  [0;39m Time: 2025-04-18T05:28:53.673151600
[2025-04-18 05:33:53] [34mINFO[0;39m [36mg.service.ubs.OrderLockServiceImpl      [0;39m [35m:62  [0;39m Unlock orders
[2025-04-18 05:33:53] [34mINFO[0;39m [36mg.service.ubs.OrderLockServiceImpl      [0;39m [35m:60  [0;39m Time: 2025-04-18T05:28:53.675151700
[2025-04-18 05:33:53] [34mINFO[0;39m [36mg.service.ubs.OrderLockServiceImpl      [0;39m [35m:62  [0;39m Unlock orders
[2025-04-18 05:33:53] [34mINFO[0;39m [36mg.service.ubs.OrderLockServiceImpl      [0;39m [35m:60  [0;39m Time: 2025-04-18T05:28:53.677150300
[2025-04-18 05:33:53] [34mINFO[0;39m [36mg.service.ubs.OrderLockServiceImpl      [0;39m [35m:62  [0;39m Unlock orders
[2025-04-18 05:33:53] [34mINFO[0;39m [36mg.service.ubs.OrderLockServiceImpl      [0;39m [35m:60  [0;39m Time: 2025-04-18T05:28:53.680150300
[2025-04-18 05:33:53] [34mINFO[0;39m [36mg.service.ubs.OrderLockServiceImpl      [0;39m [35m:62  [0;39m Unlock orders
[2025-04-18 05:33:53] [34mINFO[0;39m [36mg.service.ubs.OrderLockServiceImpl      [0;39m [35m:60  [0;39m Time: 2025-04-18T05:28:53.682149400
[2025-04-18 05:33:53] [34mINFO[0;39m [36mg.service.ubs.OrderLockServiceImpl      [0;39m [35m:62  [0;39m Unlock orders
[2025-04-18 05:33:53] [34mINFO[0;39m [36mg.service.ubs.OrderLockServiceImpl      [0;39m [35m:60  [0;39m Time: 2025-04-18T05:28:53.683150400
[2025-04-18 05:33:53] [34mINFO[0;39m [36mg.service.ubs.OrderLockServiceImpl      [0;39m [35m:62  [0;39m Unlock orders
[2025-04-18 05:33:53] [34mINFO[0;39m [36mg.service.ubs.OrderLockServiceImpl      [0;39m [35m:60  [0;39m Time: 2025-04-18T05:28:53.685149900
[2025-04-18 05:33:53] [34mINFO[0;39m [36mg.service.ubs.OrderLockServiceImpl      [0;39m [35m:62  [0;39m Unlock orders
[2025-04-18 05:33:53] [34mINFO[0;39m [36mg.service.ubs.OrderLockServiceImpl      [0;39m [35m:60  [0;39m Time: 2025-04-18T05:28:53.686151800
[2025-04-18 05:33:53] [34mINFO[0;39m [36mg.service.ubs.OrderLockServiceImpl      [0;39m [35m:62  [0;39m Unlock orders
[2025-04-18 05:33:53] [34mINFO[0;39m [36mg.service.ubs.OrderLockServiceImpl      [0;39m [35m:60  [0;39m Time: 2025-04-18T05:28:53.688153
[2025-04-18 05:33:53] [34mINFO[0;39m [36mg.service.ubs.OrderLockServiceImpl      [0;39m [35m:62  [0;39m Unlock orders
[2025-04-18 05:33:53] [34mINFO[0;39m [36mg.service.ubs.OrderLockServiceImpl      [0;39m [35m:60  [0;39m Time: 2025-04-18T05:28:53.690152600
[2025-04-18 05:33:53] [34mINFO[0;39m [36mg.service.ubs.OrderLockServiceImpl      [0;39m [35m:62  [0;39m Unlock orders
[2025-04-18 05:33:53] [34mINFO[0;39m [36mg.service.ubs.OrderLockServiceImpl      [0;39m [35m:60  [0;39m Time: 2025-04-18T05:28:53.692152500
[2025-04-18 05:33:53] [34mINFO[0;39m [36mg.service.ubs.OrderLockServiceImpl      [0;39m [35m:62  [0;39m Unlock orders
[2025-04-18 05:33:53] [34mINFO[0;39m [36mg.service.ubs.OrderLockServiceImpl      [0;39m [35m:60  [0;39m Time: 2025-04-18T05:28:53.693149300
[2025-04-18 05:33:53] [34mINFO[0;39m [36mg.service.ubs.OrderLockServiceImpl      [0;39m [35m:62  [0;39m Unlock orders
[2025-04-18 05:33:53] [34mINFO[0;39m [36mg.service.ubs.OrderLockServiceImpl      [0;39m [35m:60  [0;39m Time: 2025-04-18T05:28:53.695153
[2025-04-18 05:33:53] [34mINFO[0;39m [36mg.service.ubs.OrderLockServiceImpl      [0;39m [35m:62  [0;39m Unlock orders
[2025-04-18 05:33:53] [34mINFO[0;39m [36mg.service.ubs.OrderLockServiceImpl      [0;39m [35m:60  [0;39m Time: 2025-04-18T05:28:53.697813100
[2025-04-18 05:33:53] [34mINFO[0;39m [36mg.service.ubs.OrderLockServiceImpl      [0;39m [35m:62  [0;39m Unlock orders
[2025-04-18 05:33:53] [34mINFO[0;39m [36mg.service.ubs.OrderLockServiceImpl      [0;39m [35m:60  [0;39m Time: 2025-04-18T05:28:53.699812800
[2025-04-18 05:33:53] [34mINFO[0;39m [36mg.service.ubs.OrderLockServiceImpl      [0;39m [35m:62  [0;39m Unlock orders
[2025-04-18 05:33:53] [34mINFO[0;39m [36mg.service.ubs.OrderLockServiceImpl      [0;39m [35m:60  [0;39m Time: 2025-04-18T05:28:53.701811800
[2025-04-18 05:33:53] [34mINFO[0;39m [36mg.service.ubs.OrderLockServiceImpl      [0;39m [35m:62  [0;39m Unlock orders
[2025-04-18 05:33:53] [34mINFO[0;39m [36mg.service.ubs.OrderLockServiceImpl      [0;39m [35m:60  [0;39m Time: 2025-04-18T05:28:53.703812100
[2025-04-18 05:33:53] [34mINFO[0;39m [36mg.service.ubs.OrderLockServiceImpl      [0;39m [35m:62  [0;39m Unlock orders
[2025-04-18 05:33:53] [34mINFO[0;39m [36mg.service.ubs.OrderLockServiceImpl      [0;39m [35m:60  [0;39m Time: 2025-04-18T05:28:53.704813700
[2025-04-18 05:33:53] [34mINFO[0;39m [36mg.service.ubs.OrderLockServiceImpl      [0;39m [35m:62  [0;39m Unlock orders
[2025-04-18 05:33:53] [34mINFO[0;39m [36mg.service.ubs.OrderLockServiceImpl      [0;39m [35m:60  [0;39m Time: 2025-04-18T05:28:53.707812200
[2025-04-18 05:33:53] [34mINFO[0;39m [36mg.service.ubs.OrderLockServiceImpl      [0;39m [35m:62  [0;39m Unlock orders
[2025-04-18 05:33:53] [34mINFO[0;39m [36mg.service.ubs.OrderLockServiceImpl      [0;39m [35m:60  [0;39m Time: 2025-04-18T05:28:53.709810
[2025-04-18 05:33:53] [34mINFO[0;39m [36mg.service.ubs.OrderLockServiceImpl      [0;39m [35m:62  [0;39m Unlock orders
[2025-04-18 05:33:53] [34mINFO[0;39m [36mg.service.ubs.OrderLockServiceImpl      [0;39m [35m:60  [0;39m Time: 2025-04-18T05:28:53.711808300
[2025-04-18 05:33:53] [34mINFO[0;39m [36mg.service.ubs.OrderLockServiceImpl      [0;39m [35m:62  [0;39m Unlock orders
[2025-04-18 05:33:53] [34mINFO[0;39m [36mg.service.ubs.OrderLockServiceImpl      [0;39m [35m:60  [0;39m Time: 2025-04-18T05:28:53.713810800
[2025-04-18 05:33:53] [34mINFO[0;39m [36mg.service.ubs.OrderLockServiceImpl      [0;39m [35m:62  [0;39m Unlock orders
[2025-04-18 05:33:53] [34mINFO[0;39m [36mg.service.ubs.OrderLockServiceImpl      [0;39m [35m:60  [0;39m Time: 2025-04-18T05:28:53.715808200
[2025-04-18 05:33:53] [34mINFO[0;39m [36mg.service.ubs.OrderLockServiceImpl      [0;39m [35m:62  [0;39m Unlock orders
[2025-04-18 05:33:53] [34mINFO[0;39m [36mg.service.ubs.OrderLockServiceImpl      [0;39m [35m:60  [0;39m Time: 2025-04-18T05:28:53.716807300
[2025-04-18 05:33:53] [34mINFO[0;39m [36mg.service.ubs.OrderLockServiceImpl      [0;39m [35m:62  [0;39m Unlock orders
[2025-04-18 05:33:53] [34mINFO[0;39m [36mg.service.ubs.OrderLockServiceImpl      [0;39m [35m:60  [0;39m Time: 2025-04-18T05:28:53.718806800
[2025-04-18 05:33:53] [34mINFO[0;39m [36mg.service.ubs.OrderLockServiceImpl      [0;39m [35m:62  [0;39m Unlock orders
[2025-04-18 05:33:53] [34mINFO[0;39m [36mg.service.ubs.OrderLockServiceImpl      [0;39m [35m:60  [0;39m Time: 2025-04-18T05:28:53.719806300
[2025-04-18 05:33:53] [34mINFO[0;39m [36mg.service.ubs.OrderLockServiceImpl      [0;39m [35m:62  [0;39m Unlock orders
[2025-04-18 05:33:53] [34mINFO[0;39m [36mg.service.ubs.OrderLockServiceImpl      [0;39m [35m:60  [0;39m Time: 2025-04-18T05:28:53.720812200
[2025-04-18 05:33:53] [34mINFO[0;39m [36mg.service.ubs.OrderLockServiceImpl      [0;39m [35m:62  [0;39m Unlock orders
[2025-04-18 05:33:53] [34mINFO[0;39m [36mg.service.ubs.OrderLockServiceImpl      [0;39m [35m:60  [0;39m Time: 2025-04-18T05:28:53.721806500
[2025-04-18 05:33:53] [34mINFO[0;39m [36mg.service.ubs.OrderLockServiceImpl      [0;39m [35m:62  [0;39m Unlock orders
[2025-04-18 05:33:53] [34mINFO[0;39m [36mg.service.ubs.OrderLockServiceImpl      [0;39m [35m:60  [0;39m Time: 2025-04-18T05:28:53.722808800
[2025-04-18 05:33:53] [34mINFO[0;39m [36mg.service.ubs.OrderLockServiceImpl      [0;39m [35m:62  [0;39m Unlock orders
[2025-04-18 05:33:53] [34mINFO[0;39m [36mg.service.ubs.OrderLockServiceImpl      [0;39m [35m:60  [0;39m Time: 2025-04-18T05:28:53.722808800
[2025-04-18 05:33:53] [34mINFO[0;39m [36mg.service.ubs.OrderLockServiceImpl      [0;39m [35m:62  [0;39m Unlock orders
[2025-04-18 05:33:53] [34mINFO[0;39m [36mg.service.ubs.OrderLockServiceImpl      [0;39m [35m:60  [0;39m Time: 2025-04-18T05:28:53.723807300
[2025-04-18 05:33:53] [34mINFO[0;39m [36mg.service.ubs.OrderLockServiceImpl      [0;39m [35m:62  [0;39m Unlock orders
[2025-04-18 05:33:53] [34mINFO[0;39m [36mg.service.ubs.OrderLockServiceImpl      [0;39m [35m:60  [0;39m Time: 2025-04-18T05:28:53.725810700
[2025-04-18 05:33:53] [34mINFO[0;39m [36mg.service.ubs.OrderLockServiceImpl      [0;39m [35m:62  [0;39m Unlock orders
[2025-04-18 05:33:53] [34mINFO[0;39m [36mg.service.ubs.OrderLockServiceImpl      [0;39m [35m:60  [0;39m Time: 2025-04-18T05:28:53.726808100
[2025-04-18 05:33:53] [34mINFO[0;39m [36mg.service.ubs.OrderLockServiceImpl      [0;39m [35m:62  [0;39m Unlock orders
[2025-04-18 05:33:53] [34mINFO[0;39m [36mg.service.ubs.OrderLockServiceImpl      [0;39m [35m:60  [0;39m Time: 2025-04-18T05:28:53.728808300
[2025-04-18 05:33:53] [34mINFO[0;39m [36mg.service.ubs.OrderLockServiceImpl      [0;39m [35m:62  [0;39m Unlock orders
[2025-04-18 05:33:53] [34mINFO[0;39m [36mg.service.ubs.OrderLockServiceImpl      [0;39m [35m:60  [0;39m Time: 2025-04-18T05:28:53.730809100
[2025-04-18 05:33:53] [34mINFO[0;39m [36mg.service.ubs.OrderLockServiceImpl      [0;39m [35m:62  [0;39m Unlock orders
[2025-04-18 05:33:53] [34mINFO[0;39m [36mg.service.ubs.OrderLockServiceImpl      [0;39m [35m:60  [0;39m Time: 2025-04-18T05:28:53.732807800
[2025-04-18 05:33:53] [34mINFO[0;39m [36mg.service.ubs.OrderLockServiceImpl      [0;39m [35m:62  [0;39m Unlock orders
[2025-04-18 05:33:53] [34mINFO[0;39m [36mg.service.ubs.OrderLockServiceImpl      [0;39m [35m:60  [0;39m Time: 2025-04-18T05:28:53.734812200
[2025-04-18 05:33:53] [34mINFO[0;39m [36mg.service.ubs.OrderLockServiceImpl      [0;39m [35m:62  [0;39m Unlock orders
[2025-04-18 05:33:53] [34mINFO[0;39m [36mg.service.ubs.OrderLockServiceImpl      [0;39m [35m:60  [0;39m Time: 2025-04-18T05:28:53.736810500
[2025-04-18 05:33:53] [34mINFO[0;39m [36mg.service.ubs.OrderLockServiceImpl      [0;39m [35m:62  [0;39m Unlock orders
[2025-04-18 05:33:53] [34mINFO[0;39m [36mg.service.ubs.OrderLockServiceImpl      [0;39m [35m:60  [0;39m Time: 2025-04-18T05:28:53.737806800
[2025-04-18 05:33:53] [34mINFO[0;39m [36mg.service.ubs.OrderLockServiceImpl      [0;39m [35m:62  [0;39m Unlock orders
[2025-04-18 05:33:53] [34mINFO[0;39m [36mg.service.ubs.OrderLockServiceImpl      [0;39m [35m:60  [0;39m Time: 2025-04-18T05:28:53.739408700
[2025-04-18 05:33:53] [34mINFO[0;39m [36mg.service.ubs.OrderLockServiceImpl      [0;39m [35m:62  [0;39m Unlock orders
[2025-04-18 05:33:53] [34mINFO[0;39m [36mg.service.ubs.OrderLockServiceImpl      [0;39m [35m:60  [0;39m Time: 2025-04-18T05:28:53.740326300
[2025-04-18 05:33:53] [34mINFO[0;39m [36mg.service.ubs.OrderLockServiceImpl      [0;39m [35m:62  [0;39m Unlock orders
[2025-04-18 05:33:53] [34mINFO[0;39m [36mg.service.ubs.OrderLockServiceImpl      [0;39m [35m:60  [0;39m Time: 2025-04-18T05:28:53.742329700
[2025-04-18 05:33:53] [34mINFO[0;39m [36mg.service.ubs.OrderLockServiceImpl      [0;39m [35m:62  [0;39m Unlock orders
[2025-04-18 05:33:53] [34mINFO[0;39m [36mg.service.ubs.OrderLockServiceImpl      [0;39m [35m:60  [0;39m Time: 2025-04-18T05:28:53.748480
[2025-04-18 05:33:53] [34mINFO[0;39m [36mg.service.ubs.OrderLockServiceImpl      [0;39m [35m:62  [0;39m Unlock orders
[2025-04-18 05:33:53] [34mINFO[0;39m [36mg.service.ubs.OrderLockServiceImpl      [0;39m [35m:60  [0;39m Time: 2025-04-18T05:28:53.750479
[2025-04-18 05:33:53] [34mINFO[0;39m [36mg.service.ubs.OrderLockServiceImpl      [0;39m [35m:62  [0;39m Unlock orders
[2025-04-18 05:33:53] [34mINFO[0;39m [36mg.service.ubs.OrderLockServiceImpl      [0;39m [35m:60  [0;39m Time: 2025-04-18T05:28:53.752476700
[2025-04-18 05:33:53] [34mINFO[0;39m [36mg.service.ubs.OrderLockServiceImpl      [0;39m [35m:62  [0;39m Unlock orders
[2025-04-18 05:33:53] [34mINFO[0;39m [36mg.service.ubs.OrderLockServiceImpl      [0;39m [35m:60  [0;39m Time: 2025-04-18T05:28:53.753477700
[2025-04-18 05:33:53] [34mINFO[0;39m [36mg.service.ubs.OrderLockServiceImpl      [0;39m [35m:62  [0;39m Unlock orders
[2025-04-18 05:33:53] [34mINFO[0;39m [36mg.service.ubs.OrderLockServiceImpl      [0;39m [35m:60  [0;39m Time: 2025-04-18T05:28:53.754476500
[2025-04-18 05:33:53] [34mINFO[0;39m [36mg.service.ubs.OrderLockServiceImpl      [0;39m [35m:62  [0;39m Unlock orders
[2025-04-18 05:33:53] [34mINFO[0;39m [36mg.service.ubs.OrderLockServiceImpl      [0;39m [35m:60  [0;39m Time: 2025-04-18T05:28:53.756483400
[2025-04-18 05:33:53] [34mINFO[0;39m [36mg.service.ubs.OrderLockServiceImpl      [0;39m [35m:62  [0;39m Unlock orders
[2025-04-18 05:33:53] [34mINFO[0;39m [36mg.service.ubs.OrderLockServiceImpl      [0;39m [35m:60  [0;39m Time: 2025-04-18T05:28:53.757478400
[2025-04-18 05:33:53] [34mINFO[0;39m [36mg.service.ubs.OrderLockServiceImpl      [0;39m [35m:62  [0;39m Unlock orders
[2025-04-18 05:33:53] [34mINFO[0;39m [36mg.service.ubs.OrderLockServiceImpl      [0;39m [35m:60  [0;39m Time: 2025-04-18T05:28:53.759477
[2025-04-18 05:33:53] [34mINFO[0;39m [36mg.service.ubs.OrderLockServiceImpl      [0;39m [35m:62  [0;39m Unlock orders
[2025-04-18 05:33:53] [34mINFO[0;39m [36mg.service.ubs.OrderLockServiceImpl      [0;39m [35m:60  [0;39m Time: 2025-04-18T05:28:53.760478600
[2025-04-18 05:33:53] [34mINFO[0;39m [36mg.service.ubs.OrderLockServiceImpl      [0;39m [35m:62  [0;39m Unlock orders
[2025-04-18 05:33:53] [34mINFO[0;39m [36mg.service.ubs.OrderLockServiceImpl      [0;39m [35m:60  [0;39m Time: 2025-04-18T05:28:53.763479100
[2025-04-18 05:33:53] [34mINFO[0;39m [36mg.service.ubs.OrderLockServiceImpl      [0;39m [35m:62  [0;39m Unlock orders
[2025-04-18 05:33:53] [34mINFO[0;39m [36mg.service.ubs.OrderLockServiceImpl      [0;39m [35m:60  [0;39m Time: 2025-04-18T05:28:53.765476600
[2025-04-18 05:33:53] [34mINFO[0;39m [36mg.service.ubs.OrderLockServiceImpl      [0;39m [35m:62  [0;39m Unlock orders
[2025-04-18 05:33:53] [34mINFO[0;39m [36mg.service.ubs.OrderLockServiceImpl      [0;39m [35m:60  [0;39m Time: 2025-04-18T05:28:53.767475400
[2025-04-18 05:33:53] [34mINFO[0;39m [36mg.service.ubs.OrderLockServiceImpl      [0;39m [35m:62  [0;39m Unlock orders
[2025-04-18 05:33:53] [34mINFO[0;39m [36mg.service.ubs.OrderLockServiceImpl      [0;39m [35m:60  [0;39m Time: 2025-04-18T05:28:53.769476600
[2025-04-18 05:33:53] [34mINFO[0;39m [36mg.service.ubs.OrderLockServiceImpl      [0;39m [35m:62  [0;39m Unlock orders
[2025-04-18 05:33:53] [34mINFO[0;39m [36mg.service.ubs.OrderLockServiceImpl      [0;39m [35m:60  [0;39m Time: 2025-04-18T05:28:53.771477
[2025-04-18 05:33:53] [34mINFO[0;39m [36mg.service.ubs.OrderLockServiceImpl      [0;39m [35m:62  [0;39m Unlock orders
[2025-04-18 05:33:53] [34mINFO[0;39m [36mg.service.ubs.OrderLockServiceImpl      [0;39m [35m:60  [0;39m Time: 2025-04-18T05:28:53.773476800
[2025-04-18 05:33:53] [34mINFO[0;39m [36mg.service.ubs.OrderLockServiceImpl      [0;39m [35m:62  [0;39m Unlock orders
[2025-04-18 05:33:53] [34mINFO[0;39m [36mg.service.ubs.OrderLockServiceImpl      [0;39m [35m:60  [0;39m Time: 2025-04-18T05:28:53.776477200
[2025-04-18 05:33:53] [34mINFO[0;39m [36mg.service.ubs.OrderLockServiceImpl      [0;39m [35m:62  [0;39m Unlock orders
[2025-04-18 05:33:53] [34mINFO[0;39m [36mg.service.ubs.OrderLockServiceImpl      [0;39m [35m:60  [0;39m Time: 2025-04-18T05:28:53.777476
[2025-04-18 05:33:53] [34mINFO[0;39m [36mg.service.ubs.OrderLockServiceImpl      [0;39m [35m:62  [0;39m Unlock orders
[2025-04-18 05:33:53] [34mINFO[0;39m [36mg.service.ubs.OrderLockServiceImpl      [0;39m [35m:60  [0;39m Time: 2025-04-18T05:28:53.779481500
[2025-04-18 05:33:53] [34mINFO[0;39m [36mg.service.ubs.OrderLockServiceImpl      [0;39m [35m:62  [0;39m Unlock orders
[2025-04-18 05:33:53] [34mINFO[0;39m [36mg.service.ubs.OrderLockServiceImpl      [0;39m [35m:60  [0;39m Time: 2025-04-18T05:28:53.781477300
[2025-04-18 05:33:53] [34mINFO[0;39m [36mg.service.ubs.OrderLockServiceImpl      [0;39m [35m:62  [0;39m Unlock orders
[2025-04-18 05:33:53] [34mINFO[0;39m [36mg.service.ubs.OrderLockServiceImpl      [0;39m [35m:60  [0;39m Time: 2025-04-18T05:28:53.783476500
[2025-04-18 05:33:53] [34mINFO[0;39m [36mg.service.ubs.OrderLockServiceImpl      [0;39m [35m:62  [0;39m Unlock orders
[2025-04-18 05:33:53] [34mINFO[0;39m [36mg.service.ubs.OrderLockServiceImpl      [0;39m [35m:60  [0;39m Time: 2025-04-18T05:28:53.784478100
[2025-04-18 05:33:53] [34mINFO[0;39m [36mg.service.ubs.OrderLockServiceImpl      [0;39m [35m:62  [0;39m Unlock orders
[2025-04-18 05:33:53] [34mINFO[0;39m [36mg.service.ubs.OrderLockServiceImpl      [0;39m [35m:60  [0;39m Time: 2025-04-18T05:28:53.785475600
[2025-04-18 05:33:53] [34mINFO[0;39m [36mg.service.ubs.OrderLockServiceImpl      [0;39m [35m:62  [0;39m Unlock orders
[2025-04-18 05:33:53] [34mINFO[0;39m [36mg.service.ubs.OrderLockServiceImpl      [0;39m [35m:60  [0;39m Time: 2025-04-18T05:28:53.787478600
[2025-04-18 05:33:53] [34mINFO[0;39m [36mg.service.ubs.OrderLockServiceImpl      [0;39m [35m:62  [0;39m Unlock orders
[2025-04-18 05:33:53] [34mINFO[0;39m [36mg.service.ubs.OrderLockServiceImpl      [0;39m [35m:60  [0;39m Time: 2025-04-18T05:28:53.789477200
[2025-04-18 05:33:53] [34mINFO[0;39m [36mg.service.ubs.OrderLockServiceImpl      [0;39m [35m:62  [0;39m Unlock orders
[2025-04-18 05:33:53] [34mINFO[0;39m [36mg.service.ubs.OrderLockServiceImpl      [0;39m [35m:60  [0;39m Time: 2025-04-18T05:28:53.791474900
[2025-04-18 05:33:53] [34mINFO[0;39m [36mg.service.ubs.OrderLockServiceImpl      [0;39m [35m:62  [0;39m Unlock orders
[2025-04-18 05:33:53] [34mINFO[0;39m [36mg.service.ubs.OrderLockServiceImpl      [0;39m [35m:60  [0;39m Time: 2025-04-18T05:28:53.792476400
[2025-04-18 05:33:53] [34mINFO[0;39m [36mg.service.ubs.OrderLockServiceImpl      [0;39m [35m:62  [0;39m Unlock orders
[2025-04-18 05:33:53] [34mINFO[0;39m [36mg.service.ubs.OrderLockServiceImpl      [0;39m [35m:60  [0;39m Time: 2025-04-18T05:28:53.794476
[2025-04-18 05:33:53] [34mINFO[0;39m [36mg.service.ubs.OrderLockServiceImpl      [0;39m [35m:62  [0;39m Unlock orders
[2025-04-18 05:33:53] [34mINFO[0;39m [36mg.service.ubs.OrderLockServiceImpl      [0;39m [35m:60  [0;39m Time: 2025-04-18T05:28:53.796475500
[2025-04-18 05:33:53] [34mINFO[0;39m [36mg.service.ubs.OrderLockServiceImpl      [0;39m [35m:62  [0;39m Unlock orders
[2025-04-18 05:33:53] [34mINFO[0;39m [36mg.service.ubs.OrderLockServiceImpl      [0;39m [35m:60  [0;39m Time: 2025-04-18T05:28:53.798478200
[2025-04-18 05:33:53] [34mINFO[0;39m [36mg.service.ubs.OrderLockServiceImpl      [0;39m [35m:62  [0;39m Unlock orders
[2025-04-18 05:33:53] [34mINFO[0;39m [36mg.service.ubs.OrderLockServiceImpl      [0;39m [35m:60  [0;39m Time: 2025-04-18T05:28:53.799478300
[2025-04-18 05:33:53] [34mINFO[0;39m [36mg.service.ubs.OrderLockServiceImpl      [0;39m [35m:62  [0;39m Unlock orders
[2025-04-18 05:33:53] [34mINFO[0;39m [36mg.service.ubs.OrderLockServiceImpl      [0;39m [35m:60  [0;39m Time: 2025-04-18T05:28:53.801475900
[2025-04-18 05:33:53] [34mINFO[0;39m [36mg.service.ubs.OrderLockServiceImpl      [0;39m [35m:62  [0;39m Unlock orders
[2025-04-18 05:33:53] [34mINFO[0;39m [36mg.service.ubs.OrderLockServiceImpl      [0;39m [35m:60  [0;39m Time: 2025-04-18T05:28:53.802475100
[2025-04-18 05:33:53] [34mINFO[0;39m [36mg.service.ubs.OrderLockServiceImpl      [0;39m [35m:62  [0;39m Unlock orders
[2025-04-18 05:33:53] [34mINFO[0;39m [36mg.service.ubs.OrderLockServiceImpl      [0;39m [35m:60  [0;39m Time: 2025-04-18T05:28:53.803476300
[2025-04-18 05:33:53] [34mINFO[0;39m [36mg.service.ubs.OrderLockServiceImpl      [0;39m [35m:62  [0;39m Unlock orders
[2025-04-18 05:33:53] [34mINFO[0;39m [36mg.service.ubs.OrderLockServiceImpl      [0;39m [35m:60  [0;39m Time: 2025-04-18T05:28:53.805476200
[2025-04-18 05:33:53] [34mINFO[0;39m [36mg.service.ubs.OrderLockServiceImpl      [0;39m [35m:62  [0;39m Unlock orders
[2025-04-18 05:33:53] [34mINFO[0;39m [36mg.service.ubs.OrderLockServiceImpl      [0;39m [35m:60  [0;39m Time: 2025-04-18T05:28:53.806475800
[2025-04-18 05:33:53] [34mINFO[0;39m [36mg.service.ubs.OrderLockServiceImpl      [0;39m [35m:62  [0;39m Unlock orders
[2025-04-18 05:33:53] [34mINFO[0;39m [36mg.service.ubs.OrderLockServiceImpl      [0;39m [35m:60  [0;39m Time: 2025-04-18T05:28:53.808476
[2025-04-18 05:33:53] [34mINFO[0;39m [36mg.service.ubs.OrderLockServiceImpl      [0;39m [35m:62  [0;39m Unlock orders
[2025-04-18 05:33:53] [34mINFO[0;39m [36mg.service.ubs.OrderLockServiceImpl      [0;39m [35m:60  [0;39m Time: 2025-04-18T05:28:53.809476800
[2025-04-18 05:33:53] [34mINFO[0;39m [36mg.service.ubs.OrderLockServiceImpl      [0;39m [35m:62  [0;39m Unlock orders
[2025-04-18 05:33:53] [34mINFO[0;39m [36mg.service.ubs.OrderLockServiceImpl      [0;39m [35m:60  [0;39m Time: 2025-04-18T05:28:53.811478600
[2025-04-18 05:33:53] [34mINFO[0;39m [36mg.service.ubs.OrderLockServiceImpl      [0;39m [35m:62  [0;39m Unlock orders
[2025-04-18 05:33:53] [34mINFO[0;39m [36mg.service.ubs.OrderLockServiceImpl      [0;39m [35m:60  [0;39m Time: 2025-04-18T05:28:53.813476600
[2025-04-18 05:33:53] [34mINFO[0;39m [36mg.service.ubs.OrderLockServiceImpl      [0;39m [35m:62  [0;39m Unlock orders
[2025-04-18 05:33:53] [34mINFO[0;39m [36mg.service.ubs.OrderLockServiceImpl      [0;39m [35m:60  [0;39m Time: 2025-04-18T05:28:53.815475900
[2025-04-18 05:33:53] [34mINFO[0;39m [36mg.service.ubs.OrderLockServiceImpl      [0;39m [35m:62  [0;39m Unlock orders
[2025-04-18 05:33:53] [34mINFO[0;39m [36mg.service.ubs.OrderLockServiceImpl      [0;39m [35m:60  [0;39m Time: 2025-04-18T05:28:53.817474500
[2025-04-18 05:33:53] [34mINFO[0;39m [36mg.service.ubs.OrderLockServiceImpl      [0;39m [35m:62  [0;39m Unlock orders
[2025-04-18 05:33:53] [34mINFO[0;39m [36mg.service.ubs.OrderLockServiceImpl      [0;39m [35m:60  [0;39m Time: 2025-04-18T05:28:53.818475400
[2025-04-18 05:33:53] [34mINFO[0;39m [36mg.service.ubs.OrderLockServiceImpl      [0;39m [35m:62  [0;39m Unlock orders
[2025-04-18 05:33:53] [34mINFO[0;39m [36mg.service.ubs.OrderLockServiceImpl      [0;39m [35m:60  [0;39m Time: 2025-04-18T05:28:53.819475900
[2025-04-18 05:33:53] [34mINFO[0;39m [36mg.service.ubs.OrderLockServiceImpl      [0;39m [35m:62  [0;39m Unlock orders
[2025-04-18 05:33:53] [34mINFO[0;39m [36mg.service.ubs.OrderLockServiceImpl      [0;39m [35m:60  [0;39m Time: 2025-04-18T05:28:53.821475400
[2025-04-18 05:33:53] [34mINFO[0;39m [36mg.service.ubs.OrderLockServiceImpl      [0;39m [35m:62  [0;39m Unlock orders
[2025-04-18 05:33:53] [34mINFO[0;39m [36mg.service.ubs.OrderLockServiceImpl      [0;39m [35m:60  [0;39m Time: 2025-04-18T05:28:53.822474100
[2025-04-18 05:33:53] [34mINFO[0;39m [36mg.service.ubs.OrderLockServiceImpl      [0;39m [35m:62  [0;39m Unlock orders
[2025-04-18 05:33:53] [34mINFO[0;39m [36mg.service.ubs.OrderLockServiceImpl      [0;39m [35m:60  [0;39m Time: 2025-04-18T05:28:53.823480200
[2025-04-18 05:33:53] [34mINFO[0;39m [36mg.service.ubs.OrderLockServiceImpl      [0;39m [35m:62  [0;39m Unlock orders
[2025-04-18 05:33:53] [34mINFO[0;39m [36mg.service.ubs.OrderLockServiceImpl      [0;39m [35m:60  [0;39m Time: 2025-04-18T05:28:53.825476200
[2025-04-18 05:33:53] [34mINFO[0;39m [36mg.service.ubs.OrderLockServiceImpl      [0;39m [35m:62  [0;39m Unlock orders
[2025-04-18 05:33:53] [34mINFO[0;39m [36mg.service.ubs.OrderLockServiceImpl      [0;39m [35m:60  [0;39m Time: 2025-04-18T05:28:53.826477300
[2025-04-18 05:33:53] [34mINFO[0;39m [36mg.service.ubs.OrderLockServiceImpl      [0;39m [35m:62  [0;39m Unlock orders
[2025-04-18 05:33:53] [34mINFO[0;39m [36mg.service.ubs.OrderLockServiceImpl      [0;39m [35m:60  [0;39m Time: 2025-04-18T05:28:53.828478
[2025-04-18 05:33:53] [34mINFO[0;39m [36mg.service.ubs.OrderLockServiceImpl      [0;39m [35m:62  [0;39m Unlock orders
[2025-04-18 05:33:53] [34mINFO[0;39m [36mg.service.ubs.OrderLockServiceImpl      [0;39m [35m:60  [0;39m Time: 2025-04-18T05:28:53.830476800
[2025-04-18 05:33:53] [34mINFO[0;39m [36mg.service.ubs.OrderLockServiceImpl      [0;39m [35m:62  [0;39m Unlock orders
[2025-04-18 05:33:53] [34mINFO[0;39m [36mg.service.ubs.OrderLockServiceImpl      [0;39m [35m:60  [0;39m Time: 2025-04-18T05:28:53.831476900
[2025-04-18 05:33:53] [34mINFO[0;39m [36mg.service.ubs.OrderLockServiceImpl      [0;39m [35m:62  [0;39m Unlock orders
[2025-04-18 05:33:53] [34mINFO[0;39m [36mg.service.ubs.OrderLockServiceImpl      [0;39m [35m:60  [0;39m Time: 2025-04-18T05:28:53.832476500
[2025-04-18 05:33:53] [34mINFO[0;39m [36mg.service.ubs.OrderLockServiceImpl      [0;39m [35m:62  [0;39m Unlock orders
[2025-04-18 05:33:53] [34mINFO[0;39m [36mg.service.ubs.OrderLockServiceImpl      [0;39m [35m:60  [0;39m Time: 2025-04-18T05:28:53.833479900
[2025-04-18 05:33:53] [34mINFO[0;39m [36mg.service.ubs.OrderLockServiceImpl      [0;39m [35m:62  [0;39m Unlock orders
[2025-04-18 05:33:53] [34mINFO[0;39m [36mg.service.ubs.OrderLockServiceImpl      [0;39m [35m:60  [0;39m Time: 2025-04-18T05:28:53.834474900
[2025-04-18 05:33:53] [34mINFO[0;39m [36mg.service.ubs.OrderLockServiceImpl      [0;39m [35m:62  [0;39m Unlock orders
[2025-04-18 05:33:53] [34mINFO[0;39m [36mg.service.ubs.OrderLockServiceImpl      [0;39m [35m:60  [0;39m Time: 2025-04-18T05:28:53.836476600
[2025-04-18 05:33:53] [34mINFO[0;39m [36mg.service.ubs.OrderLockServiceImpl      [0;39m [35m:62  [0;39m Unlock orders
[2025-04-18 05:33:53] [34mINFO[0;39m [36mg.service.ubs.OrderLockServiceImpl      [0;39m [35m:60  [0;39m Time: 2025-04-18T05:28:53.838474900
[2025-04-18 05:33:53] [34mINFO[0;39m [36mg.service.ubs.OrderLockServiceImpl      [0;39m [35m:62  [0;39m Unlock orders
[2025-04-18 05:33:53] [34mINFO[0;39m [36mg.service.ubs.OrderLockServiceImpl      [0;39m [35m:60  [0;39m Time: 2025-04-18T05:28:53.839476300
[2025-04-18 05:33:53] [34mINFO[0;39m [36mg.service.ubs.OrderLockServiceImpl      [0;39m [35m:62  [0;39m Unlock orders
[2025-04-18 05:33:53] [34mINFO[0;39m [36mg.service.ubs.OrderLockServiceImpl      [0;39m [35m:60  [0;39m Time: 2025-04-18T05:28:53.840478
[2025-04-18 05:33:53] [34mINFO[0;39m [36mg.service.ubs.OrderLockServiceImpl      [0;39m [35m:62  [0;39m Unlock orders
[2025-04-18 05:33:53] [34mINFO[0;39m [36mg.service.ubs.OrderLockServiceImpl      [0;39m [35m:60  [0;39m Time: 2025-04-18T05:28:53.842478600
[2025-04-18 05:33:53] [34mINFO[0;39m [36mg.service.ubs.OrderLockServiceImpl      [0;39m [35m:62  [0;39m Unlock orders
[2025-04-18 05:33:53] [34mINFO[0;39m [36mg.service.ubs.OrderLockServiceImpl      [0;39m [35m:60  [0;39m Time: 2025-04-18T05:28:53.844476600
[2025-04-18 05:33:53] [34mINFO[0;39m [36mg.service.ubs.OrderLockServiceImpl      [0;39m [35m:62  [0;39m Unlock orders
[2025-04-18 05:33:53] [34mINFO[0;39m [36mg.service.ubs.OrderLockServiceImpl      [0;39m [35m:60  [0;39m Time: 2025-04-18T05:28:53.845476600
[2025-04-18 05:33:53] [34mINFO[0;39m [36mg.service.ubs.OrderLockServiceImpl      [0;39m [35m:62  [0;39m Unlock orders
[2025-04-18 05:33:53] [34mINFO[0;39m [36mg.service.ubs.OrderLockServiceImpl      [0;39m [35m:60  [0;39m Time: 2025-04-18T05:28:53.846476200
[2025-04-18 05:33:53] [34mINFO[0;39m [36mg.service.ubs.OrderLockServiceImpl      [0;39m [35m:62  [0;39m Unlock orders
[2025-04-18 05:33:53] [34mINFO[0;39m [36mg.service.ubs.OrderLockServiceImpl      [0;39m [35m:60  [0;39m Time: 2025-04-18T05:28:53.847475600
[2025-04-18 05:33:53] [34mINFO[0;39m [36mg.service.ubs.OrderLockServiceImpl      [0;39m [35m:62  [0;39m Unlock orders
[2025-04-18 05:33:53] [34mINFO[0;39m [36mg.service.ubs.OrderLockServiceImpl      [0;39m [35m:60  [0;39m Time: 2025-04-18T05:28:53.848474600
[2025-04-18 05:33:53] [34mINFO[0;39m [36mg.service.ubs.OrderLockServiceImpl      [0;39m [35m:62  [0;39m Unlock orders
[2025-04-18 05:33:53] [34mINFO[0;39m [36mg.service.ubs.OrderLockServiceImpl      [0;39m [35m:60  [0;39m Time: 2025-04-18T05:28:53.849476500
[2025-04-18 05:33:53] [34mINFO[0;39m [36mg.service.ubs.OrderLockServiceImpl      [0;39m [35m:62  [0;39m Unlock orders
[2025-04-18 05:33:53] [34mINFO[0;39m [36mg.service.ubs.OrderLockServiceImpl      [0;39m [35m:60  [0;39m Time: 2025-04-18T05:28:53.851477400
[2025-04-18 05:33:53] [34mINFO[0;39m [36mg.service.ubs.OrderLockServiceImpl      [0;39m [35m:62  [0;39m Unlock orders
[2025-04-18 05:33:53] [34mINFO[0;39m [36mg.service.ubs.OrderLockServiceImpl      [0;39m [35m:60  [0;39m Time: 2025-04-18T05:28:53.852477300
[2025-04-18 05:33:53] [34mINFO[0;39m [36mg.service.ubs.OrderLockServiceImpl      [0;39m [35m:62  [0;39m Unlock orders
[2025-04-18 05:33:53] [34mINFO[0;39m [36mg.service.ubs.OrderLockServiceImpl      [0;39m [35m:60  [0;39m Time: 2025-04-18T05:28:53.853477800
[2025-04-18 05:33:53] [34mINFO[0;39m [36mg.service.ubs.OrderLockServiceImpl      [0;39m [35m:62  [0;39m Unlock orders
[2025-04-18 05:33:53] [34mINFO[0;39m [36mg.service.ubs.OrderLockServiceImpl      [0;39m [35m:60  [0;39m Time: 2025-04-18T05:28:53.854476200
[2025-04-18 05:33:53] [34mINFO[0;39m [36mg.service.ubs.OrderLockServiceImpl      [0;39m [35m:62  [0;39m Unlock orders
[2025-04-18 05:33:53] [34mINFO[0;39m [36mg.service.ubs.OrderLockServiceImpl      [0;39m [35m:60  [0;39m Time: 2025-04-18T05:28:53.856476900
[2025-04-18 05:33:53] [34mINFO[0;39m [36mg.service.ubs.OrderLockServiceImpl      [0;39m [35m:62  [0;39m Unlock orders
[2025-04-18 05:33:53] [34mINFO[0;39m [36mg.service.ubs.OrderLockServiceImpl      [0;39m [35m:60  [0;39m Time: 2025-04-18T05:28:53.857477100
[2025-04-18 05:33:53] [34mINFO[0;39m [36mg.service.ubs.OrderLockServiceImpl      [0;39m [35m:62  [0;39m Unlock orders
[2025-04-18 05:33:53] [34mINFO[0;39m [36mg.service.ubs.OrderLockServiceImpl      [0;39m [35m:60  [0;39m Time: 2025-04-18T05:28:53.859481300
[2025-04-18 05:33:53] [34mINFO[0;39m [36mg.service.ubs.OrderLockServiceImpl      [0;39m [35m:62  [0;39m Unlock orders
[2025-04-18 05:33:53] [34mINFO[0;39m [36mg.service.ubs.OrderLockServiceImpl      [0;39m [35m:60  [0;39m Time: 2025-04-18T05:28:53.861476300
[2025-04-18 05:33:53] [34mINFO[0;39m [36mg.service.ubs.OrderLockServiceImpl      [0;39m [35m:62  [0;39m Unlock orders
[2025-04-18 05:33:53] [34mINFO[0;39m [36mg.service.ubs.OrderLockServiceImpl      [0;39m [35m:60  [0;39m Time: 2025-04-18T05:28:53.862479400
[2025-04-18 05:33:53] [34mINFO[0;39m [36mg.service.ubs.OrderLockServiceImpl      [0;39m [35m:62  [0;39m Unlock orders
[2025-04-18 05:33:53] [34mINFO[0;39m [36mg.service.ubs.OrderLockServiceImpl      [0;39m [35m:60  [0;39m Time: 2025-04-18T05:28:53.864478900
[2025-04-18 05:33:53] [34mINFO[0;39m [36mg.service.ubs.OrderLockServiceImpl      [0;39m [35m:62  [0;39m Unlock orders
[2025-04-18 05:33:53] [34mINFO[0;39m [36mg.service.ubs.OrderLockServiceImpl      [0;39m [35m:60  [0;39m Time: 2025-04-18T05:28:53.866476600
[2025-04-18 05:33:53] [34mINFO[0;39m [36mg.service.ubs.OrderLockServiceImpl      [0;39m [35m:62  [0;39m Unlock orders
[2025-04-18 05:33:53] [34mINFO[0;39m [36mg.service.ubs.OrderLockServiceImpl      [0;39m [35m:60  [0;39m Time: 2025-04-18T05:28:53.868477300
[2025-04-18 05:33:53] [34mINFO[0;39m [36mg.service.ubs.OrderLockServiceImpl      [0;39m [35m:62  [0;39m Unlock orders
[2025-04-18 05:33:53] [34mINFO[0;39m [36mg.service.ubs.OrderLockServiceImpl      [0;39m [35m:60  [0;39m Time: 2025-04-18T05:28:53.869476600
[2025-04-18 05:33:53] [34mINFO[0;39m [36mg.service.ubs.OrderLockServiceImpl      [0;39m [35m:62  [0;39m Unlock orders
[2025-04-18 05:33:53] [34mINFO[0;39m [36mg.service.ubs.OrderLockServiceImpl      [0;39m [35m:60  [0;39m Time: 2025-04-18T05:28:53.871478500
[2025-04-18 05:33:53] [34mINFO[0;39m [36mg.service.ubs.OrderLockServiceImpl      [0;39m [35m:62  [0;39m Unlock orders
[2025-04-18 05:33:53] [34mINFO[0;39m [36mg.service.ubs.OrderLockServiceImpl      [0;39m [35m:60  [0;39m Time: 2025-04-18T05:28:53.873481800
[2025-04-18 05:33:53] [34mINFO[0;39m [36mg.service.ubs.OrderLockServiceImpl      [0;39m [35m:62  [0;39m Unlock orders
[2025-04-18 05:33:53] [34mINFO[0;39m [36mg.service.ubs.OrderLockServiceImpl      [0;39m [35m:60  [0;39m Time: 2025-04-18T05:28:53.875476800
[2025-04-18 05:33:53] [34mINFO[0;39m [36mg.service.ubs.OrderLockServiceImpl      [0;39m [35m:62  [0;39m Unlock orders
[2025-04-18 05:33:53] [34mINFO[0;39m [36mg.service.ubs.OrderLockServiceImpl      [0;39m [35m:60  [0;39m Time: 2025-04-18T05:28:53.877479200
[2025-04-18 05:33:53] [34mINFO[0;39m [36mg.service.ubs.OrderLockServiceImpl      [0;39m [35m:62  [0;39m Unlock orders
[2025-04-18 05:33:53] [34mINFO[0;39m [36mg.service.ubs.OrderLockServiceImpl      [0;39m [35m:60  [0;39m Time: 2025-04-18T05:28:53.878477600
[2025-04-18 05:33:53] [34mINFO[0;39m [36mg.service.ubs.OrderLockServiceImpl      [0;39m [35m:62  [0;39m Unlock orders
[2025-04-18 05:33:53] [34mINFO[0;39m [36mg.service.ubs.OrderLockServiceImpl      [0;39m [35m:60  [0;39m Time: 2025-04-18T05:28:53.881480900
[2025-04-18 05:33:53] [34mINFO[0;39m [36mg.service.ubs.OrderLockServiceImpl      [0;39m [35m:62  [0;39m Unlock orders
[2025-04-18 05:33:53] [34mINFO[0;39m [36mg.service.ubs.OrderLockServiceImpl      [0;39m [35m:60  [0;39m Time: 2025-04-18T05:28:53.883478200
[2025-04-18 05:33:53] [34mINFO[0;39m [36mg.service.ubs.OrderLockServiceImpl      [0;39m [35m:62  [0;39m Unlock orders
[2025-04-18 05:33:53] [34mINFO[0;39m [36mg.service.ubs.OrderLockServiceImpl      [0;39m [35m:60  [0;39m Time: 2025-04-18T05:28:53.885475500
[2025-04-18 05:33:53] [34mINFO[0;39m [36mg.service.ubs.OrderLockServiceImpl      [0;39m [35m:62  [0;39m Unlock orders
[2025-04-18 05:33:53] [34mINFO[0;39m [36mg.service.ubs.OrderLockServiceImpl      [0;39m [35m:60  [0;39m Time: 2025-04-18T05:28:53.887475700
[2025-04-18 05:33:53] [34mINFO[0;39m [36mg.service.ubs.OrderLockServiceImpl      [0;39m [35m:62  [0;39m Unlock orders
[2025-04-18 05:33:53] [34mINFO[0;39m [36mg.service.ubs.OrderLockServiceImpl      [0;39m [35m:60  [0;39m Time: 2025-04-18T05:28:53.888475
[2025-04-18 05:33:53] [34mINFO[0;39m [36mg.service.ubs.OrderLockServiceImpl      [0;39m [35m:62  [0;39m Unlock orders
[2025-04-18 05:33:53] [34mINFO[0;39m [36mg.service.ubs.OrderLockServiceImpl      [0;39m [35m:60  [0;39m Time: 2025-04-18T05:28:53.890476700
[2025-04-18 05:33:53] [34mINFO[0;39m [36mg.service.ubs.OrderLockServiceImpl      [0;39m [35m:62  [0;39m Unlock orders
[2025-04-18 05:33:53] [34mINFO[0;39m [36mg.service.ubs.OrderLockServiceImpl      [0;39m [35m:60  [0;39m Time: 2025-04-18T05:28:53.891483800
[2025-04-18 05:33:53] [34mINFO[0;39m [36mg.service.ubs.OrderLockServiceImpl      [0;39m [35m:62  [0;39m Unlock orders
[2025-04-18 05:33:53] [34mINFO[0;39m [36mg.service.ubs.OrderLockServiceImpl      [0;39m [35m:60  [0;39m Time: 2025-04-18T05:28:53.892478400
[2025-04-18 05:33:53] [34mINFO[0;39m [36mg.service.ubs.OrderLockServiceImpl      [0;39m [35m:62  [0;39m Unlock orders
[2025-04-18 05:33:53] [34mINFO[0;39m [36mg.service.ubs.OrderLockServiceImpl      [0;39m [35m:60  [0;39m Time: 2025-04-18T05:28:53.895478400
[2025-04-18 05:33:53] [34mINFO[0;39m [36mg.service.ubs.OrderLockServiceImpl      [0;39m [35m:62  [0;39m Unlock orders
[2025-04-18 05:33:53] [34mINFO[0;39m [36mg.service.ubs.OrderLockServiceImpl      [0;39m [35m:60  [0;39m Time: 2025-04-18T05:28:53.897159900
[2025-04-18 05:33:53] [34mINFO[0;39m [36mg.service.ubs.OrderLockServiceImpl      [0;39m [35m:62  [0;39m Unlock orders
[2025-04-18 05:33:53] [34mINFO[0;39m [36mg.service.ubs.OrderLockServiceImpl      [0;39m [35m:60  [0;39m Time: 2025-04-18T05:28:53.899156500
[2025-04-18 05:33:53] [34mINFO[0;39m [36mg.service.ubs.OrderLockServiceImpl      [0;39m [35m:62  [0;39m Unlock orders
[2025-04-18 05:33:53] [34mINFO[0;39m [36mg.service.ubs.OrderLockServiceImpl      [0;39m [35m:60  [0;39m Time: 2025-04-18T05:28:53.901157800
[2025-04-18 05:33:53] [34mINFO[0;39m [36mg.service.ubs.OrderLockServiceImpl      [0;39m [35m:62  [0;39m Unlock orders
[2025-04-18 05:33:53] [34mINFO[0;39m [36mg.service.ubs.OrderLockServiceImpl      [0;39m [35m:60  [0;39m Time: 2025-04-18T05:28:53.903158100
[2025-04-18 05:33:53] [34mINFO[0;39m [36mg.service.ubs.OrderLockServiceImpl      [0;39m [35m:62  [0;39m Unlock orders
[2025-04-18 05:33:53] [34mINFO[0;39m [36mg.service.ubs.OrderLockServiceImpl      [0;39m [35m:60  [0;39m Time: 2025-04-18T05:28:53.905159500
[2025-04-18 05:33:53] [34mINFO[0;39m [36mg.service.ubs.OrderLockServiceImpl      [0;39m [35m:62  [0;39m Unlock orders
[2025-04-18 05:33:53] [34mINFO[0;39m [36mg.service.ubs.OrderLockServiceImpl      [0;39m [35m:60  [0;39m Time: 2025-04-18T05:28:53.908160900
[2025-04-18 05:33:53] [34mINFO[0;39m [36mg.service.ubs.OrderLockServiceImpl      [0;39m [35m:62  [0;39m Unlock orders
[2025-04-18 05:33:53] [34mINFO[0;39m [36mg.service.ubs.OrderLockServiceImpl      [0;39m [35m:60  [0;39m Time: 2025-04-18T05:28:53.910157900
[2025-04-18 05:33:53] [34mINFO[0;39m [36mg.service.ubs.OrderLockServiceImpl      [0;39m [35m:62  [0;39m Unlock orders
[2025-04-18 05:33:53] [34mINFO[0;39m [36mg.service.ubs.OrderLockServiceImpl      [0;39m [35m:60  [0;39m Time: 2025-04-18T05:28:53.912164
[2025-04-18 05:33:53] [34mINFO[0;39m [36mg.service.ubs.OrderLockServiceImpl      [0;39m [35m:62  [0;39m Unlock orders
[2025-04-18 05:33:53] [34mINFO[0;39m [36mg.service.ubs.OrderLockServiceImpl      [0;39m [35m:60  [0;39m Time: 2025-04-18T05:28:53.914160800
[2025-04-18 05:33:53] [34mINFO[0;39m [36mg.service.ubs.OrderLockServiceImpl      [0;39m [35m:62  [0;39m Unlock orders
[2025-04-18 05:33:53] [34mINFO[0;39m [36mg.service.ubs.OrderLockServiceImpl      [0;39m [35m:60  [0;39m Time: 2025-04-18T05:28:53.917160200
[2025-04-18 05:33:53] [34mINFO[0;39m [36mg.service.ubs.OrderLockServiceImpl      [0;39m [35m:62  [0;39m Unlock orders
[2025-04-18 05:33:53] [34mINFO[0;39m [36mg.service.ubs.OrderLockServiceImpl      [0;39m [35m:60  [0;39m Time: 2025-04-18T05:28:53.919160400
[2025-04-18 05:33:53] [34mINFO[0;39m [36mg.service.ubs.OrderLockServiceImpl      [0;39m [35m:62  [0;39m Unlock orders
[2025-04-18 05:33:53] [34mINFO[0;39m [36mg.service.ubs.OrderLockServiceImpl      [0;39m [35m:60  [0;39m Time: 2025-04-18T05:28:53.921160500
[2025-04-18 05:33:53] [34mINFO[0;39m [36mg.service.ubs.OrderLockServiceImpl      [0;39m [35m:62  [0;39m Unlock orders
[2025-04-18 05:33:53] [34mINFO[0;39m [36mg.service.ubs.OrderLockServiceImpl      [0;39m [35m:60  [0;39m Time: 2025-04-18T05:28:53.923164100
[2025-04-18 05:33:53] [34mINFO[0;39m [36mg.service.ubs.OrderLockServiceImpl      [0;39m [35m:62  [0;39m Unlock orders
[2025-04-18 05:33:53] [34mINFO[0;39m [36mg.service.ubs.OrderLockServiceImpl      [0;39m [35m:60  [0;39m Time: 2025-04-18T05:28:53.925159500
[2025-04-18 05:33:53] [34mINFO[0;39m [36mg.service.ubs.OrderLockServiceImpl      [0;39m [35m:62  [0;39m Unlock orders
[2025-04-18 05:33:53] [34mINFO[0;39m [36mg.service.ubs.OrderLockServiceImpl      [0;39m [35m:60  [0;39m Time: 2025-04-18T05:28:53.928158500
[2025-04-18 05:33:53] [34mINFO[0;39m [36mg.service.ubs.OrderLockServiceImpl      [0;39m [35m:62  [0;39m Unlock orders
[2025-04-18 05:33:53] [34mINFO[0;39m [36mg.service.ubs.OrderLockServiceImpl      [0;39m [35m:60  [0;39m Time: 2025-04-18T05:28:53.931160700
[2025-04-18 05:33:53] [34mINFO[0;39m [36mg.service.ubs.OrderLockServiceImpl      [0;39m [35m:62  [0;39m Unlock orders
[2025-04-18 05:33:53] [34mINFO[0;39m [36mg.service.ubs.OrderLockServiceImpl      [0;39m [35m:60  [0;39m Time: 2025-04-18T05:28:53.933158200
[2025-04-18 05:33:53] [34mINFO[0;39m [36mg.service.ubs.OrderLockServiceImpl      [0;39m [35m:62  [0;39m Unlock orders
[2025-04-18 05:33:53] [34mINFO[0;39m [36mg.service.ubs.OrderLockServiceImpl      [0;39m [35m:60  [0;39m Time: 2025-04-18T05:28:53.935157900
[2025-04-18 05:33:53] [34mINFO[0;39m [36mg.service.ubs.OrderLockServiceImpl      [0;39m [35m:62  [0;39m Unlock orders
[2025-04-18 05:33:53] [34mINFO[0;39m [36mg.service.ubs.OrderLockServiceImpl      [0;39m [35m:60  [0;39m Time: 2025-04-18T05:28:53.937160800
[2025-04-18 05:33:53] [34mINFO[0;39m [36mg.service.ubs.OrderLockServiceImpl      [0;39m [35m:62  [0;39m Unlock orders
[2025-04-18 05:33:53] [34mINFO[0;39m [36mg.service.ubs.OrderLockServiceImpl      [0;39m [35m:60  [0;39m Time: 2025-04-18T05:28:53.939160900
[2025-04-18 05:33:53] [34mINFO[0;39m [36mg.service.ubs.OrderLockServiceImpl      [0;39m [35m:62  [0;39m Unlock orders
[2025-04-18 05:33:53] [34mINFO[0;39m [36mg.service.ubs.OrderLockServiceImpl      [0;39m [35m:60  [0;39m Time: 2025-04-18T05:28:53.941531400
[2025-04-18 05:33:53] [34mINFO[0;39m [36mg.service.ubs.OrderLockServiceImpl      [0;39m [35m:62  [0;39m Unlock orders
[2025-04-18 05:33:53] [34mINFO[0;39m [36mg.service.ubs.OrderLockServiceImpl      [0;39m [35m:60  [0;39m Time: 2025-04-18T05:28:53.944060700
[2025-04-18 05:33:53] [34mINFO[0;39m [36mg.service.ubs.OrderLockServiceImpl      [0;39m [35m:62  [0;39m Unlock orders
[2025-04-18 05:33:53] [34mINFO[0;39m [36mg.service.ubs.OrderLockServiceImpl      [0;39m [35m:60  [0;39m Time: 2025-04-18T05:28:53.947060400
[2025-04-18 05:33:53] [34mINFO[0;39m [36mg.service.ubs.OrderLockServiceImpl      [0;39m [35m:62  [0;39m Unlock orders
[2025-04-18 05:33:53] [34mINFO[0;39m [36mg.service.ubs.OrderLockServiceImpl      [0;39m [35m:60  [0;39m Time: 2025-04-18T05:28:53.949058800
[2025-04-18 05:33:53] [34mINFO[0;39m [36mg.service.ubs.OrderLockServiceImpl      [0;39m [35m:62  [0;39m Unlock orders
[2025-04-18 05:33:53] [34mINFO[0;39m [36mg.service.ubs.OrderLockServiceImpl      [0;39m [35m:60  [0;39m Time: 2025-04-18T05:28:53.952065
[2025-04-18 05:33:53] [34mINFO[0;39m [36mg.service.ubs.OrderLockServiceImpl      [0;39m [35m:62  [0;39m Unlock orders
[2025-04-18 05:33:53] [34mINFO[0;39m [36mg.service.ubs.OrderLockServiceImpl      [0;39m [35m:60  [0;39m Time: 2025-04-18T05:28:53.953059600
[2025-04-18 05:33:53] [34mINFO[0;39m [36mg.service.ubs.OrderLockServiceImpl      [0;39m [35m:62  [0;39m Unlock orders
[2025-04-18 05:33:53] [34mINFO[0;39m [36mg.service.ubs.OrderLockServiceImpl      [0;39m [35m:60  [0;39m Time: 2025-04-18T05:28:53.955058900
[2025-04-18 05:33:53] [34mINFO[0;39m [36mg.service.ubs.OrderLockServiceImpl      [0;39m [35m:62  [0;39m Unlock orders
[2025-04-18 05:33:53] [34mINFO[0;39m [36mg.service.ubs.OrderLockServiceImpl      [0;39m [35m:60  [0;39m Time: 2025-04-18T05:28:53.956979100
[2025-04-18 05:33:53] [34mINFO[0;39m [36mg.service.ubs.OrderLockServiceImpl      [0;39m [35m:62  [0;39m Unlock orders
[2025-04-18 05:33:53] [34mINFO[0;39m [36mg.service.ubs.OrderLockServiceImpl      [0;39m [35m:60  [0;39m Time: 2025-04-18T05:28:53.958997900
[2025-04-18 05:33:53] [34mINFO[0;39m [36mg.service.ubs.OrderLockServiceImpl      [0;39m [35m:62  [0;39m Unlock orders
[2025-04-18 05:33:53] [34mINFO[0;39m [36mg.service.ubs.OrderLockServiceImpl      [0;39m [35m:60  [0;39m Time: 2025-04-18T05:28:53.960997500
[2025-04-18 05:33:53] [34mINFO[0;39m [36mg.service.ubs.OrderLockServiceImpl      [0;39m [35m:62  [0;39m Unlock orders
[2025-04-18 05:33:53] [34mINFO[0;39m [36mg.service.ubs.OrderLockServiceImpl      [0;39m [35m:60  [0;39m Time: 2025-04-18T05:28:53.963999600
[2025-04-18 05:33:53] [34mINFO[0;39m [36mg.service.ubs.OrderLockServiceImpl      [0;39m [35m:62  [0;39m Unlock orders
[2025-04-18 05:33:53] [34mINFO[0;39m [36mg.service.ubs.OrderLockServiceImpl      [0;39m [35m:60  [0;39m Time: 2025-04-18T05:28:53.968000900
[2025-04-18 05:33:53] [34mINFO[0;39m [36mg.service.ubs.OrderLockServiceImpl      [0;39m [35m:62  [0;39m Unlock orders
[2025-04-18 05:33:53] [34mINFO[0;39m [36mg.service.ubs.OrderLockServiceImpl      [0;39m [35m:60  [0;39m Time: 2025-04-18T05:28:53.972001800
[2025-04-18 05:33:53] [34mINFO[0;39m [36mg.service.ubs.OrderLockServiceImpl      [0;39m [35m:62  [0;39m Unlock orders
[2025-04-18 05:33:53] [34mINFO[0;39m [36mg.service.ubs.OrderLockServiceImpl      [0;39m [35m:60  [0;39m Time: 2025-04-18T05:28:53.974994600
[2025-04-18 05:33:53] [34mINFO[0;39m [36mg.service.ubs.OrderLockServiceImpl      [0;39m [35m:62  [0;39m Unlock orders
[2025-04-18 05:33:53] [34mINFO[0;39m [36mg.service.ubs.OrderLockServiceImpl      [0;39m [35m:60  [0;39m Time: 2025-04-18T05:28:53.977993300
[2025-04-18 05:33:53] [34mINFO[0;39m [36mg.service.ubs.OrderLockServiceImpl      [0;39m [35m:62  [0;39m Unlock orders
[2025-04-18 05:33:53] [34mINFO[0;39m [36mg.service.ubs.OrderLockServiceImpl      [0;39m [35m:60  [0;39m Time: 2025-04-18T05:28:53.980998300
[2025-04-18 05:33:53] [34mINFO[0;39m [36mg.service.ubs.OrderLockServiceImpl      [0;39m [35m:62  [0;39m Unlock orders
[2025-04-18 05:33:53] [34mINFO[0;39m [36mg.service.ubs.OrderLockServiceImpl      [0;39m [35m:60  [0;39m Time: 2025-04-18T05:28:53.982993600
[2025-04-18 05:33:53] [34mINFO[0;39m [36mg.service.ubs.OrderLockServiceImpl      [0;39m [35m:62  [0;39m Unlock orders
[2025-04-18 05:33:53] [34mINFO[0;39m [36mg.service.ubs.OrderLockServiceImpl      [0;39m [35m:60  [0;39m Time: 2025-04-18T05:28:53.984994200
[2025-04-18 05:33:53] [34mINFO[0;39m [36mg.service.ubs.OrderLockServiceImpl      [0;39m [35m:62  [0;39m Unlock orders
[2025-04-18 05:33:53] [34mINFO[0;39m [36mg.service.ubs.OrderLockServiceImpl      [0;39m [35m:60  [0;39m Time: 2025-04-18T05:28:53.987993900
[2025-04-18 05:33:53] [34mINFO[0;39m [36mg.service.ubs.OrderLockServiceImpl      [0;39m [35m:62  [0;39m Unlock orders
[2025-04-18 05:33:53] [34mINFO[0;39m [36mg.service.ubs.OrderLockServiceImpl      [0;39m [35m:60  [0;39m Time: 2025-04-18T05:28:53.991000700
[2025-04-18 05:33:53] [34mINFO[0;39m [36mg.service.ubs.OrderLockServiceImpl      [0;39m [35m:62  [0;39m Unlock orders
[2025-04-18 05:33:53] [34mINFO[0;39m [36mg.service.ubs.OrderLockServiceImpl      [0;39m [35m:60  [0;39m Time: 2025-04-18T05:28:53.992992900
[2025-04-18 05:33:53] [34mINFO[0;39m [36mg.service.ubs.OrderLockServiceImpl      [0;39m [35m:62  [0;39m Unlock orders
[2025-04-18 05:33:53] [34mINFO[0;39m [36mg.service.ubs.OrderLockServiceImpl      [0;39m [35m:60  [0;39m Time: 2025-04-18T05:28:53.995993200
[2025-04-18 05:33:53] [34mINFO[0;39m [36mg.service.ubs.OrderLockServiceImpl      [0;39m [35m:62  [0;39m Unlock orders
[2025-04-18 05:33:53] [34mINFO[0;39m [36mg.service.ubs.OrderLockServiceImpl      [0;39m [35m:60  [0;39m Time: 2025-04-18T05:28:53.996994300
[2025-04-18 05:33:53] [34mINFO[0;39m [36mg.service.ubs.OrderLockServiceImpl      [0;39m [35m:62  [0;39m Unlock orders
[2025-04-18 05:33:53] [34mINFO[0;39m [36mg.service.ubs.OrderLockServiceImpl      [0;39m [35m:60  [0;39m Time: 2025-04-18T05:28:53.998993300
[2025-04-18 05:33:53] [34mINFO[0;39m [36mg.service.ubs.OrderLockServiceImpl      [0;39m [35m:62  [0;39m Unlock orders
[2025-04-18 05:33:53] [34mINFO[0;39m [36mg.service.ubs.OrderLockServiceImpl      [0;39m [35m:60  [0;39m Time: 2025-04-18T05:28:53.999993400
[2025-04-18 05:33:54] [34mINFO[0;39m [36mg.service.ubs.OrderLockServiceImpl      [0;39m [35m:62  [0;39m Unlock orders
[2025-04-18 05:33:54] [34mINFO[0;39m [36mg.service.ubs.OrderLockServiceImpl      [0;39m [35m:60  [0;39m Time: 2025-04-18T05:28:54.000993100
[2025-04-18 05:33:54] [34mINFO[0;39m [36mg.service.ubs.OrderLockServiceImpl      [0;39m [35m:62  [0;39m Unlock orders
[2025-04-18 05:33:54] [34mINFO[0;39m [36mg.service.ubs.OrderLockServiceImpl      [0;39m [35m:60  [0;39m Time: 2025-04-18T05:28:54.001992900
[2025-04-18 05:33:54] [34mINFO[0;39m [36mg.service.ubs.OrderLockServiceImpl      [0;39m [35m:62  [0;39m Unlock orders
[2025-04-18 05:33:54] [34mINFO[0;39m [36mg.service.ubs.OrderLockServiceImpl      [0;39m [35m:60  [0;39m Time: 2025-04-18T05:28:54.003523400
[2025-04-18 05:33:54] [34mINFO[0;39m [36mg.service.ubs.OrderLockServiceImpl      [0;39m [35m:62  [0;39m Unlock orders
[2025-04-18 05:33:54] [34mINFO[0;39m [36mg.service.ubs.OrderLockServiceImpl      [0;39m [35m:60  [0;39m Time: 2025-04-18T05:28:54.004517100
[2025-04-18 05:33:54] [34mINFO[0;39m [36mg.service.ubs.OrderLockServiceImpl      [0;39m [35m:62  [0;39m Unlock orders
[2025-04-18 05:33:54] [34mINFO[0;39m [36mg.service.ubs.OrderLockServiceImpl      [0;39m [35m:60  [0;39m Time: 2025-04-18T05:28:54.006056100
[2025-04-18 05:33:54] [34mINFO[0;39m [36mg.service.ubs.OrderLockServiceImpl      [0;39m [35m:62  [0;39m Unlock orders
[2025-04-18 05:33:54] [34mINFO[0;39m [36mg.service.ubs.OrderLockServiceImpl      [0;39m [35m:60  [0;39m Time: 2025-04-18T05:28:54.008051400
[2025-04-18 05:33:54] [34mINFO[0;39m [36mg.service.ubs.OrderLockServiceImpl      [0;39m [35m:62  [0;39m Unlock orders
[2025-04-18 05:33:54] [34mINFO[0;39m [36mg.service.ubs.OrderLockServiceImpl      [0;39m [35m:60  [0;39m Time: 2025-04-18T05:28:54.010050500
[2025-04-18 05:33:54] [34mINFO[0;39m [36mg.service.ubs.OrderLockServiceImpl      [0;39m [35m:62  [0;39m Unlock orders
[2025-04-18 05:33:54] [34mINFO[0;39m [36mg.service.ubs.OrderLockServiceImpl      [0;39m [35m:60  [0;39m Time: 2025-04-18T05:28:54.012059300
[2025-04-18 05:33:54] [34mINFO[0;39m [36mg.service.ubs.OrderLockServiceImpl      [0;39m [35m:62  [0;39m Unlock orders
[2025-04-18 05:33:54] [34mINFO[0;39m [36mg.service.ubs.OrderLockServiceImpl      [0;39m [35m:60  [0;39m Time: 2025-04-18T05:28:54.014047800
[2025-04-18 05:33:54] [34mINFO[0;39m [36mg.service.ubs.OrderLockServiceImpl      [0;39m [35m:62  [0;39m Unlock orders
[2025-04-18 05:33:54] [34mINFO[0;39m [36mg.service.ubs.OrderLockServiceImpl      [0;39m [35m:60  [0;39m Time: 2025-04-18T05:28:54.016050400
[2025-04-18 05:33:54] [34mINFO[0;39m [36mg.service.ubs.OrderLockServiceImpl      [0;39m [35m:62  [0;39m Unlock orders
[2025-04-18 05:33:54] [34mINFO[0;39m [36mg.service.ubs.OrderLockServiceImpl      [0;39m [35m:60  [0;39m Time: 2025-04-18T05:28:54.018580600
[2025-04-18 05:33:54] [34mINFO[0;39m [36mg.service.ubs.OrderLockServiceImpl      [0;39m [35m:62  [0;39m Unlock orders
[2025-04-18 05:33:54] [34mINFO[0;39m [36mg.service.ubs.OrderLockServiceImpl      [0;39m [35m:60  [0;39m Time: 2025-04-18T05:28:54.019570400
[2025-04-18 05:33:54] [34mINFO[0;39m [36mg.service.ubs.OrderLockServiceImpl      [0;39m [35m:62  [0;39m Unlock orders
[2025-04-18 05:33:54] [34mINFO[0;39m [36mg.service.ubs.OrderLockServiceImpl      [0;39m [35m:60  [0;39m Time: 2025-04-18T05:28:54.022575100
[2025-04-18 05:33:54] [34mINFO[0;39m [36mg.service.ubs.OrderLockServiceImpl      [0;39m [35m:62  [0;39m Unlock orders
[2025-04-18 05:33:54] [34mINFO[0;39m [36mg.service.ubs.OrderLockServiceImpl      [0;39m [35m:60  [0;39m Time: 2025-04-18T05:28:54.025101800
[2025-04-18 05:33:54] [34mINFO[0;39m [36mg.service.ubs.OrderLockServiceImpl      [0;39m [35m:62  [0;39m Unlock orders
[2025-04-18 05:33:54] [34mINFO[0;39m [36mg.service.ubs.OrderLockServiceImpl      [0;39m [35m:60  [0;39m Time: 2025-04-18T05:28:54.027635200
[2025-04-18 05:33:54] [34mINFO[0;39m [36mg.service.ubs.OrderLockServiceImpl      [0;39m [35m:62  [0;39m Unlock orders
[2025-04-18 05:33:54] [34mINFO[0;39m [36mg.service.ubs.OrderLockServiceImpl      [0;39m [35m:60  [0;39m Time: 2025-04-18T05:28:54.029630800
[2025-04-18 05:33:54] [34mINFO[0;39m [36mg.service.ubs.OrderLockServiceImpl      [0;39m [35m:62  [0;39m Unlock orders
[2025-04-18 05:33:54] [34mINFO[0;39m [36mg.service.ubs.OrderLockServiceImpl      [0;39m [35m:60  [0;39m Time: 2025-04-18T05:28:54.032627800
[2025-04-18 05:33:54] [34mINFO[0;39m [36mg.service.ubs.OrderLockServiceImpl      [0;39m [35m:62  [0;39m Unlock orders
[2025-04-18 05:33:54] [34mINFO[0;39m [36mg.service.ubs.OrderLockServiceImpl      [0;39m [35m:60  [0;39m Time: 2025-04-18T05:28:54.034158300
[2025-04-18 05:33:54] [34mINFO[0;39m [36mg.service.ubs.OrderLockServiceImpl      [0;39m [35m:62  [0;39m Unlock orders
[2025-04-18 05:33:54] [34mINFO[0;39m [36mg.service.ubs.OrderLockServiceImpl      [0;39m [35m:60  [0;39m Time: 2025-04-18T05:28:54.036152
[2025-04-18 05:33:54] [34mINFO[0;39m [36mg.service.ubs.OrderLockServiceImpl      [0;39m [35m:62  [0;39m Unlock orders
[2025-04-18 05:33:54] [34mINFO[0;39m [36mg.service.ubs.OrderLockServiceImpl      [0;39m [35m:60  [0;39m Time: 2025-04-18T05:28:54.037151500
[2025-04-18 05:33:54] [34mINFO[0;39m [36mg.service.ubs.OrderLockServiceImpl      [0;39m [35m:62  [0;39m Unlock orders
[2025-04-18 05:33:54] [34mINFO[0;39m [36mg.service.ubs.OrderLockServiceImpl      [0;39m [35m:60  [0;39m Time: 2025-04-18T05:28:54.040153100
[2025-04-18 05:33:54] [34mINFO[0;39m [36mg.service.ubs.OrderLockServiceImpl      [0;39m [35m:62  [0;39m Unlock orders
[2025-04-18 05:33:54] [34mINFO[0;39m [36mg.service.ubs.OrderLockServiceImpl      [0;39m [35m:60  [0;39m Time: 2025-04-18T05:28:54.041779100
[2025-04-18 05:33:54] [34mINFO[0;39m [36mg.service.ubs.OrderLockServiceImpl      [0;39m [35m:62  [0;39m Unlock orders
[2025-04-18 05:33:54] [34mINFO[0;39m [36mg.service.ubs.OrderLockServiceImpl      [0;39m [35m:60  [0;39m Time: 2025-04-18T05:28:54.044776800
[2025-04-18 05:33:54] [34mINFO[0;39m [36mg.service.ubs.OrderLockServiceImpl      [0;39m [35m:62  [0;39m Unlock orders
[2025-04-18 05:33:54] [34mINFO[0;39m [36mg.service.ubs.OrderLockServiceImpl      [0;39m [35m:60  [0;39m Time: 2025-04-18T05:28:54.046776400
[2025-04-18 05:33:54] [34mINFO[0;39m [36mg.service.ubs.OrderLockServiceImpl      [0;39m [35m:62  [0;39m Unlock orders
[2025-04-18 05:33:54] [34mINFO[0;39m [36mg.service.ubs.OrderLockServiceImpl      [0;39m [35m:60  [0;39m Time: 2025-04-18T05:28:54.049312200
[2025-04-18 05:33:54] [34mINFO[0;39m [36mg.service.ubs.OrderLockServiceImpl      [0;39m [35m:62  [0;39m Unlock orders
[2025-04-18 05:33:54] [34mINFO[0;39m [36mg.service.ubs.OrderLockServiceImpl      [0;39m [35m:60  [0;39m Time: 2025-04-18T05:28:54.050299300
[2025-04-18 05:33:54] [34mINFO[0;39m [36mg.service.ubs.OrderLockServiceImpl      [0;39m [35m:62  [0;39m Unlock orders
[2025-04-18 05:33:54] [34mINFO[0;39m [36mg.service.ubs.OrderLockServiceImpl      [0;39m [35m:60  [0;39m Time: 2025-04-18T05:28:54.051305600
[2025-04-18 05:33:54] [34mINFO[0;39m [36mg.service.ubs.OrderLockServiceImpl      [0;39m [35m:62  [0;39m Unlock orders
[2025-04-18 05:33:54] [34mINFO[0;39m [36mg.service.ubs.OrderLockServiceImpl      [0;39m [35m:60  [0;39m Time: 2025-04-18T05:28:54.052301500
[2025-04-18 05:33:54] [34mINFO[0;39m [36mg.service.ubs.OrderLockServiceImpl      [0;39m [35m:62  [0;39m Unlock orders
[2025-04-18 05:33:54] [34mINFO[0;39m [36mg.service.ubs.OrderLockServiceImpl      [0;39m [35m:60  [0;39m Time: 2025-04-18T05:28:54.053299600
[2025-04-18 05:33:54] [34mINFO[0;39m [36mg.service.ubs.OrderLockServiceImpl      [0;39m [35m:62  [0;39m Unlock orders
[2025-04-18 05:33:54] [34mINFO[0;39m [36mg.service.ubs.OrderLockServiceImpl      [0;39m [35m:60  [0;39m Time: 2025-04-18T05:28:54.054300400
[2025-04-18 05:33:54] [34mINFO[0;39m [36mg.service.ubs.OrderLockServiceImpl      [0;39m [35m:62  [0;39m Unlock orders
[2025-04-18 05:33:54] [34mINFO[0;39m [36mg.service.ubs.OrderLockServiceImpl      [0;39m [35m:60  [0;39m Time: 2025-04-18T05:28:54.055299800
[2025-04-18 05:33:54] [34mINFO[0;39m [36mg.service.ubs.OrderLockServiceImpl      [0;39m [35m:62  [0;39m Unlock orders
[2025-04-18 05:33:54] [34mINFO[0;39m [36mg.service.ubs.OrderLockServiceImpl      [0;39m [35m:60  [0;39m Time: 2025-04-18T05:28:54.056300400
[2025-04-18 05:33:54] [34mINFO[0;39m [36mg.service.ubs.OrderLockServiceImpl      [0;39m [35m:62  [0;39m Unlock orders
[2025-04-18 05:33:54] [34mINFO[0;39m [36mg.service.ubs.OrderLockServiceImpl      [0;39m [35m:60  [0;39m Time: 2025-04-18T05:28:54.058300900
[2025-04-18 05:33:54] [34mINFO[0;39m [36mg.service.ubs.OrderLockServiceImpl      [0;39m [35m:62  [0;39m Unlock orders
[2025-04-18 05:33:54] [34mINFO[0;39m [36mg.service.ubs.OrderLockServiceImpl      [0;39m [35m:60  [0;39m Time: 2025-04-18T05:28:54.059302600
[2025-04-18 05:33:54] [34mINFO[0;39m [36mg.service.ubs.OrderLockServiceImpl      [0;39m [35m:62  [0;39m Unlock orders
[2025-04-18 05:33:54] [34mINFO[0;39m [36mg.service.ubs.OrderLockServiceImpl      [0;39m [35m:60  [0;39m Time: 2025-04-18T05:28:54.060302600
[2025-04-18 05:33:54] [34mINFO[0;39m [36mg.service.ubs.OrderLockServiceImpl      [0;39m [35m:62  [0;39m Unlock orders
[2025-04-18 05:33:54] [34mINFO[0;39m [36mg.service.ubs.OrderLockServiceImpl      [0;39m [35m:60  [0;39m Time: 2025-04-18T05:28:54.061302400
[2025-04-18 05:33:54] [34mINFO[0;39m [36mg.service.ubs.OrderLockServiceImpl      [0;39m [35m:62  [0;39m Unlock orders
[2025-04-18 05:33:54] [34mINFO[0;39m [36mg.service.ubs.OrderLockServiceImpl      [0;39m [35m:60  [0;39m Time: 2025-04-18T05:28:54.062306600
[2025-04-18 05:33:54] [34mINFO[0;39m [36mg.service.ubs.OrderLockServiceImpl      [0;39m [35m:62  [0;39m Unlock orders
[2025-04-18 05:33:54] [34mINFO[0;39m [36mg.service.ubs.OrderLockServiceImpl      [0;39m [35m:60  [0;39m Time: 2025-04-18T05:28:54.064299500
[2025-04-18 05:33:54] [34mINFO[0;39m [36mg.service.ubs.OrderLockServiceImpl      [0;39m [35m:62  [0;39m Unlock orders
[2025-04-18 05:33:54] [34mINFO[0;39m [36mg.service.ubs.OrderLockServiceImpl      [0;39m [35m:60  [0;39m Time: 2025-04-18T05:28:54.064830200
[2025-04-18 05:33:54] [34mINFO[0;39m [36mg.service.ubs.OrderLockServiceImpl      [0;39m [35m:62  [0;39m Unlock orders
[2025-04-18 05:33:54] [34mINFO[0;39m [36mg.service.ubs.OrderLockServiceImpl      [0;39m [35m:60  [0;39m Time: 2025-04-18T05:28:54.065824200
[2025-04-18 05:33:54] [34mINFO[0;39m [36mg.service.ubs.OrderLockServiceImpl      [0;39m [35m:62  [0;39m Unlock orders
[2025-04-18 05:33:54] [34mINFO[0;39m [36mg.service.ubs.OrderLockServiceImpl      [0;39m [35m:60  [0;39m Time: 2025-04-18T05:28:54.067822600
[2025-04-18 05:33:54] [34mINFO[0;39m [36mg.service.ubs.OrderLockServiceImpl      [0;39m [35m:62  [0;39m Unlock orders
[2025-04-18 05:33:54] [34mINFO[0;39m [36mg.service.ubs.OrderLockServiceImpl      [0;39m [35m:60  [0;39m Time: 2025-04-18T05:28:54.068825600
[2025-04-18 05:33:54] [34mINFO[0;39m [36mg.service.ubs.OrderLockServiceImpl      [0;39m [35m:62  [0;39m Unlock orders
[2025-04-18 05:33:54] [34mINFO[0;39m [36mg.service.ubs.OrderLockServiceImpl      [0;39m [35m:60  [0;39m Time: 2025-04-18T05:28:54.069824200
[2025-04-18 05:33:54] [34mINFO[0;39m [36mg.service.ubs.OrderLockServiceImpl      [0;39m [35m:62  [0;39m Unlock orders
[2025-04-18 05:33:54] [34mINFO[0;39m [36mg.service.ubs.OrderLockServiceImpl      [0;39m [35m:60  [0;39m Time: 2025-04-18T05:28:54.070823900
[2025-04-18 05:33:54] [34mINFO[0;39m [36mg.service.ubs.OrderLockServiceImpl      [0;39m [35m:62  [0;39m Unlock orders
[2025-04-18 05:33:54] [34mINFO[0;39m [36mg.service.ubs.OrderLockServiceImpl      [0;39m [35m:60  [0;39m Time: 2025-04-18T05:28:54.072822800
[2025-04-18 05:33:54] [34mINFO[0;39m [36mg.service.ubs.OrderLockServiceImpl      [0;39m [35m:62  [0;39m Unlock orders
[2025-04-18 05:33:54] [34mINFO[0;39m [36mg.service.ubs.OrderLockServiceImpl      [0;39m [35m:60  [0;39m Time: 2025-04-18T05:28:54.073822200
[2025-04-18 05:33:54] [34mINFO[0;39m [36mg.service.ubs.OrderLockServiceImpl      [0;39m [35m:62  [0;39m Unlock orders
[2025-04-18 05:33:54] [34mINFO[0;39m [36mg.service.ubs.OrderLockServiceImpl      [0;39m [35m:60  [0;39m Time: 2025-04-18T05:28:54.075822900
[2025-04-18 05:33:54] [34mINFO[0;39m [36mg.service.ubs.OrderLockServiceImpl      [0;39m [35m:62  [0;39m Unlock orders
[2025-04-18 05:33:54] [34mINFO[0;39m [36mg.service.ubs.OrderLockServiceImpl      [0;39m [35m:60  [0;39m Time: 2025-04-18T05:28:54.076824700
[2025-04-18 05:33:54] [34mINFO[0;39m [36mg.service.ubs.OrderLockServiceImpl      [0;39m [35m:62  [0;39m Unlock orders
[2025-04-18 05:33:54] [34mINFO[0;39m [36mg.service.ubs.OrderLockServiceImpl      [0;39m [35m:60  [0;39m Time: 2025-04-18T05:28:54.077825800
[2025-04-18 05:33:54] [34mINFO[0;39m [36mg.service.ubs.OrderLockServiceImpl      [0;39m [35m:62  [0;39m Unlock orders
[2025-04-18 05:33:54] [34mINFO[0;39m [36mg.service.ubs.OrderLockServiceImpl      [0;39m [35m:60  [0;39m Time: 2025-04-18T05:28:54.078827300
[2025-04-18 05:33:54] [34mINFO[0;39m [36mg.service.ubs.OrderLockServiceImpl      [0;39m [35m:62  [0;39m Unlock orders
[2025-04-18 05:33:54] [34mINFO[0;39m [36mg.service.ubs.OrderLockServiceImpl      [0;39m [35m:60  [0;39m Time: 2025-04-18T05:28:54.079825500
[2025-04-18 05:33:54] [34mINFO[0;39m [36mg.service.ubs.OrderLockServiceImpl      [0;39m [35m:62  [0;39m Unlock orders
[2025-04-18 05:33:54] [34mINFO[0;39m [36mg.service.ubs.OrderLockServiceImpl      [0;39m [35m:60  [0;39m Time: 2025-04-18T05:28:54.081826700
[2025-04-18 05:33:54] [34mINFO[0;39m [36mg.service.ubs.OrderLockServiceImpl      [0;39m [35m:62  [0;39m Unlock orders
[2025-04-18 05:33:54] [34mINFO[0;39m [36mg.service.ubs.OrderLockServiceImpl      [0;39m [35m:60  [0;39m Time: 2025-04-18T05:28:54.082830300
[2025-04-18 05:33:54] [34mINFO[0;39m [36mg.service.ubs.OrderLockServiceImpl      [0;39m [35m:62  [0;39m Unlock orders
[2025-04-18 05:33:54] [34mINFO[0;39m [36mg.service.ubs.OrderLockServiceImpl      [0;39m [35m:60  [0;39m Time: 2025-04-18T05:28:54.083827800
[2025-04-18 05:33:54] [34mINFO[0;39m [36mg.service.ubs.OrderLockServiceImpl      [0;39m [35m:62  [0;39m Unlock orders
[2025-04-18 05:33:54] [34mINFO[0;39m [36mg.service.ubs.OrderLockServiceImpl      [0;39m [35m:60  [0;39m Time: 2025-04-18T05:28:54.084826500
[2025-04-18 05:33:54] [34mINFO[0;39m [36mg.service.ubs.OrderLockServiceImpl      [0;39m [35m:62  [0;39m Unlock orders
[2025-04-18 05:33:54] [34mINFO[0;39m [36mg.service.ubs.OrderLockServiceImpl      [0;39m [35m:60  [0;39m Time: 2025-04-18T05:28:54.085827200
[2025-04-18 05:33:54] [34mINFO[0;39m [36mg.service.ubs.OrderLockServiceImpl      [0;39m [35m:62  [0;39m Unlock orders
[2025-04-18 05:33:54] [34mINFO[0;39m [36mg.service.ubs.OrderLockServiceImpl      [0;39m [35m:60  [0;39m Time: 2025-04-18T05:28:54.086827100
[2025-04-18 05:33:54] [34mINFO[0;39m [36mg.service.ubs.OrderLockServiceImpl      [0;39m [35m:62  [0;39m Unlock orders
[2025-04-18 05:33:54] [34mINFO[0;39m [36mg.service.ubs.OrderLockServiceImpl      [0;39m [35m:60  [0;39m Time: 2025-04-18T05:28:54.087828900
[2025-04-18 05:33:54] [34mINFO[0;39m [36mg.service.ubs.OrderLockServiceImpl      [0;39m [35m:62  [0;39m Unlock orders
[2025-04-18 05:33:54] [34mINFO[0;39m [36mg.service.ubs.OrderLockServiceImpl      [0;39m [35m:60  [0;39m Time: 2025-04-18T05:28:54.088827
[2025-04-18 05:33:54] [34mINFO[0;39m [36mg.service.ubs.OrderLockServiceImpl      [0;39m [35m:62  [0;39m Unlock orders
[2025-04-18 05:33:54] [34mINFO[0;39m [36mg.service.ubs.OrderLockServiceImpl      [0;39m [35m:60  [0;39m Time: 2025-04-18T05:28:54.089826200
[2025-04-18 05:33:54] [34mINFO[0;39m [36mg.service.ubs.OrderLockServiceImpl      [0;39m [35m:62  [0;39m Unlock orders
[2025-04-18 05:33:54] [34mINFO[0;39m [36mg.service.ubs.OrderLockServiceImpl      [0;39m [35m:60  [0;39m Time: 2025-04-18T05:28:54.090825400
[2025-04-18 05:33:54] [34mINFO[0;39m [36mg.service.ubs.OrderLockServiceImpl      [0;39m [35m:62  [0;39m Unlock orders
[2025-04-18 05:33:54] [34mINFO[0;39m [36mg.service.ubs.OrderLockServiceImpl      [0;39m [35m:60  [0;39m Time: 2025-04-18T05:28:54.091825600
[2025-04-18 05:33:54] [34mINFO[0;39m [36mg.service.ubs.OrderLockServiceImpl      [0;39m [35m:62  [0;39m Unlock orders
[2025-04-18 05:33:54] [34mINFO[0;39m [36mg.service.ubs.OrderLockServiceImpl      [0;39m [35m:60  [0;39m Time: 2025-04-18T05:28:54.092824200
[2025-04-18 05:33:54] [34mINFO[0;39m [36mg.service.ubs.OrderLockServiceImpl      [0;39m [35m:62  [0;39m Unlock orders
[2025-04-18 05:33:54] [34mINFO[0;39m [36mg.service.ubs.OrderLockServiceImpl      [0;39m [35m:60  [0;39m Time: 2025-04-18T05:28:54.093826100
[2025-04-18 05:33:54] [34mINFO[0;39m [36mg.service.ubs.OrderLockServiceImpl      [0;39m [35m:62  [0;39m Unlock orders
[2025-04-18 05:33:54] [34mINFO[0;39m [36mg.service.ubs.OrderLockServiceImpl      [0;39m [35m:60  [0;39m Time: 2025-04-18T05:28:54.094824300
[2025-04-18 05:33:54] [34mINFO[0;39m [36mg.service.ubs.OrderLockServiceImpl      [0;39m [35m:62  [0;39m Unlock orders
[2025-04-18 05:33:54] [34mINFO[0;39m [36mg.service.ubs.OrderLockServiceImpl      [0;39m [35m:60  [0;39m Time: 2025-04-18T05:28:54.095825200
[2025-04-18 05:33:54] [34mINFO[0;39m [36mg.service.ubs.OrderLockServiceImpl      [0;39m [35m:62  [0;39m Unlock orders
[2025-04-18 05:33:54] [34mINFO[0;39m [36mg.service.ubs.OrderLockServiceImpl      [0;39m [35m:60  [0;39m Time: 2025-04-18T05:28:54.096826800
[2025-04-18 05:33:54] [34mINFO[0;39m [36mg.service.ubs.OrderLockServiceImpl      [0;39m [35m:62  [0;39m Unlock orders
[2025-04-18 05:33:54] [34mINFO[0;39m [36mg.service.ubs.OrderLockServiceImpl      [0;39m [35m:60  [0;39m Time: 2025-04-18T05:28:54.097825100
[2025-04-18 05:33:54] [34mINFO[0;39m [36mg.service.ubs.OrderLockServiceImpl      [0;39m [35m:62  [0;39m Unlock orders
[2025-04-18 05:33:54] [34mINFO[0;39m [36mg.service.ubs.OrderLockServiceImpl      [0;39m [35m:60  [0;39m Time: 2025-04-18T05:28:54.099827400
[2025-04-18 05:33:54] [34mINFO[0;39m [36mg.service.ubs.OrderLockServiceImpl      [0;39m [35m:62  [0;39m Unlock orders
[2025-04-18 05:33:54] [34mINFO[0;39m [36mg.service.ubs.OrderLockServiceImpl      [0;39m [35m:60  [0;39m Time: 2025-04-18T05:28:54.100826700
[2025-04-18 05:33:54] [34mINFO[0;39m [36mg.service.ubs.OrderLockServiceImpl      [0;39m [35m:62  [0;39m Unlock orders
[2025-04-18 05:33:54] [34mINFO[0;39m [36mg.service.ubs.OrderLockServiceImpl      [0;39m [35m:60  [0;39m Time: 2025-04-18T05:28:54.101825800
[2025-04-18 05:33:54] [34mINFO[0;39m [36mg.service.ubs.OrderLockServiceImpl      [0;39m [35m:62  [0;39m Unlock orders
[2025-04-18 05:33:54] [34mINFO[0;39m [36mg.service.ubs.OrderLockServiceImpl      [0;39m [35m:60  [0;39m Time: 2025-04-18T05:28:54.102826500
[2025-04-18 05:33:54] [34mINFO[0;39m [36mg.service.ubs.OrderLockServiceImpl      [0;39m [35m:62  [0;39m Unlock orders
[2025-04-18 05:33:54] [34mINFO[0;39m [36mg.service.ubs.OrderLockServiceImpl      [0;39m [35m:60  [0;39m Time: 2025-04-18T05:28:54.104830800
[2025-04-18 05:33:54] [34mINFO[0;39m [36mg.service.ubs.OrderLockServiceImpl      [0;39m [35m:62  [0;39m Unlock orders
[2025-04-18 05:33:54] [34mINFO[0;39m [36mg.service.ubs.OrderLockServiceImpl      [0;39m [35m:60  [0;39m Time: 2025-04-18T05:28:54.105824500
[2025-04-18 05:33:54] [34mINFO[0;39m [36mg.service.ubs.OrderLockServiceImpl      [0;39m [35m:62  [0;39m Unlock orders
[2025-04-18 05:33:54] [34mINFO[0;39m [36mg.service.ubs.OrderLockServiceImpl      [0;39m [35m:60  [0;39m Time: 2025-04-18T05:28:54.106826
[2025-04-18 05:33:54] [34mINFO[0;39m [36mg.service.ubs.OrderLockServiceImpl      [0;39m [35m:62  [0;39m Unlock orders
[2025-04-18 05:33:54] [34mINFO[0;39m [36mg.service.ubs.OrderLockServiceImpl      [0;39m [35m:60  [0;39m Time: 2025-04-18T05:28:54.108826300
[2025-04-18 05:33:54] [34mINFO[0;39m [36mg.service.ubs.OrderLockServiceImpl      [0;39m [35m:62  [0;39m Unlock orders
[2025-04-18 05:33:54] [34mINFO[0;39m [36mg.service.ubs.OrderLockServiceImpl      [0;39m [35m:60  [0;39m Time: 2025-04-18T05:28:54.110826200
[2025-04-18 05:33:54] [34mINFO[0;39m [36mg.service.ubs.OrderLockServiceImpl      [0;39m [35m:62  [0;39m Unlock orders
[2025-04-18 05:33:54] [34mINFO[0;39m [36mg.service.ubs.OrderLockServiceImpl      [0;39m [35m:60  [0;39m Time: 2025-04-18T05:28:54.111824300
[2025-04-18 05:33:54] [34mINFO[0;39m [36mg.service.ubs.OrderLockServiceImpl      [0;39m [35m:62  [0;39m Unlock orders
[2025-04-18 05:33:54] [34mINFO[0;39m [36mg.service.ubs.OrderLockServiceImpl      [0;39m [35m:60  [0;39m Time: 2025-04-18T05:28:54.112825600
[2025-04-18 05:33:54] [34mINFO[0;39m [36mg.service.ubs.OrderLockServiceImpl      [0;39m [35m:62  [0;39m Unlock orders
[2025-04-18 05:33:54] [34mINFO[0;39m [36mg.service.ubs.OrderLockServiceImpl      [0;39m [35m:60  [0;39m Time: 2025-04-18T05:28:54.113825700
[2025-04-18 05:33:54] [34mINFO[0;39m [36mg.service.ubs.OrderLockServiceImpl      [0;39m [35m:62  [0;39m Unlock orders
[2025-04-18 05:33:54] [34mINFO[0;39m [36mg.service.ubs.OrderLockServiceImpl      [0;39m [35m:60  [0;39m Time: 2025-04-18T05:28:54.115825100
[2025-04-18 05:33:54] [34mINFO[0;39m [36mg.service.ubs.OrderLockServiceImpl      [0;39m [35m:62  [0;39m Unlock orders
[2025-04-18 05:33:54] [34mINFO[0;39m [36mg.service.ubs.OrderLockServiceImpl      [0;39m [35m:60  [0;39m Time: 2025-04-18T05:28:54.116826800
[2025-04-18 05:33:54] [34mINFO[0;39m [36mg.service.ubs.OrderLockServiceImpl      [0;39m [35m:62  [0;39m Unlock orders
[2025-04-18 05:33:54] [34mINFO[0;39m [36mg.service.ubs.OrderLockServiceImpl      [0;39m [35m:60  [0;39m Time: 2025-04-18T05:28:54.117827600
[2025-04-18 05:33:54] [34mINFO[0;39m [36mg.service.ubs.OrderLockServiceImpl      [0;39m [35m:62  [0;39m Unlock orders
[2025-04-18 05:33:54] [34mINFO[0;39m [36mg.service.ubs.OrderLockServiceImpl      [0;39m [35m:60  [0;39m Time: 2025-04-18T05:28:54.118825900
[2025-04-18 05:33:54] [34mINFO[0;39m [36mg.service.ubs.OrderLockServiceImpl      [0;39m [35m:62  [0;39m Unlock orders
[2025-04-18 05:33:54] [34mINFO[0;39m [36mg.service.ubs.OrderLockServiceImpl      [0;39m [35m:60  [0;39m Time: 2025-04-18T05:28:54.119825400
[2025-04-18 05:33:54] [34mINFO[0;39m [36mg.service.ubs.OrderLockServiceImpl      [0;39m [35m:62  [0;39m Unlock orders
[2025-04-18 05:33:54] [34mINFO[0;39m [36mg.service.ubs.OrderLockServiceImpl      [0;39m [35m:60  [0;39m Time: 2025-04-18T05:28:54.120825500
[2025-04-18 05:33:54] [34mINFO[0;39m [36mg.service.ubs.OrderLockServiceImpl      [0;39m [35m:62  [0;39m Unlock orders
[2025-04-18 05:33:54] [34mINFO[0;39m [36mg.service.ubs.OrderLockServiceImpl      [0;39m [35m:60  [0;39m Time: 2025-04-18T05:28:54.121826600
[2025-04-18 05:33:54] [34mINFO[0;39m [36mg.service.ubs.OrderLockServiceImpl      [0;39m [35m:62  [0;39m Unlock orders
[2025-04-18 05:33:54] [34mINFO[0;39m [36mg.service.ubs.OrderLockServiceImpl      [0;39m [35m:60  [0;39m Time: 2025-04-18T05:28:54.123829300
[2025-04-18 05:33:54] [34mINFO[0;39m [36mg.service.ubs.OrderLockServiceImpl      [0;39m [35m:62  [0;39m Unlock orders
[2025-04-18 05:33:54] [34mINFO[0;39m [36mg.service.ubs.OrderLockServiceImpl      [0;39m [35m:60  [0;39m Time: 2025-04-18T05:28:54.124826500
[2025-04-18 05:33:54] [34mINFO[0;39m [36mg.service.ubs.OrderLockServiceImpl      [0;39m [35m:62  [0;39m Unlock orders
[2025-04-18 05:33:54] [34mINFO[0;39m [36mg.service.ubs.OrderLockServiceImpl      [0;39m [35m:60  [0;39m Time: 2025-04-18T05:28:54.126826800
[2025-04-18 05:33:54] [34mINFO[0;39m [36mg.service.ubs.OrderLockServiceImpl      [0;39m [35m:62  [0;39m Unlock orders
[2025-04-18 05:33:54] [34mINFO[0;39m [36mg.service.ubs.OrderLockServiceImpl      [0;39m [35m:60  [0;39m Time: 2025-04-18T05:28:54.128825400
[2025-04-18 05:33:54] [34mINFO[0;39m [36mg.service.ubs.OrderLockServiceImpl      [0;39m [35m:62  [0;39m Unlock orders
[2025-04-18 05:33:54] [34mINFO[0;39m [36mg.service.ubs.OrderLockServiceImpl      [0;39m [35m:60  [0;39m Time: 2025-04-18T05:28:54.129826900
[2025-04-18 05:33:54] [34mINFO[0;39m [36mg.service.ubs.OrderLockServiceImpl      [0;39m [35m:62  [0;39m Unlock orders
[2025-04-18 05:33:54] [34mINFO[0;39m [36mg.service.ubs.OrderLockServiceImpl      [0;39m [35m:60  [0;39m Time: 2025-04-18T05:28:54.130825200
[2025-04-18 05:33:54] [34mINFO[0;39m [36mg.service.ubs.OrderLockServiceImpl      [0;39m [35m:62  [0;39m Unlock orders
[2025-04-18 05:33:54] [34mINFO[0;39m [36mg.service.ubs.OrderLockServiceImpl      [0;39m [35m:60  [0;39m Time: 2025-04-18T05:28:54.131825800
[2025-04-18 05:33:54] [34mINFO[0;39m [36mg.service.ubs.OrderLockServiceImpl      [0;39m [35m:62  [0;39m Unlock orders
[2025-04-18 05:33:54] [34mINFO[0;39m [36mg.service.ubs.OrderLockServiceImpl      [0;39m [35m:60  [0;39m Time: 2025-04-18T05:28:54.133826800
[2025-04-18 05:33:54] [34mINFO[0;39m [36mg.service.ubs.OrderLockServiceImpl      [0;39m [35m:62  [0;39m Unlock orders
[2025-04-18 05:33:54] [34mINFO[0;39m [36mg.service.ubs.OrderLockServiceImpl      [0;39m [35m:60  [0;39m Time: 2025-04-18T05:28:54.134824300
[2025-04-18 05:33:54] [34mINFO[0;39m [36mg.service.ubs.OrderLockServiceImpl      [0;39m [35m:62  [0;39m Unlock orders
[2025-04-18 05:33:54] [34mINFO[0;39m [36mg.service.ubs.OrderLockServiceImpl      [0;39m [35m:60  [0;39m Time: 2025-04-18T05:28:54.136824300
[2025-04-18 05:33:54] [34mINFO[0;39m [36mg.service.ubs.OrderLockServiceImpl      [0;39m [35m:62  [0;39m Unlock orders
[2025-04-18 05:33:54] [34mINFO[0;39m [36mg.service.ubs.OrderLockServiceImpl      [0;39m [35m:60  [0;39m Time: 2025-04-18T05:28:54.137825700
[2025-04-18 05:33:54] [34mINFO[0;39m [36mg.service.ubs.OrderLockServiceImpl      [0;39m [35m:62  [0;39m Unlock orders
[2025-04-18 05:33:54] [34mINFO[0;39m [36mg.service.ubs.OrderLockServiceImpl      [0;39m [35m:60  [0;39m Time: 2025-04-18T05:28:54.138823400
[2025-04-18 05:33:54] [34mINFO[0;39m [36mg.service.ubs.OrderLockServiceImpl      [0;39m [35m:62  [0;39m Unlock orders
[2025-04-18 05:33:54] [34mINFO[0;39m [36mg.service.ubs.OrderLockServiceImpl      [0;39m [35m:60  [0;39m Time: 2025-04-18T05:28:54.139826600
[2025-04-18 05:33:54] [34mINFO[0;39m [36mg.service.ubs.OrderLockServiceImpl      [0;39m [35m:62  [0;39m Unlock orders
[2025-04-18 05:33:54] [34mINFO[0;39m [36mg.service.ubs.OrderLockServiceImpl      [0;39m [35m:60  [0;39m Time: 2025-04-18T05:28:54.140824400
[2025-04-18 05:33:54] [34mINFO[0;39m [36mg.service.ubs.OrderLockServiceImpl      [0;39m [35m:62  [0;39m Unlock orders
[2025-04-18 05:33:54] [34mINFO[0;39m [36mg.service.ubs.OrderLockServiceImpl      [0;39m [35m:60  [0;39m Time: 2025-04-18T05:28:54.142824500
[2025-04-18 05:33:54] [34mINFO[0;39m [36mg.service.ubs.OrderLockServiceImpl      [0;39m [35m:62  [0;39m Unlock orders
[2025-04-18 05:33:54] [34mINFO[0;39m [36mg.service.ubs.OrderLockServiceImpl      [0;39m [35m:60  [0;39m Time: 2025-04-18T05:28:54.143824700
[2025-04-18 05:33:54] [34mINFO[0;39m [36mg.service.ubs.OrderLockServiceImpl      [0;39m [35m:62  [0;39m Unlock orders
[2025-04-18 05:33:54] [34mINFO[0;39m [36mg.service.ubs.OrderLockServiceImpl      [0;39m [35m:60  [0;39m Time: 2025-04-18T05:28:54.144828600
[2025-04-18 05:33:54] [34mINFO[0;39m [36mg.service.ubs.OrderLockServiceImpl      [0;39m [35m:62  [0;39m Unlock orders
[2025-04-18 05:33:54] [34mINFO[0;39m [36mg.service.ubs.OrderLockServiceImpl      [0;39m [35m:60  [0;39m Time: 2025-04-18T05:28:54.145825100
[2025-04-18 05:33:54] [34mINFO[0;39m [36mg.service.ubs.OrderLockServiceImpl      [0;39m [35m:62  [0;39m Unlock orders
[2025-04-18 05:33:54] [34mINFO[0;39m [36mg.service.ubs.OrderLockServiceImpl      [0;39m [35m:60  [0;39m Time: 2025-04-18T05:28:54.147825600
[2025-04-18 05:33:54] [34mINFO[0;39m [36mg.service.ubs.OrderLockServiceImpl      [0;39m [35m:62  [0;39m Unlock orders
[2025-04-18 05:33:54] [34mINFO[0;39m [36mg.service.ubs.OrderLockServiceImpl      [0;39m [35m:60  [0;39m Time: 2025-04-18T05:28:54.148826300
[2025-04-18 05:33:54] [34mINFO[0;39m [36mg.service.ubs.OrderLockServiceImpl      [0;39m [35m:62  [0;39m Unlock orders
[2025-04-18 05:33:54] [34mINFO[0;39m [36mg.service.ubs.OrderLockServiceImpl      [0;39m [35m:60  [0;39m Time: 2025-04-18T05:28:54.149828
[2025-04-18 05:33:54] [34mINFO[0;39m [36mg.service.ubs.OrderLockServiceImpl      [0;39m [35m:62  [0;39m Unlock orders
[2025-04-18 05:33:54] [34mINFO[0;39m [36mg.service.ubs.OrderLockServiceImpl      [0;39m [35m:60  [0;39m Time: 2025-04-18T05:28:54.150825600
[2025-04-18 05:33:54] [34mINFO[0;39m [36mg.service.ubs.OrderLockServiceImpl      [0;39m [35m:62  [0;39m Unlock orders
[2025-04-18 05:33:54] [34mINFO[0;39m [36mg.service.ubs.OrderLockServiceImpl      [0;39m [35m:60  [0;39m Time: 2025-04-18T05:28:54.152834500
[2025-04-18 05:33:54] [34mINFO[0;39m [36mg.service.ubs.OrderLockServiceImpl      [0;39m [35m:62  [0;39m Unlock orders
[2025-04-18 05:33:54] [34mINFO[0;39m [36mg.service.ubs.OrderLockServiceImpl      [0;39m [35m:60  [0;39m Time: 2025-04-18T05:28:54.154827500
[2025-04-18 05:33:54] [34mINFO[0;39m [36mg.service.ubs.OrderLockServiceImpl      [0;39m [35m:62  [0;39m Unlock orders
[2025-04-18 05:33:54] [34mINFO[0;39m [36mg.service.ubs.OrderLockServiceImpl      [0;39m [35m:60  [0;39m Time: 2025-04-18T05:28:54.156703800
[2025-04-18 05:33:54] [34mINFO[0;39m [36mg.service.ubs.OrderLockServiceImpl      [0;39m [35m:62  [0;39m Unlock orders
[2025-04-18 05:33:54] [34mINFO[0;39m [36mg.service.ubs.OrderLockServiceImpl      [0;39m [35m:60  [0;39m Time: 2025-04-18T05:28:54.157696900
[2025-04-18 05:33:54] [34mINFO[0;39m [36mg.service.ubs.OrderLockServiceImpl      [0;39m [35m:62  [0;39m Unlock orders
[2025-04-18 05:33:54] [34mINFO[0;39m [36mg.service.ubs.OrderLockServiceImpl      [0;39m [35m:60  [0;39m Time: 2025-04-18T05:28:54.160695800
[2025-04-18 05:33:54] [34mINFO[0;39m [36mg.service.ubs.OrderLockServiceImpl      [0;39m [35m:62  [0;39m Unlock orders
[2025-04-18 05:33:54] [34mINFO[0;39m [36mg.service.ubs.OrderLockServiceImpl      [0;39m [35m:60  [0;39m Time: 2025-04-18T05:28:54.162697700
[2025-04-18 05:33:54] [34mINFO[0;39m [36mg.service.ubs.OrderLockServiceImpl      [0;39m [35m:62  [0;39m Unlock orders
[2025-04-18 05:33:55] [34mINFO[0;39m [36mg.s.f.AccessTokenAuthenticationFilter   [0;39m [35m:54  [0;39m token: eyJhbGciOiJIUzI1NiJ9.eyJzdWIiOiJvLmJ1bGhha292YS5jaGlAZ21haWwuY29tIiwicm9sZSI6WyJST0xFX1VTRVIiXSwiZXhwIjoxNzQ0OTI3OTg0LCJpYXQiOjE3NDQ5MjA3ODR9.RhKBhKZbU7WFqlnRhIl40s3JUkujwIvVmSAaEl9QCN0
[2025-04-18 05:33:55] [34mINFO[0;39m [36mg.s.f.AccessTokenAuthenticationFilter   [0;39m [35m:68  [0;39m Token has expired: eyJhbGciOiJIUzI1NiJ9.eyJzdWIiOiJvLmJ1bGhha292YS5jaGlAZ21haWwuY29tIiwicm9sZSI6WyJST0xFX1VTRVIiXSwiZXhwIjoxNzQ0OTI3OTg0LCJpYXQiOjE3NDQ5MjA3ODR9.RhKBhKZbU7WFqlnRhIl40s3JUkujwIvVmSAaEl9QCN0
[2025-04-18 05:33:55] [34mINFO[0;39m [36mg.s.f.AccessTokenAuthenticationFilter   [0;39m [35m:54  [0;39m token: eyJhbGciOiJIUzI1NiJ9.eyJzdWIiOiJvLmJ1bGhha292YS5jaGlAZ21haWwuY29tIiwicm9sZSI6WyJST0xFX1VTRVIiXSwiZXhwIjoxNzQ0OTI3OTg0LCJpYXQiOjE3NDQ5MjA3ODR9.RhKBhKZbU7WFqlnRhIl40s3JUkujwIvVmSAaEl9QCN0
[2025-04-18 05:33:55] [34mINFO[0;39m [36mg.s.f.AccessTokenAuthenticationFilter   [0;39m [35m:68  [0;39m Token has expired: eyJhbGciOiJIUzI1NiJ9.eyJzdWIiOiJvLmJ1bGhha292YS5jaGlAZ21haWwuY29tIiwicm9sZSI6WyJST0xFX1VTRVIiXSwiZXhwIjoxNzQ0OTI3OTg0LCJpYXQiOjE3NDQ5MjA3ODR9.RhKBhKZbU7WFqlnRhIl40s3JUkujwIvVmSAaEl9QCN0
[2025-04-18 05:33:56] [34mINFO[0;39m [36mg.s.f.AccessTokenAuthenticationFilter   [0;39m [35m:54  [0;39m token: eyJhbGciOiJIUzI1NiJ9.eyJzdWIiOiJvLmJ1bGhha292YS5jaGlAZ21haWwuY29tIiwicm9sZSI6WyJST0xFX1VTRVIiXSwiZXhwIjoxNzQ0OTUwODM2LCJpYXQiOjE3NDQ5NDM2MzZ9.WQrgDXp1htEbiwn7WVvgHpfruZGVIdFJphqkQli2F_0
[2025-04-18 05:33:56] [34mINFO[0;39m [36mg.s.f.AccessTokenAuthenticationFilter   [0;39m [35m:62  [0;39m user: Optional[UserVO(id=5, email=o.bulhakova.chi@gmail.com, languageVO=greencity.dto.language.LanguageVO@1c60)]
[2025-04-18 05:33:56] [31mWARN[0;39m [36m.m.m.a.ExceptionHandlerExceptionResolver[0;39m [35m:247 [0;39m Resolved [org.springframework.web.bind.MissingServletRequestParameterException: Required request parameter 'email' for method parameter type String is not present]
[2025-04-18 05:33:56] [34mINFO[0;39m [36mg.s.f.AccessTokenAuthenticationFilter   [0;39m [35m:54  [0;39m token: eyJhbGciOiJIUzI1NiJ9.eyJzdWIiOiJvLmJ1bGhha292YS5jaGlAZ21haWwuY29tIiwicm9sZSI6WyJST0xFX1VTRVIiXSwiZXhwIjoxNzQ0OTUwODM2LCJpYXQiOjE3NDQ5NDM2MzZ9.WQrgDXp1htEbiwn7WVvgHpfruZGVIdFJphqkQli2F_0
[2025-04-18 05:33:57] [34mINFO[0;39m [36mg.s.f.AccessTokenAuthenticationFilter   [0;39m [35m:62  [0;39m user: Optional[UserVO(id=5, email=o.bulhakova.chi@gmail.com, languageVO=greencity.dto.language.LanguageVO@1c60)]
[2025-04-18 05:33:57] [31mWARN[0;39m [36m.m.m.a.ExceptionHandlerExceptionResolver[0;39m [35m:247 [0;39m Resolved [org.springframework.web.bind.MissingServletRequestParameterException: Required request parameter 'email' for method parameter type String is not present]
[2025-04-18 05:34:12] [31mWARN[0;39m [36mcom.zaxxer.hikari.pool.HikariPool       [0;39m [35m:804 [0;39m HikariPool-1 - Thread starvation or clock leap detected (housekeeper delta=2h18m40s652ms596µs700ns).
[2025-04-18 05:34:39] [34mINFO[0;39m [36mg.service.ubs.OrderLockServiceImpl      [0;39m [35m:60  [0;39m Time: 2025-04-18T05:29:39.177910600
[2025-04-18 05:34:39] [34mINFO[0;39m [36mg.service.ubs.OrderLockServiceImpl      [0;39m [35m:62  [0;39m Unlock orders
[2025-04-18 05:35:39] [34mINFO[0;39m [36mg.service.ubs.OrderLockServiceImpl      [0;39m [35m:60  [0;39m Time: 2025-04-18T05:30:39.174202200
[2025-04-18 05:35:39] [34mINFO[0;39m [36mg.service.ubs.OrderLockServiceImpl      [0;39m [35m:62  [0;39m Unlock orders
[2025-04-18 05:36:39] [34mINFO[0;39m [36mg.service.ubs.OrderLockServiceImpl      [0;39m [35m:60  [0;39m Time: 2025-04-18T05:31:39.179159400
[2025-04-18 05:36:39] [34mINFO[0;39m [36mg.service.ubs.OrderLockServiceImpl      [0;39m [35m:62  [0;39m Unlock orders
[2025-04-18 05:37:39] [34mINFO[0;39m [36mg.service.ubs.OrderLockServiceImpl      [0;39m [35m:60  [0;39m Time: 2025-04-18T05:32:39.182533
[2025-04-18 05:37:39] [34mINFO[0;39m [36mg.service.ubs.OrderLockServiceImpl      [0;39m [35m:62  [0;39m Unlock orders
[2025-04-18 05:38:39] [34mINFO[0;39m [36mg.service.ubs.OrderLockServiceImpl      [0;39m [35m:60  [0;39m Time: 2025-04-18T05:33:39.177736900
[2025-04-18 05:38:39] [34mINFO[0;39m [36mg.service.ubs.OrderLockServiceImpl      [0;39m [35m:62  [0;39m Unlock orders
[2025-04-18 05:39:39] [34mINFO[0;39m [36mg.service.ubs.OrderLockServiceImpl      [0;39m [35m:60  [0;39m Time: 2025-04-18T05:34:39.172642600
[2025-04-18 05:39:39] [34mINFO[0;39m [36mg.service.ubs.OrderLockServiceImpl      [0;39m [35m:62  [0;39m Unlock orders
[2025-04-18 05:40:39] [34mINFO[0;39m [36mg.service.ubs.OrderLockServiceImpl      [0;39m [35m:60  [0;39m Time: 2025-04-18T05:35:39.180463100
[2025-04-18 05:40:39] [34mINFO[0;39m [36mg.service.ubs.OrderLockServiceImpl      [0;39m [35m:62  [0;39m Unlock orders
[2025-04-18 05:41:39] [34mINFO[0;39m [36mg.service.ubs.OrderLockServiceImpl      [0;39m [35m:60  [0;39m Time: 2025-04-18T05:36:39.178174300
[2025-04-18 05:41:39] [34mINFO[0;39m [36mg.service.ubs.OrderLockServiceImpl      [0;39m [35m:62  [0;39m Unlock orders
[2025-04-18 05:42:39] [34mINFO[0;39m [36mg.service.ubs.OrderLockServiceImpl      [0;39m [35m:60  [0;39m Time: 2025-04-18T05:37:39.178123300
[2025-04-18 05:42:39] [34mINFO[0;39m [36mg.service.ubs.OrderLockServiceImpl      [0;39m [35m:62  [0;39m Unlock orders
[2025-04-18 05:43:39] [34mINFO[0;39m [36mg.service.ubs.OrderLockServiceImpl      [0;39m [35m:60  [0;39m Time: 2025-04-18T05:38:39.171681200
[2025-04-18 05:43:39] [34mINFO[0;39m [36mg.service.ubs.OrderLockServiceImpl      [0;39m [35m:62  [0;39m Unlock orders
[2025-04-18 05:44:39] [34mINFO[0;39m [36mg.service.ubs.OrderLockServiceImpl      [0;39m [35m:60  [0;39m Time: 2025-04-18T05:39:39.183103400
[2025-04-18 05:44:39] [34mINFO[0;39m [36mg.service.ubs.OrderLockServiceImpl      [0;39m [35m:62  [0;39m Unlock orders
[2025-04-18 05:45:39] [34mINFO[0;39m [36mg.service.ubs.OrderLockServiceImpl      [0;39m [35m:60  [0;39m Time: 2025-04-18T05:40:39.183055400
[2025-04-18 05:45:39] [34mINFO[0;39m [36mg.service.ubs.OrderLockServiceImpl      [0;39m [35m:62  [0;39m Unlock orders
[2025-04-18 05:46:39] [34mINFO[0;39m [36mg.service.ubs.OrderLockServiceImpl      [0;39m [35m:60  [0;39m Time: 2025-04-18T05:41:39.179900200
[2025-04-18 05:46:39] [34mINFO[0;39m [36mg.service.ubs.OrderLockServiceImpl      [0;39m [35m:62  [0;39m Unlock orders
[2025-04-18 05:47:39] [34mINFO[0;39m [36mg.service.ubs.OrderLockServiceImpl      [0;39m [35m:60  [0;39m Time: 2025-04-18T05:42:39.183332200
[2025-04-18 05:47:39] [34mINFO[0;39m [36mg.service.ubs.OrderLockServiceImpl      [0;39m [35m:62  [0;39m Unlock orders
[2025-04-18 05:48:39] [34mINFO[0;39m [36mg.service.ubs.OrderLockServiceImpl      [0;39m [35m:60  [0;39m Time: 2025-04-18T05:43:39.174400600
[2025-04-18 05:48:39] [34mINFO[0;39m [36mg.service.ubs.OrderLockServiceImpl      [0;39m [35m:62  [0;39m Unlock orders
[2025-04-18 05:49:39] [34mINFO[0;39m [36mg.service.ubs.OrderLockServiceImpl      [0;39m [35m:60  [0;39m Time: 2025-04-18T05:44:39.184220800
[2025-04-18 05:49:39] [34mINFO[0;39m [36mg.service.ubs.OrderLockServiceImpl      [0;39m [35m:62  [0;39m Unlock orders
[2025-04-18 05:50:39] [34mINFO[0;39m [36mg.service.ubs.OrderLockServiceImpl      [0;39m [35m:60  [0;39m Time: 2025-04-18T05:45:39.179357300
[2025-04-18 05:50:39] [34mINFO[0;39m [36mg.service.ubs.OrderLockServiceImpl      [0;39m [35m:62  [0;39m Unlock orders
[2025-04-18 05:51:39] [34mINFO[0;39m [36mg.service.ubs.OrderLockServiceImpl      [0;39m [35m:60  [0;39m Time: 2025-04-18T05:46:39.181012700
[2025-04-18 05:51:39] [34mINFO[0;39m [36mg.service.ubs.OrderLockServiceImpl      [0;39m [35m:62  [0;39m Unlock orders
[2025-04-18 05:52:39] [34mINFO[0;39m [36mg.service.ubs.OrderLockServiceImpl      [0;39m [35m:60  [0;39m Time: 2025-04-18T05:47:39.172889500
[2025-04-18 05:52:39] [34mINFO[0;39m [36mg.service.ubs.OrderLockServiceImpl      [0;39m [35m:62  [0;39m Unlock orders
[2025-04-18 05:53:39] [34mINFO[0;39m [36mg.service.ubs.OrderLockServiceImpl      [0;39m [35m:60  [0;39m Time: 2025-04-18T05:48:39.178836900
[2025-04-18 05:53:39] [34mINFO[0;39m [36mg.service.ubs.OrderLockServiceImpl      [0;39m [35m:62  [0;39m Unlock orders
[2025-04-18 05:54:39] [34mINFO[0;39m [36mg.service.ubs.OrderLockServiceImpl      [0;39m [35m:60  [0;39m Time: 2025-04-18T05:49:39.180753200
[2025-04-18 05:54:39] [34mINFO[0;39m [36mg.service.ubs.OrderLockServiceImpl      [0;39m [35m:62  [0;39m Unlock orders
[2025-04-18 05:55:39] [34mINFO[0;39m [36mg.service.ubs.OrderLockServiceImpl      [0;39m [35m:60  [0;39m Time: 2025-04-18T05:50:39.173723700
[2025-04-18 05:55:39] [34mINFO[0;39m [36mg.service.ubs.OrderLockServiceImpl      [0;39m [35m:62  [0;39m Unlock orders
[2025-04-18 05:56:39] [34mINFO[0;39m [36mg.service.ubs.OrderLockServiceImpl      [0;39m [35m:60  [0;39m Time: 2025-04-18T05:51:39.173422200
[2025-04-18 05:56:39] [34mINFO[0;39m [36mg.service.ubs.OrderLockServiceImpl      [0;39m [35m:62  [0;39m Unlock orders
[2025-04-18 05:57:39] [34mINFO[0;39m [36mg.service.ubs.OrderLockServiceImpl      [0;39m [35m:60  [0;39m Time: 2025-04-18T05:52:39.170510300
[2025-04-18 05:57:39] [34mINFO[0;39m [36mg.service.ubs.OrderLockServiceImpl      [0;39m [35m:62  [0;39m Unlock orders
[2025-04-18 05:58:39] [34mINFO[0;39m [36mg.service.ubs.OrderLockServiceImpl      [0;39m [35m:60  [0;39m Time: 2025-04-18T05:53:39.176540300
[2025-04-18 05:58:39] [34mINFO[0;39m [36mg.service.ubs.OrderLockServiceImpl      [0;39m [35m:62  [0;39m Unlock orders
[2025-04-18 05:59:39] [34mINFO[0;39m [36mg.service.ubs.OrderLockServiceImpl      [0;39m [35m:60  [0;39m Time: 2025-04-18T05:54:39.169233
[2025-04-18 05:59:39] [34mINFO[0;39m [36mg.service.ubs.OrderLockServiceImpl      [0;39m [35m:62  [0;39m Unlock orders
[2025-04-18 06:00:39] [34mINFO[0;39m [36mg.service.ubs.OrderLockServiceImpl      [0;39m [35m:60  [0;39m Time: 2025-04-18T05:55:39.181445700
[2025-04-18 06:00:39] [34mINFO[0;39m [36mg.service.ubs.OrderLockServiceImpl      [0;39m [35m:62  [0;39m Unlock orders
[2025-04-18 06:01:39] [34mINFO[0;39m [36mg.service.ubs.OrderLockServiceImpl      [0;39m [35m:60  [0;39m Time: 2025-04-18T05:56:39.175164
[2025-04-18 06:01:39] [34mINFO[0;39m [36mg.service.ubs.OrderLockServiceImpl      [0;39m [35m:62  [0;39m Unlock orders
[2025-04-18 06:02:39] [34mINFO[0;39m [36mg.service.ubs.OrderLockServiceImpl      [0;39m [35m:60  [0;39m Time: 2025-04-18T05:57:39.170589600
[2025-04-18 06:02:39] [34mINFO[0;39m [36mg.service.ubs.OrderLockServiceImpl      [0;39m [35m:62  [0;39m Unlock orders
[2025-04-18 06:03:39] [34mINFO[0;39m [36mg.service.ubs.OrderLockServiceImpl      [0;39m [35m:60  [0;39m Time: 2025-04-18T05:58:39.171382200
[2025-04-18 06:03:39] [34mINFO[0;39m [36mg.service.ubs.OrderLockServiceImpl      [0;39m [35m:62  [0;39m Unlock orders
[2025-04-18 06:04:39] [34mINFO[0;39m [36mg.service.ubs.OrderLockServiceImpl      [0;39m [35m:60  [0;39m Time: 2025-04-18T05:59:39.176339100
[2025-04-18 06:04:39] [34mINFO[0;39m [36mg.service.ubs.OrderLockServiceImpl      [0;39m [35m:62  [0;39m Unlock orders
[2025-04-18 06:05:39] [34mINFO[0;39m [36mg.service.ubs.OrderLockServiceImpl      [0;39m [35m:60  [0;39m Time: 2025-04-18T06:00:39.178342200
[2025-04-18 06:05:39] [34mINFO[0;39m [36mg.service.ubs.OrderLockServiceImpl      [0;39m [35m:62  [0;39m Unlock orders
[2025-04-18 06:06:39] [34mINFO[0;39m [36mg.service.ubs.OrderLockServiceImpl      [0;39m [35m:60  [0;39m Time: 2025-04-18T06:01:39.171896100
[2025-04-18 06:06:39] [34mINFO[0;39m [36mg.service.ubs.OrderLockServiceImpl      [0;39m [35m:62  [0;39m Unlock orders
[2025-04-18 06:07:39] [34mINFO[0;39m [36mg.service.ubs.OrderLockServiceImpl      [0;39m [35m:60  [0;39m Time: 2025-04-18T06:02:39.172027600
[2025-04-18 06:07:39] [34mINFO[0;39m [36mg.service.ubs.OrderLockServiceImpl      [0;39m [35m:62  [0;39m Unlock orders
[2025-04-18 06:08:39] [34mINFO[0;39m [36mg.service.ubs.OrderLockServiceImpl      [0;39m [35m:60  [0;39m Time: 2025-04-18T06:03:39.184944200
[2025-04-18 06:08:39] [34mINFO[0;39m [36mg.service.ubs.OrderLockServiceImpl      [0;39m [35m:62  [0;39m Unlock orders
[2025-04-18 06:09:39] [34mINFO[0;39m [36mg.service.ubs.OrderLockServiceImpl      [0;39m [35m:60  [0;39m Time: 2025-04-18T06:04:39.182679800
[2025-04-18 06:09:39] [34mINFO[0;39m [36mg.service.ubs.OrderLockServiceImpl      [0;39m [35m:62  [0;39m Unlock orders
[2025-04-18 06:10:39] [34mINFO[0;39m [36mg.service.ubs.OrderLockServiceImpl      [0;39m [35m:60  [0;39m Time: 2025-04-18T06:05:39.177697400
[2025-04-18 06:10:39] [34mINFO[0;39m [36mg.service.ubs.OrderLockServiceImpl      [0;39m [35m:62  [0;39m Unlock orders
[2025-04-18 06:11:39] [34mINFO[0;39m [36mg.service.ubs.OrderLockServiceImpl      [0;39m [35m:60  [0;39m Time: 2025-04-18T06:06:39.176572200
[2025-04-18 06:11:39] [34mINFO[0;39m [36mg.service.ubs.OrderLockServiceImpl      [0;39m [35m:62  [0;39m Unlock orders
[2025-04-18 06:12:39] [34mINFO[0;39m [36mg.service.ubs.OrderLockServiceImpl      [0;39m [35m:60  [0;39m Time: 2025-04-18T06:07:39.175518500
[2025-04-18 06:12:39] [34mINFO[0;39m [36mg.service.ubs.OrderLockServiceImpl      [0;39m [35m:62  [0;39m Unlock orders
[2025-04-18 06:13:39] [34mINFO[0;39m [36mg.service.ubs.OrderLockServiceImpl      [0;39m [35m:60  [0;39m Time: 2025-04-18T06:08:39.173970
[2025-04-18 06:13:39] [34mINFO[0;39m [36mg.service.ubs.OrderLockServiceImpl      [0;39m [35m:62  [0;39m Unlock orders
[2025-04-18 06:14:39] [34mINFO[0;39m [36mg.service.ubs.OrderLockServiceImpl      [0;39m [35m:60  [0;39m Time: 2025-04-18T06:09:39.170596300
[2025-04-18 06:14:39] [34mINFO[0;39m [36mg.service.ubs.OrderLockServiceImpl      [0;39m [35m:62  [0;39m Unlock orders
[2025-04-18 06:15:39] [34mINFO[0;39m [36mg.service.ubs.OrderLockServiceImpl      [0;39m [35m:60  [0;39m Time: 2025-04-18T06:10:39.177791500
[2025-04-18 06:15:39] [34mINFO[0;39m [36mg.service.ubs.OrderLockServiceImpl      [0;39m [35m:62  [0;39m Unlock orders
[2025-04-18 06:16:39] [34mINFO[0;39m [36mg.service.ubs.OrderLockServiceImpl      [0;39m [35m:60  [0;39m Time: 2025-04-18T06:11:39.180375700
[2025-04-18 06:16:39] [34mINFO[0;39m [36mg.service.ubs.OrderLockServiceImpl      [0;39m [35m:62  [0;39m Unlock orders
[2025-04-18 06:17:39] [34mINFO[0;39m [36mg.service.ubs.OrderLockServiceImpl      [0;39m [35m:60  [0;39m Time: 2025-04-18T06:12:39.179072300
[2025-04-18 06:17:39] [34mINFO[0;39m [36mg.service.ubs.OrderLockServiceImpl      [0;39m [35m:62  [0;39m Unlock orders
[2025-04-18 06:18:39] [34mINFO[0;39m [36mg.service.ubs.OrderLockServiceImpl      [0;39m [35m:60  [0;39m Time: 2025-04-18T06:13:39.174022800
[2025-04-18 06:18:39] [34mINFO[0;39m [36mg.service.ubs.OrderLockServiceImpl      [0;39m [35m:62  [0;39m Unlock orders
[2025-04-18 06:19:39] [34mINFO[0;39m [36mg.service.ubs.OrderLockServiceImpl      [0;39m [35m:60  [0;39m Time: 2025-04-18T06:14:39.176407200
[2025-04-18 06:19:39] [34mINFO[0;39m [36mg.service.ubs.OrderLockServiceImpl      [0;39m [35m:62  [0;39m Unlock orders
[2025-04-18 06:20:39] [34mINFO[0;39m [36mg.service.ubs.OrderLockServiceImpl      [0;39m [35m:60  [0;39m Time: 2025-04-18T06:15:39.173614
[2025-04-18 06:20:39] [34mINFO[0;39m [36mg.service.ubs.OrderLockServiceImpl      [0;39m [35m:62  [0;39m Unlock orders
[2025-04-18 06:21:39] [34mINFO[0;39m [36mg.service.ubs.OrderLockServiceImpl      [0;39m [35m:60  [0;39m Time: 2025-04-18T06:16:39.172294400
[2025-04-18 06:21:39] [34mINFO[0;39m [36mg.service.ubs.OrderLockServiceImpl      [0;39m [35m:62  [0;39m Unlock orders
[2025-04-18 06:22:39] [34mINFO[0;39m [36mg.service.ubs.OrderLockServiceImpl      [0;39m [35m:60  [0;39m Time: 2025-04-18T06:17:39.182072700
[2025-04-18 06:22:39] [34mINFO[0;39m [36mg.service.ubs.OrderLockServiceImpl      [0;39m [35m:62  [0;39m Unlock orders
[2025-04-18 06:23:39] [34mINFO[0;39m [36mg.service.ubs.OrderLockServiceImpl      [0;39m [35m:60  [0;39m Time: 2025-04-18T06:18:39.179189500
[2025-04-18 06:23:39] [34mINFO[0;39m [36mg.service.ubs.OrderLockServiceImpl      [0;39m [35m:62  [0;39m Unlock orders
[2025-04-18 06:24:39] [34mINFO[0;39m [36mg.service.ubs.OrderLockServiceImpl      [0;39m [35m:60  [0;39m Time: 2025-04-18T06:19:39.173801300
[2025-04-18 06:24:39] [34mINFO[0;39m [36mg.service.ubs.OrderLockServiceImpl      [0;39m [35m:62  [0;39m Unlock orders
[2025-04-18 06:25:39] [34mINFO[0;39m [36mg.service.ubs.OrderLockServiceImpl      [0;39m [35m:60  [0;39m Time: 2025-04-18T06:20:39.170438300
[2025-04-18 06:25:39] [34mINFO[0;39m [36mg.service.ubs.OrderLockServiceImpl      [0;39m [35m:62  [0;39m Unlock orders
[2025-04-18 06:26:39] [34mINFO[0;39m [36mg.service.ubs.OrderLockServiceImpl      [0;39m [35m:60  [0;39m Time: 2025-04-18T06:21:39.179528100
[2025-04-18 06:26:39] [34mINFO[0;39m [36mg.service.ubs.OrderLockServiceImpl      [0;39m [35m:62  [0;39m Unlock orders
[2025-04-18 06:27:39] [34mINFO[0;39m [36mg.service.ubs.OrderLockServiceImpl      [0;39m [35m:60  [0;39m Time: 2025-04-18T06:22:39.174196900
[2025-04-18 06:27:39] [34mINFO[0;39m [36mg.service.ubs.OrderLockServiceImpl      [0;39m [35m:62  [0;39m Unlock orders
[2025-04-18 06:46:49] [34mINFO[0;39m [36mg.service.ubs.OrderLockServiceImpl      [0;39m [35m:60  [0;39m Time: 2025-04-18T06:41:49.115894
[2025-04-18 06:46:49] [34mINFO[0;39m [36mg.service.ubs.OrderLockServiceImpl      [0;39m [35m:62  [0;39m Unlock orders
[2025-04-18 06:46:49] [34mINFO[0;39m [36mg.service.ubs.OrderLockServiceImpl      [0;39m [35m:60  [0;39m Time: 2025-04-18T06:41:49.118887400
[2025-04-18 06:46:49] [34mINFO[0;39m [36mg.service.ubs.OrderLockServiceImpl      [0;39m [35m:62  [0;39m Unlock orders
[2025-04-18 06:46:49] [34mINFO[0;39m [36mg.service.ubs.OrderLockServiceImpl      [0;39m [35m:60  [0;39m Time: 2025-04-18T06:41:49.119891500
[2025-04-18 06:46:49] [34mINFO[0;39m [36mg.service.ubs.OrderLockServiceImpl      [0;39m [35m:62  [0;39m Unlock orders
[2025-04-18 06:46:49] [34mINFO[0;39m [36mg.service.ubs.OrderLockServiceImpl      [0;39m [35m:60  [0;39m Time: 2025-04-18T06:41:49.120888
[2025-04-18 06:46:49] [34mINFO[0;39m [36mg.service.ubs.OrderLockServiceImpl      [0;39m [35m:62  [0;39m Unlock orders
[2025-04-18 06:46:49] [34mINFO[0;39m [36mg.service.ubs.OrderLockServiceImpl      [0;39m [35m:60  [0;39m Time: 2025-04-18T06:41:49.120888
[2025-04-18 06:46:49] [34mINFO[0;39m [36mg.service.ubs.OrderLockServiceImpl      [0;39m [35m:62  [0;39m Unlock orders
[2025-04-18 06:46:49] [34mINFO[0;39m [36mg.service.ubs.OrderLockServiceImpl      [0;39m [35m:60  [0;39m Time: 2025-04-18T06:41:49.121892300
[2025-04-18 06:46:49] [34mINFO[0;39m [36mg.service.ubs.OrderLockServiceImpl      [0;39m [35m:62  [0;39m Unlock orders
[2025-04-18 06:46:49] [34mINFO[0;39m [36mg.service.ubs.OrderLockServiceImpl      [0;39m [35m:60  [0;39m Time: 2025-04-18T06:41:49.121892300
[2025-04-18 06:46:49] [34mINFO[0;39m [36mg.service.ubs.OrderLockServiceImpl      [0;39m [35m:62  [0;39m Unlock orders
[2025-04-18 06:46:49] [34mINFO[0;39m [36mg.service.ubs.OrderLockServiceImpl      [0;39m [35m:60  [0;39m Time: 2025-04-18T06:41:49.122892300
[2025-04-18 06:46:49] [34mINFO[0;39m [36mg.service.ubs.OrderLockServiceImpl      [0;39m [35m:62  [0;39m Unlock orders
[2025-04-18 06:46:49] [34mINFO[0;39m [36mg.service.ubs.OrderLockServiceImpl      [0;39m [35m:60  [0;39m Time: 2025-04-18T06:41:49.122892300
[2025-04-18 06:46:49] [34mINFO[0;39m [36mg.service.ubs.OrderLockServiceImpl      [0;39m [35m:62  [0;39m Unlock orders
[2025-04-18 06:46:49] [34mINFO[0;39m [36mg.service.ubs.OrderLockServiceImpl      [0;39m [35m:60  [0;39m Time: 2025-04-18T06:41:49.123892400
[2025-04-18 06:46:49] [34mINFO[0;39m [36mg.service.ubs.OrderLockServiceImpl      [0;39m [35m:62  [0;39m Unlock orders
[2025-04-18 06:46:49] [34mINFO[0;39m [36mg.service.ubs.OrderLockServiceImpl      [0;39m [35m:60  [0;39m Time: 2025-04-18T06:41:49.123892400
[2025-04-18 06:46:49] [34mINFO[0;39m [36mg.service.ubs.OrderLockServiceImpl      [0;39m [35m:62  [0;39m Unlock orders
[2025-04-18 06:46:49] [34mINFO[0;39m [36mg.service.ubs.OrderLockServiceImpl      [0;39m [35m:60  [0;39m Time: 2025-04-18T06:41:49.124892400
[2025-04-18 06:46:49] [34mINFO[0;39m [36mg.service.ubs.OrderLockServiceImpl      [0;39m [35m:62  [0;39m Unlock orders
[2025-04-18 06:46:49] [34mINFO[0;39m [36mg.service.ubs.OrderLockServiceImpl      [0;39m [35m:60  [0;39m Time: 2025-04-18T06:41:49.124892400
[2025-04-18 06:46:49] [34mINFO[0;39m [36mg.service.ubs.OrderLockServiceImpl      [0;39m [35m:62  [0;39m Unlock orders
[2025-04-18 06:46:49] [34mINFO[0;39m [36mg.service.ubs.OrderLockServiceImpl      [0;39m [35m:60  [0;39m Time: 2025-04-18T06:41:49.125891900
[2025-04-18 06:46:49] [34mINFO[0;39m [36mg.service.ubs.OrderLockServiceImpl      [0;39m [35m:62  [0;39m Unlock orders
[2025-04-18 06:46:49] [34mINFO[0;39m [36mg.service.ubs.OrderLockServiceImpl      [0;39m [35m:60  [0;39m Time: 2025-04-18T06:41:49.125891900
[2025-04-18 06:46:49] [34mINFO[0;39m [36mg.service.ubs.OrderLockServiceImpl      [0;39m [35m:62  [0;39m Unlock orders
[2025-04-18 06:46:49] [34mINFO[0;39m [36mg.service.ubs.OrderLockServiceImpl      [0;39m [35m:60  [0;39m Time: 2025-04-18T06:41:49.126892700
[2025-04-18 06:46:49] [34mINFO[0;39m [36mg.service.ubs.OrderLockServiceImpl      [0;39m [35m:62  [0;39m Unlock orders
[2025-04-18 06:46:49] [34mINFO[0;39m [36mg.service.ubs.OrderLockServiceImpl      [0;39m [35m:60  [0;39m Time: 2025-04-18T06:41:49.126892700
[2025-04-18 06:46:49] [34mINFO[0;39m [36mg.service.ubs.OrderLockServiceImpl      [0;39m [35m:62  [0;39m Unlock orders
[2025-04-18 06:46:49] [34mINFO[0;39m [36mg.service.ubs.OrderLockServiceImpl      [0;39m [35m:60  [0;39m Time: 2025-04-18T06:41:49.127892100
[2025-04-18 06:46:49] [34mINFO[0;39m [36mg.service.ubs.OrderLockServiceImpl      [0;39m [35m:62  [0;39m Unlock orders
[2025-04-18 06:46:49] [34mINFO[0;39m [36mg.service.ubs.OrderLockServiceImpl      [0;39m [35m:60  [0;39m Time: 2025-04-18T06:41:49.127892100
[2025-04-18 06:46:49] [34mINFO[0;39m [36mg.service.ubs.OrderLockServiceImpl      [0;39m [35m:62  [0;39m Unlock orders
[2025-04-18 06:46:52] [31mWARN[0;39m [36mcom.zaxxer.hikari.pool.HikariPool       [0;39m [35m:804 [0;39m HikariPool-1 - Thread starvation or clock leap detected (housekeeper delta=18m39s938ms657µs200ns).
[2025-04-18 06:47:39] [34mINFO[0;39m [36mg.service.ubs.OrderLockServiceImpl      [0;39m [35m:60  [0;39m Time: 2025-04-18T06:42:39.171306
[2025-04-18 06:47:39] [34mINFO[0;39m [36mg.service.ubs.OrderLockServiceImpl      [0;39m [35m:62  [0;39m Unlock orders
[2025-04-18 06:48:39] [34mINFO[0;39m [36mg.service.ubs.OrderLockServiceImpl      [0;39m [35m:60  [0;39m Time: 2025-04-18T06:43:39.177106900
[2025-04-18 06:48:39] [34mINFO[0;39m [36mg.service.ubs.OrderLockServiceImpl      [0;39m [35m:62  [0;39m Unlock orders
[2025-04-18 06:49:39] [34mINFO[0;39m [36mg.service.ubs.OrderLockServiceImpl      [0;39m [35m:60  [0;39m Time: 2025-04-18T06:44:39.173639
[2025-04-18 06:49:39] [34mINFO[0;39m [36mg.service.ubs.OrderLockServiceImpl      [0;39m [35m:62  [0;39m Unlock orders
[2025-04-18 06:50:39] [34mINFO[0;39m [36mg.service.ubs.OrderLockServiceImpl      [0;39m [35m:60  [0;39m Time: 2025-04-18T06:45:39.173503300
[2025-04-18 06:50:39] [34mINFO[0;39m [36mg.service.ubs.OrderLockServiceImpl      [0;39m [35m:62  [0;39m Unlock orders
[2025-04-18 06:51:39] [34mINFO[0;39m [36mg.service.ubs.OrderLockServiceImpl      [0;39m [35m:60  [0;39m Time: 2025-04-18T06:46:39.183574800
[2025-04-18 06:51:39] [34mINFO[0;39m [36mg.service.ubs.OrderLockServiceImpl      [0;39m [35m:62  [0;39m Unlock orders
[2025-04-18 06:52:39] [34mINFO[0;39m [36mg.service.ubs.OrderLockServiceImpl      [0;39m [35m:60  [0;39m Time: 2025-04-18T06:47:39.178062900
[2025-04-18 06:52:39] [34mINFO[0;39m [36mg.service.ubs.OrderLockServiceImpl      [0;39m [35m:62  [0;39m Unlock orders
[2025-04-18 06:53:39] [34mINFO[0;39m [36mg.service.ubs.OrderLockServiceImpl      [0;39m [35m:60  [0;39m Time: 2025-04-18T06:48:39.181559700
[2025-04-18 06:53:39] [34mINFO[0;39m [36mg.service.ubs.OrderLockServiceImpl      [0;39m [35m:62  [0;39m Unlock orders
[2025-04-18 06:54:39] [34mINFO[0;39m [36mg.service.ubs.OrderLockServiceImpl      [0;39m [35m:60  [0;39m Time: 2025-04-18T06:49:39.183291900
[2025-04-18 06:54:39] [34mINFO[0;39m [36mg.service.ubs.OrderLockServiceImpl      [0;39m [35m:62  [0;39m Unlock orders
[2025-04-18 06:55:39] [34mINFO[0;39m [36mg.service.ubs.OrderLockServiceImpl      [0;39m [35m:60  [0;39m Time: 2025-04-18T06:50:39.185888400
[2025-04-18 06:55:39] [34mINFO[0;39m [36mg.service.ubs.OrderLockServiceImpl      [0;39m [35m:62  [0;39m Unlock orders
[2025-04-18 06:56:39] [34mINFO[0;39m [36mg.service.ubs.OrderLockServiceImpl      [0;39m [35m:60  [0;39m Time: 2025-04-18T06:51:39.182134700
[2025-04-18 06:56:39] [34mINFO[0;39m [36mg.service.ubs.OrderLockServiceImpl      [0;39m [35m:62  [0;39m Unlock orders
[2025-04-18 06:57:39] [34mINFO[0;39m [36mg.service.ubs.OrderLockServiceImpl      [0;39m [35m:60  [0;39m Time: 2025-04-18T06:52:39.177525100
[2025-04-18 06:57:39] [34mINFO[0;39m [36mg.service.ubs.OrderLockServiceImpl      [0;39m [35m:62  [0;39m Unlock orders
[2025-04-18 06:58:39] [34mINFO[0;39m [36mg.service.ubs.OrderLockServiceImpl      [0;39m [35m:60  [0;39m Time: 2025-04-18T06:53:39.183919100
[2025-04-18 06:58:39] [34mINFO[0;39m [36mg.service.ubs.OrderLockServiceImpl      [0;39m [35m:62  [0;39m Unlock orders
[2025-04-18 06:59:39] [34mINFO[0;39m [36mg.service.ubs.OrderLockServiceImpl      [0;39m [35m:60  [0;39m Time: 2025-04-18T06:54:39.182616300
[2025-04-18 06:59:39] [34mINFO[0;39m [36mg.service.ubs.OrderLockServiceImpl      [0;39m [35m:62  [0;39m Unlock orders
[2025-04-18 07:00:39] [34mINFO[0;39m [36mg.service.ubs.OrderLockServiceImpl      [0;39m [35m:60  [0;39m Time: 2025-04-18T06:55:39.174363700
[2025-04-18 07:00:39] [34mINFO[0;39m [36mg.service.ubs.OrderLockServiceImpl      [0;39m [35m:62  [0;39m Unlock orders
[2025-04-18 07:01:39] [34mINFO[0;39m [36mg.service.ubs.OrderLockServiceImpl      [0;39m [35m:60  [0;39m Time: 2025-04-18T06:56:39.175601600
[2025-04-18 07:01:39] [34mINFO[0;39m [36mg.service.ubs.OrderLockServiceImpl      [0;39m [35m:62  [0;39m Unlock orders
[2025-04-18 07:02:39] [34mINFO[0;39m [36mg.service.ubs.OrderLockServiceImpl      [0;39m [35m:60  [0;39m Time: 2025-04-18T06:57:39.177138500
[2025-04-18 07:02:39] [34mINFO[0;39m [36mg.service.ubs.OrderLockServiceImpl      [0;39m [35m:62  [0;39m Unlock orders
[2025-04-18 07:03:39] [34mINFO[0;39m [36mg.service.ubs.OrderLockServiceImpl      [0;39m [35m:60  [0;39m Time: 2025-04-18T06:58:39.174879600
[2025-04-18 07:03:39] [34mINFO[0;39m [36mg.service.ubs.OrderLockServiceImpl      [0;39m [35m:62  [0;39m Unlock orders
[2025-04-18 07:04:39] [34mINFO[0;39m [36mg.service.ubs.OrderLockServiceImpl      [0;39m [35m:60  [0;39m Time: 2025-04-18T06:59:39.175799700
[2025-04-18 07:04:39] [34mINFO[0;39m [36mg.service.ubs.OrderLockServiceImpl      [0;39m [35m:62  [0;39m Unlock orders
[2025-04-18 07:05:39] [34mINFO[0;39m [36mg.service.ubs.OrderLockServiceImpl      [0;39m [35m:60  [0;39m Time: 2025-04-18T07:00:39.177519700
[2025-04-18 07:05:39] [34mINFO[0;39m [36mg.service.ubs.OrderLockServiceImpl      [0;39m [35m:62  [0;39m Unlock orders
[2025-04-18 07:06:39] [34mINFO[0;39m [36mg.service.ubs.OrderLockServiceImpl      [0;39m [35m:60  [0;39m Time: 2025-04-18T07:01:39.172539600
[2025-04-18 07:06:39] [34mINFO[0;39m [36mg.service.ubs.OrderLockServiceImpl      [0;39m [35m:62  [0;39m Unlock orders
[2025-04-18 07:07:39] [34mINFO[0;39m [36mg.service.ubs.OrderLockServiceImpl      [0;39m [35m:60  [0;39m Time: 2025-04-18T07:02:39.177077900
[2025-04-18 07:07:39] [34mINFO[0;39m [36mg.service.ubs.OrderLockServiceImpl      [0;39m [35m:62  [0;39m Unlock orders
[2025-04-18 07:08:39] [34mINFO[0;39m [36mg.service.ubs.OrderLockServiceImpl      [0;39m [35m:60  [0;39m Time: 2025-04-18T07:03:39.175375600
[2025-04-18 07:08:39] [34mINFO[0;39m [36mg.service.ubs.OrderLockServiceImpl      [0;39m [35m:62  [0;39m Unlock orders
[2025-04-18 07:09:39] [34mINFO[0;39m [36mg.service.ubs.OrderLockServiceImpl      [0;39m [35m:60  [0;39m Time: 2025-04-18T07:04:39.173009400
[2025-04-18 07:09:39] [34mINFO[0;39m [36mg.service.ubs.OrderLockServiceImpl      [0;39m [35m:62  [0;39m Unlock orders
[2025-04-18 07:10:39] [34mINFO[0;39m [36mg.service.ubs.OrderLockServiceImpl      [0;39m [35m:60  [0;39m Time: 2025-04-18T07:05:39.170093
[2025-04-18 07:10:39] [34mINFO[0;39m [36mg.service.ubs.OrderLockServiceImpl      [0;39m [35m:62  [0;39m Unlock orders
[2025-04-18 07:11:39] [34mINFO[0;39m [36mg.service.ubs.OrderLockServiceImpl      [0;39m [35m:60  [0;39m Time: 2025-04-18T07:06:39.177492200
[2025-04-18 07:11:39] [34mINFO[0;39m [36mg.service.ubs.OrderLockServiceImpl      [0;39m [35m:62  [0;39m Unlock orders
[2025-04-18 07:12:39] [34mINFO[0;39m [36mg.service.ubs.OrderLockServiceImpl      [0;39m [35m:60  [0;39m Time: 2025-04-18T07:07:39.175219500
[2025-04-18 07:12:39] [34mINFO[0;39m [36mg.service.ubs.OrderLockServiceImpl      [0;39m [35m:62  [0;39m Unlock orders
[2025-04-18 07:13:39] [34mINFO[0;39m [36mg.service.ubs.OrderLockServiceImpl      [0;39m [35m:60  [0;39m Time: 2025-04-18T07:08:39.184524800
[2025-04-18 07:13:39] [34mINFO[0;39m [36mg.service.ubs.OrderLockServiceImpl      [0;39m [35m:62  [0;39m Unlock orders
[2025-04-18 07:14:39] [34mINFO[0;39m [36mg.service.ubs.OrderLockServiceImpl      [0;39m [35m:60  [0;39m Time: 2025-04-18T07:09:39.180794600
[2025-04-18 07:14:39] [34mINFO[0;39m [36mg.service.ubs.OrderLockServiceImpl      [0;39m [35m:62  [0;39m Unlock orders
[2025-04-18 07:15:39] [34mINFO[0;39m [36mg.service.ubs.OrderLockServiceImpl      [0;39m [35m:60  [0;39m Time: 2025-04-18T07:10:39.178571500
[2025-04-18 07:15:39] [34mINFO[0;39m [36mg.service.ubs.OrderLockServiceImpl      [0;39m [35m:62  [0;39m Unlock orders
[2025-04-18 07:16:39] [34mINFO[0;39m [36mg.service.ubs.OrderLockServiceImpl      [0;39m [35m:60  [0;39m Time: 2025-04-18T07:11:39.175106900
[2025-04-18 07:16:39] [34mINFO[0;39m [36mg.service.ubs.OrderLockServiceImpl      [0;39m [35m:62  [0;39m Unlock orders
[2025-04-18 07:17:39] [34mINFO[0;39m [36mg.service.ubs.OrderLockServiceImpl      [0;39m [35m:60  [0;39m Time: 2025-04-18T07:12:39.185092700
[2025-04-18 07:17:39] [34mINFO[0;39m [36mg.service.ubs.OrderLockServiceImpl      [0;39m [35m:62  [0;39m Unlock orders
[2025-04-18 07:18:39] [34mINFO[0;39m [36mg.service.ubs.OrderLockServiceImpl      [0;39m [35m:60  [0;39m Time: 2025-04-18T07:13:39.177502900
[2025-04-18 07:18:39] [34mINFO[0;39m [36mg.service.ubs.OrderLockServiceImpl      [0;39m [35m:62  [0;39m Unlock orders
[2025-04-18 07:19:39] [34mINFO[0;39m [36mg.service.ubs.OrderLockServiceImpl      [0;39m [35m:60  [0;39m Time: 2025-04-18T07:14:39.181222800
[2025-04-18 07:19:39] [34mINFO[0;39m [36mg.service.ubs.OrderLockServiceImpl      [0;39m [35m:62  [0;39m Unlock orders
[2025-04-18 07:20:39] [34mINFO[0;39m [36mg.service.ubs.OrderLockServiceImpl      [0;39m [35m:60  [0;39m Time: 2025-04-18T07:15:39.172203900
[2025-04-18 07:20:39] [34mINFO[0;39m [36mg.service.ubs.OrderLockServiceImpl      [0;39m [35m:62  [0;39m Unlock orders
[2025-04-18 07:21:39] [34mINFO[0;39m [36mg.service.ubs.OrderLockServiceImpl      [0;39m [35m:60  [0;39m Time: 2025-04-18T07:16:39.180676400
[2025-04-18 07:21:39] [34mINFO[0;39m [36mg.service.ubs.OrderLockServiceImpl      [0;39m [35m:62  [0;39m Unlock orders
[2025-04-18 07:22:39] [34mINFO[0;39m [36mg.service.ubs.OrderLockServiceImpl      [0;39m [35m:60  [0;39m Time: 2025-04-18T07:17:39.174723300
[2025-04-18 07:22:39] [34mINFO[0;39m [36mg.service.ubs.OrderLockServiceImpl      [0;39m [35m:62  [0;39m Unlock orders
[2025-04-18 07:23:39] [34mINFO[0;39m [36mg.service.ubs.OrderLockServiceImpl      [0;39m [35m:60  [0;39m Time: 2025-04-18T07:18:39.183088900
[2025-04-18 07:23:39] [34mINFO[0;39m [36mg.service.ubs.OrderLockServiceImpl      [0;39m [35m:62  [0;39m Unlock orders
[2025-04-18 07:24:39] [34mINFO[0;39m [36mg.service.ubs.OrderLockServiceImpl      [0;39m [35m:60  [0;39m Time: 2025-04-18T07:19:39.179276800
[2025-04-18 07:24:39] [34mINFO[0;39m [36mg.service.ubs.OrderLockServiceImpl      [0;39m [35m:62  [0;39m Unlock orders
[2025-04-18 07:25:39] [34mINFO[0;39m [36mg.service.ubs.OrderLockServiceImpl      [0;39m [35m:60  [0;39m Time: 2025-04-18T07:20:39.177769700
[2025-04-18 07:25:39] [34mINFO[0;39m [36mg.service.ubs.OrderLockServiceImpl      [0;39m [35m:62  [0;39m Unlock orders
[2025-04-18 07:26:39] [34mINFO[0;39m [36mg.service.ubs.OrderLockServiceImpl      [0;39m [35m:60  [0;39m Time: 2025-04-18T07:21:39.178645800
[2025-04-18 07:26:39] [34mINFO[0;39m [36mg.service.ubs.OrderLockServiceImpl      [0;39m [35m:62  [0;39m Unlock orders
[2025-04-18 07:27:39] [34mINFO[0;39m [36mg.service.ubs.OrderLockServiceImpl      [0;39m [35m:60  [0;39m Time: 2025-04-18T07:22:39.185644900
[2025-04-18 07:27:39] [34mINFO[0;39m [36mg.service.ubs.OrderLockServiceImpl      [0;39m [35m:62  [0;39m Unlock orders
[2025-04-18 07:28:39] [34mINFO[0;39m [36mg.service.ubs.OrderLockServiceImpl      [0;39m [35m:60  [0;39m Time: 2025-04-18T07:23:39.176077500
[2025-04-18 07:28:39] [34mINFO[0;39m [36mg.service.ubs.OrderLockServiceImpl      [0;39m [35m:62  [0;39m Unlock orders
[2025-04-18 07:29:39] [34mINFO[0;39m [36mg.service.ubs.OrderLockServiceImpl      [0;39m [35m:60  [0;39m Time: 2025-04-18T07:24:39.170931600
[2025-04-18 07:29:39] [34mINFO[0;39m [36mg.service.ubs.OrderLockServiceImpl      [0;39m [35m:62  [0;39m Unlock orders
[2025-04-18 07:30:39] [34mINFO[0;39m [36mg.service.ubs.OrderLockServiceImpl      [0;39m [35m:60  [0;39m Time: 2025-04-18T07:25:39.175557200
[2025-04-18 07:30:39] [34mINFO[0;39m [36mg.service.ubs.OrderLockServiceImpl      [0;39m [35m:62  [0;39m Unlock orders
[2025-04-18 07:31:39] [34mINFO[0;39m [36mg.service.ubs.OrderLockServiceImpl      [0;39m [35m:60  [0;39m Time: 2025-04-18T07:26:39.169419800
[2025-04-18 07:31:39] [34mINFO[0;39m [36mg.service.ubs.OrderLockServiceImpl      [0;39m [35m:62  [0;39m Unlock orders
[2025-04-18 07:32:39] [34mINFO[0;39m [36mg.service.ubs.OrderLockServiceImpl      [0;39m [35m:60  [0;39m Time: 2025-04-18T07:27:39.172796400
[2025-04-18 07:32:39] [34mINFO[0;39m [36mg.service.ubs.OrderLockServiceImpl      [0;39m [35m:62  [0;39m Unlock orders
[2025-04-18 07:33:39] [34mINFO[0;39m [36mg.service.ubs.OrderLockServiceImpl      [0;39m [35m:60  [0;39m Time: 2025-04-18T07:28:39.177615200
[2025-04-18 07:33:39] [34mINFO[0;39m [36mg.service.ubs.OrderLockServiceImpl      [0;39m [35m:62  [0;39m Unlock orders
[2025-04-18 07:34:39] [34mINFO[0;39m [36mg.service.ubs.OrderLockServiceImpl      [0;39m [35m:60  [0;39m Time: 2025-04-18T07:29:39.184611400
[2025-04-18 07:34:39] [34mINFO[0;39m [36mg.service.ubs.OrderLockServiceImpl      [0;39m [35m:62  [0;39m Unlock orders
[2025-04-18 07:35:39] [34mINFO[0;39m [36mg.service.ubs.OrderLockServiceImpl      [0;39m [35m:60  [0;39m Time: 2025-04-18T07:30:39.171603100
[2025-04-18 07:35:39] [34mINFO[0;39m [36mg.service.ubs.OrderLockServiceImpl      [0;39m [35m:62  [0;39m Unlock orders
[2025-04-18 07:36:39] [34mINFO[0;39m [36mg.service.ubs.OrderLockServiceImpl      [0;39m [35m:60  [0;39m Time: 2025-04-18T07:31:39.183341700
[2025-04-18 07:36:39] [34mINFO[0;39m [36mg.service.ubs.OrderLockServiceImpl      [0;39m [35m:62  [0;39m Unlock orders
[2025-04-18 07:37:39] [34mINFO[0;39m [36mg.service.ubs.OrderLockServiceImpl      [0;39m [35m:60  [0;39m Time: 2025-04-18T07:32:39.178472900
[2025-04-18 07:37:39] [34mINFO[0;39m [36mg.service.ubs.OrderLockServiceImpl      [0;39m [35m:62  [0;39m Unlock orders
[2025-04-18 07:38:39] [34mINFO[0;39m [36mg.service.ubs.OrderLockServiceImpl      [0;39m [35m:60  [0;39m Time: 2025-04-18T07:33:39.172511800
[2025-04-18 07:38:39] [34mINFO[0;39m [36mg.service.ubs.OrderLockServiceImpl      [0;39m [35m:62  [0;39m Unlock orders
[2025-04-18 07:39:39] [34mINFO[0;39m [36mg.service.ubs.OrderLockServiceImpl      [0;39m [35m:60  [0;39m Time: 2025-04-18T07:34:39.170339
[2025-04-18 07:39:39] [34mINFO[0;39m [36mg.service.ubs.OrderLockServiceImpl      [0;39m [35m:62  [0;39m Unlock orders
[2025-04-18 07:40:39] [34mINFO[0;39m [36mg.service.ubs.OrderLockServiceImpl      [0;39m [35m:60  [0;39m Time: 2025-04-18T07:35:39.174245100
[2025-04-18 07:40:39] [34mINFO[0;39m [36mg.service.ubs.OrderLockServiceImpl      [0;39m [35m:62  [0;39m Unlock orders
[2025-04-18 07:41:39] [34mINFO[0;39m [36mg.service.ubs.OrderLockServiceImpl      [0;39m [35m:60  [0;39m Time: 2025-04-18T07:36:39.179519200
[2025-04-18 07:41:39] [34mINFO[0;39m [36mg.service.ubs.OrderLockServiceImpl      [0;39m [35m:62  [0;39m Unlock orders
[2025-04-18 07:42:39] [34mINFO[0;39m [36mg.service.ubs.OrderLockServiceImpl      [0;39m [35m:60  [0;39m Time: 2025-04-18T07:37:39.178798300
[2025-04-18 07:42:39] [34mINFO[0;39m [36mg.service.ubs.OrderLockServiceImpl      [0;39m [35m:62  [0;39m Unlock orders
[2025-04-18 07:43:39] [34mINFO[0;39m [36mg.service.ubs.OrderLockServiceImpl      [0;39m [35m:60  [0;39m Time: 2025-04-18T07:38:39.178933600
[2025-04-18 07:43:39] [34mINFO[0;39m [36mg.service.ubs.OrderLockServiceImpl      [0;39m [35m:62  [0;39m Unlock orders
[2025-04-18 07:44:39] [34mINFO[0;39m [36mg.service.ubs.OrderLockServiceImpl      [0;39m [35m:60  [0;39m Time: 2025-04-18T07:39:39.173200700
[2025-04-18 07:44:39] [34mINFO[0;39m [36mg.service.ubs.OrderLockServiceImpl      [0;39m [35m:62  [0;39m Unlock orders
[2025-04-18 07:45:39] [34mINFO[0;39m [36mg.service.ubs.OrderLockServiceImpl      [0;39m [35m:60  [0;39m Time: 2025-04-18T07:40:39.173053600
[2025-04-18 07:45:39] [34mINFO[0;39m [36mg.service.ubs.OrderLockServiceImpl      [0;39m [35m:62  [0;39m Unlock orders
[2025-04-18 07:46:39] [34mINFO[0;39m [36mg.service.ubs.OrderLockServiceImpl      [0;39m [35m:60  [0;39m Time: 2025-04-18T07:41:39.173059800
[2025-04-18 07:46:39] [34mINFO[0;39m [36mg.service.ubs.OrderLockServiceImpl      [0;39m [35m:62  [0;39m Unlock orders
[2025-04-18 07:47:39] [34mINFO[0;39m [36mg.service.ubs.OrderLockServiceImpl      [0;39m [35m:60  [0;39m Time: 2025-04-18T07:42:39.173402300
[2025-04-18 07:47:39] [34mINFO[0;39m [36mg.service.ubs.OrderLockServiceImpl      [0;39m [35m:62  [0;39m Unlock orders
[2025-04-18 07:48:39] [34mINFO[0;39m [36mg.service.ubs.OrderLockServiceImpl      [0;39m [35m:60  [0;39m Time: 2025-04-18T07:43:39.171904100
[2025-04-18 07:48:39] [34mINFO[0;39m [36mg.service.ubs.OrderLockServiceImpl      [0;39m [35m:62  [0;39m Unlock orders
[2025-04-18 07:49:39] [34mINFO[0;39m [36mg.service.ubs.OrderLockServiceImpl      [0;39m [35m:60  [0;39m Time: 2025-04-18T07:44:39.183434100
[2025-04-18 07:49:39] [34mINFO[0;39m [36mg.service.ubs.OrderLockServiceImpl      [0;39m [35m:62  [0;39m Unlock orders
[2025-04-18 07:50:39] [34mINFO[0;39m [36mg.service.ubs.OrderLockServiceImpl      [0;39m [35m:60  [0;39m Time: 2025-04-18T07:45:39.170145
[2025-04-18 07:50:39] [34mINFO[0;39m [36mg.service.ubs.OrderLockServiceImpl      [0;39m [35m:62  [0;39m Unlock orders
[2025-04-18 07:51:39] [34mINFO[0;39m [36mg.service.ubs.OrderLockServiceImpl      [0;39m [35m:60  [0;39m Time: 2025-04-18T07:46:39.174786
[2025-04-18 07:51:39] [34mINFO[0;39m [36mg.service.ubs.OrderLockServiceImpl      [0;39m [35m:62  [0;39m Unlock orders
[2025-04-18 07:52:39] [34mINFO[0;39m [36mg.service.ubs.OrderLockServiceImpl      [0;39m [35m:60  [0;39m Time: 2025-04-18T07:47:39.173207100
[2025-04-18 07:52:39] [34mINFO[0;39m [36mg.service.ubs.OrderLockServiceImpl      [0;39m [35m:62  [0;39m Unlock orders
[2025-04-18 07:53:39] [34mINFO[0;39m [36mg.service.ubs.OrderLockServiceImpl      [0;39m [35m:60  [0;39m Time: 2025-04-18T07:48:39.175406800
[2025-04-18 07:53:39] [34mINFO[0;39m [36mg.service.ubs.OrderLockServiceImpl      [0;39m [35m:62  [0;39m Unlock orders
[2025-04-18 07:54:39] [34mINFO[0;39m [36mg.service.ubs.OrderLockServiceImpl      [0;39m [35m:60  [0;39m Time: 2025-04-18T07:49:39.176433900
[2025-04-18 07:54:39] [34mINFO[0;39m [36mg.service.ubs.OrderLockServiceImpl      [0;39m [35m:62  [0;39m Unlock orders
[2025-04-18 07:55:39] [34mINFO[0;39m [36mg.service.ubs.OrderLockServiceImpl      [0;39m [35m:60  [0;39m Time: 2025-04-18T07:50:39.176243500
[2025-04-18 07:55:39] [34mINFO[0;39m [36mg.service.ubs.OrderLockServiceImpl      [0;39m [35m:62  [0;39m Unlock orders
[2025-04-18 07:56:39] [34mINFO[0;39m [36mg.service.ubs.OrderLockServiceImpl      [0;39m [35m:60  [0;39m Time: 2025-04-18T07:51:39.184608500
[2025-04-18 07:56:39] [34mINFO[0;39m [36mg.service.ubs.OrderLockServiceImpl      [0;39m [35m:62  [0;39m Unlock orders
[2025-04-18 07:57:39] [34mINFO[0;39m [36mg.service.ubs.OrderLockServiceImpl      [0;39m [35m:60  [0;39m Time: 2025-04-18T07:52:39.174725100
[2025-04-18 07:57:39] [34mINFO[0;39m [36mg.service.ubs.OrderLockServiceImpl      [0;39m [35m:62  [0;39m Unlock orders
[2025-04-18 07:58:39] [34mINFO[0;39m [36mg.service.ubs.OrderLockServiceImpl      [0;39m [35m:60  [0;39m Time: 2025-04-18T07:53:39.177758500
[2025-04-18 07:58:39] [34mINFO[0;39m [36mg.service.ubs.OrderLockServiceImpl      [0;39m [35m:62  [0;39m Unlock orders
[2025-04-18 07:59:39] [34mINFO[0;39m [36mg.service.ubs.OrderLockServiceImpl      [0;39m [35m:60  [0;39m Time: 2025-04-18T07:54:39.181972100
[2025-04-18 07:59:39] [34mINFO[0;39m [36mg.service.ubs.OrderLockServiceImpl      [0;39m [35m:62  [0;39m Unlock orders
[2025-04-18 08:00:39] [34mINFO[0;39m [36mg.service.ubs.OrderLockServiceImpl      [0;39m [35m:60  [0;39m Time: 2025-04-18T07:55:39.170951600
[2025-04-18 08:00:39] [34mINFO[0;39m [36mg.service.ubs.OrderLockServiceImpl      [0;39m [35m:62  [0;39m Unlock orders
[2025-04-18 08:01:39] [34mINFO[0;39m [36mg.service.ubs.OrderLockServiceImpl      [0;39m [35m:60  [0;39m Time: 2025-04-18T07:56:39.169881200
[2025-04-18 08:01:39] [34mINFO[0;39m [36mg.service.ubs.OrderLockServiceImpl      [0;39m [35m:62  [0;39m Unlock orders
[2025-04-18 08:02:39] [34mINFO[0;39m [36mg.service.ubs.OrderLockServiceImpl      [0;39m [35m:60  [0;39m Time: 2025-04-18T07:57:39.178459400
[2025-04-18 08:02:39] [34mINFO[0;39m [36mg.service.ubs.OrderLockServiceImpl      [0;39m [35m:62  [0;39m Unlock orders
[2025-04-18 08:03:39] [34mINFO[0;39m [36mg.service.ubs.OrderLockServiceImpl      [0;39m [35m:60  [0;39m Time: 2025-04-18T07:58:39.170757100
[2025-04-18 08:03:39] [34mINFO[0;39m [36mg.service.ubs.OrderLockServiceImpl      [0;39m [35m:62  [0;39m Unlock orders
[2025-04-18 08:04:39] [34mINFO[0;39m [36mg.service.ubs.OrderLockServiceImpl      [0;39m [35m:60  [0;39m Time: 2025-04-18T07:59:39.169607500
[2025-04-18 08:04:39] [34mINFO[0;39m [36mg.service.ubs.OrderLockServiceImpl      [0;39m [35m:62  [0;39m Unlock orders
[2025-04-18 08:05:39] [34mINFO[0;39m [36mg.service.ubs.OrderLockServiceImpl      [0;39m [35m:60  [0;39m Time: 2025-04-18T08:00:39.177203100
[2025-04-18 08:05:39] [34mINFO[0;39m [36mg.service.ubs.OrderLockServiceImpl      [0;39m [35m:62  [0;39m Unlock orders
[2025-04-18 08:05:59] [34mINFO[0;39m [36mg.s.f.AccessTokenAuthenticationFilter   [0;39m [35m:54  [0;39m token: eyJhbGciOiJIUzI1NiJ9.eyJzdWIiOiJvLmJ1bGhha292YS5jaGlAZ21haWwuY29tIiwicm9sZSI6WyJST0xFX1VTRVIiXSwiZXhwIjoxNzQ0OTUwODM2LCJpYXQiOjE3NDQ5NDM2MzZ9.WQrgDXp1htEbiwn7WVvgHpfruZGVIdFJphqkQli2F_0
[2025-04-18 08:05:59] [34mINFO[0;39m [36mg.s.f.AccessTokenAuthenticationFilter   [0;39m [35m:68  [0;39m Token has expired: eyJhbGciOiJIUzI1NiJ9.eyJzdWIiOiJvLmJ1bGhha292YS5jaGlAZ21haWwuY29tIiwicm9sZSI6WyJST0xFX1VTRVIiXSwiZXhwIjoxNzQ0OTUwODM2LCJpYXQiOjE3NDQ5NDM2MzZ9.WQrgDXp1htEbiwn7WVvgHpfruZGVIdFJphqkQli2F_0
[2025-04-18 08:05:59] [34mINFO[0;39m [36mg.s.f.AccessTokenAuthenticationFilter   [0;39m [35m:54  [0;39m token: eyJhbGciOiJIUzI1NiJ9.eyJzdWIiOiJvLmJ1bGhha292YS5jaGlAZ21haWwuY29tIiwicm9sZSI6WyJST0xFX1VTRVIiXSwiZXhwIjoxNzQ0OTUwODM2LCJpYXQiOjE3NDQ5NDM2MzZ9.WQrgDXp1htEbiwn7WVvgHpfruZGVIdFJphqkQli2F_0
[2025-04-18 08:05:59] [34mINFO[0;39m [36mg.s.f.AccessTokenAuthenticationFilter   [0;39m [35m:68  [0;39m Token has expired: eyJhbGciOiJIUzI1NiJ9.eyJzdWIiOiJvLmJ1bGhha292YS5jaGlAZ21haWwuY29tIiwicm9sZSI6WyJST0xFX1VTRVIiXSwiZXhwIjoxNzQ0OTUwODM2LCJpYXQiOjE3NDQ5NDM2MzZ9.WQrgDXp1htEbiwn7WVvgHpfruZGVIdFJphqkQli2F_0
[2025-04-18 08:05:59] [34mINFO[0;39m [36mg.s.f.AccessTokenAuthenticationFilter   [0;39m [35m:54  [0;39m token: eyJhbGciOiJIUzI1NiJ9.eyJzdWIiOiJvLmJ1bGhha292YS5jaGlAZ21haWwuY29tIiwicm9sZSI6WyJST0xFX1VTRVIiXSwiZXhwIjoxNzQ0OTUwODM2LCJpYXQiOjE3NDQ5NDM2MzZ9.WQrgDXp1htEbiwn7WVvgHpfruZGVIdFJphqkQli2F_0
[2025-04-18 08:05:59] [34mINFO[0;39m [36mg.s.f.AccessTokenAuthenticationFilter   [0;39m [35m:68  [0;39m Token has expired: eyJhbGciOiJIUzI1NiJ9.eyJzdWIiOiJvLmJ1bGhha292YS5jaGlAZ21haWwuY29tIiwicm9sZSI6WyJST0xFX1VTRVIiXSwiZXhwIjoxNzQ0OTUwODM2LCJpYXQiOjE3NDQ5NDM2MzZ9.WQrgDXp1htEbiwn7WVvgHpfruZGVIdFJphqkQli2F_0
[2025-04-18 08:05:59] [34mINFO[0;39m [36mg.s.f.AccessTokenAuthenticationFilter   [0;39m [35m:54  [0;39m token: eyJhbGciOiJIUzI1NiJ9.eyJzdWIiOiJvLmJ1bGhha292YS5jaGlAZ21haWwuY29tIiwicm9sZSI6WyJST0xFX1VTRVIiXSwiZXhwIjoxNzQ0OTUwODM2LCJpYXQiOjE3NDQ5NDM2MzZ9.WQrgDXp1htEbiwn7WVvgHpfruZGVIdFJphqkQli2F_0
[2025-04-18 08:05:59] [34mINFO[0;39m [36mg.s.f.AccessTokenAuthenticationFilter   [0;39m [35m:68  [0;39m Token has expired: eyJhbGciOiJIUzI1NiJ9.eyJzdWIiOiJvLmJ1bGhha292YS5jaGlAZ21haWwuY29tIiwicm9sZSI6WyJST0xFX1VTRVIiXSwiZXhwIjoxNzQ0OTUwODM2LCJpYXQiOjE3NDQ5NDM2MzZ9.WQrgDXp1htEbiwn7WVvgHpfruZGVIdFJphqkQli2F_0
[2025-04-18 08:05:59] [34mINFO[0;39m [36mg.s.f.AccessTokenAuthenticationFilter   [0;39m [35m:54  [0;39m token: eyJhbGciOiJIUzI1NiJ9.eyJzdWIiOiJvLmJ1bGhha292YS5jaGlAZ21haWwuY29tIiwicm9sZSI6WyJST0xFX1VTRVIiXSwiZXhwIjoxNzQ0OTUwODM2LCJpYXQiOjE3NDQ5NDM2MzZ9.WQrgDXp1htEbiwn7WVvgHpfruZGVIdFJphqkQli2F_0
[2025-04-18 08:05:59] [34mINFO[0;39m [36mg.s.f.AccessTokenAuthenticationFilter   [0;39m [35m:68  [0;39m Token has expired: eyJhbGciOiJIUzI1NiJ9.eyJzdWIiOiJvLmJ1bGhha292YS5jaGlAZ21haWwuY29tIiwicm9sZSI6WyJST0xFX1VTRVIiXSwiZXhwIjoxNzQ0OTUwODM2LCJpYXQiOjE3NDQ5NDM2MzZ9.WQrgDXp1htEbiwn7WVvgHpfruZGVIdFJphqkQli2F_0
[2025-04-18 08:06:39] [34mINFO[0;39m [36mg.service.ubs.OrderLockServiceImpl      [0;39m [35m:60  [0;39m Time: 2025-04-18T08:01:39.175025
[2025-04-18 08:06:39] [34mINFO[0;39m [36mg.service.ubs.OrderLockServiceImpl      [0;39m [35m:62  [0;39m Unlock orders
[2025-04-18 08:07:25] [34mINFO[0;39m [36mg.s.f.AccessTokenAuthenticationFilter   [0;39m [35m:54  [0;39m token: eyJhbGciOiJIUzI1NiJ9.eyJzdWIiOiJzZXJ2aWNlQGdyZWVuY2l0eS51YSIsInJvbGUiOlsiUk9MRV9BRE1JTiJdLCJpYXQiOjE3NDQ5NTI4NDQsImV4cCI6MTc0NDk2MDA0NH0.c5qAV76v02d3aNiiaWwc7dO4BxaRuTsZyCp7Lbcw11c
[2025-04-18 08:07:25] [34mINFO[0;39m [36mg.s.f.AccessTokenAuthenticationFilter   [0;39m [35m:62  [0;39m user: Optional[UserVO(id=1, email=service@greencity.ua, languageVO=greencity.dto.language.LanguageVO@1c60)]
[2025-04-18 08:07:39] [34mINFO[0;39m [36mg.service.ubs.OrderLockServiceImpl      [0;39m [35m:60  [0;39m Time: 2025-04-18T08:02:39.177087600
[2025-04-18 08:07:39] [34mINFO[0;39m [36mg.service.ubs.OrderLockServiceImpl      [0;39m [35m:62  [0;39m Unlock orders
[2025-04-18 08:07:39] [34mINFO[0;39m [36mg.s.f.AccessTokenAuthenticationFilter   [0;39m [35m:54  [0;39m token: eyJhbGciOiJIUzI1NiJ9.eyJzdWIiOiJzZXJ2aWNlQGdyZWVuY2l0eS51YSIsInJvbGUiOlsiUk9MRV9BRE1JTiJdLCJpYXQiOjE3NDQ5NTI4NTksImV4cCI6MTc0NDk2MDA1OX0.X274_fJp80IwLemuMKfhiKNIa-4VL1X6w9GrNzuYTEY
[2025-04-18 08:07:39] [34mINFO[0;39m [36mg.s.f.AccessTokenAuthenticationFilter   [0;39m [35m:62  [0;39m user: Optional[UserVO(id=1, email=service@greencity.ua, languageVO=greencity.dto.language.LanguageVO@1c60)]
[2025-04-18 08:07:56] [34mINFO[0;39m [36mg.s.f.AccessTokenAuthenticationFilter   [0;39m [35m:54  [0;39m token: eyJhbGciOiJIUzI1NiJ9.eyJzdWIiOiJzZXJ2aWNlQGdyZWVuY2l0eS51YSIsInJvbGUiOlsiUk9MRV9BRE1JTiJdLCJpYXQiOjE3NDQ5NTI4NzYsImV4cCI6MTc0NDk2MDA3Nn0.pv_sqEGTi5JsgCnkCzRqjL_-3xhSIRdwhTUEBsaOOc8
[2025-04-18 08:07:56] [34mINFO[0;39m [36mg.s.f.AccessTokenAuthenticationFilter   [0;39m [35m:62  [0;39m user: Optional[UserVO(id=1, email=service@greencity.ua, languageVO=greencity.dto.language.LanguageVO@1c60)]
[2025-04-18 08:08:39] [34mINFO[0;39m [36mg.service.ubs.OrderLockServiceImpl      [0;39m [35m:60  [0;39m Time: 2025-04-18T08:03:39.177395100
[2025-04-18 08:08:39] [34mINFO[0;39m [36mg.service.ubs.OrderLockServiceImpl      [0;39m [35m:62  [0;39m Unlock orders
[2025-04-18 08:09:31] [34mINFO[0;39m [36mg.s.f.AccessTokenAuthenticationFilter   [0;39m [35m:54  [0;39m token: eyJhbGciOiJIUzI1NiJ9.eyJzdWIiOiJzZXJ2aWNlQGdyZWVuY2l0eS51YSIsInJvbGUiOlsiUk9MRV9BRE1JTiJdLCJpYXQiOjE3NDQ5NTI5NzEsImV4cCI6MTc0NDk2MDE3MX0.LGtUeVa_vihU8BG8SiCZb0idxOXrTW-VtPeE2aYRGWk
[2025-04-18 08:09:31] [34mINFO[0;39m [36mg.s.f.AccessTokenAuthenticationFilter   [0;39m [35m:62  [0;39m user: Optional[UserVO(id=1, email=service@greencity.ua, languageVO=greencity.dto.language.LanguageVO@1c60)]
[2025-04-18 08:09:39] [34mINFO[0;39m [36mg.service.ubs.OrderLockServiceImpl      [0;39m [35m:60  [0;39m Time: 2025-04-18T08:04:39.180570400
[2025-04-18 08:09:39] [34mINFO[0;39m [36mg.service.ubs.OrderLockServiceImpl      [0;39m [35m:62  [0;39m Unlock orders
[2025-04-18 08:09:39] [34mINFO[0;39m [36mg.s.f.AccessTokenAuthenticationFilter   [0;39m [35m:54  [0;39m token: eyJhbGciOiJIUzI1NiJ9.eyJzdWIiOiJzZXJ2aWNlQGdyZWVuY2l0eS51YSIsInJvbGUiOlsiUk9MRV9BRE1JTiJdLCJpYXQiOjE3NDQ5NTI5NzksImV4cCI6MTc0NDk2MDE3OX0.twG4a3Sema6f6VDzVUHY2F8PFjtxy8gW7MCalLRXhyY
[2025-04-18 08:09:39] [34mINFO[0;39m [36mg.s.f.AccessTokenAuthenticationFilter   [0;39m [35m:62  [0;39m user: Optional[UserVO(id=1, email=service@greencity.ua, languageVO=greencity.dto.language.LanguageVO@1c60)]
[2025-04-18 08:09:51] [34mINFO[0;39m [36mg.s.f.AccessTokenAuthenticationFilter   [0;39m [35m:54  [0;39m token: eyJhbGciOiJIUzI1NiJ9.eyJzdWIiOiJzZXJ2aWNlQGdyZWVuY2l0eS51YSIsInJvbGUiOlsiUk9MRV9BRE1JTiJdLCJpYXQiOjE3NDQ5NTI5OTEsImV4cCI6MTc0NDk2MDE5MX0.kBWf5nyPK87xqv0Ml6ICMc8COdGfLyj0B-pjXAYmEeQ
[2025-04-18 08:09:51] [34mINFO[0;39m [36mg.s.f.AccessTokenAuthenticationFilter   [0;39m [35m:62  [0;39m user: Optional[UserVO(id=1, email=service@greencity.ua, languageVO=greencity.dto.language.LanguageVO@1c60)]
[2025-04-18 08:10:39] [34mINFO[0;39m [36mg.service.ubs.OrderLockServiceImpl      [0;39m [35m:60  [0;39m Time: 2025-04-18T08:05:39.178071400
[2025-04-18 08:10:39] [34mINFO[0;39m [36mg.service.ubs.OrderLockServiceImpl      [0;39m [35m:62  [0;39m Unlock orders
[2025-04-18 08:11:39] [34mINFO[0;39m [36mg.service.ubs.OrderLockServiceImpl      [0;39m [35m:60  [0;39m Time: 2025-04-18T08:06:39.171473700
[2025-04-18 08:11:39] [34mINFO[0;39m [36mg.service.ubs.OrderLockServiceImpl      [0;39m [35m:62  [0;39m Unlock orders
[2025-04-18 08:12:39] [34mINFO[0;39m [36mg.service.ubs.OrderLockServiceImpl      [0;39m [35m:60  [0;39m Time: 2025-04-18T08:07:39.182831200
[2025-04-18 08:12:39] [34mINFO[0;39m [36mg.service.ubs.OrderLockServiceImpl      [0;39m [35m:62  [0;39m Unlock orders
[2025-04-18 08:13:39] [34mINFO[0;39m [36mg.service.ubs.OrderLockServiceImpl      [0;39m [35m:60  [0;39m Time: 2025-04-18T08:08:39.174560
[2025-04-18 08:13:39] [34mINFO[0;39m [36mg.service.ubs.OrderLockServiceImpl      [0;39m [35m:62  [0;39m Unlock orders
[2025-04-18 08:14:39] [34mINFO[0;39m [36mg.service.ubs.OrderLockServiceImpl      [0;39m [35m:60  [0;39m Time: 2025-04-18T08:09:39.173892100
[2025-04-18 08:14:39] [34mINFO[0;39m [36mg.service.ubs.OrderLockServiceImpl      [0;39m [35m:62  [0;39m Unlock orders
[2025-04-18 08:15:39] [34mINFO[0;39m [36mg.service.ubs.OrderLockServiceImpl      [0;39m [35m:60  [0;39m Time: 2025-04-18T08:10:39.177595200
[2025-04-18 08:15:39] [34mINFO[0;39m [36mg.service.ubs.OrderLockServiceImpl      [0;39m [35m:62  [0;39m Unlock orders
[2025-04-18 08:16:39] [34mINFO[0;39m [36mg.service.ubs.OrderLockServiceImpl      [0;39m [35m:60  [0;39m Time: 2025-04-18T08:11:39.172958500
[2025-04-18 08:16:39] [34mINFO[0;39m [36mg.service.ubs.OrderLockServiceImpl      [0;39m [35m:62  [0;39m Unlock orders
[2025-04-18 08:17:39] [34mINFO[0;39m [36mg.service.ubs.OrderLockServiceImpl      [0;39m [35m:60  [0;39m Time: 2025-04-18T08:12:39.170521200
[2025-04-18 08:17:39] [34mINFO[0;39m [36mg.service.ubs.OrderLockServiceImpl      [0;39m [35m:62  [0;39m Unlock orders
[2025-04-18 08:18:39] [34mINFO[0;39m [36mg.service.ubs.OrderLockServiceImpl      [0;39m [35m:60  [0;39m Time: 2025-04-18T08:13:39.175203100
[2025-04-18 08:18:39] [34mINFO[0;39m [36mg.service.ubs.OrderLockServiceImpl      [0;39m [35m:62  [0;39m Unlock orders
[2025-04-18 08:19:39] [34mINFO[0;39m [36mg.service.ubs.OrderLockServiceImpl      [0;39m [35m:60  [0;39m Time: 2025-04-18T08:14:39.174498800
[2025-04-18 08:19:39] [34mINFO[0;39m [36mg.service.ubs.OrderLockServiceImpl      [0;39m [35m:62  [0;39m Unlock orders
[2025-04-18 08:20:39] [34mINFO[0;39m [36mg.service.ubs.OrderLockServiceImpl      [0;39m [35m:60  [0;39m Time: 2025-04-18T08:15:39.182442600
[2025-04-18 08:20:39] [34mINFO[0;39m [36mg.service.ubs.OrderLockServiceImpl      [0;39m [35m:62  [0;39m Unlock orders
[2025-04-18 08:21:39] [34mINFO[0;39m [36mg.service.ubs.OrderLockServiceImpl      [0;39m [35m:60  [0;39m Time: 2025-04-18T08:16:39.178057600
[2025-04-18 08:21:39] [34mINFO[0;39m [36mg.service.ubs.OrderLockServiceImpl      [0;39m [35m:62  [0;39m Unlock orders
[2025-04-18 08:22:39] [34mINFO[0;39m [36mg.service.ubs.OrderLockServiceImpl      [0;39m [35m:60  [0;39m Time: 2025-04-18T08:17:39.173694800
[2025-04-18 08:22:39] [34mINFO[0;39m [36mg.service.ubs.OrderLockServiceImpl      [0;39m [35m:62  [0;39m Unlock orders
[2025-04-18 08:23:39] [34mINFO[0;39m [36mg.service.ubs.OrderLockServiceImpl      [0;39m [35m:60  [0;39m Time: 2025-04-18T08:18:39.179236600
[2025-04-18 08:23:39] [34mINFO[0;39m [36mg.service.ubs.OrderLockServiceImpl      [0;39m [35m:62  [0;39m Unlock orders
[2025-04-18 08:24:39] [34mINFO[0;39m [36mg.service.ubs.OrderLockServiceImpl      [0;39m [35m:60  [0;39m Time: 2025-04-18T08:19:39.174740300
[2025-04-18 08:24:39] [34mINFO[0;39m [36mg.service.ubs.OrderLockServiceImpl      [0;39m [35m:62  [0;39m Unlock orders
[2025-04-18 08:25:39] [34mINFO[0;39m [36mg.service.ubs.OrderLockServiceImpl      [0;39m [35m:60  [0;39m Time: 2025-04-18T08:20:39.182567600
[2025-04-18 08:25:39] [34mINFO[0;39m [36mg.service.ubs.OrderLockServiceImpl      [0;39m [35m:62  [0;39m Unlock orders
[2025-04-18 08:26:39] [34mINFO[0;39m [36mg.service.ubs.OrderLockServiceImpl      [0;39m [35m:60  [0;39m Time: 2025-04-18T08:21:39.180731300
[2025-04-18 08:26:39] [34mINFO[0;39m [36mg.service.ubs.OrderLockServiceImpl      [0;39m [35m:62  [0;39m Unlock orders
[2025-04-18 08:27:39] [34mINFO[0;39m [36mg.service.ubs.OrderLockServiceImpl      [0;39m [35m:60  [0;39m Time: 2025-04-18T08:22:39.181464
[2025-04-18 08:27:39] [34mINFO[0;39m [36mg.service.ubs.OrderLockServiceImpl      [0;39m [35m:62  [0;39m Unlock orders
[2025-04-18 08:28:39] [34mINFO[0;39m [36mg.service.ubs.OrderLockServiceImpl      [0;39m [35m:60  [0;39m Time: 2025-04-18T08:23:39.172512100
[2025-04-18 08:28:39] [34mINFO[0;39m [36mg.service.ubs.OrderLockServiceImpl      [0;39m [35m:62  [0;39m Unlock orders
[2025-04-18 08:29:39] [34mINFO[0;39m [36mg.service.ubs.OrderLockServiceImpl      [0;39m [35m:60  [0;39m Time: 2025-04-18T08:24:39.169684300
[2025-04-18 08:29:39] [34mINFO[0;39m [36mg.service.ubs.OrderLockServiceImpl      [0;39m [35m:62  [0;39m Unlock orders
[2025-04-18 08:30:39] [34mINFO[0;39m [36mg.service.ubs.OrderLockServiceImpl      [0;39m [35m:60  [0;39m Time: 2025-04-18T08:25:39.176391200
[2025-04-18 08:30:39] [34mINFO[0;39m [36mg.service.ubs.OrderLockServiceImpl      [0;39m [35m:62  [0;39m Unlock orders
[2025-04-18 08:31:39] [34mINFO[0;39m [36mg.service.ubs.OrderLockServiceImpl      [0;39m [35m:60  [0;39m Time: 2025-04-18T08:26:39.171049600
[2025-04-18 08:31:39] [34mINFO[0;39m [36mg.service.ubs.OrderLockServiceImpl      [0;39m [35m:62  [0;39m Unlock orders
[2025-04-18 08:32:39] [34mINFO[0;39m [36mg.service.ubs.OrderLockServiceImpl      [0;39m [35m:60  [0;39m Time: 2025-04-18T08:27:39.176788700
[2025-04-18 08:32:39] [34mINFO[0;39m [36mg.service.ubs.OrderLockServiceImpl      [0;39m [35m:62  [0;39m Unlock orders
[2025-04-18 08:33:39] [34mINFO[0;39m [36mg.service.ubs.OrderLockServiceImpl      [0;39m [35m:60  [0;39m Time: 2025-04-18T08:28:39.178139700
[2025-04-18 08:33:39] [34mINFO[0;39m [36mg.service.ubs.OrderLockServiceImpl      [0;39m [35m:62  [0;39m Unlock orders
[2025-04-18 08:34:39] [34mINFO[0;39m [36mg.service.ubs.OrderLockServiceImpl      [0;39m [35m:60  [0;39m Time: 2025-04-18T08:29:39.172332300
[2025-04-18 08:34:39] [34mINFO[0;39m [36mg.service.ubs.OrderLockServiceImpl      [0;39m [35m:62  [0;39m Unlock orders
[2025-04-18 08:35:39] [34mINFO[0;39m [36mg.service.ubs.OrderLockServiceImpl      [0;39m [35m:60  [0;39m Time: 2025-04-18T08:30:39.179349500
[2025-04-18 08:35:39] [34mINFO[0;39m [36mg.service.ubs.OrderLockServiceImpl      [0;39m [35m:62  [0;39m Unlock orders
[2025-04-18 08:36:39] [34mINFO[0;39m [36mg.service.ubs.OrderLockServiceImpl      [0;39m [35m:60  [0;39m Time: 2025-04-18T08:31:39.183906800
[2025-04-18 08:36:39] [34mINFO[0;39m [36mg.service.ubs.OrderLockServiceImpl      [0;39m [35m:62  [0;39m Unlock orders
[2025-04-18 08:37:39] [34mINFO[0;39m [36mg.service.ubs.OrderLockServiceImpl      [0;39m [35m:60  [0;39m Time: 2025-04-18T08:32:39.178432100
[2025-04-18 08:37:39] [34mINFO[0;39m [36mg.service.ubs.OrderLockServiceImpl      [0;39m [35m:62  [0;39m Unlock orders
[2025-04-18 08:38:39] [34mINFO[0;39m [36mg.service.ubs.OrderLockServiceImpl      [0;39m [35m:60  [0;39m Time: 2025-04-18T08:33:39.176985900
[2025-04-18 08:38:39] [34mINFO[0;39m [36mg.service.ubs.OrderLockServiceImpl      [0;39m [35m:62  [0;39m Unlock orders
[2025-04-18 08:39:39] [34mINFO[0;39m [36mg.service.ubs.OrderLockServiceImpl      [0;39m [35m:60  [0;39m Time: 2025-04-18T08:34:39.179777900
[2025-04-18 08:39:39] [34mINFO[0;39m [36mg.service.ubs.OrderLockServiceImpl      [0;39m [35m:62  [0;39m Unlock orders
[2025-04-18 08:40:39] [34mINFO[0;39m [36mg.service.ubs.OrderLockServiceImpl      [0;39m [35m:60  [0;39m Time: 2025-04-18T08:35:39.176178100
[2025-04-18 08:40:39] [34mINFO[0;39m [36mg.service.ubs.OrderLockServiceImpl      [0;39m [35m:62  [0;39m Unlock orders
[2025-04-18 08:41:39] [34mINFO[0;39m [36mg.service.ubs.OrderLockServiceImpl      [0;39m [35m:60  [0;39m Time: 2025-04-18T08:36:39.172995
[2025-04-18 08:41:39] [34mINFO[0;39m [36mg.service.ubs.OrderLockServiceImpl      [0;39m [35m:62  [0;39m Unlock orders
[2025-04-18 08:42:39] [34mINFO[0;39m [36mg.service.ubs.OrderLockServiceImpl      [0;39m [35m:60  [0;39m Time: 2025-04-18T08:37:39.180746
[2025-04-18 08:42:39] [34mINFO[0;39m [36mg.service.ubs.OrderLockServiceImpl      [0;39m [35m:62  [0;39m Unlock orders
[2025-04-18 08:43:39] [34mINFO[0;39m [36mg.service.ubs.OrderLockServiceImpl      [0;39m [35m:60  [0;39m Time: 2025-04-18T08:38:39.175687200
[2025-04-18 08:43:39] [34mINFO[0;39m [36mg.service.ubs.OrderLockServiceImpl      [0;39m [35m:62  [0;39m Unlock orders
[2025-04-18 08:44:39] [34mINFO[0;39m [36mg.service.ubs.OrderLockServiceImpl      [0;39m [35m:60  [0;39m Time: 2025-04-18T08:39:39.180212900
[2025-04-18 08:44:39] [34mINFO[0;39m [36mg.service.ubs.OrderLockServiceImpl      [0;39m [35m:62  [0;39m Unlock orders
[2025-04-18 08:45:39] [34mINFO[0;39m [36mg.service.ubs.OrderLockServiceImpl      [0;39m [35m:60  [0;39m Time: 2025-04-18T08:40:39.184199
[2025-04-18 08:45:39] [34mINFO[0;39m [36mg.service.ubs.OrderLockServiceImpl      [0;39m [35m:62  [0;39m Unlock orders
[2025-04-18 08:46:39] [34mINFO[0;39m [36mg.service.ubs.OrderLockServiceImpl      [0;39m [35m:60  [0;39m Time: 2025-04-18T08:41:39.184336500
[2025-04-18 08:46:39] [34mINFO[0;39m [36mg.service.ubs.OrderLockServiceImpl      [0;39m [35m:62  [0;39m Unlock orders
[2025-04-18 08:47:39] [34mINFO[0;39m [36mg.service.ubs.OrderLockServiceImpl      [0;39m [35m:60  [0;39m Time: 2025-04-18T08:42:39.171768200
[2025-04-18 08:47:39] [34mINFO[0;39m [36mg.service.ubs.OrderLockServiceImpl      [0;39m [35m:62  [0;39m Unlock orders
[2025-04-18 08:48:39] [34mINFO[0;39m [36mg.service.ubs.OrderLockServiceImpl      [0;39m [35m:60  [0;39m Time: 2025-04-18T08:43:39.171319400
[2025-04-18 08:48:39] [34mINFO[0;39m [36mg.service.ubs.OrderLockServiceImpl      [0;39m [35m:62  [0;39m Unlock orders
[2025-04-18 08:49:39] [34mINFO[0;39m [36mg.service.ubs.OrderLockServiceImpl      [0;39m [35m:60  [0;39m Time: 2025-04-18T08:44:39.177715100
[2025-04-18 08:49:39] [34mINFO[0;39m [36mg.service.ubs.OrderLockServiceImpl      [0;39m [35m:62  [0;39m Unlock orders
[2025-04-18 08:50:39] [34mINFO[0;39m [36mg.service.ubs.OrderLockServiceImpl      [0;39m [35m:60  [0;39m Time: 2025-04-18T08:45:39.181683700
[2025-04-18 08:50:39] [34mINFO[0;39m [36mg.service.ubs.OrderLockServiceImpl      [0;39m [35m:62  [0;39m Unlock orders
[2025-04-18 08:51:39] [34mINFO[0;39m [36mg.service.ubs.OrderLockServiceImpl      [0;39m [35m:60  [0;39m Time: 2025-04-18T08:46:39.181443200
[2025-04-18 08:51:39] [34mINFO[0;39m [36mg.service.ubs.OrderLockServiceImpl      [0;39m [35m:62  [0;39m Unlock orders
[2025-04-18 08:52:39] [34mINFO[0;39m [36mg.service.ubs.OrderLockServiceImpl      [0;39m [35m:60  [0;39m Time: 2025-04-18T08:47:39.175863100
[2025-04-18 08:52:39] [34mINFO[0;39m [36mg.service.ubs.OrderLockServiceImpl      [0;39m [35m:62  [0;39m Unlock orders
[2025-04-18 08:53:39] [34mINFO[0;39m [36mg.service.ubs.OrderLockServiceImpl      [0;39m [35m:60  [0;39m Time: 2025-04-18T08:48:39.183584600
[2025-04-18 08:53:39] [34mINFO[0;39m [36mg.service.ubs.OrderLockServiceImpl      [0;39m [35m:62  [0;39m Unlock orders
[2025-04-18 08:54:39] [34mINFO[0;39m [36mg.service.ubs.OrderLockServiceImpl      [0;39m [35m:60  [0;39m Time: 2025-04-18T08:49:39.175317100
[2025-04-18 08:54:39] [34mINFO[0;39m [36mg.service.ubs.OrderLockServiceImpl      [0;39m [35m:62  [0;39m Unlock orders
[2025-04-18 08:55:39] [34mINFO[0;39m [36mg.service.ubs.OrderLockServiceImpl      [0;39m [35m:60  [0;39m Time: 2025-04-18T08:50:39.176283500
[2025-04-18 08:55:39] [34mINFO[0;39m [36mg.service.ubs.OrderLockServiceImpl      [0;39m [35m:62  [0;39m Unlock orders
[2025-04-18 08:56:39] [34mINFO[0;39m [36mg.service.ubs.OrderLockServiceImpl      [0;39m [35m:60  [0;39m Time: 2025-04-18T08:51:39.172509500
[2025-04-18 08:56:39] [34mINFO[0;39m [36mg.service.ubs.OrderLockServiceImpl      [0;39m [35m:62  [0;39m Unlock orders
[2025-04-18 08:57:39] [34mINFO[0;39m [36mg.service.ubs.OrderLockServiceImpl      [0;39m [35m:60  [0;39m Time: 2025-04-18T08:52:39.174376700
[2025-04-18 08:57:39] [34mINFO[0;39m [36mg.service.ubs.OrderLockServiceImpl      [0;39m [35m:62  [0;39m Unlock orders
[2025-04-18 08:58:39] [34mINFO[0;39m [36mg.service.ubs.OrderLockServiceImpl      [0;39m [35m:60  [0;39m Time: 2025-04-18T08:53:39.173823700
[2025-04-18 08:58:39] [34mINFO[0;39m [36mg.service.ubs.OrderLockServiceImpl      [0;39m [35m:62  [0;39m Unlock orders
[2025-04-18 08:59:39] [34mINFO[0;39m [36mg.service.ubs.OrderLockServiceImpl      [0;39m [35m:60  [0;39m Time: 2025-04-18T08:54:39.176504700
[2025-04-18 08:59:39] [34mINFO[0;39m [36mg.service.ubs.OrderLockServiceImpl      [0;39m [35m:62  [0;39m Unlock orders
[2025-04-18 09:00:39] [34mINFO[0;39m [36mg.service.ubs.OrderLockServiceImpl      [0;39m [35m:60  [0;39m Time: 2025-04-18T08:55:39.178655800
[2025-04-18 09:00:39] [34mINFO[0;39m [36mg.service.ubs.OrderLockServiceImpl      [0;39m [35m:62  [0;39m Unlock orders
[2025-04-18 09:01:39] [34mINFO[0;39m [36mg.service.ubs.OrderLockServiceImpl      [0;39m [35m:60  [0;39m Time: 2025-04-18T08:56:39.182886200
[2025-04-18 09:01:39] [34mINFO[0;39m [36mg.service.ubs.OrderLockServiceImpl      [0;39m [35m:62  [0;39m Unlock orders
[2025-04-18 09:02:39] [34mINFO[0;39m [36mg.service.ubs.OrderLockServiceImpl      [0;39m [35m:60  [0;39m Time: 2025-04-18T08:57:39.173169600
[2025-04-18 09:02:39] [34mINFO[0;39m [36mg.service.ubs.OrderLockServiceImpl      [0;39m [35m:62  [0;39m Unlock orders
[2025-04-18 09:03:39] [34mINFO[0;39m [36mg.service.ubs.OrderLockServiceImpl      [0;39m [35m:60  [0;39m Time: 2025-04-18T08:58:39.175553300
[2025-04-18 09:03:39] [34mINFO[0;39m [36mg.service.ubs.OrderLockServiceImpl      [0;39m [35m:62  [0;39m Unlock orders
[2025-04-18 09:04:39] [34mINFO[0;39m [36mg.service.ubs.OrderLockServiceImpl      [0;39m [35m:60  [0;39m Time: 2025-04-18T08:59:39.181532200
[2025-04-18 09:04:39] [34mINFO[0;39m [36mg.service.ubs.OrderLockServiceImpl      [0;39m [35m:62  [0;39m Unlock orders
[2025-04-18 09:05:39] [34mINFO[0;39m [36mg.service.ubs.OrderLockServiceImpl      [0;39m [35m:60  [0;39m Time: 2025-04-18T09:00:39.176390300
[2025-04-18 09:05:39] [34mINFO[0;39m [36mg.service.ubs.OrderLockServiceImpl      [0;39m [35m:62  [0;39m Unlock orders
[2025-04-18 09:06:39] [34mINFO[0;39m [36mg.service.ubs.OrderLockServiceImpl      [0;39m [35m:60  [0;39m Time: 2025-04-18T09:01:39.179388300
[2025-04-18 09:06:39] [34mINFO[0;39m [36mg.service.ubs.OrderLockServiceImpl      [0;39m [35m:62  [0;39m Unlock orders
[2025-04-18 09:07:39] [34mINFO[0;39m [36mg.service.ubs.OrderLockServiceImpl      [0;39m [35m:60  [0;39m Time: 2025-04-18T09:02:39.183988500
[2025-04-18 09:07:39] [34mINFO[0;39m [36mg.service.ubs.OrderLockServiceImpl      [0;39m [35m:62  [0;39m Unlock orders
[2025-04-18 09:08:39] [34mINFO[0;39m [36mg.service.ubs.OrderLockServiceImpl      [0;39m [35m:60  [0;39m Time: 2025-04-18T09:03:39.173344100
[2025-04-18 09:08:39] [34mINFO[0;39m [36mg.service.ubs.OrderLockServiceImpl      [0;39m [35m:62  [0;39m Unlock orders
[2025-04-18 09:09:39] [34mINFO[0;39m [36mg.service.ubs.OrderLockServiceImpl      [0;39m [35m:60  [0;39m Time: 2025-04-18T09:04:39.184123200
[2025-04-18 09:09:39] [34mINFO[0;39m [36mg.service.ubs.OrderLockServiceImpl      [0;39m [35m:62  [0;39m Unlock orders
[2025-04-18 09:10:39] [34mINFO[0;39m [36mg.service.ubs.OrderLockServiceImpl      [0;39m [35m:60  [0;39m Time: 2025-04-18T09:05:39.179723900
[2025-04-18 09:10:39] [34mINFO[0;39m [36mg.service.ubs.OrderLockServiceImpl      [0;39m [35m:62  [0;39m Unlock orders
[2025-04-18 09:11:39] [34mINFO[0;39m [36mg.service.ubs.OrderLockServiceImpl      [0;39m [35m:60  [0;39m Time: 2025-04-18T09:06:39.183695900
[2025-04-18 09:11:39] [34mINFO[0;39m [36mg.service.ubs.OrderLockServiceImpl      [0;39m [35m:62  [0;39m Unlock orders
[2025-04-18 09:12:39] [34mINFO[0;39m [36mg.service.ubs.OrderLockServiceImpl      [0;39m [35m:60  [0;39m Time: 2025-04-18T09:07:39.182414900
[2025-04-18 09:12:39] [34mINFO[0;39m [36mg.service.ubs.OrderLockServiceImpl      [0;39m [35m:62  [0;39m Unlock orders
[2025-04-18 09:13:39] [34mINFO[0;39m [36mg.service.ubs.OrderLockServiceImpl      [0;39m [35m:60  [0;39m Time: 2025-04-18T09:08:39.180240500
[2025-04-18 09:13:39] [34mINFO[0;39m [36mg.service.ubs.OrderLockServiceImpl      [0;39m [35m:62  [0;39m Unlock orders
[2025-04-18 09:14:39] [34mINFO[0;39m [36mg.service.ubs.OrderLockServiceImpl      [0;39m [35m:60  [0;39m Time: 2025-04-18T09:09:39.182923400
[2025-04-18 09:14:39] [34mINFO[0;39m [36mg.service.ubs.OrderLockServiceImpl      [0;39m [35m:62  [0;39m Unlock orders
[2025-04-18 09:15:39] [34mINFO[0;39m [36mg.service.ubs.OrderLockServiceImpl      [0;39m [35m:60  [0;39m Time: 2025-04-18T09:10:39.189799
[2025-04-18 09:15:39] [34mINFO[0;39m [36mg.service.ubs.OrderLockServiceImpl      [0;39m [35m:62  [0;39m Unlock orders
[2025-04-18 09:16:39] [34mINFO[0;39m [36mg.service.ubs.OrderLockServiceImpl      [0;39m [35m:60  [0;39m Time: 2025-04-18T09:11:39.170091
[2025-04-18 09:16:39] [34mINFO[0;39m [36mg.service.ubs.OrderLockServiceImpl      [0;39m [35m:62  [0;39m Unlock orders
[2025-04-18 09:17:39] [34mINFO[0;39m [36mg.service.ubs.OrderLockServiceImpl      [0;39m [35m:60  [0;39m Time: 2025-04-18T09:12:39.182021800
[2025-04-18 09:17:39] [34mINFO[0;39m [36mg.service.ubs.OrderLockServiceImpl      [0;39m [35m:62  [0;39m Unlock orders
[2025-04-18 09:18:39] [34mINFO[0;39m [36mg.service.ubs.OrderLockServiceImpl      [0;39m [35m:60  [0;39m Time: 2025-04-18T09:13:39.176638
[2025-04-18 09:18:39] [34mINFO[0;39m [36mg.service.ubs.OrderLockServiceImpl      [0;39m [35m:62  [0;39m Unlock orders
[2025-04-18 09:19:39] [34mINFO[0;39m [36mg.service.ubs.OrderLockServiceImpl      [0;39m [35m:60  [0;39m Time: 2025-04-18T09:14:39.189047200
[2025-04-18 09:19:39] [34mINFO[0;39m [36mg.service.ubs.OrderLockServiceImpl      [0;39m [35m:62  [0;39m Unlock orders
[2025-04-18 09:20:39] [34mINFO[0;39m [36mg.service.ubs.OrderLockServiceImpl      [0;39m [35m:60  [0;39m Time: 2025-04-18T09:15:39.173195700
[2025-04-18 09:20:39] [34mINFO[0;39m [36mg.service.ubs.OrderLockServiceImpl      [0;39m [35m:62  [0;39m Unlock orders
[2025-04-18 09:21:39] [34mINFO[0;39m [36mg.service.ubs.OrderLockServiceImpl      [0;39m [35m:60  [0;39m Time: 2025-04-18T09:16:39.196335900
[2025-04-18 09:21:39] [34mINFO[0;39m [36mg.service.ubs.OrderLockServiceImpl      [0;39m [35m:62  [0;39m Unlock orders
[2025-04-18 09:22:39] [34mINFO[0;39m [36mg.service.ubs.OrderLockServiceImpl      [0;39m [35m:60  [0;39m Time: 2025-04-18T09:17:39.197951300
[2025-04-18 09:22:39] [34mINFO[0;39m [36mg.service.ubs.OrderLockServiceImpl      [0;39m [35m:62  [0;39m Unlock orders
[2025-04-18 09:23:39] [34mINFO[0;39m [36mg.service.ubs.OrderLockServiceImpl      [0;39m [35m:60  [0;39m Time: 2025-04-18T09:18:39.185601700
[2025-04-18 09:23:39] [34mINFO[0;39m [36mg.service.ubs.OrderLockServiceImpl      [0;39m [35m:62  [0;39m Unlock orders
[2025-04-18 09:24:39] [34mINFO[0;39m [36mg.service.ubs.OrderLockServiceImpl      [0;39m [35m:60  [0;39m Time: 2025-04-18T09:19:39.181718700
[2025-04-18 09:24:39] [34mINFO[0;39m [36mg.service.ubs.OrderLockServiceImpl      [0;39m [35m:62  [0;39m Unlock orders
[2025-04-18 09:25:39] [34mINFO[0;39m [36mg.service.ubs.OrderLockServiceImpl      [0;39m [35m:60  [0;39m Time: 2025-04-18T09:20:39.173849400
[2025-04-18 09:25:39] [34mINFO[0;39m [36mg.service.ubs.OrderLockServiceImpl      [0;39m [35m:62  [0;39m Unlock orders
[2025-04-18 09:26:39] [34mINFO[0;39m [36mg.service.ubs.OrderLockServiceImpl      [0;39m [35m:60  [0;39m Time: 2025-04-18T09:21:39.189019900
[2025-04-18 09:26:39] [34mINFO[0;39m [36mg.service.ubs.OrderLockServiceImpl      [0;39m [35m:62  [0;39m Unlock orders
[2025-04-18 09:27:39] [34mINFO[0;39m [36mg.service.ubs.OrderLockServiceImpl      [0;39m [35m:60  [0;39m Time: 2025-04-18T09:22:39.185079500
[2025-04-18 09:27:39] [34mINFO[0;39m [36mg.service.ubs.OrderLockServiceImpl      [0;39m [35m:62  [0;39m Unlock orders
[2025-04-18 09:28:39] [34mINFO[0;39m [36mg.service.ubs.OrderLockServiceImpl      [0;39m [35m:60  [0;39m Time: 2025-04-18T09:23:39.181805
[2025-04-18 09:28:39] [34mINFO[0;39m [36mg.service.ubs.OrderLockServiceImpl      [0;39m [35m:62  [0;39m Unlock orders
[2025-04-18 09:29:39] [34mINFO[0;39m [36mg.service.ubs.OrderLockServiceImpl      [0;39m [35m:60  [0;39m Time: 2025-04-18T09:24:39.184095300
[2025-04-18 09:29:39] [34mINFO[0;39m [36mg.service.ubs.OrderLockServiceImpl      [0;39m [35m:62  [0;39m Unlock orders
[2025-04-18 09:30:39] [34mINFO[0;39m [36mg.service.ubs.OrderLockServiceImpl      [0;39m [35m:60  [0;39m Time: 2025-04-18T09:25:39.178425
[2025-04-18 09:30:39] [34mINFO[0;39m [36mg.service.ubs.OrderLockServiceImpl      [0;39m [35m:62  [0;39m Unlock orders
[2025-04-18 09:31:39] [34mINFO[0;39m [36mg.service.ubs.OrderLockServiceImpl      [0;39m [35m:60  [0;39m Time: 2025-04-18T09:26:39.182444
[2025-04-18 09:31:39] [34mINFO[0;39m [36mg.service.ubs.OrderLockServiceImpl      [0;39m [35m:62  [0;39m Unlock orders
[2025-04-18 09:32:39] [34mINFO[0;39m [36mg.service.ubs.OrderLockServiceImpl      [0;39m [35m:60  [0;39m Time: 2025-04-18T09:27:39.193325500
[2025-04-18 09:32:39] [34mINFO[0;39m [36mg.service.ubs.OrderLockServiceImpl      [0;39m [35m:62  [0;39m Unlock orders
[2025-04-18 09:33:39] [34mINFO[0;39m [36mg.service.ubs.OrderLockServiceImpl      [0;39m [35m:60  [0;39m Time: 2025-04-18T09:28:39.174394900
[2025-04-18 09:33:39] [34mINFO[0;39m [36mg.service.ubs.OrderLockServiceImpl      [0;39m [35m:62  [0;39m Unlock orders
[2025-04-18 09:34:39] [34mINFO[0;39m [36mg.service.ubs.OrderLockServiceImpl      [0;39m [35m:60  [0;39m Time: 2025-04-18T09:29:39.250820100
[2025-04-18 09:34:39] [34mINFO[0;39m [36mg.service.ubs.OrderLockServiceImpl      [0;39m [35m:62  [0;39m Unlock orders
[2025-04-18 09:35:39] [34mINFO[0;39m [36mg.service.ubs.OrderLockServiceImpl      [0;39m [35m:60  [0;39m Time: 2025-04-18T09:30:39.173544600
[2025-04-18 09:35:39] [34mINFO[0;39m [36mg.service.ubs.OrderLockServiceImpl      [0;39m [35m:62  [0;39m Unlock orders
[2025-04-18 09:36:39] [34mINFO[0;39m [36mg.service.ubs.OrderLockServiceImpl      [0;39m [35m:60  [0;39m Time: 2025-04-18T09:31:39.183370800
[2025-04-18 09:36:39] [34mINFO[0;39m [36mg.service.ubs.OrderLockServiceImpl      [0;39m [35m:62  [0;39m Unlock orders
[2025-04-18 09:37:39] [34mINFO[0;39m [36mg.service.ubs.OrderLockServiceImpl      [0;39m [35m:60  [0;39m Time: 2025-04-18T09:32:39.180012200
[2025-04-18 09:37:39] [34mINFO[0;39m [36mg.service.ubs.OrderLockServiceImpl      [0;39m [35m:62  [0;39m Unlock orders
[2025-04-18 09:38:39] [34mINFO[0;39m [36mg.service.ubs.OrderLockServiceImpl      [0;39m [35m:60  [0;39m Time: 2025-04-18T09:33:39.193978100
[2025-04-18 09:38:39] [34mINFO[0;39m [36mg.service.ubs.OrderLockServiceImpl      [0;39m [35m:62  [0;39m Unlock orders
[2025-04-18 09:39:39] [34mINFO[0;39m [36mg.service.ubs.OrderLockServiceImpl      [0;39m [35m:60  [0;39m Time: 2025-04-18T09:34:39.170817600
[2025-04-18 09:39:39] [34mINFO[0;39m [36mg.service.ubs.OrderLockServiceImpl      [0;39m [35m:62  [0;39m Unlock orders
[2025-04-18 09:40:39] [34mINFO[0;39m [36mg.service.ubs.OrderLockServiceImpl      [0;39m [35m:60  [0;39m Time: 2025-04-18T09:35:39.177374300
[2025-04-18 09:40:39] [34mINFO[0;39m [36mg.service.ubs.OrderLockServiceImpl      [0;39m [35m:62  [0;39m Unlock orders
[2025-04-18 09:41:39] [34mINFO[0;39m [36mg.service.ubs.OrderLockServiceImpl      [0;39m [35m:60  [0;39m Time: 2025-04-18T09:36:39.177833700
[2025-04-18 09:41:39] [34mINFO[0;39m [36mg.service.ubs.OrderLockServiceImpl      [0;39m [35m:62  [0;39m Unlock orders
[2025-04-18 09:42:39] [34mINFO[0;39m [36mg.service.ubs.OrderLockServiceImpl      [0;39m [35m:60  [0;39m Time: 2025-04-18T09:37:39.178400300
[2025-04-18 09:42:39] [34mINFO[0;39m [36mg.service.ubs.OrderLockServiceImpl      [0;39m [35m:62  [0;39m Unlock orders
[2025-04-18 09:43:39] [34mINFO[0;39m [36mg.service.ubs.OrderLockServiceImpl      [0;39m [35m:60  [0;39m Time: 2025-04-18T09:38:39.181461
[2025-04-18 09:43:39] [34mINFO[0;39m [36mg.service.ubs.OrderLockServiceImpl      [0;39m [35m:62  [0;39m Unlock orders
[2025-04-18 09:44:39] [34mINFO[0;39m [36mg.service.ubs.OrderLockServiceImpl      [0;39m [35m:60  [0;39m Time: 2025-04-18T09:39:39.182760
[2025-04-18 09:44:39] [34mINFO[0;39m [36mg.service.ubs.OrderLockServiceImpl      [0;39m [35m:62  [0;39m Unlock orders
[2025-04-18 09:45:39] [34mINFO[0;39m [36mg.service.ubs.OrderLockServiceImpl      [0;39m [35m:60  [0;39m Time: 2025-04-18T09:40:39.178777600
[2025-04-18 09:45:39] [34mINFO[0;39m [36mg.service.ubs.OrderLockServiceImpl      [0;39m [35m:62  [0;39m Unlock orders
[2025-04-18 09:46:39] [34mINFO[0;39m [36mg.service.ubs.OrderLockServiceImpl      [0;39m [35m:60  [0;39m Time: 2025-04-18T09:41:39.170664700
[2025-04-18 09:46:39] [34mINFO[0;39m [36mg.service.ubs.OrderLockServiceImpl      [0;39m [35m:62  [0;39m Unlock orders
[2025-04-18 09:47:39] [34mINFO[0;39m [36mg.service.ubs.OrderLockServiceImpl      [0;39m [35m:60  [0;39m Time: 2025-04-18T09:42:39.179077400
[2025-04-18 09:47:39] [34mINFO[0;39m [36mg.service.ubs.OrderLockServiceImpl      [0;39m [35m:62  [0;39m Unlock orders
[2025-04-18 09:48:39] [34mINFO[0;39m [36mg.service.ubs.OrderLockServiceImpl      [0;39m [35m:60  [0;39m Time: 2025-04-18T09:43:39.184481300
[2025-04-18 09:48:39] [34mINFO[0;39m [36mg.service.ubs.OrderLockServiceImpl      [0;39m [35m:62  [0;39m Unlock orders
[2025-04-18 09:49:39] [34mINFO[0;39m [36mg.service.ubs.OrderLockServiceImpl      [0;39m [35m:60  [0;39m Time: 2025-04-18T09:44:39.180834300
[2025-04-18 09:49:39] [34mINFO[0;39m [36mg.service.ubs.OrderLockServiceImpl      [0;39m [35m:62  [0;39m Unlock orders
[2025-04-18 09:50:39] [34mINFO[0;39m [36mg.service.ubs.OrderLockServiceImpl      [0;39m [35m:60  [0;39m Time: 2025-04-18T09:45:39.175610
[2025-04-18 09:50:39] [34mINFO[0;39m [36mg.service.ubs.OrderLockServiceImpl      [0;39m [35m:62  [0;39m Unlock orders
[2025-04-18 09:51:39] [34mINFO[0;39m [36mg.service.ubs.OrderLockServiceImpl      [0;39m [35m:60  [0;39m Time: 2025-04-18T09:46:39.185384200
[2025-04-18 09:51:39] [34mINFO[0;39m [36mg.service.ubs.OrderLockServiceImpl      [0;39m [35m:62  [0;39m Unlock orders
[2025-04-18 09:52:39] [34mINFO[0;39m [36mg.service.ubs.OrderLockServiceImpl      [0;39m [35m:60  [0;39m Time: 2025-04-18T09:47:39.183350500
[2025-04-18 09:52:39] [34mINFO[0;39m [36mg.service.ubs.OrderLockServiceImpl      [0;39m [35m:62  [0;39m Unlock orders
[2025-04-18 09:53:39] [34mINFO[0;39m [36mg.service.ubs.OrderLockServiceImpl      [0;39m [35m:60  [0;39m Time: 2025-04-18T09:48:39.170855700
[2025-04-18 09:53:39] [34mINFO[0;39m [36mg.service.ubs.OrderLockServiceImpl      [0;39m [35m:62  [0;39m Unlock orders
[2025-04-18 09:54:39] [34mINFO[0;39m [36mg.service.ubs.OrderLockServiceImpl      [0;39m [35m:60  [0;39m Time: 2025-04-18T09:49:39.177865
[2025-04-18 09:54:39] [34mINFO[0;39m [36mg.service.ubs.OrderLockServiceImpl      [0;39m [35m:62  [0;39m Unlock orders
[2025-04-18 09:55:39] [34mINFO[0;39m [36mg.service.ubs.OrderLockServiceImpl      [0;39m [35m:60  [0;39m Time: 2025-04-18T09:50:39.177824800
[2025-04-18 09:55:39] [34mINFO[0;39m [36mg.service.ubs.OrderLockServiceImpl      [0;39m [35m:62  [0;39m Unlock orders
[2025-04-18 09:56:39] [34mINFO[0;39m [36mg.service.ubs.OrderLockServiceImpl      [0;39m [35m:60  [0;39m Time: 2025-04-18T09:51:39.175355300
[2025-04-18 09:56:39] [34mINFO[0;39m [36mg.service.ubs.OrderLockServiceImpl      [0;39m [35m:62  [0;39m Unlock orders
[2025-04-18 09:57:39] [34mINFO[0;39m [36mg.service.ubs.OrderLockServiceImpl      [0;39m [35m:60  [0;39m Time: 2025-04-18T09:52:39.171968300
[2025-04-18 09:57:39] [34mINFO[0;39m [36mg.service.ubs.OrderLockServiceImpl      [0;39m [35m:62  [0;39m Unlock orders
[2025-04-18 09:58:39] [34mINFO[0;39m [36mg.service.ubs.OrderLockServiceImpl      [0;39m [35m:60  [0;39m Time: 2025-04-18T09:53:39.184545100
[2025-04-18 09:58:39] [34mINFO[0;39m [36mg.service.ubs.OrderLockServiceImpl      [0;39m [35m:62  [0;39m Unlock orders
[2025-04-18 09:59:39] [34mINFO[0;39m [36mg.service.ubs.OrderLockServiceImpl      [0;39m [35m:60  [0;39m Time: 2025-04-18T09:54:39.170610700
[2025-04-18 09:59:39] [34mINFO[0;39m [36mg.service.ubs.OrderLockServiceImpl      [0;39m [35m:62  [0;39m Unlock orders
[2025-04-18 10:00:39] [34mINFO[0;39m [36mg.service.ubs.OrderLockServiceImpl      [0;39m [35m:60  [0;39m Time: 2025-04-18T09:55:39.170500600
[2025-04-18 10:00:39] [34mINFO[0;39m [36mg.service.ubs.OrderLockServiceImpl      [0;39m [35m:62  [0;39m Unlock orders
[2025-04-18 10:01:39] [34mINFO[0;39m [36mg.service.ubs.OrderLockServiceImpl      [0;39m [35m:60  [0;39m Time: 2025-04-18T09:56:39.178588800
[2025-04-18 10:01:39] [34mINFO[0;39m [36mg.service.ubs.OrderLockServiceImpl      [0;39m [35m:62  [0;39m Unlock orders
[2025-04-18 10:02:39] [34mINFO[0;39m [36mg.service.ubs.OrderLockServiceImpl      [0;39m [35m:60  [0;39m Time: 2025-04-18T09:57:39.173300900
[2025-04-18 10:02:39] [34mINFO[0;39m [36mg.service.ubs.OrderLockServiceImpl      [0;39m [35m:62  [0;39m Unlock orders
[2025-04-18 10:03:39] [34mINFO[0;39m [36mg.service.ubs.OrderLockServiceImpl      [0;39m [35m:60  [0;39m Time: 2025-04-18T09:58:39.183762700
[2025-04-18 10:03:39] [34mINFO[0;39m [36mg.service.ubs.OrderLockServiceImpl      [0;39m [35m:62  [0;39m Unlock orders
[2025-04-18 10:04:39] [34mINFO[0;39m [36mg.service.ubs.OrderLockServiceImpl      [0;39m [35m:60  [0;39m Time: 2025-04-18T09:59:39.176174
[2025-04-18 10:04:39] [34mINFO[0;39m [36mg.service.ubs.OrderLockServiceImpl      [0;39m [35m:62  [0;39m Unlock orders
[2025-04-18 10:05:39] [34mINFO[0;39m [36mg.service.ubs.OrderLockServiceImpl      [0;39m [35m:60  [0;39m Time: 2025-04-18T10:00:39.180089200
[2025-04-18 10:05:39] [34mINFO[0;39m [36mg.service.ubs.OrderLockServiceImpl      [0;39m [35m:62  [0;39m Unlock orders
[2025-04-18 10:06:39] [34mINFO[0;39m [36mg.service.ubs.OrderLockServiceImpl      [0;39m [35m:60  [0;39m Time: 2025-04-18T10:01:39.182356800
[2025-04-18 10:06:39] [34mINFO[0;39m [36mg.service.ubs.OrderLockServiceImpl      [0;39m [35m:62  [0;39m Unlock orders
[2025-04-18 10:07:39] [34mINFO[0;39m [36mg.service.ubs.OrderLockServiceImpl      [0;39m [35m:60  [0;39m Time: 2025-04-18T10:02:39.184596400
[2025-04-18 10:07:39] [34mINFO[0;39m [36mg.service.ubs.OrderLockServiceImpl      [0;39m [35m:62  [0;39m Unlock orders
[2025-04-18 10:08:39] [34mINFO[0;39m [36mg.service.ubs.OrderLockServiceImpl      [0;39m [35m:60  [0;39m Time: 2025-04-18T10:03:39.178034500
[2025-04-18 10:08:39] [34mINFO[0;39m [36mg.service.ubs.OrderLockServiceImpl      [0;39m [35m:62  [0;39m Unlock orders
[2025-04-18 10:09:39] [34mINFO[0;39m [36mg.service.ubs.OrderLockServiceImpl      [0;39m [35m:60  [0;39m Time: 2025-04-18T10:04:39.185376900
[2025-04-18 10:09:39] [34mINFO[0;39m [36mg.service.ubs.OrderLockServiceImpl      [0;39m [35m:62  [0;39m Unlock orders
[2025-04-18 10:10:39] [34mINFO[0;39m [36mg.service.ubs.OrderLockServiceImpl      [0;39m [35m:60  [0;39m Time: 2025-04-18T10:05:39.174123
[2025-04-18 10:10:39] [34mINFO[0;39m [36mg.service.ubs.OrderLockServiceImpl      [0;39m [35m:62  [0;39m Unlock orders
[2025-04-18 10:11:39] [34mINFO[0;39m [36mg.service.ubs.OrderLockServiceImpl      [0;39m [35m:60  [0;39m Time: 2025-04-18T10:06:39.177023200
[2025-04-18 10:11:39] [34mINFO[0;39m [36mg.service.ubs.OrderLockServiceImpl      [0;39m [35m:62  [0;39m Unlock orders
[2025-04-18 10:12:39] [34mINFO[0;39m [36mg.service.ubs.OrderLockServiceImpl      [0;39m [35m:60  [0;39m Time: 2025-04-18T10:07:39.182539
[2025-04-18 10:12:39] [34mINFO[0;39m [36mg.service.ubs.OrderLockServiceImpl      [0;39m [35m:62  [0;39m Unlock orders
[2025-04-18 10:13:39] [34mINFO[0;39m [36mg.service.ubs.OrderLockServiceImpl      [0;39m [35m:60  [0;39m Time: 2025-04-18T10:08:39.181543800
[2025-04-18 10:13:39] [34mINFO[0;39m [36mg.service.ubs.OrderLockServiceImpl      [0;39m [35m:62  [0;39m Unlock orders
[2025-04-18 10:14:39] [34mINFO[0;39m [36mg.service.ubs.OrderLockServiceImpl      [0;39m [35m:60  [0;39m Time: 2025-04-18T10:09:39.176804100
[2025-04-18 10:14:39] [34mINFO[0;39m [36mg.service.ubs.OrderLockServiceImpl      [0;39m [35m:62  [0;39m Unlock orders
[2025-04-18 10:15:39] [34mINFO[0;39m [36mg.service.ubs.OrderLockServiceImpl      [0;39m [35m:60  [0;39m Time: 2025-04-18T10:10:39.181980400
[2025-04-18 10:15:39] [34mINFO[0;39m [36mg.service.ubs.OrderLockServiceImpl      [0;39m [35m:62  [0;39m Unlock orders
[2025-04-18 10:16:39] [34mINFO[0;39m [36mg.service.ubs.OrderLockServiceImpl      [0;39m [35m:60  [0;39m Time: 2025-04-18T10:11:39.207999700
[2025-04-18 10:16:39] [34mINFO[0;39m [36mg.service.ubs.OrderLockServiceImpl      [0;39m [35m:62  [0;39m Unlock orders
[2025-04-18 10:17:39] [34mINFO[0;39m [36mg.service.ubs.OrderLockServiceImpl      [0;39m [35m:60  [0;39m Time: 2025-04-18T10:12:39.173010300
[2025-04-18 10:17:39] [34mINFO[0;39m [36mg.service.ubs.OrderLockServiceImpl      [0;39m [35m:62  [0;39m Unlock orders
[2025-04-18 10:18:39] [34mINFO[0;39m [36mg.service.ubs.OrderLockServiceImpl      [0;39m [35m:60  [0;39m Time: 2025-04-18T10:13:39.172230400
[2025-04-18 10:18:39] [34mINFO[0;39m [36mg.service.ubs.OrderLockServiceImpl      [0;39m [35m:62  [0;39m Unlock orders
[2025-04-18 10:19:39] [34mINFO[0;39m [36mg.service.ubs.OrderLockServiceImpl      [0;39m [35m:60  [0;39m Time: 2025-04-18T10:14:39.184654700
[2025-04-18 10:19:39] [34mINFO[0;39m [36mg.service.ubs.OrderLockServiceImpl      [0;39m [35m:62  [0;39m Unlock orders
[2025-04-18 10:20:39] [34mINFO[0;39m [36mg.service.ubs.OrderLockServiceImpl      [0;39m [35m:60  [0;39m Time: 2025-04-18T10:15:39.175629400
[2025-04-18 10:20:39] [34mINFO[0;39m [36mg.service.ubs.OrderLockServiceImpl      [0;39m [35m:62  [0;39m Unlock orders
[2025-04-18 10:21:39] [34mINFO[0;39m [36mg.service.ubs.OrderLockServiceImpl      [0;39m [35m:60  [0;39m Time: 2025-04-18T10:16:39.170759900
[2025-04-18 10:21:39] [34mINFO[0;39m [36mg.service.ubs.OrderLockServiceImpl      [0;39m [35m:62  [0;39m Unlock orders
[2025-04-18 10:22:39] [34mINFO[0;39m [36mg.service.ubs.OrderLockServiceImpl      [0;39m [35m:60  [0;39m Time: 2025-04-18T10:17:39.183350300
[2025-04-18 10:22:39] [34mINFO[0;39m [36mg.service.ubs.OrderLockServiceImpl      [0;39m [35m:62  [0;39m Unlock orders
[2025-04-18 10:23:39] [34mINFO[0;39m [36mg.service.ubs.OrderLockServiceImpl      [0;39m [35m:60  [0;39m Time: 2025-04-18T10:18:39.176015400
[2025-04-18 10:23:39] [34mINFO[0;39m [36mg.service.ubs.OrderLockServiceImpl      [0;39m [35m:62  [0;39m Unlock orders
[2025-04-18 10:24:39] [34mINFO[0;39m [36mg.service.ubs.OrderLockServiceImpl      [0;39m [35m:60  [0;39m Time: 2025-04-18T10:19:39.177757900
[2025-04-18 10:24:39] [34mINFO[0;39m [36mg.service.ubs.OrderLockServiceImpl      [0;39m [35m:62  [0;39m Unlock orders
[2025-04-18 10:25:39] [34mINFO[0;39m [36mg.service.ubs.OrderLockServiceImpl      [0;39m [35m:60  [0;39m Time: 2025-04-18T10:20:39.181346300
[2025-04-18 10:25:39] [34mINFO[0;39m [36mg.service.ubs.OrderLockServiceImpl      [0;39m [35m:62  [0;39m Unlock orders
[2025-04-18 10:26:39] [34mINFO[0;39m [36mg.service.ubs.OrderLockServiceImpl      [0;39m [35m:60  [0;39m Time: 2025-04-18T10:21:39.176803500
[2025-04-18 10:26:39] [34mINFO[0;39m [36mg.service.ubs.OrderLockServiceImpl      [0;39m [35m:62  [0;39m Unlock orders
[2025-04-18 10:27:39] [34mINFO[0;39m [36mg.service.ubs.OrderLockServiceImpl      [0;39m [35m:60  [0;39m Time: 2025-04-18T10:22:39.178310
[2025-04-18 10:27:39] [34mINFO[0;39m [36mg.service.ubs.OrderLockServiceImpl      [0;39m [35m:62  [0;39m Unlock orders
[2025-04-18 10:28:39] [34mINFO[0;39m [36mg.service.ubs.OrderLockServiceImpl      [0;39m [35m:60  [0;39m Time: 2025-04-18T10:23:39.184701300
[2025-04-18 10:28:39] [34mINFO[0;39m [36mg.service.ubs.OrderLockServiceImpl      [0;39m [35m:62  [0;39m Unlock orders
[2025-04-18 10:29:39] [34mINFO[0;39m [36mg.service.ubs.OrderLockServiceImpl      [0;39m [35m:60  [0;39m Time: 2025-04-18T10:24:39.178333900
[2025-04-18 10:29:39] [34mINFO[0;39m [36mg.service.ubs.OrderLockServiceImpl      [0;39m [35m:62  [0;39m Unlock orders
[2025-04-18 10:30:39] [34mINFO[0;39m [36mg.service.ubs.OrderLockServiceImpl      [0;39m [35m:60  [0;39m Time: 2025-04-18T10:25:39.181286300
[2025-04-18 10:30:39] [34mINFO[0;39m [36mg.service.ubs.OrderLockServiceImpl      [0;39m [35m:62  [0;39m Unlock orders
[2025-04-18 10:31:39] [34mINFO[0;39m [36mg.service.ubs.OrderLockServiceImpl      [0;39m [35m:60  [0;39m Time: 2025-04-18T10:26:39.177555100
[2025-04-18 10:31:39] [34mINFO[0;39m [36mg.service.ubs.OrderLockServiceImpl      [0;39m [35m:62  [0;39m Unlock orders
[2025-04-18 10:32:39] [34mINFO[0;39m [36mg.service.ubs.OrderLockServiceImpl      [0;39m [35m:60  [0;39m Time: 2025-04-18T10:27:39.175868100
[2025-04-18 10:32:39] [34mINFO[0;39m [36mg.service.ubs.OrderLockServiceImpl      [0;39m [35m:62  [0;39m Unlock orders
[2025-04-18 10:33:39] [34mINFO[0;39m [36mg.service.ubs.OrderLockServiceImpl      [0;39m [35m:60  [0;39m Time: 2025-04-18T10:28:39.174207800
[2025-04-18 10:33:39] [34mINFO[0;39m [36mg.service.ubs.OrderLockServiceImpl      [0;39m [35m:62  [0;39m Unlock orders
[2025-04-18 10:34:39] [34mINFO[0;39m [36mg.service.ubs.OrderLockServiceImpl      [0;39m [35m:60  [0;39m Time: 2025-04-18T10:29:39.170400500
[2025-04-18 10:34:39] [34mINFO[0;39m [36mg.service.ubs.OrderLockServiceImpl      [0;39m [35m:62  [0;39m Unlock orders
[2025-04-18 10:35:39] [34mINFO[0;39m [36mg.service.ubs.OrderLockServiceImpl      [0;39m [35m:60  [0;39m Time: 2025-04-18T10:30:39.174024800
[2025-04-18 10:35:39] [34mINFO[0;39m [36mg.service.ubs.OrderLockServiceImpl      [0;39m [35m:62  [0;39m Unlock orders
[2025-04-18 10:36:39] [34mINFO[0;39m [36mg.service.ubs.OrderLockServiceImpl      [0;39m [35m:60  [0;39m Time: 2025-04-18T10:31:39.171478900
[2025-04-18 10:36:39] [34mINFO[0;39m [36mg.service.ubs.OrderLockServiceImpl      [0;39m [35m:62  [0;39m Unlock orders
[2025-04-18 10:37:39] [34mINFO[0;39m [36mg.service.ubs.OrderLockServiceImpl      [0;39m [35m:60  [0;39m Time: 2025-04-18T10:32:39.174937700
[2025-04-18 10:37:39] [34mINFO[0;39m [36mg.service.ubs.OrderLockServiceImpl      [0;39m [35m:62  [0;39m Unlock orders
[2025-04-18 10:38:39] [34mINFO[0;39m [36mg.service.ubs.OrderLockServiceImpl      [0;39m [35m:60  [0;39m Time: 2025-04-18T10:33:39.177714800
[2025-04-18 10:38:39] [34mINFO[0;39m [36mg.service.ubs.OrderLockServiceImpl      [0;39m [35m:62  [0;39m Unlock orders
[2025-04-18 10:39:39] [34mINFO[0;39m [36mg.service.ubs.OrderLockServiceImpl      [0;39m [35m:60  [0;39m Time: 2025-04-18T10:34:39.181009200
[2025-04-18 10:39:39] [34mINFO[0;39m [36mg.service.ubs.OrderLockServiceImpl      [0;39m [35m:62  [0;39m Unlock orders
[2025-04-18 10:40:39] [34mINFO[0;39m [36mg.service.ubs.OrderLockServiceImpl      [0;39m [35m:60  [0;39m Time: 2025-04-18T10:35:39.175584
[2025-04-18 10:40:39] [34mINFO[0;39m [36mg.service.ubs.OrderLockServiceImpl      [0;39m [35m:62  [0;39m Unlock orders
[2025-04-18 10:41:39] [34mINFO[0;39m [36mg.service.ubs.OrderLockServiceImpl      [0;39m [35m:60  [0;39m Time: 2025-04-18T10:36:39.174446
[2025-04-18 10:41:39] [34mINFO[0;39m [36mg.service.ubs.OrderLockServiceImpl      [0;39m [35m:62  [0;39m Unlock orders
[2025-04-18 10:42:39] [34mINFO[0;39m [36mg.service.ubs.OrderLockServiceImpl      [0;39m [35m:60  [0;39m Time: 2025-04-18T10:37:39.175515300
[2025-04-18 10:42:39] [34mINFO[0;39m [36mg.service.ubs.OrderLockServiceImpl      [0;39m [35m:62  [0;39m Unlock orders
[2025-04-18 10:43:39] [34mINFO[0;39m [36mg.service.ubs.OrderLockServiceImpl      [0;39m [35m:60  [0;39m Time: 2025-04-18T10:38:39.180482800
[2025-04-18 10:43:39] [34mINFO[0;39m [36mg.service.ubs.OrderLockServiceImpl      [0;39m [35m:62  [0;39m Unlock orders
[2025-04-18 10:44:39] [34mINFO[0;39m [36mg.service.ubs.OrderLockServiceImpl      [0;39m [35m:60  [0;39m Time: 2025-04-18T10:39:39.191765400
[2025-04-18 10:44:39] [34mINFO[0;39m [36mg.service.ubs.OrderLockServiceImpl      [0;39m [35m:62  [0;39m Unlock orders
[2025-04-18 10:45:39] [34mINFO[0;39m [36mg.service.ubs.OrderLockServiceImpl      [0;39m [35m:60  [0;39m Time: 2025-04-18T10:40:39.183898300
[2025-04-18 10:45:39] [34mINFO[0;39m [36mg.service.ubs.OrderLockServiceImpl      [0;39m [35m:62  [0;39m Unlock orders
[2025-04-18 10:46:39] [34mINFO[0;39m [36mg.service.ubs.OrderLockServiceImpl      [0;39m [35m:60  [0;39m Time: 2025-04-18T10:41:39.171467600
[2025-04-18 10:46:39] [34mINFO[0;39m [36mg.service.ubs.OrderLockServiceImpl      [0;39m [35m:62  [0;39m Unlock orders
[2025-04-18 10:47:39] [34mINFO[0;39m [36mg.service.ubs.OrderLockServiceImpl      [0;39m [35m:60  [0;39m Time: 2025-04-18T10:42:39.180115400
[2025-04-18 10:47:39] [34mINFO[0;39m [36mg.service.ubs.OrderLockServiceImpl      [0;39m [35m:62  [0;39m Unlock orders
[2025-04-18 10:48:39] [34mINFO[0;39m [36mg.service.ubs.OrderLockServiceImpl      [0;39m [35m:60  [0;39m Time: 2025-04-18T10:43:39.175137800
[2025-04-18 10:48:39] [34mINFO[0;39m [36mg.service.ubs.OrderLockServiceImpl      [0;39m [35m:62  [0;39m Unlock orders
[2025-04-18 10:49:39] [34mINFO[0;39m [36mg.service.ubs.OrderLockServiceImpl      [0;39m [35m:60  [0;39m Time: 2025-04-18T10:44:39.171339200
[2025-04-18 10:49:39] [34mINFO[0;39m [36mg.service.ubs.OrderLockServiceImpl      [0;39m [35m:62  [0;39m Unlock orders
[2025-04-18 10:50:39] [34mINFO[0;39m [36mg.service.ubs.OrderLockServiceImpl      [0;39m [35m:60  [0;39m Time: 2025-04-18T10:45:39.179752800
[2025-04-18 10:50:39] [34mINFO[0;39m [36mg.service.ubs.OrderLockServiceImpl      [0;39m [35m:62  [0;39m Unlock orders
[2025-04-18 10:51:39] [34mINFO[0;39m [36mg.service.ubs.OrderLockServiceImpl      [0;39m [35m:60  [0;39m Time: 2025-04-18T10:46:39.184519
[2025-04-18 10:51:39] [34mINFO[0;39m [36mg.service.ubs.OrderLockServiceImpl      [0;39m [35m:62  [0;39m Unlock orders
[2025-04-18 10:52:39] [34mINFO[0;39m [36mg.service.ubs.OrderLockServiceImpl      [0;39m [35m:60  [0;39m Time: 2025-04-18T10:47:39.177478800
[2025-04-18 10:52:39] [34mINFO[0;39m [36mg.service.ubs.OrderLockServiceImpl      [0;39m [35m:62  [0;39m Unlock orders
[2025-04-18 10:53:39] [34mINFO[0;39m [36mg.service.ubs.OrderLockServiceImpl      [0;39m [35m:60  [0;39m Time: 2025-04-18T10:48:39.170251300
[2025-04-18 10:53:39] [34mINFO[0;39m [36mg.service.ubs.OrderLockServiceImpl      [0;39m [35m:62  [0;39m Unlock orders
[2025-04-18 10:54:39] [34mINFO[0;39m [36mg.service.ubs.OrderLockServiceImpl      [0;39m [35m:60  [0;39m Time: 2025-04-18T10:49:39.182959300
[2025-04-18 10:54:39] [34mINFO[0;39m [36mg.service.ubs.OrderLockServiceImpl      [0;39m [35m:62  [0;39m Unlock orders
[2025-04-18 10:58:43] [31mWARN[0;39m [36mcom.zaxxer.hikari.pool.HikariPool       [0;39m [35m:804 [0;39m HikariPool-1 - Thread starvation or clock leap detected (housekeeper delta=3m46s221ms305µs900ns).
[2025-04-18 10:58:55] [34mINFO[0;39m [36mg.service.ubs.OrderLockServiceImpl      [0;39m [35m:60  [0;39m Time: 2025-04-18T10:53:55.386721
[2025-04-18 10:58:55] [34mINFO[0;39m [36mg.service.ubs.OrderLockServiceImpl      [0;39m [35m:62  [0;39m Unlock orders
[2025-04-18 10:58:55] [34mINFO[0;39m [36mg.service.ubs.OrderLockServiceImpl      [0;39m [35m:60  [0;39m Time: 2025-04-18T10:53:55.389726100
[2025-04-18 10:58:55] [34mINFO[0;39m [36mg.service.ubs.OrderLockServiceImpl      [0;39m [35m:62  [0;39m Unlock orders
[2025-04-18 10:58:55] [34mINFO[0;39m [36mg.service.ubs.OrderLockServiceImpl      [0;39m [35m:60  [0;39m Time: 2025-04-18T10:53:55.391726
[2025-04-18 10:58:55] [34mINFO[0;39m [36mg.service.ubs.OrderLockServiceImpl      [0;39m [35m:62  [0;39m Unlock orders
[2025-04-18 10:58:55] [34mINFO[0;39m [36mg.service.ubs.OrderLockServiceImpl      [0;39m [35m:60  [0;39m Time: 2025-04-18T10:53:55.392726
[2025-04-18 10:58:55] [34mINFO[0;39m [36mg.service.ubs.OrderLockServiceImpl      [0;39m [35m:62  [0;39m Unlock orders
[2025-04-18 10:59:39] [34mINFO[0;39m [36mg.service.ubs.OrderLockServiceImpl      [0;39m [35m:60  [0;39m Time: 2025-04-18T10:54:39.174541700
[2025-04-18 10:59:39] [34mINFO[0;39m [36mg.service.ubs.OrderLockServiceImpl      [0;39m [35m:62  [0;39m Unlock orders
[2025-04-18 11:00:39] [34mINFO[0;39m [36mg.service.ubs.OrderLockServiceImpl      [0;39m [35m:60  [0;39m Time: 2025-04-18T10:55:39.181961700
[2025-04-18 11:00:39] [34mINFO[0;39m [36mg.service.ubs.OrderLockServiceImpl      [0;39m [35m:62  [0;39m Unlock orders
[2025-04-18 11:01:39] [34mINFO[0;39m [36mg.service.ubs.OrderLockServiceImpl      [0;39m [35m:60  [0;39m Time: 2025-04-18T10:56:39.170256900
[2025-04-18 11:01:39] [34mINFO[0;39m [36mg.service.ubs.OrderLockServiceImpl      [0;39m [35m:62  [0;39m Unlock orders
[2025-04-18 11:02:39] [34mINFO[0;39m [36mg.service.ubs.OrderLockServiceImpl      [0;39m [35m:60  [0;39m Time: 2025-04-18T10:57:39.177258300
[2025-04-18 11:02:39] [34mINFO[0;39m [36mg.service.ubs.OrderLockServiceImpl      [0;39m [35m:62  [0;39m Unlock orders
[2025-04-18 11:03:39] [34mINFO[0;39m [36mg.service.ubs.OrderLockServiceImpl      [0;39m [35m:60  [0;39m Time: 2025-04-18T10:58:39.173404600
[2025-04-18 11:03:39] [34mINFO[0;39m [36mg.service.ubs.OrderLockServiceImpl      [0;39m [35m:62  [0;39m Unlock orders
[2025-04-18 11:04:39] [34mINFO[0;39m [36mg.service.ubs.OrderLockServiceImpl      [0;39m [35m:60  [0;39m Time: 2025-04-18T10:59:39.169734600
[2025-04-18 11:04:39] [34mINFO[0;39m [36mg.service.ubs.OrderLockServiceImpl      [0;39m [35m:62  [0;39m Unlock orders
[2025-04-18 11:05:39] [34mINFO[0;39m [36mg.service.ubs.OrderLockServiceImpl      [0;39m [35m:60  [0;39m Time: 2025-04-18T11:00:39.178945900
[2025-04-18 11:05:39] [34mINFO[0;39m [36mg.service.ubs.OrderLockServiceImpl      [0;39m [35m:62  [0;39m Unlock orders
[2025-04-18 11:06:39] [34mINFO[0;39m [36mg.service.ubs.OrderLockServiceImpl      [0;39m [35m:60  [0;39m Time: 2025-04-18T11:01:39.177123
[2025-04-18 11:06:39] [34mINFO[0;39m [36mg.service.ubs.OrderLockServiceImpl      [0;39m [35m:62  [0;39m Unlock orders
[2025-04-18 11:07:39] [34mINFO[0;39m [36mg.service.ubs.OrderLockServiceImpl      [0;39m [35m:60  [0;39m Time: 2025-04-18T11:02:39.182143800
[2025-04-18 11:07:39] [34mINFO[0;39m [36mg.service.ubs.OrderLockServiceImpl      [0;39m [35m:62  [0;39m Unlock orders
[2025-04-18 11:08:39] [34mINFO[0;39m [36mg.service.ubs.OrderLockServiceImpl      [0;39m [35m:60  [0;39m Time: 2025-04-18T11:03:39.173065100
[2025-04-18 11:08:39] [34mINFO[0;39m [36mg.service.ubs.OrderLockServiceImpl      [0;39m [35m:62  [0;39m Unlock orders
[2025-04-18 11:09:39] [34mINFO[0;39m [36mg.service.ubs.OrderLockServiceImpl      [0;39m [35m:60  [0;39m Time: 2025-04-18T11:04:39.170210500
[2025-04-18 11:09:39] [34mINFO[0;39m [36mg.service.ubs.OrderLockServiceImpl      [0;39m [35m:62  [0;39m Unlock orders
[2025-04-18 11:10:39] [34mINFO[0;39m [36mg.service.ubs.OrderLockServiceImpl      [0;39m [35m:60  [0;39m Time: 2025-04-18T11:05:39.181866400
[2025-04-18 11:10:39] [34mINFO[0;39m [36mg.service.ubs.OrderLockServiceImpl      [0;39m [35m:62  [0;39m Unlock orders
[2025-04-18 11:11:39] [34mINFO[0;39m [36mg.service.ubs.OrderLockServiceImpl      [0;39m [35m:60  [0;39m Time: 2025-04-18T11:06:39.169800200
[2025-04-18 11:11:39] [34mINFO[0;39m [36mg.service.ubs.OrderLockServiceImpl      [0;39m [35m:62  [0;39m Unlock orders
[2025-04-18 11:12:39] [34mINFO[0;39m [36mg.service.ubs.OrderLockServiceImpl      [0;39m [35m:60  [0;39m Time: 2025-04-18T11:07:39.169119400
[2025-04-18 11:12:39] [34mINFO[0;39m [36mg.service.ubs.OrderLockServiceImpl      [0;39m [35m:62  [0;39m Unlock orders
[2025-04-18 11:13:39] [34mINFO[0;39m [36mg.service.ubs.OrderLockServiceImpl      [0;39m [35m:60  [0;39m Time: 2025-04-18T11:08:39.180357600
[2025-04-18 11:13:39] [34mINFO[0;39m [36mg.service.ubs.OrderLockServiceImpl      [0;39m [35m:62  [0;39m Unlock orders
[2025-04-18 11:14:39] [34mINFO[0;39m [36mg.service.ubs.OrderLockServiceImpl      [0;39m [35m:60  [0;39m Time: 2025-04-18T11:09:39.173422800
[2025-04-18 11:14:39] [34mINFO[0;39m [36mg.service.ubs.OrderLockServiceImpl      [0;39m [35m:62  [0;39m Unlock orders
[2025-04-18 11:15:39] [34mINFO[0;39m [36mg.service.ubs.OrderLockServiceImpl      [0;39m [35m:60  [0;39m Time: 2025-04-18T11:10:39.175919600
[2025-04-18 11:15:39] [34mINFO[0;39m [36mg.service.ubs.OrderLockServiceImpl      [0;39m [35m:62  [0;39m Unlock orders
[2025-04-18 11:16:39] [34mINFO[0;39m [36mg.service.ubs.OrderLockServiceImpl      [0;39m [35m:60  [0;39m Time: 2025-04-18T11:11:39.177713100
[2025-04-18 11:16:39] [34mINFO[0;39m [36mg.service.ubs.OrderLockServiceImpl      [0;39m [35m:62  [0;39m Unlock orders
[2025-04-18 11:17:39] [34mINFO[0;39m [36mg.service.ubs.OrderLockServiceImpl      [0;39m [35m:60  [0;39m Time: 2025-04-18T11:12:39.170708500
[2025-04-18 11:17:39] [34mINFO[0;39m [36mg.service.ubs.OrderLockServiceImpl      [0;39m [35m:62  [0;39m Unlock orders
[2025-04-18 11:18:39] [34mINFO[0;39m [36mg.service.ubs.OrderLockServiceImpl      [0;39m [35m:60  [0;39m Time: 2025-04-18T11:13:39.176427
[2025-04-18 11:18:39] [34mINFO[0;39m [36mg.service.ubs.OrderLockServiceImpl      [0;39m [35m:62  [0;39m Unlock orders
[2025-04-18 11:19:39] [34mINFO[0;39m [36mg.service.ubs.OrderLockServiceImpl      [0;39m [35m:60  [0;39m Time: 2025-04-18T11:14:39.183277200
[2025-04-18 11:19:39] [34mINFO[0;39m [36mg.service.ubs.OrderLockServiceImpl      [0;39m [35m:62  [0;39m Unlock orders
[2025-04-18 11:20:39] [34mINFO[0;39m [36mg.service.ubs.OrderLockServiceImpl      [0;39m [35m:60  [0;39m Time: 2025-04-18T11:15:39.173154300
[2025-04-18 11:20:39] [34mINFO[0;39m [36mg.service.ubs.OrderLockServiceImpl      [0;39m [35m:62  [0;39m Unlock orders
[2025-04-18 11:21:39] [34mINFO[0;39m [36mg.service.ubs.OrderLockServiceImpl      [0;39m [35m:60  [0;39m Time: 2025-04-18T11:16:39.183816400
[2025-04-18 11:21:39] [34mINFO[0;39m [36mg.service.ubs.OrderLockServiceImpl      [0;39m [35m:62  [0;39m Unlock orders
[2025-04-18 11:22:39] [34mINFO[0;39m [36mg.service.ubs.OrderLockServiceImpl      [0;39m [35m:60  [0;39m Time: 2025-04-18T11:17:39.172098900
[2025-04-18 11:22:39] [34mINFO[0;39m [36mg.service.ubs.OrderLockServiceImpl      [0;39m [35m:62  [0;39m Unlock orders
[2025-04-18 11:23:39] [34mINFO[0;39m [36mg.service.ubs.OrderLockServiceImpl      [0;39m [35m:60  [0;39m Time: 2025-04-18T11:18:39.173410
[2025-04-18 11:23:39] [34mINFO[0;39m [36mg.service.ubs.OrderLockServiceImpl      [0;39m [35m:62  [0;39m Unlock orders
[2025-04-18 11:24:39] [34mINFO[0;39m [36mg.service.ubs.OrderLockServiceImpl      [0;39m [35m:60  [0;39m Time: 2025-04-18T11:19:39.185072500
[2025-04-18 11:24:39] [34mINFO[0;39m [36mg.service.ubs.OrderLockServiceImpl      [0;39m [35m:62  [0;39m Unlock orders
[2025-04-18 11:25:39] [34mINFO[0;39m [36mg.service.ubs.OrderLockServiceImpl      [0;39m [35m:60  [0;39m Time: 2025-04-18T11:20:39.175341700
[2025-04-18 11:25:39] [34mINFO[0;39m [36mg.service.ubs.OrderLockServiceImpl      [0;39m [35m:62  [0;39m Unlock orders
[2025-04-18 11:26:39] [34mINFO[0;39m [36mg.service.ubs.OrderLockServiceImpl      [0;39m [35m:60  [0;39m Time: 2025-04-18T11:21:39.175781600
[2025-04-18 11:26:39] [34mINFO[0;39m [36mg.service.ubs.OrderLockServiceImpl      [0;39m [35m:62  [0;39m Unlock orders
[2025-04-18 11:27:39] [34mINFO[0;39m [36mg.service.ubs.OrderLockServiceImpl      [0;39m [35m:60  [0;39m Time: 2025-04-18T11:22:39.176991
[2025-04-18 11:27:39] [34mINFO[0;39m [36mg.service.ubs.OrderLockServiceImpl      [0;39m [35m:62  [0;39m Unlock orders
[2025-04-18 11:28:39] [34mINFO[0;39m [36mg.service.ubs.OrderLockServiceImpl      [0;39m [35m:60  [0;39m Time: 2025-04-18T11:23:39.171528200
[2025-04-18 11:28:39] [34mINFO[0;39m [36mg.service.ubs.OrderLockServiceImpl      [0;39m [35m:62  [0;39m Unlock orders
[2025-04-18 11:29:39] [34mINFO[0;39m [36mg.service.ubs.OrderLockServiceImpl      [0;39m [35m:60  [0;39m Time: 2025-04-18T11:24:39.176151800
[2025-04-18 11:29:39] [34mINFO[0;39m [36mg.service.ubs.OrderLockServiceImpl      [0;39m [35m:62  [0;39m Unlock orders
[2025-04-18 11:30:39] [34mINFO[0;39m [36mg.service.ubs.OrderLockServiceImpl      [0;39m [35m:60  [0;39m Time: 2025-04-18T11:25:39.171535900
[2025-04-18 11:30:39] [34mINFO[0;39m [36mg.service.ubs.OrderLockServiceImpl      [0;39m [35m:62  [0;39m Unlock orders
[2025-04-18 11:31:39] [34mINFO[0;39m [36mg.service.ubs.OrderLockServiceImpl      [0;39m [35m:60  [0;39m Time: 2025-04-18T11:26:39.172532600
[2025-04-18 11:31:39] [34mINFO[0;39m [36mg.service.ubs.OrderLockServiceImpl      [0;39m [35m:62  [0;39m Unlock orders
[2025-04-18 11:32:39] [34mINFO[0;39m [36mg.service.ubs.OrderLockServiceImpl      [0;39m [35m:60  [0;39m Time: 2025-04-18T11:27:39.178010100
[2025-04-18 11:32:39] [34mINFO[0;39m [36mg.service.ubs.OrderLockServiceImpl      [0;39m [35m:62  [0;39m Unlock orders
[2025-04-18 11:33:39] [34mINFO[0;39m [36mg.service.ubs.OrderLockServiceImpl      [0;39m [35m:60  [0;39m Time: 2025-04-18T11:28:39.182890100
[2025-04-18 11:33:39] [34mINFO[0;39m [36mg.service.ubs.OrderLockServiceImpl      [0;39m [35m:62  [0;39m Unlock orders
[2025-04-18 11:34:39] [34mINFO[0;39m [36mg.service.ubs.OrderLockServiceImpl      [0;39m [35m:60  [0;39m Time: 2025-04-18T11:29:39.173782400
[2025-04-18 11:34:39] [34mINFO[0;39m [36mg.service.ubs.OrderLockServiceImpl      [0;39m [35m:62  [0;39m Unlock orders
[2025-04-18 11:35:39] [34mINFO[0;39m [36mg.service.ubs.OrderLockServiceImpl      [0;39m [35m:60  [0;39m Time: 2025-04-18T11:30:39.176140700
[2025-04-18 11:35:39] [34mINFO[0;39m [36mg.service.ubs.OrderLockServiceImpl      [0;39m [35m:62  [0;39m Unlock orders
[2025-04-18 11:36:39] [34mINFO[0;39m [36mg.service.ubs.OrderLockServiceImpl      [0;39m [35m:60  [0;39m Time: 2025-04-18T11:31:39.178291500
[2025-04-18 11:36:39] [34mINFO[0;39m [36mg.service.ubs.OrderLockServiceImpl      [0;39m [35m:62  [0;39m Unlock orders
[2025-04-18 11:37:39] [34mINFO[0;39m [36mg.service.ubs.OrderLockServiceImpl      [0;39m [35m:60  [0;39m Time: 2025-04-18T11:32:39.176368900
[2025-04-18 11:37:39] [34mINFO[0;39m [36mg.service.ubs.OrderLockServiceImpl      [0;39m [35m:62  [0;39m Unlock orders
[2025-04-18 11:38:39] [34mINFO[0;39m [36mg.service.ubs.OrderLockServiceImpl      [0;39m [35m:60  [0;39m Time: 2025-04-18T11:33:39.174949400
[2025-04-18 11:38:39] [34mINFO[0;39m [36mg.service.ubs.OrderLockServiceImpl      [0;39m [35m:62  [0;39m Unlock orders
[2025-04-18 11:39:39] [34mINFO[0;39m [36mg.service.ubs.OrderLockServiceImpl      [0;39m [35m:60  [0;39m Time: 2025-04-18T11:34:39.176305200
[2025-04-18 11:39:39] [34mINFO[0;39m [36mg.service.ubs.OrderLockServiceImpl      [0;39m [35m:62  [0;39m Unlock orders
[2025-04-18 11:40:39] [34mINFO[0;39m [36mg.service.ubs.OrderLockServiceImpl      [0;39m [35m:60  [0;39m Time: 2025-04-18T11:35:39.173050
[2025-04-18 11:40:39] [34mINFO[0;39m [36mg.service.ubs.OrderLockServiceImpl      [0;39m [35m:62  [0;39m Unlock orders
[2025-04-18 11:41:39] [34mINFO[0;39m [36mg.service.ubs.OrderLockServiceImpl      [0;39m [35m:60  [0;39m Time: 2025-04-18T11:36:39.174914300
[2025-04-18 11:41:39] [34mINFO[0;39m [36mg.service.ubs.OrderLockServiceImpl      [0;39m [35m:62  [0;39m Unlock orders
[2025-04-18 11:42:39] [34mINFO[0;39m [36mg.service.ubs.OrderLockServiceImpl      [0;39m [35m:60  [0;39m Time: 2025-04-18T11:37:39.187570600
[2025-04-18 11:42:39] [34mINFO[0;39m [36mg.service.ubs.OrderLockServiceImpl      [0;39m [35m:62  [0;39m Unlock orders
[2025-04-18 11:43:39] [34mINFO[0;39m [36mg.service.ubs.OrderLockServiceImpl      [0;39m [35m:60  [0;39m Time: 2025-04-18T11:38:39.193408100
[2025-04-18 11:43:39] [34mINFO[0;39m [36mg.service.ubs.OrderLockServiceImpl      [0;39m [35m:62  [0;39m Unlock orders
[2025-04-18 11:44:39] [34mINFO[0;39m [36mg.service.ubs.OrderLockServiceImpl      [0;39m [35m:60  [0;39m Time: 2025-04-18T11:39:39.176815100
[2025-04-18 11:44:39] [34mINFO[0;39m [36mg.service.ubs.OrderLockServiceImpl      [0;39m [35m:62  [0;39m Unlock orders
[2025-04-18 11:45:39] [34mINFO[0;39m [36mg.service.ubs.OrderLockServiceImpl      [0;39m [35m:60  [0;39m Time: 2025-04-18T11:40:39.175402500
[2025-04-18 11:45:39] [34mINFO[0;39m [36mg.service.ubs.OrderLockServiceImpl      [0;39m [35m:62  [0;39m Unlock orders
[2025-04-18 11:46:39] [34mINFO[0;39m [36mg.service.ubs.OrderLockServiceImpl      [0;39m [35m:60  [0;39m Time: 2025-04-18T11:41:39.181488700
[2025-04-18 11:46:39] [34mINFO[0;39m [36mg.service.ubs.OrderLockServiceImpl      [0;39m [35m:62  [0;39m Unlock orders
[2025-04-18 11:47:39] [34mINFO[0;39m [36mg.service.ubs.OrderLockServiceImpl      [0;39m [35m:60  [0;39m Time: 2025-04-18T11:42:39.183727400
[2025-04-18 11:47:39] [34mINFO[0;39m [36mg.service.ubs.OrderLockServiceImpl      [0;39m [35m:62  [0;39m Unlock orders
[2025-04-18 11:48:39] [34mINFO[0;39m [36mg.service.ubs.OrderLockServiceImpl      [0;39m [35m:60  [0;39m Time: 2025-04-18T11:43:39.177276100
[2025-04-18 11:48:39] [34mINFO[0;39m [36mg.service.ubs.OrderLockServiceImpl      [0;39m [35m:62  [0;39m Unlock orders
[2025-04-18 11:49:39] [34mINFO[0;39m [36mg.service.ubs.OrderLockServiceImpl      [0;39m [35m:60  [0;39m Time: 2025-04-18T11:44:39.182734800
[2025-04-18 11:49:39] [34mINFO[0;39m [36mg.service.ubs.OrderLockServiceImpl      [0;39m [35m:62  [0;39m Unlock orders
[2025-04-18 11:50:39] [34mINFO[0;39m [36mg.service.ubs.OrderLockServiceImpl      [0;39m [35m:60  [0;39m Time: 2025-04-18T11:45:39.176378300
[2025-04-18 11:50:39] [34mINFO[0;39m [36mg.service.ubs.OrderLockServiceImpl      [0;39m [35m:62  [0;39m Unlock orders
[2025-04-18 11:51:39] [34mINFO[0;39m [36mg.service.ubs.OrderLockServiceImpl      [0;39m [35m:60  [0;39m Time: 2025-04-18T11:46:39.177867600
[2025-04-18 11:51:39] [34mINFO[0;39m [36mg.service.ubs.OrderLockServiceImpl      [0;39m [35m:62  [0;39m Unlock orders
[2025-04-18 11:52:39] [34mINFO[0;39m [36mg.service.ubs.OrderLockServiceImpl      [0;39m [35m:60  [0;39m Time: 2025-04-18T11:47:39.180779200
[2025-04-18 11:52:39] [34mINFO[0;39m [36mg.service.ubs.OrderLockServiceImpl      [0;39m [35m:62  [0;39m Unlock orders
[2025-04-18 11:53:39] [34mINFO[0;39m [36mg.service.ubs.OrderLockServiceImpl      [0;39m [35m:60  [0;39m Time: 2025-04-18T11:48:39.176825800
[2025-04-18 11:53:39] [34mINFO[0;39m [36mg.service.ubs.OrderLockServiceImpl      [0;39m [35m:62  [0;39m Unlock orders
[2025-04-18 11:54:39] [34mINFO[0;39m [36mg.service.ubs.OrderLockServiceImpl      [0;39m [35m:60  [0;39m Time: 2025-04-18T11:49:39.183738700
[2025-04-18 11:54:39] [34mINFO[0;39m [36mg.service.ubs.OrderLockServiceImpl      [0;39m [35m:62  [0;39m Unlock orders
[2025-04-18 11:55:39] [34mINFO[0;39m [36mg.service.ubs.OrderLockServiceImpl      [0;39m [35m:60  [0;39m Time: 2025-04-18T11:50:39.182829100
[2025-04-18 11:55:39] [34mINFO[0;39m [36mg.service.ubs.OrderLockServiceImpl      [0;39m [35m:62  [0;39m Unlock orders
[2025-04-18 11:56:39] [34mINFO[0;39m [36mg.service.ubs.OrderLockServiceImpl      [0;39m [35m:60  [0;39m Time: 2025-04-18T11:51:39.175367800
[2025-04-18 11:56:39] [34mINFO[0;39m [36mg.service.ubs.OrderLockServiceImpl      [0;39m [35m:62  [0;39m Unlock orders
[2025-04-18 11:57:39] [34mINFO[0;39m [36mg.service.ubs.OrderLockServiceImpl      [0;39m [35m:60  [0;39m Time: 2025-04-18T11:52:39.174970800
[2025-04-18 11:57:39] [34mINFO[0;39m [36mg.service.ubs.OrderLockServiceImpl      [0;39m [35m:62  [0;39m Unlock orders
[2025-04-18 11:58:39] [34mINFO[0;39m [36mg.service.ubs.OrderLockServiceImpl      [0;39m [35m:60  [0;39m Time: 2025-04-18T11:53:39.177003200
[2025-04-18 11:58:39] [34mINFO[0;39m [36mg.service.ubs.OrderLockServiceImpl      [0;39m [35m:62  [0;39m Unlock orders
[2025-04-18 11:59:39] [34mINFO[0;39m [36mg.service.ubs.OrderLockServiceImpl      [0;39m [35m:60  [0;39m Time: 2025-04-18T11:54:39.180153600
[2025-04-18 11:59:39] [34mINFO[0;39m [36mg.service.ubs.OrderLockServiceImpl      [0;39m [35m:62  [0;39m Unlock orders
[2025-04-18 12:00:39] [34mINFO[0;39m [36mg.service.ubs.OrderLockServiceImpl      [0;39m [35m:60  [0;39m Time: 2025-04-18T11:55:39.172907800
[2025-04-18 12:00:39] [34mINFO[0;39m [36mg.service.ubs.OrderLockServiceImpl      [0;39m [35m:62  [0;39m Unlock orders
[2025-04-18 12:01:39] [34mINFO[0;39m [36mg.service.ubs.OrderLockServiceImpl      [0;39m [35m:60  [0;39m Time: 2025-04-18T11:56:39.177730
[2025-04-18 12:01:39] [34mINFO[0;39m [36mg.service.ubs.OrderLockServiceImpl      [0;39m [35m:62  [0;39m Unlock orders
[2025-04-18 12:02:39] [34mINFO[0;39m [36mg.service.ubs.OrderLockServiceImpl      [0;39m [35m:60  [0;39m Time: 2025-04-18T11:57:39.170676900
[2025-04-18 12:02:39] [34mINFO[0;39m [36mg.service.ubs.OrderLockServiceImpl      [0;39m [35m:62  [0;39m Unlock orders
[2025-04-18 12:03:39] [34mINFO[0;39m [36mg.service.ubs.OrderLockServiceImpl      [0;39m [35m:60  [0;39m Time: 2025-04-18T11:58:39.176298500
[2025-04-18 12:03:39] [34mINFO[0;39m [36mg.service.ubs.OrderLockServiceImpl      [0;39m [35m:62  [0;39m Unlock orders
[2025-04-18 12:04:39] [34mINFO[0;39m [36mg.service.ubs.OrderLockServiceImpl      [0;39m [35m:60  [0;39m Time: 2025-04-18T11:59:39.182389500
[2025-04-18 12:04:39] [34mINFO[0;39m [36mg.service.ubs.OrderLockServiceImpl      [0;39m [35m:62  [0;39m Unlock orders
[2025-04-18 12:05:39] [34mINFO[0;39m [36mg.service.ubs.OrderLockServiceImpl      [0;39m [35m:60  [0;39m Time: 2025-04-18T12:00:39.179741500
[2025-04-18 12:05:39] [34mINFO[0;39m [36mg.service.ubs.OrderLockServiceImpl      [0;39m [35m:62  [0;39m Unlock orders
[2025-04-18 12:06:39] [34mINFO[0;39m [36mg.service.ubs.OrderLockServiceImpl      [0;39m [35m:60  [0;39m Time: 2025-04-18T12:01:39.170043100
[2025-04-18 12:06:39] [34mINFO[0;39m [36mg.service.ubs.OrderLockServiceImpl      [0;39m [35m:62  [0;39m Unlock orders
[2025-04-18 12:07:39] [34mINFO[0;39m [36mg.service.ubs.OrderLockServiceImpl      [0;39m [35m:60  [0;39m Time: 2025-04-18T12:02:39.171106200
[2025-04-18 12:07:39] [34mINFO[0;39m [36mg.service.ubs.OrderLockServiceImpl      [0;39m [35m:62  [0;39m Unlock orders
[2025-04-18 12:08:39] [34mINFO[0;39m [36mg.service.ubs.OrderLockServiceImpl      [0;39m [35m:60  [0;39m Time: 2025-04-18T12:03:39.176875500
[2025-04-18 12:08:39] [34mINFO[0;39m [36mg.service.ubs.OrderLockServiceImpl      [0;39m [35m:62  [0;39m Unlock orders
[2025-04-18 12:09:39] [34mINFO[0;39m [36mg.service.ubs.OrderLockServiceImpl      [0;39m [35m:60  [0;39m Time: 2025-04-18T12:04:39.176711
[2025-04-18 12:09:39] [34mINFO[0;39m [36mg.service.ubs.OrderLockServiceImpl      [0;39m [35m:62  [0;39m Unlock orders
[2025-04-18 12:10:39] [34mINFO[0;39m [36mg.service.ubs.OrderLockServiceImpl      [0;39m [35m:60  [0;39m Time: 2025-04-18T12:05:39.180728600
[2025-04-18 12:10:39] [34mINFO[0;39m [36mg.service.ubs.OrderLockServiceImpl      [0;39m [35m:62  [0;39m Unlock orders
[2025-04-18 12:11:39] [34mINFO[0;39m [36mg.service.ubs.OrderLockServiceImpl      [0;39m [35m:60  [0;39m Time: 2025-04-18T12:06:39.177059800
[2025-04-18 12:11:39] [34mINFO[0;39m [36mg.service.ubs.OrderLockServiceImpl      [0;39m [35m:62  [0;39m Unlock orders
[2025-04-18 12:12:39] [34mINFO[0;39m [36mg.service.ubs.OrderLockServiceImpl      [0;39m [35m:60  [0;39m Time: 2025-04-18T12:07:39.182483
[2025-04-18 12:12:39] [34mINFO[0;39m [36mg.service.ubs.OrderLockServiceImpl      [0;39m [35m:62  [0;39m Unlock orders
[2025-04-18 12:13:39] [34mINFO[0;39m [36mg.service.ubs.OrderLockServiceImpl      [0;39m [35m:60  [0;39m Time: 2025-04-18T12:08:39.174663200
[2025-04-18 12:13:39] [34mINFO[0;39m [36mg.service.ubs.OrderLockServiceImpl      [0;39m [35m:62  [0;39m Unlock orders
[2025-04-18 12:14:39] [34mINFO[0;39m [36mg.service.ubs.OrderLockServiceImpl      [0;39m [35m:60  [0;39m Time: 2025-04-18T12:09:39.179124300
[2025-04-18 12:14:39] [34mINFO[0;39m [36mg.service.ubs.OrderLockServiceImpl      [0;39m [35m:62  [0;39m Unlock orders
[2025-04-18 12:15:39] [34mINFO[0;39m [36mg.service.ubs.OrderLockServiceImpl      [0;39m [35m:60  [0;39m Time: 2025-04-18T12:10:39.172410800
[2025-04-18 12:15:39] [34mINFO[0;39m [36mg.service.ubs.OrderLockServiceImpl      [0;39m [35m:62  [0;39m Unlock orders
[2025-04-18 12:16:39] [34mINFO[0;39m [36mg.service.ubs.OrderLockServiceImpl      [0;39m [35m:60  [0;39m Time: 2025-04-18T12:11:39.177464400
[2025-04-18 12:16:39] [34mINFO[0;39m [36mg.service.ubs.OrderLockServiceImpl      [0;39m [35m:62  [0;39m Unlock orders
[2025-04-18 12:17:39] [34mINFO[0;39m [36mg.service.ubs.OrderLockServiceImpl      [0;39m [35m:60  [0;39m Time: 2025-04-18T12:12:39.183854
[2025-04-18 12:17:39] [34mINFO[0;39m [36mg.service.ubs.OrderLockServiceImpl      [0;39m [35m:62  [0;39m Unlock orders
[2025-04-18 12:18:39] [34mINFO[0;39m [36mg.service.ubs.OrderLockServiceImpl      [0;39m [35m:60  [0;39m Time: 2025-04-18T12:13:39.182173400
[2025-04-18 12:18:39] [34mINFO[0;39m [36mg.service.ubs.OrderLockServiceImpl      [0;39m [35m:62  [0;39m Unlock orders
[2025-04-18 12:19:39] [34mINFO[0;39m [36mg.service.ubs.OrderLockServiceImpl      [0;39m [35m:60  [0;39m Time: 2025-04-18T12:14:39.178446800
[2025-04-18 12:19:39] [34mINFO[0;39m [36mg.service.ubs.OrderLockServiceImpl      [0;39m [35m:62  [0;39m Unlock orders
[2025-04-18 12:20:39] [34mINFO[0;39m [36mg.service.ubs.OrderLockServiceImpl      [0;39m [35m:60  [0;39m Time: 2025-04-18T12:15:39.172256
[2025-04-18 12:20:39] [34mINFO[0;39m [36mg.service.ubs.OrderLockServiceImpl      [0;39m [35m:62  [0;39m Unlock orders
[2025-04-18 12:21:39] [34mINFO[0;39m [36mg.service.ubs.OrderLockServiceImpl      [0;39m [35m:60  [0;39m Time: 2025-04-18T12:16:39.174245700
[2025-04-18 12:21:39] [34mINFO[0;39m [36mg.service.ubs.OrderLockServiceImpl      [0;39m [35m:62  [0;39m Unlock orders
[2025-04-18 12:22:39] [34mINFO[0;39m [36mg.service.ubs.OrderLockServiceImpl      [0;39m [35m:60  [0;39m Time: 2025-04-18T12:17:39.178519800
[2025-04-18 12:22:39] [34mINFO[0;39m [36mg.service.ubs.OrderLockServiceImpl      [0;39m [35m:62  [0;39m Unlock orders
[2025-04-18 12:23:39] [34mINFO[0;39m [36mg.service.ubs.OrderLockServiceImpl      [0;39m [35m:60  [0;39m Time: 2025-04-18T12:18:39.172928700
[2025-04-18 12:23:39] [34mINFO[0;39m [36mg.service.ubs.OrderLockServiceImpl      [0;39m [35m:62  [0;39m Unlock orders
[2025-04-18 12:24:39] [34mINFO[0;39m [36mg.service.ubs.OrderLockServiceImpl      [0;39m [35m:60  [0;39m Time: 2025-04-18T12:19:39.185589300
[2025-04-18 12:24:39] [34mINFO[0;39m [36mg.service.ubs.OrderLockServiceImpl      [0;39m [35m:62  [0;39m Unlock orders
[2025-04-18 12:25:20] [34mINFO[0;39m [36mg.s.f.AccessTokenAuthenticationFilter   [0;39m [35m:54  [0;39m token: eyJhbGciOiJIUzI1NiJ9.eyJzdWIiOiJzZXJ2aWNlQGdyZWVuY2l0eS51YSIsInJvbGUiOlsiUk9MRV9BRE1JTiJdLCJpYXQiOjE3NDQ5NjgzMjAsImV4cCI6MTc0NDk3NTUyMH0.im9cQgftSX69TMZ1I9FJT4_JjRPXLyiMAx5ex0bNHYg
[2025-04-18 12:25:20] [34mINFO[0;39m [36mg.s.f.AccessTokenAuthenticationFilter   [0;39m [35m:62  [0;39m user: Optional[UserVO(id=1, email=service@greencity.ua, languageVO=greencity.dto.language.LanguageVO@1c60)]
[2025-04-18 12:25:39] [34mINFO[0;39m [36mg.service.ubs.OrderLockServiceImpl      [0;39m [35m:60  [0;39m Time: 2025-04-18T12:20:39.180548400
[2025-04-18 12:25:39] [34mINFO[0;39m [36mg.service.ubs.OrderLockServiceImpl      [0;39m [35m:62  [0;39m Unlock orders
[2025-04-18 12:26:39] [34mINFO[0;39m [36mg.service.ubs.OrderLockServiceImpl      [0;39m [35m:60  [0;39m Time: 2025-04-18T12:21:39.183563300
[2025-04-18 12:26:39] [34mINFO[0;39m [36mg.service.ubs.OrderLockServiceImpl      [0;39m [35m:62  [0;39m Unlock orders
[2025-04-18 12:27:39] [34mINFO[0;39m [36mg.service.ubs.OrderLockServiceImpl      [0;39m [35m:60  [0;39m Time: 2025-04-18T12:22:39.179048500
[2025-04-18 12:27:39] [34mINFO[0;39m [36mg.service.ubs.OrderLockServiceImpl      [0;39m [35m:62  [0;39m Unlock orders
[2025-04-18 12:28:39] [34mINFO[0;39m [36mg.service.ubs.OrderLockServiceImpl      [0;39m [35m:60  [0;39m Time: 2025-04-18T12:23:39.171814500
[2025-04-18 12:28:39] [34mINFO[0;39m [36mg.service.ubs.OrderLockServiceImpl      [0;39m [35m:62  [0;39m Unlock orders
[2025-04-18 12:29:39] [34mINFO[0;39m [36mg.service.ubs.OrderLockServiceImpl      [0;39m [35m:60  [0;39m Time: 2025-04-18T12:24:39.174850
[2025-04-18 12:29:39] [34mINFO[0;39m [36mg.service.ubs.OrderLockServiceImpl      [0;39m [35m:62  [0;39m Unlock orders
[2025-04-18 12:30:39] [34mINFO[0;39m [36mg.service.ubs.OrderLockServiceImpl      [0;39m [35m:60  [0;39m Time: 2025-04-18T12:25:39.175118100
[2025-04-18 12:30:39] [34mINFO[0;39m [36mg.service.ubs.OrderLockServiceImpl      [0;39m [35m:62  [0;39m Unlock orders
[2025-04-18 12:31:39] [34mINFO[0;39m [36mg.service.ubs.OrderLockServiceImpl      [0;39m [35m:60  [0;39m Time: 2025-04-18T12:26:39.174887100
[2025-04-18 12:31:39] [34mINFO[0;39m [36mg.service.ubs.OrderLockServiceImpl      [0;39m [35m:62  [0;39m Unlock orders
[2025-04-18 12:32:39] [34mINFO[0;39m [36mg.service.ubs.OrderLockServiceImpl      [0;39m [35m:60  [0;39m Time: 2025-04-18T12:27:39.174388300
[2025-04-18 12:32:39] [34mINFO[0;39m [36mg.service.ubs.OrderLockServiceImpl      [0;39m [35m:62  [0;39m Unlock orders
[2025-04-18 12:33:39] [34mINFO[0;39m [36mg.service.ubs.OrderLockServiceImpl      [0;39m [35m:60  [0;39m Time: 2025-04-18T12:28:39.175219500
[2025-04-18 12:33:39] [34mINFO[0;39m [36mg.service.ubs.OrderLockServiceImpl      [0;39m [35m:62  [0;39m Unlock orders
[2025-04-18 12:34:39] [34mINFO[0;39m [36mg.service.ubs.OrderLockServiceImpl      [0;39m [35m:60  [0;39m Time: 2025-04-18T12:29:39.176871
[2025-04-18 12:34:39] [34mINFO[0;39m [36mg.service.ubs.OrderLockServiceImpl      [0;39m [35m:62  [0;39m Unlock orders
[2025-04-18 12:35:39] [34mINFO[0;39m [36mg.service.ubs.OrderLockServiceImpl      [0;39m [35m:60  [0;39m Time: 2025-04-18T12:30:39.169895300
[2025-04-18 12:35:39] [34mINFO[0;39m [36mg.service.ubs.OrderLockServiceImpl      [0;39m [35m:62  [0;39m Unlock orders
[2025-04-18 12:36:39] [34mINFO[0;39m [36mg.service.ubs.OrderLockServiceImpl      [0;39m [35m:60  [0;39m Time: 2025-04-18T12:31:39.183417
[2025-04-18 12:36:39] [34mINFO[0;39m [36mg.service.ubs.OrderLockServiceImpl      [0;39m [35m:62  [0;39m Unlock orders
[2025-04-18 12:37:39] [34mINFO[0;39m [36mg.service.ubs.OrderLockServiceImpl      [0;39m [35m:60  [0;39m Time: 2025-04-18T12:32:39.180929600
[2025-04-18 12:37:39] [34mINFO[0;39m [36mg.service.ubs.OrderLockServiceImpl      [0;39m [35m:62  [0;39m Unlock orders
[2025-04-18 12:38:39] [34mINFO[0;39m [36mg.service.ubs.OrderLockServiceImpl      [0;39m [35m:60  [0;39m Time: 2025-04-18T12:33:39.183947900
[2025-04-18 12:38:39] [34mINFO[0;39m [36mg.service.ubs.OrderLockServiceImpl      [0;39m [35m:62  [0;39m Unlock orders
[2025-04-18 12:39:39] [34mINFO[0;39m [36mg.service.ubs.OrderLockServiceImpl      [0;39m [35m:60  [0;39m Time: 2025-04-18T12:34:39.177731600
[2025-04-18 12:39:39] [34mINFO[0;39m [36mg.service.ubs.OrderLockServiceImpl      [0;39m [35m:62  [0;39m Unlock orders
[2025-04-18 12:40:39] [34mINFO[0;39m [36mg.service.ubs.OrderLockServiceImpl      [0;39m [35m:60  [0;39m Time: 2025-04-18T12:35:39.177363600
[2025-04-18 12:40:39] [34mINFO[0;39m [36mg.service.ubs.OrderLockServiceImpl      [0;39m [35m:62  [0;39m Unlock orders
[2025-04-18 12:41:39] [34mINFO[0;39m [36mg.service.ubs.OrderLockServiceImpl      [0;39m [35m:60  [0;39m Time: 2025-04-18T12:36:39.176564600
[2025-04-18 12:41:39] [34mINFO[0;39m [36mg.service.ubs.OrderLockServiceImpl      [0;39m [35m:62  [0;39m Unlock orders
[2025-04-18 12:42:39] [34mINFO[0;39m [36mg.service.ubs.OrderLockServiceImpl      [0;39m [35m:60  [0;39m Time: 2025-04-18T12:37:39.171864900
[2025-04-18 12:42:39] [34mINFO[0;39m [36mg.service.ubs.OrderLockServiceImpl      [0;39m [35m:62  [0;39m Unlock orders
[2025-04-18 12:43:39] [34mINFO[0;39m [36mg.service.ubs.OrderLockServiceImpl      [0;39m [35m:60  [0;39m Time: 2025-04-18T12:38:39.183727300
[2025-04-18 12:43:39] [34mINFO[0;39m [36mg.service.ubs.OrderLockServiceImpl      [0;39m [35m:62  [0;39m Unlock orders
[2025-04-18 12:44:39] [34mINFO[0;39m [36mg.service.ubs.OrderLockServiceImpl      [0;39m [35m:60  [0;39m Time: 2025-04-18T12:39:39.185261500
[2025-04-18 12:44:39] [34mINFO[0;39m [36mg.service.ubs.OrderLockServiceImpl      [0;39m [35m:62  [0;39m Unlock orders
[2025-04-18 12:45:39] [34mINFO[0;39m [36mg.service.ubs.OrderLockServiceImpl      [0;39m [35m:60  [0;39m Time: 2025-04-18T12:40:39.182321
[2025-04-18 12:45:39] [34mINFO[0;39m [36mg.service.ubs.OrderLockServiceImpl      [0;39m [35m:62  [0;39m Unlock orders
[2025-04-18 12:46:39] [34mINFO[0;39m [36mg.service.ubs.OrderLockServiceImpl      [0;39m [35m:60  [0;39m Time: 2025-04-18T12:41:39.182111100
[2025-04-18 12:46:39] [34mINFO[0;39m [36mg.service.ubs.OrderLockServiceImpl      [0;39m [35m:62  [0;39m Unlock orders
[2025-04-18 12:47:39] [34mINFO[0;39m [36mg.service.ubs.OrderLockServiceImpl      [0;39m [35m:60  [0;39m Time: 2025-04-18T12:42:39.183813500
[2025-04-18 12:47:39] [34mINFO[0;39m [36mg.service.ubs.OrderLockServiceImpl      [0;39m [35m:62  [0;39m Unlock orders
[2025-04-18 12:48:39] [34mINFO[0;39m [36mg.service.ubs.OrderLockServiceImpl      [0;39m [35m:60  [0;39m Time: 2025-04-18T12:43:39.184179500
[2025-04-18 12:48:39] [34mINFO[0;39m [36mg.service.ubs.OrderLockServiceImpl      [0;39m [35m:62  [0;39m Unlock orders
[2025-04-18 12:49:39] [34mINFO[0;39m [36mg.service.ubs.OrderLockServiceImpl      [0;39m [35m:60  [0;39m Time: 2025-04-18T12:44:39.182184800
[2025-04-18 12:49:39] [34mINFO[0;39m [36mg.service.ubs.OrderLockServiceImpl      [0;39m [35m:62  [0;39m Unlock orders
[2025-04-18 12:50:39] [34mINFO[0;39m [36mg.service.ubs.OrderLockServiceImpl      [0;39m [35m:60  [0;39m Time: 2025-04-18T12:45:39.175226700
[2025-04-18 12:50:39] [34mINFO[0;39m [36mg.service.ubs.OrderLockServiceImpl      [0;39m [35m:62  [0;39m Unlock orders
[2025-04-18 12:51:39] [34mINFO[0;39m [36mg.service.ubs.OrderLockServiceImpl      [0;39m [35m:60  [0;39m Time: 2025-04-18T12:46:39.174669900
[2025-04-18 12:51:39] [34mINFO[0;39m [36mg.service.ubs.OrderLockServiceImpl      [0;39m [35m:62  [0;39m Unlock orders
[2025-04-18 12:52:39] [34mINFO[0;39m [36mg.service.ubs.OrderLockServiceImpl      [0;39m [35m:60  [0;39m Time: 2025-04-18T12:47:39.173193900
[2025-04-18 12:52:39] [34mINFO[0;39m [36mg.service.ubs.OrderLockServiceImpl      [0;39m [35m:62  [0;39m Unlock orders
[2025-04-18 12:53:39] [34mINFO[0;39m [36mg.service.ubs.OrderLockServiceImpl      [0;39m [35m:60  [0;39m Time: 2025-04-18T12:48:39.174434300
[2025-04-18 12:53:39] [34mINFO[0;39m [36mg.service.ubs.OrderLockServiceImpl      [0;39m [35m:62  [0;39m Unlock orders
[2025-04-18 12:54:39] [34mINFO[0;39m [36mg.service.ubs.OrderLockServiceImpl      [0;39m [35m:60  [0;39m Time: 2025-04-18T12:49:39.173394500
[2025-04-18 12:54:39] [34mINFO[0;39m [36mg.service.ubs.OrderLockServiceImpl      [0;39m [35m:62  [0;39m Unlock orders
[2025-04-18 12:55:39] [34mINFO[0;39m [36mg.service.ubs.OrderLockServiceImpl      [0;39m [35m:60  [0;39m Time: 2025-04-18T12:50:39.176402400
[2025-04-18 12:55:39] [34mINFO[0;39m [36mg.service.ubs.OrderLockServiceImpl      [0;39m [35m:62  [0;39m Unlock orders
[2025-04-18 12:56:39] [34mINFO[0;39m [36mg.service.ubs.OrderLockServiceImpl      [0;39m [35m:60  [0;39m Time: 2025-04-18T12:51:39.169492900
[2025-04-18 12:56:39] [34mINFO[0;39m [36mg.service.ubs.OrderLockServiceImpl      [0;39m [35m:62  [0;39m Unlock orders
[2025-04-18 12:57:39] [34mINFO[0;39m [36mg.service.ubs.OrderLockServiceImpl      [0;39m [35m:60  [0;39m Time: 2025-04-18T12:52:39.172694700
[2025-04-18 12:57:39] [34mINFO[0;39m [36mg.service.ubs.OrderLockServiceImpl      [0;39m [35m:62  [0;39m Unlock orders
[2025-04-18 12:58:39] [34mINFO[0;39m [36mg.service.ubs.OrderLockServiceImpl      [0;39m [35m:60  [0;39m Time: 2025-04-18T12:53:39.172495300
[2025-04-18 12:58:39] [34mINFO[0;39m [36mg.service.ubs.OrderLockServiceImpl      [0;39m [35m:62  [0;39m Unlock orders
[2025-04-18 12:59:39] [34mINFO[0;39m [36mg.service.ubs.OrderLockServiceImpl      [0;39m [35m:60  [0;39m Time: 2025-04-18T12:54:39.175375400
[2025-04-18 12:59:39] [34mINFO[0;39m [36mg.service.ubs.OrderLockServiceImpl      [0;39m [35m:62  [0;39m Unlock orders
[2025-04-18 13:00:39] [34mINFO[0;39m [36mg.service.ubs.OrderLockServiceImpl      [0;39m [35m:60  [0;39m Time: 2025-04-18T12:55:39.177742300
[2025-04-18 13:00:39] [34mINFO[0;39m [36mg.service.ubs.OrderLockServiceImpl      [0;39m [35m:62  [0;39m Unlock orders
[2025-04-18 13:01:39] [34mINFO[0;39m [36mg.service.ubs.OrderLockServiceImpl      [0;39m [35m:60  [0;39m Time: 2025-04-18T12:56:39.173871300
[2025-04-18 13:01:39] [34mINFO[0;39m [36mg.service.ubs.OrderLockServiceImpl      [0;39m [35m:62  [0;39m Unlock orders
[2025-04-18 13:02:39] [34mINFO[0;39m [36mg.service.ubs.OrderLockServiceImpl      [0;39m [35m:60  [0;39m Time: 2025-04-18T12:57:39.176921200
[2025-04-18 13:02:39] [34mINFO[0;39m [36mg.service.ubs.OrderLockServiceImpl      [0;39m [35m:62  [0;39m Unlock orders
[2025-04-18 13:03:39] [34mINFO[0;39m [36mg.service.ubs.OrderLockServiceImpl      [0;39m [35m:60  [0;39m Time: 2025-04-18T12:58:39.182320400
[2025-04-18 13:03:39] [34mINFO[0;39m [36mg.service.ubs.OrderLockServiceImpl      [0;39m [35m:62  [0;39m Unlock orders
[2025-04-18 13:04:39] [34mINFO[0;39m [36mg.service.ubs.OrderLockServiceImpl      [0;39m [35m:60  [0;39m Time: 2025-04-18T12:59:39.184074300
[2025-04-18 13:04:39] [34mINFO[0;39m [36mg.service.ubs.OrderLockServiceImpl      [0;39m [35m:62  [0;39m Unlock orders
[2025-04-18 13:05:39] [34mINFO[0;39m [36mg.service.ubs.OrderLockServiceImpl      [0;39m [35m:60  [0;39m Time: 2025-04-18T13:00:39.170581700
[2025-04-18 13:05:39] [34mINFO[0;39m [36mg.service.ubs.OrderLockServiceImpl      [0;39m [35m:62  [0;39m Unlock orders
[2025-04-18 13:06:39] [34mINFO[0;39m [36mg.service.ubs.OrderLockServiceImpl      [0;39m [35m:60  [0;39m Time: 2025-04-18T13:01:39.172639100
[2025-04-18 13:06:39] [34mINFO[0;39m [36mg.service.ubs.OrderLockServiceImpl      [0;39m [35m:62  [0;39m Unlock orders
[2025-04-18 13:07:39] [34mINFO[0;39m [36mg.service.ubs.OrderLockServiceImpl      [0;39m [35m:60  [0;39m Time: 2025-04-18T13:02:39.178397
[2025-04-18 13:07:39] [34mINFO[0;39m [36mg.service.ubs.OrderLockServiceImpl      [0;39m [35m:62  [0;39m Unlock orders
[2025-04-18 13:08:39] [34mINFO[0;39m [36mg.service.ubs.OrderLockServiceImpl      [0;39m [35m:60  [0;39m Time: 2025-04-18T13:03:39.175076700
[2025-04-18 13:08:39] [34mINFO[0;39m [36mg.service.ubs.OrderLockServiceImpl      [0;39m [35m:62  [0;39m Unlock orders
[2025-04-18 13:09:39] [34mINFO[0;39m [36mg.service.ubs.OrderLockServiceImpl      [0;39m [35m:60  [0;39m Time: 2025-04-18T13:04:39.182719
[2025-04-18 13:09:39] [34mINFO[0;39m [36mg.service.ubs.OrderLockServiceImpl      [0;39m [35m:62  [0;39m Unlock orders
[2025-04-18 13:10:39] [34mINFO[0;39m [36mg.service.ubs.OrderLockServiceImpl      [0;39m [35m:60  [0;39m Time: 2025-04-18T13:05:39.181250900
[2025-04-18 13:10:39] [34mINFO[0;39m [36mg.service.ubs.OrderLockServiceImpl      [0;39m [35m:62  [0;39m Unlock orders
[2025-04-18 13:11:39] [34mINFO[0;39m [36mg.service.ubs.OrderLockServiceImpl      [0;39m [35m:60  [0;39m Time: 2025-04-18T13:06:39.172608100
[2025-04-18 13:11:39] [34mINFO[0;39m [36mg.service.ubs.OrderLockServiceImpl      [0;39m [35m:62  [0;39m Unlock orders
[2025-04-18 13:12:39] [34mINFO[0;39m [36mg.service.ubs.OrderLockServiceImpl      [0;39m [35m:60  [0;39m Time: 2025-04-18T13:07:39.176241600
[2025-04-18 13:12:39] [34mINFO[0;39m [36mg.service.ubs.OrderLockServiceImpl      [0;39m [35m:62  [0;39m Unlock orders
[2025-04-18 13:13:39] [34mINFO[0;39m [36mg.service.ubs.OrderLockServiceImpl      [0;39m [35m:60  [0;39m Time: 2025-04-18T13:08:39.172302800
[2025-04-18 13:13:39] [34mINFO[0;39m [36mg.service.ubs.OrderLockServiceImpl      [0;39m [35m:62  [0;39m Unlock orders
[2025-04-18 13:14:39] [34mINFO[0;39m [36mg.service.ubs.OrderLockServiceImpl      [0;39m [35m:60  [0;39m Time: 2025-04-18T13:09:39.182486900
[2025-04-18 13:14:39] [34mINFO[0;39m [36mg.service.ubs.OrderLockServiceImpl      [0;39m [35m:62  [0;39m Unlock orders
[2025-04-18 13:15:39] [34mINFO[0;39m [36mg.service.ubs.OrderLockServiceImpl      [0;39m [35m:60  [0;39m Time: 2025-04-18T13:10:39.169076800
[2025-04-18 13:15:39] [34mINFO[0;39m [36mg.service.ubs.OrderLockServiceImpl      [0;39m [35m:62  [0;39m Unlock orders
[2025-04-18 13:16:39] [34mINFO[0;39m [36mg.service.ubs.OrderLockServiceImpl      [0;39m [35m:60  [0;39m Time: 2025-04-18T13:11:39.179602100
[2025-04-18 13:16:39] [34mINFO[0;39m [36mg.service.ubs.OrderLockServiceImpl      [0;39m [35m:62  [0;39m Unlock orders
[2025-04-18 13:17:39] [34mINFO[0;39m [36mg.service.ubs.OrderLockServiceImpl      [0;39m [35m:60  [0;39m Time: 2025-04-18T13:12:39.176701
[2025-04-18 13:17:39] [34mINFO[0;39m [36mg.service.ubs.OrderLockServiceImpl      [0;39m [35m:62  [0;39m Unlock orders
[2025-04-18 13:18:39] [34mINFO[0;39m [36mg.service.ubs.OrderLockServiceImpl      [0;39m [35m:60  [0;39m Time: 2025-04-18T13:13:39.179602600
[2025-04-18 13:18:39] [34mINFO[0;39m [36mg.service.ubs.OrderLockServiceImpl      [0;39m [35m:62  [0;39m Unlock orders
[2025-04-18 13:19:39] [34mINFO[0;39m [36mg.service.ubs.OrderLockServiceImpl      [0;39m [35m:60  [0;39m Time: 2025-04-18T13:14:39.184395800
[2025-04-18 13:19:39] [34mINFO[0;39m [36mg.service.ubs.OrderLockServiceImpl      [0;39m [35m:62  [0;39m Unlock orders
[2025-04-18 13:20:39] [34mINFO[0;39m [36mg.service.ubs.OrderLockServiceImpl      [0;39m [35m:60  [0;39m Time: 2025-04-18T13:15:39.178175700
[2025-04-18 13:20:39] [34mINFO[0;39m [36mg.service.ubs.OrderLockServiceImpl      [0;39m [35m:62  [0;39m Unlock orders
[2025-04-18 13:21:39] [34mINFO[0;39m [36mg.service.ubs.OrderLockServiceImpl      [0;39m [35m:60  [0;39m Time: 2025-04-18T13:16:39.183264300
[2025-04-18 13:21:39] [34mINFO[0;39m [36mg.service.ubs.OrderLockServiceImpl      [0;39m [35m:62  [0;39m Unlock orders
[2025-04-18 13:22:39] [34mINFO[0;39m [36mg.service.ubs.OrderLockServiceImpl      [0;39m [35m:60  [0;39m Time: 2025-04-18T13:17:39.171494900
[2025-04-18 13:22:39] [34mINFO[0;39m [36mg.service.ubs.OrderLockServiceImpl      [0;39m [35m:62  [0;39m Unlock orders
[2025-04-18 13:23:39] [34mINFO[0;39m [36mg.service.ubs.OrderLockServiceImpl      [0;39m [35m:60  [0;39m Time: 2025-04-18T13:18:39.176508800
[2025-04-18 13:23:39] [34mINFO[0;39m [36mg.service.ubs.OrderLockServiceImpl      [0;39m [35m:62  [0;39m Unlock orders
[2025-04-18 13:24:39] [34mINFO[0;39m [36mg.service.ubs.OrderLockServiceImpl      [0;39m [35m:60  [0;39m Time: 2025-04-18T13:19:39.181854100
[2025-04-18 13:24:39] [34mINFO[0;39m [36mg.service.ubs.OrderLockServiceImpl      [0;39m [35m:62  [0;39m Unlock orders
[2025-04-18 13:25:39] [34mINFO[0;39m [36mg.service.ubs.OrderLockServiceImpl      [0;39m [35m:60  [0;39m Time: 2025-04-18T13:20:39.172054400
[2025-04-18 13:25:39] [34mINFO[0;39m [36mg.service.ubs.OrderLockServiceImpl      [0;39m [35m:62  [0;39m Unlock orders
[2025-04-18 13:26:39] [34mINFO[0;39m [36mg.service.ubs.OrderLockServiceImpl      [0;39m [35m:60  [0;39m Time: 2025-04-18T13:21:39.175431200
[2025-04-18 13:26:39] [34mINFO[0;39m [36mg.service.ubs.OrderLockServiceImpl      [0;39m [35m:62  [0;39m Unlock orders
[2025-04-18 13:27:39] [34mINFO[0;39m [36mg.service.ubs.OrderLockServiceImpl      [0;39m [35m:60  [0;39m Time: 2025-04-18T13:22:39.172077300
[2025-04-18 13:27:39] [34mINFO[0;39m [36mg.service.ubs.OrderLockServiceImpl      [0;39m [35m:62  [0;39m Unlock orders
[2025-04-18 13:28:39] [34mINFO[0;39m [36mg.service.ubs.OrderLockServiceImpl      [0;39m [35m:60  [0;39m Time: 2025-04-18T13:23:39.176369200
[2025-04-18 13:28:39] [34mINFO[0;39m [36mg.service.ubs.OrderLockServiceImpl      [0;39m [35m:62  [0;39m Unlock orders
[2025-04-18 13:29:39] [34mINFO[0;39m [36mg.service.ubs.OrderLockServiceImpl      [0;39m [35m:60  [0;39m Time: 2025-04-18T13:24:39.172750600
[2025-04-18 13:29:39] [34mINFO[0;39m [36mg.service.ubs.OrderLockServiceImpl      [0;39m [35m:62  [0;39m Unlock orders
[2025-04-18 13:30:39] [34mINFO[0;39m [36mg.service.ubs.OrderLockServiceImpl      [0;39m [35m:60  [0;39m Time: 2025-04-18T13:25:39.174162900
[2025-04-18 13:30:39] [34mINFO[0;39m [36mg.service.ubs.OrderLockServiceImpl      [0;39m [35m:62  [0;39m Unlock orders
[2025-04-18 13:31:39] [34mINFO[0;39m [36mg.service.ubs.OrderLockServiceImpl      [0;39m [35m:60  [0;39m Time: 2025-04-18T13:26:39.179357200
[2025-04-18 13:31:39] [34mINFO[0;39m [36mg.service.ubs.OrderLockServiceImpl      [0;39m [35m:62  [0;39m Unlock orders
[2025-04-18 13:32:39] [34mINFO[0;39m [36mg.service.ubs.OrderLockServiceImpl      [0;39m [35m:60  [0;39m Time: 2025-04-18T13:27:39.171164100
[2025-04-18 13:32:39] [34mINFO[0;39m [36mg.service.ubs.OrderLockServiceImpl      [0;39m [35m:62  [0;39m Unlock orders
[2025-04-18 13:33:39] [34mINFO[0;39m [36mg.service.ubs.OrderLockServiceImpl      [0;39m [35m:60  [0;39m Time: 2025-04-18T13:28:39.171819400
[2025-04-18 13:33:39] [34mINFO[0;39m [36mg.service.ubs.OrderLockServiceImpl      [0;39m [35m:62  [0;39m Unlock orders
[2025-04-18 13:34:39] [34mINFO[0;39m [36mg.service.ubs.OrderLockServiceImpl      [0;39m [35m:60  [0;39m Time: 2025-04-18T13:29:39.184623200
[2025-04-18 13:34:39] [34mINFO[0;39m [36mg.service.ubs.OrderLockServiceImpl      [0;39m [35m:62  [0;39m Unlock orders
[2025-04-18 13:35:39] [34mINFO[0;39m [36mg.service.ubs.OrderLockServiceImpl      [0;39m [35m:60  [0;39m Time: 2025-04-18T13:30:39.179617400
[2025-04-18 13:35:39] [34mINFO[0;39m [36mg.service.ubs.OrderLockServiceImpl      [0;39m [35m:62  [0;39m Unlock orders
[2025-04-18 13:36:39] [34mINFO[0;39m [36mg.service.ubs.OrderLockServiceImpl      [0;39m [35m:60  [0;39m Time: 2025-04-18T13:31:39.175404300
[2025-04-18 13:36:39] [34mINFO[0;39m [36mg.service.ubs.OrderLockServiceImpl      [0;39m [35m:62  [0;39m Unlock orders
[2025-04-18 13:37:39] [34mINFO[0;39m [36mg.service.ubs.OrderLockServiceImpl      [0;39m [35m:60  [0;39m Time: 2025-04-18T13:32:39.170819600
[2025-04-18 13:37:39] [34mINFO[0;39m [36mg.service.ubs.OrderLockServiceImpl      [0;39m [35m:62  [0;39m Unlock orders
[2025-04-18 13:38:39] [34mINFO[0;39m [36mg.service.ubs.OrderLockServiceImpl      [0;39m [35m:60  [0;39m Time: 2025-04-18T13:33:39.173102
[2025-04-18 13:38:39] [34mINFO[0;39m [36mg.service.ubs.OrderLockServiceImpl      [0;39m [35m:62  [0;39m Unlock orders
[2025-04-18 13:39:39] [34mINFO[0;39m [36mg.service.ubs.OrderLockServiceImpl      [0;39m [35m:60  [0;39m Time: 2025-04-18T13:34:39.183153100
[2025-04-18 13:39:39] [34mINFO[0;39m [36mg.service.ubs.OrderLockServiceImpl      [0;39m [35m:62  [0;39m Unlock orders
[2025-04-18 13:40:39] [34mINFO[0;39m [36mg.service.ubs.OrderLockServiceImpl      [0;39m [35m:60  [0;39m Time: 2025-04-18T13:35:39.190007700
[2025-04-18 13:40:39] [34mINFO[0;39m [36mg.service.ubs.OrderLockServiceImpl      [0;39m [35m:62  [0;39m Unlock orders
[2025-04-18 13:41:39] [34mINFO[0;39m [36mg.service.ubs.OrderLockServiceImpl      [0;39m [35m:60  [0;39m Time: 2025-04-18T13:36:39.176452200
[2025-04-18 13:41:39] [34mINFO[0;39m [36mg.service.ubs.OrderLockServiceImpl      [0;39m [35m:62  [0;39m Unlock orders
[2025-04-18 13:42:39] [34mINFO[0;39m [36mg.service.ubs.OrderLockServiceImpl      [0;39m [35m:60  [0;39m Time: 2025-04-18T13:37:39.176843300
[2025-04-18 13:42:39] [34mINFO[0;39m [36mg.service.ubs.OrderLockServiceImpl      [0;39m [35m:62  [0;39m Unlock orders
[2025-04-18 13:43:39] [34mINFO[0;39m [36mg.service.ubs.OrderLockServiceImpl      [0;39m [35m:60  [0;39m Time: 2025-04-18T13:38:39.170597900
[2025-04-18 13:43:39] [34mINFO[0;39m [36mg.service.ubs.OrderLockServiceImpl      [0;39m [35m:62  [0;39m Unlock orders
[2025-04-18 13:44:39] [34mINFO[0;39m [36mg.service.ubs.OrderLockServiceImpl      [0;39m [35m:60  [0;39m Time: 2025-04-18T13:39:39.184582200
[2025-04-18 13:44:39] [34mINFO[0;39m [36mg.service.ubs.OrderLockServiceImpl      [0;39m [35m:62  [0;39m Unlock orders
[2025-04-18 13:45:39] [34mINFO[0;39m [36mg.service.ubs.OrderLockServiceImpl      [0;39m [35m:60  [0;39m Time: 2025-04-18T13:40:39.169137300
[2025-04-18 13:45:39] [34mINFO[0;39m [36mg.service.ubs.OrderLockServiceImpl      [0;39m [35m:62  [0;39m Unlock orders
[2025-04-18 13:46:39] [34mINFO[0;39m [36mg.service.ubs.OrderLockServiceImpl      [0;39m [35m:60  [0;39m Time: 2025-04-18T13:41:39.171517400
[2025-04-18 13:46:39] [34mINFO[0;39m [36mg.service.ubs.OrderLockServiceImpl      [0;39m [35m:62  [0;39m Unlock orders
[2025-04-18 13:47:39] [34mINFO[0;39m [36mg.service.ubs.OrderLockServiceImpl      [0;39m [35m:60  [0;39m Time: 2025-04-18T13:42:39.174162600
[2025-04-18 13:47:39] [34mINFO[0;39m [36mg.service.ubs.OrderLockServiceImpl      [0;39m [35m:62  [0;39m Unlock orders
[2025-04-18 13:48:39] [34mINFO[0;39m [36mg.service.ubs.OrderLockServiceImpl      [0;39m [35m:60  [0;39m Time: 2025-04-18T13:43:39.176257800
[2025-04-18 13:48:39] [34mINFO[0;39m [36mg.service.ubs.OrderLockServiceImpl      [0;39m [35m:62  [0;39m Unlock orders
[2025-04-18 13:49:39] [34mINFO[0;39m [36mg.service.ubs.OrderLockServiceImpl      [0;39m [35m:60  [0;39m Time: 2025-04-18T13:44:39.171343
[2025-04-18 13:49:39] [34mINFO[0;39m [36mg.service.ubs.OrderLockServiceImpl      [0;39m [35m:62  [0;39m Unlock orders
[2025-04-18 13:50:39] [34mINFO[0;39m [36mg.service.ubs.OrderLockServiceImpl      [0;39m [35m:60  [0;39m Time: 2025-04-18T13:45:39.174124800
[2025-04-18 13:50:39] [34mINFO[0;39m [36mg.service.ubs.OrderLockServiceImpl      [0;39m [35m:62  [0;39m Unlock orders
[2025-04-18 13:51:39] [34mINFO[0;39m [36mg.service.ubs.OrderLockServiceImpl      [0;39m [35m:60  [0;39m Time: 2025-04-18T13:46:39.171635200
[2025-04-18 13:51:39] [34mINFO[0;39m [36mg.service.ubs.OrderLockServiceImpl      [0;39m [35m:62  [0;39m Unlock orders
[2025-04-18 13:52:39] [34mINFO[0;39m [36mg.service.ubs.OrderLockServiceImpl      [0;39m [35m:60  [0;39m Time: 2025-04-18T13:47:39.170918300
[2025-04-18 13:52:39] [34mINFO[0;39m [36mg.service.ubs.OrderLockServiceImpl      [0;39m [35m:62  [0;39m Unlock orders
[2025-04-18 13:53:39] [34mINFO[0;39m [36mg.service.ubs.OrderLockServiceImpl      [0;39m [35m:60  [0;39m Time: 2025-04-18T13:48:39.172340500
[2025-04-18 13:53:39] [34mINFO[0;39m [36mg.service.ubs.OrderLockServiceImpl      [0;39m [35m:62  [0;39m Unlock orders
[2025-04-18 13:54:39] [34mINFO[0;39m [36mg.service.ubs.OrderLockServiceImpl      [0;39m [35m:60  [0;39m Time: 2025-04-18T13:49:39.183867800
[2025-04-18 13:54:39] [34mINFO[0;39m [36mg.service.ubs.OrderLockServiceImpl      [0;39m [35m:62  [0;39m Unlock orders
[2025-04-18 13:55:39] [34mINFO[0;39m [36mg.service.ubs.OrderLockServiceImpl      [0;39m [35m:60  [0;39m Time: 2025-04-18T13:50:39.169986100
[2025-04-18 13:55:39] [34mINFO[0;39m [36mg.service.ubs.OrderLockServiceImpl      [0;39m [35m:62  [0;39m Unlock orders
[2025-04-18 13:56:39] [34mINFO[0;39m [36mg.service.ubs.OrderLockServiceImpl      [0;39m [35m:60  [0;39m Time: 2025-04-18T13:51:39.171008400
[2025-04-18 13:56:39] [34mINFO[0;39m [36mg.service.ubs.OrderLockServiceImpl      [0;39m [35m:62  [0;39m Unlock orders
[2025-04-18 13:57:39] [34mINFO[0;39m [36mg.service.ubs.OrderLockServiceImpl      [0;39m [35m:60  [0;39m Time: 2025-04-18T13:52:39.184165500
[2025-04-18 13:57:39] [34mINFO[0;39m [36mg.service.ubs.OrderLockServiceImpl      [0;39m [35m:62  [0;39m Unlock orders
[2025-04-18 13:58:39] [34mINFO[0;39m [36mg.service.ubs.OrderLockServiceImpl      [0;39m [35m:60  [0;39m Time: 2025-04-18T13:53:39.178439500
[2025-04-18 13:58:39] [34mINFO[0;39m [36mg.service.ubs.OrderLockServiceImpl      [0;39m [35m:62  [0;39m Unlock orders
[2025-04-18 13:59:39] [34mINFO[0;39m [36mg.service.ubs.OrderLockServiceImpl      [0;39m [35m:60  [0;39m Time: 2025-04-18T13:54:39.180282200
[2025-04-18 13:59:39] [34mINFO[0;39m [36mg.service.ubs.OrderLockServiceImpl      [0;39m [35m:62  [0;39m Unlock orders
[2025-04-18 14:00:39] [34mINFO[0;39m [36mg.service.ubs.OrderLockServiceImpl      [0;39m [35m:60  [0;39m Time: 2025-04-18T13:55:39.183256900
[2025-04-18 14:00:39] [34mINFO[0;39m [36mg.service.ubs.OrderLockServiceImpl      [0;39m [35m:62  [0;39m Unlock orders
[2025-04-18 14:01:39] [34mINFO[0;39m [36mg.service.ubs.OrderLockServiceImpl      [0;39m [35m:60  [0;39m Time: 2025-04-18T13:56:39.183123100
[2025-04-18 14:01:39] [34mINFO[0;39m [36mg.service.ubs.OrderLockServiceImpl      [0;39m [35m:62  [0;39m Unlock orders
[2025-04-18 14:02:39] [34mINFO[0;39m [36mg.service.ubs.OrderLockServiceImpl      [0;39m [35m:60  [0;39m Time: 2025-04-18T13:57:39.177656200
[2025-04-18 14:02:39] [34mINFO[0;39m [36mg.service.ubs.OrderLockServiceImpl      [0;39m [35m:62  [0;39m Unlock orders
[2025-04-18 14:03:39] [34mINFO[0;39m [36mg.service.ubs.OrderLockServiceImpl      [0;39m [35m:60  [0;39m Time: 2025-04-18T13:58:39.170517200
[2025-04-18 14:03:39] [34mINFO[0;39m [36mg.service.ubs.OrderLockServiceImpl      [0;39m [35m:62  [0;39m Unlock orders
[2025-04-18 14:04:39] [34mINFO[0;39m [36mg.service.ubs.OrderLockServiceImpl      [0;39m [35m:60  [0;39m Time: 2025-04-18T13:59:39.175447
[2025-04-18 14:04:39] [34mINFO[0;39m [36mg.service.ubs.OrderLockServiceImpl      [0;39m [35m:62  [0;39m Unlock orders
[2025-04-18 14:05:39] [34mINFO[0;39m [36mg.service.ubs.OrderLockServiceImpl      [0;39m [35m:60  [0;39m Time: 2025-04-18T14:00:39.175906900
[2025-04-18 14:05:39] [34mINFO[0;39m [36mg.service.ubs.OrderLockServiceImpl      [0;39m [35m:62  [0;39m Unlock orders
[2025-04-18 14:06:39] [34mINFO[0;39m [36mg.service.ubs.OrderLockServiceImpl      [0;39m [35m:60  [0;39m Time: 2025-04-18T14:01:39.175139800
[2025-04-18 14:06:39] [34mINFO[0;39m [36mg.service.ubs.OrderLockServiceImpl      [0;39m [35m:62  [0;39m Unlock orders
[2025-04-18 14:07:39] [34mINFO[0;39m [36mg.service.ubs.OrderLockServiceImpl      [0;39m [35m:60  [0;39m Time: 2025-04-18T14:02:39.175955200
[2025-04-18 14:07:39] [34mINFO[0;39m [36mg.service.ubs.OrderLockServiceImpl      [0;39m [35m:62  [0;39m Unlock orders
[2025-04-18 14:08:39] [34mINFO[0;39m [36mg.service.ubs.OrderLockServiceImpl      [0;39m [35m:60  [0;39m Time: 2025-04-18T14:03:39.182850300
[2025-04-18 14:08:39] [34mINFO[0;39m [36mg.service.ubs.OrderLockServiceImpl      [0;39m [35m:62  [0;39m Unlock orders
[2025-04-18 14:09:39] [34mINFO[0;39m [36mg.service.ubs.OrderLockServiceImpl      [0;39m [35m:60  [0;39m Time: 2025-04-18T14:04:39.179520800
[2025-04-18 14:09:39] [34mINFO[0;39m [36mg.service.ubs.OrderLockServiceImpl      [0;39m [35m:62  [0;39m Unlock orders
[2025-04-18 14:10:39] [34mINFO[0;39m [36mg.service.ubs.OrderLockServiceImpl      [0;39m [35m:60  [0;39m Time: 2025-04-18T14:05:39.173875900
[2025-04-18 14:10:39] [34mINFO[0;39m [36mg.service.ubs.OrderLockServiceImpl      [0;39m [35m:62  [0;39m Unlock orders
[2025-04-18 14:11:39] [34mINFO[0;39m [36mg.service.ubs.OrderLockServiceImpl      [0;39m [35m:60  [0;39m Time: 2025-04-18T14:06:39.176240400
[2025-04-18 14:11:39] [34mINFO[0;39m [36mg.service.ubs.OrderLockServiceImpl      [0;39m [35m:62  [0;39m Unlock orders
[2025-04-18 14:12:39] [34mINFO[0;39m [36mg.service.ubs.OrderLockServiceImpl      [0;39m [35m:60  [0;39m Time: 2025-04-18T14:07:39.176863
[2025-04-18 14:12:39] [34mINFO[0;39m [36mg.service.ubs.OrderLockServiceImpl      [0;39m [35m:62  [0;39m Unlock orders
[2025-04-18 14:13:39] [34mINFO[0;39m [36mg.service.ubs.OrderLockServiceImpl      [0;39m [35m:60  [0;39m Time: 2025-04-18T14:08:39.173104
[2025-04-18 14:13:39] [34mINFO[0;39m [36mg.service.ubs.OrderLockServiceImpl      [0;39m [35m:62  [0;39m Unlock orders
[2025-04-18 14:14:39] [34mINFO[0;39m [36mg.service.ubs.OrderLockServiceImpl      [0;39m [35m:60  [0;39m Time: 2025-04-18T14:09:39.181979200
[2025-04-18 14:14:39] [34mINFO[0;39m [36mg.service.ubs.OrderLockServiceImpl      [0;39m [35m:62  [0;39m Unlock orders
[2025-04-18 14:15:32] [34mINFO[0;39m [36mrtingClassPathChangeChangedEventListener[0;39m [35m:211 [0;39m Restarting due to 1 class path change (0 additions, 1 deletion, 0 modifications)
[2025-04-18 14:15:32] [34mINFO[0;39m [36mo.apache.coyote.http11.Http11NioProtocol[0;39m [35m:173 [0;39m Stopping ProtocolHandler ["http-nio-8050"]
[2025-04-18 14:15:32] [34mINFO[0;39m [36mj.LocalContainerEntityManagerFactoryBean[0;39m [35m:650 [0;39m Closing JPA EntityManagerFactory for persistence unit 'default'
[2025-04-18 14:15:32] [34mINFO[0;39m [36mcom.zaxxer.hikari.HikariDataSource      [0;39m [35m:350 [0;39m HikariPool-1 - Shutdown initiated...
[2025-04-18 14:15:32] [34mINFO[0;39m [36mcom.zaxxer.hikari.HikariDataSource      [0;39m [35m:352 [0;39m HikariPool-1 - Shutdown completed.
[2025-04-18 14:15:33] [34mINFO[0;39m [36mgreencity.UbsApplication                [0;39m [35m:50  [0;39m Starting UbsApplication using Java 21.0.5 with PID 15056 (C:\Users\o.bulhakova\IdeaProjects\project\GreenCityUBS\core\target\classes started by o.bulhakova in C:\Users\o.bulhakova\IdeaProjects\project\GreenCityUBS)
[2025-04-18 14:15:33] [34mINFO[0;39m [36mgreencity.UbsApplication                [0;39m [35m:660 [0;39m The following 1 profile is active: "dev"
[2025-04-18 14:15:35] [34mINFO[0;39m [36m.s.d.r.c.RepositoryConfigurationDelegate[0;39m [35m:139 [0;39m Bootstrapping Spring Data JPA repositories in DEFAULT mode.
[2025-04-18 14:15:35] [34mINFO[0;39m [36m.s.d.r.c.RepositoryConfigurationDelegate[0;39m [35m:208 [0;39m Finished Spring Data repository scanning in 333 ms. Found 36 JPA repository interfaces.
[2025-04-18 14:15:35] [34mINFO[0;39m [36mo.s.cloud.context.scope.GenericScope    [0;39m [35m:282 [0;39m BeanFactory id=946dfe5b-ebbd-3bb0-96ba-f3cc67a34d79
[2025-04-18 14:15:36] [34mINFO[0;39m [36mo.s.b.w.embedded.tomcat.TomcatWebServer [0;39m [35m:109 [0;39m Tomcat initialized with port 8050 (http)
[2025-04-18 14:15:36] [34mINFO[0;39m [36mo.apache.coyote.http11.Http11NioProtocol[0;39m [35m:173 [0;39m Initializing ProtocolHandler ["http-nio-8050"]
[2025-04-18 14:15:36] [34mINFO[0;39m [36mo.apache.catalina.core.StandardService  [0;39m [35m:173 [0;39m Starting service [Tomcat]
[2025-04-18 14:15:36] [34mINFO[0;39m [36morg.apache.catalina.core.StandardEngine [0;39m [35m:173 [0;39m Starting Servlet engine: [Apache Tomcat/10.1.18]
[2025-04-18 14:15:36] [34mINFO[0;39m [36mo.a.c.c.C.[Tomcat].[localhost].[/]      [0;39m [35m:173 [0;39m Initializing Spring embedded WebApplicationContext
[2025-04-18 14:15:36] [34mINFO[0;39m [36mw.s.c.ServletWebServerApplicationContext[0;39m [35m:296 [0;39m Root WebApplicationContext: initialization completed in 3350 ms
[2025-04-18 14:15:36] [34mINFO[0;39m [36mliquibase.database                      [0;39m [35m:37  [0;39m Set default schema name to public
[2025-04-18 14:15:39] [34mINFO[0;39m [36mliquibase.changelog                     [0;39m [35m:37  [0;39m Reading from public.databasechangelog
[2025-04-18 14:15:39] [34mINFO[0;39m [36mliquibase.lockservice                   [0;39m [35m:37  [0;39m Successfully acquired change log lock
[2025-04-18 14:15:39] [34mINFO[0;39m [36mliquibase.command                       [0;39m [35m:37  [0;39m Using deploymentId: 4974939283
[2025-04-18 14:15:39] [34mINFO[0;39m [36mliquibase.changelog                     [0;39m [35m:37  [0;39m Reading from public.databasechangelog
[2025-04-18 14:15:39] [34mINFO[0;39m [36mliquibase.util                          [0;39m [35m:37  [0;39m UPDATE SUMMARY
[2025-04-18 14:15:39] [34mINFO[0;39m [36mliquibase.util                          [0;39m [35m:37  [0;39m Run:                          0
[2025-04-18 14:15:39] [34mINFO[0;39m [36mliquibase.util                          [0;39m [35m:37  [0;39m Previously run:             362
[2025-04-18 14:15:39] [34mINFO[0;39m [36mliquibase.util                          [0;39m [35m:37  [0;39m Filtered out:                 0
[2025-04-18 14:15:39] [34mINFO[0;39m [36mliquibase.util                          [0;39m [35m:37  [0;39m -------------------------------
[2025-04-18 14:15:39] [34mINFO[0;39m [36mliquibase.util                          [0;39m [35m:37  [0;39m Total change sets:          362
[2025-04-18 14:15:39] [34mINFO[0;39m [36mliquibase.util                          [0;39m [35m:37  [0;39m Update summary generated
[2025-04-18 14:15:39] [34mINFO[0;39m [36mliquibase.command                       [0;39m [35m:37  [0;39m Update command completed successfully.
[2025-04-18 14:15:39] [34mINFO[0;39m [36mliquibase.ui                            [0;39m [35m:37  [0;39m Liquibase: Update has been successful. Rows affected: 0
[2025-04-18 14:15:39] [34mINFO[0;39m [36mliquibase.lockservice                   [0;39m [35m:37  [0;39m Successfully released change log lock
[2025-04-18 14:15:39] [34mINFO[0;39m [36mliquibase.command                       [0;39m [35m:37  [0;39m Command execution complete
[2025-04-18 14:15:39] [34mINFO[0;39m [36mo.hibernate.jpa.internal.util.LogHelper [0;39m [35m:31  [0;39m HHH000204: Processing PersistenceUnitInfo [name: default]
[2025-04-18 14:15:39] [34mINFO[0;39m [36mo.h.c.internal.RegionFactoryInitiator   [0;39m [35m:50  [0;39m HHH000026: Second-level cache disabled
[2025-04-18 14:15:39] [34mINFO[0;39m [36mo.s.o.j.p.SpringPersistenceUnitInfo     [0;39m [35m:87  [0;39m No LoadTimeWeaver setup: ignoring JPA class transformer
[2025-04-18 14:15:39] [34mINFO[0;39m [36mcom.zaxxer.hikari.HikariDataSource      [0;39m [35m:110 [0;39m HikariPool-2 - Starting...
[2025-04-18 14:15:39] [34mINFO[0;39m [36mcom.zaxxer.hikari.pool.HikariPool       [0;39m [35m:565 [0;39m HikariPool-2 - Added connection org.postgresql.jdbc.PgConnection@5ce6e2a6
[2025-04-18 14:15:39] [34mINFO[0;39m [36mcom.zaxxer.hikari.HikariDataSource      [0;39m [35m:123 [0;39m HikariPool-2 - Start completed.
[2025-04-18 14:15:40] [31mWARN[0;39m [36morg.hibernate.mapping.RootClass         [0;39m [35m:341 [0;39m HHH000038: Composite-id class does not override equals(): greencity.entity.user.employee.EmployeeFilterViewId
[2025-04-18 14:15:40] [31mWARN[0;39m [36morg.hibernate.mapping.RootClass         [0;39m [35m:344 [0;39m HHH000039: Composite-id class does not override hashCode(): greencity.entity.user.employee.EmployeeFilterViewId
[2025-04-18 14:15:41] [31mWARN[0;39m [36mo.h.metamodel.internal.MetadataContext  [0;39m [35m:727 [0;39m HHH015011: Unable to locate static metamodel field : greencity.entity.user.employee.EmployeeFilterViewId_#employeeId; this may or may not indicate a problem with the static metamodel
[2025-04-18 14:15:41] [31mWARN[0;39m [36mo.h.metamodel.internal.MetadataContext  [0;39m [35m:727 [0;39m HHH015011: Unable to locate static metamodel field : greencity.entity.user.employee.EmployeeFilterViewId_#positionId; this may or may not indicate a problem with the static metamodel
[2025-04-18 14:15:41] [34mINFO[0;39m [36mo.h.e.t.j.p.i.JtaPlatformInitiator      [0;39m [35m:58  [0;39m HHH000489: No JTA platform available (set 'hibernate.transaction.jta.platform' to enable JTA platform integration)
[2025-04-18 14:15:41] [34mINFO[0;39m [36mj.LocalContainerEntityManagerFactoryBean[0;39m [35m:437 [0;39m Initialized JPA EntityManagerFactory for persistence unit 'default'
[2025-04-18 14:15:41] [31mWARN[0;39m [36mJpaBaseConfiguration$JpaWebConfiguration[0;39m [35m:232 [0;39m spring.jpa.open-in-view is enabled by default. Therefore, database queries may be performed during view rendering. Explicitly configure spring.jpa.open-in-view to disable this warning
[2025-04-18 14:15:41] [31mWARN[0;39m [36mo.s.b.d.a.OptionalLiveReloadServer      [0;39m [35m:62  [0;39m Unable to start LiveReload server
[2025-04-18 14:15:45] [34mINFO[0;39m [36mo.s.s.web.DefaultSecurityFilterChain    [0;39m [35m:54  [0;39m Will secure any request with [org.springframework.security.web.session.DisableEncodeUrlFilter@64bb4ee5, org.springframework.security.web.context.request.async.WebAsyncManagerIntegrationFilter@65554454, org.springframework.security.web.context.SecurityContextHolderFilter@3ec716c, org.springframework.security.web.header.HeaderWriterFilter@4b55810b, org.springframework.web.filter.CorsFilter@4d8b98, org.springframework.security.web.authentication.logout.LogoutFilter@d6191cf, greencity.security.filters.AccessTokenAuthenticationFilter@536c817, org.springframework.security.web.savedrequest.RequestCacheAwareFilter@1965578c, org.springframework.security.web.servletapi.SecurityContextHolderAwareRequestFilter@7edfd072, org.springframework.security.web.authentication.AnonymousAuthenticationFilter@3b447232, org.springframework.security.web.session.SessionManagementFilter@2d57cfb8, org.springframework.security.web.access.ExceptionTranslationFilter@4d3af528, org.springframework.security.web.access.intercept.AuthorizationFilter@3ed7653b]
[2025-04-18 14:15:45] [31mWARN[0;39m [36mo.s.s.c.a.web.builders.WebSecurity      [0;39m [35m:289 [0;39m You are asking Spring Security to ignore Mvc [pattern='/ubs/receivePayment']. This is not recommended -- please use permitAll via HttpSecurity#authorizeHttpRequests instead.
[2025-04-18 14:15:45] [34mINFO[0;39m [36mo.s.s.web.DefaultSecurityFilterChain    [0;39m [35m:51  [0;39m Will not secure Mvc [pattern='/ubs/receivePayment']
[2025-04-18 14:15:45] [31mWARN[0;39m [36mo.s.s.c.a.web.builders.WebSecurity      [0;39m [35m:289 [0;39m You are asking Spring Security to ignore Mvc [pattern='/ubs/monobank/payments']. This is not recommended -- please use permitAll via HttpSecurity#authorizeHttpRequests instead.
[2025-04-18 14:15:45] [34mINFO[0;39m [36mo.s.s.web.DefaultSecurityFilterChain    [0;39m [35m:51  [0;39m Will not secure Mvc [pattern='/ubs/monobank/payments']
[2025-04-18 14:15:45] [31mWARN[0;39m [36mion$DefaultTemplateResolverConfiguration[0;39m [35m:101 [0;39m Cannot find template location: classpath:/templates/ (please add some templates, check your Thymeleaf configuration, or set spring.thymeleaf.check-template-location=false)
[2025-04-18 14:15:46] [34mINFO[0;39m [36mo.apache.coyote.http11.Http11NioProtocol[0;39m [35m:173 [0;39m Starting ProtocolHandler ["http-nio-8050"]
[2025-04-18 14:15:46] [34mINFO[0;39m [36mo.s.b.w.embedded.tomcat.TomcatWebServer [0;39m [35m:241 [0;39m Tomcat started on port 8050 (http) with context path ''
[2025-04-18 14:15:46] [34mINFO[0;39m [36mgreencity.UbsApplication                [0;39m [35m:56  [0;39m Started UbsApplication in 13.084 seconds (process running for 138686.025)
[2025-04-18 14:15:46] [34mINFO[0;39m [36mg.service.ubs.OrderLockServiceImpl      [0;39m [35m:60  [0;39m Time: 2025-04-18T14:10:46.078863500
[2025-04-18 14:15:46] [34mINFO[0;39m [36m.ConditionEvaluationDeltaLoggingListener[0;39m [35m:63  [0;39m Condition evaluation unchanged
[2025-04-18 14:15:46] [34mINFO[0;39m [36mg.service.ubs.OrderLockServiceImpl      [0;39m [35m:62  [0;39m Unlock orders
[2025-04-18 14:15:46] [34mINFO[0;39m [36mg.n.scheduler.NotificationTaskScheduler [0;39m [35m:39  [0;39m Failed to start scheduled notificator with type VIOLATION_THE_RULES because cron is incorrect or template is inactive.
[2025-04-18 14:15:46] [34mINFO[0;39m [36mg.n.scheduler.NotificationTaskScheduler [0;39m [35m:39  [0;39m Failed to start scheduled notificator with type CANCELED_VIOLATION_THE_RULES_BY_THE_MANAGER because cron is incorrect or template is inactive.
[2025-04-18 14:15:46] [34mINFO[0;39m [36mg.n.scheduler.NotificationTaskScheduler [0;39m [35m:39  [0;39m Failed to start scheduled notificator with type ORDER_STATUS_CHANGED because cron is incorrect or template is inactive.
[2025-04-18 14:15:46] [34mINFO[0;39m [36mg.n.scheduler.NotificationTaskScheduler [0;39m [35m:39  [0;39m Failed to start scheduled notificator with type CHANGED_IN_RULE_VIOLATION_STATUS because cron is incorrect or template is inactive.
[2025-04-18 14:15:46] [34mINFO[0;39m [36mg.n.scheduler.NotificationTaskScheduler [0;39m [35m:39  [0;39m Failed to start scheduled notificator with type COURIER_ITINERARY_FORMED because cron is incorrect or template is inactive.
[2025-04-18 14:15:46] [34mINFO[0;39m [36mg.n.scheduler.NotificationTaskScheduler [0;39m [35m:39  [0;39m Failed to start scheduled notificator with type DONE_OR_CANCELED_UNPAID_ORDER because cron is incorrect or template is inactive.
[2025-04-18 14:15:46] [34mINFO[0;39m [36mg.n.scheduler.NotificationTaskScheduler [0;39m [35m:39  [0;39m Failed to start scheduled notificator with type HALF_PAID_ORDER_WITH_STATUS_BROUGHT_BY_HIMSELF because cron is incorrect or template is inactive.
[2025-04-18 14:15:46] [34mINFO[0;39m [36mg.n.scheduler.NotificationTaskScheduler [0;39m [35m:29  [0;39m Scheduled notificator for LETS_STAY_CONNECTED notification template by 0 0 18 * * ? cron
[2025-04-18 14:15:46] [34mINFO[0;39m [36mg.n.scheduler.NotificationTaskScheduler [0;39m [35m:29  [0;39m Scheduled notificator for UNPAID_ORDER notification template by 0 0 18 * * ? cron
[2025-04-18 14:15:46] [34mINFO[0;39m [36mg.n.scheduler.NotificationTaskScheduler [0;39m [35m:39  [0;39m Failed to start scheduled notificator with type UNPAID_PACKAGE because cron is incorrect or template is inactive.
[2025-04-18 14:15:47] [34mINFO[0;39m [36mrtingClassPathChangeChangedEventListener[0;39m [35m:211 [0;39m Restarting due to 1 class path change (1 addition, 0 deletions, 0 modifications)
[2025-04-18 14:15:47] [34mINFO[0;39m [36mo.apache.coyote.http11.Http11NioProtocol[0;39m [35m:173 [0;39m Stopping ProtocolHandler ["http-nio-8050"]
[2025-04-18 14:15:47] [34mINFO[0;39m [36mj.LocalContainerEntityManagerFactoryBean[0;39m [35m:650 [0;39m Closing JPA EntityManagerFactory for persistence unit 'default'
[2025-04-18 14:15:47] [34mINFO[0;39m [36mcom.zaxxer.hikari.HikariDataSource      [0;39m [35m:350 [0;39m HikariPool-2 - Shutdown initiated...
[2025-04-18 14:15:47] [34mINFO[0;39m [36mcom.zaxxer.hikari.HikariDataSource      [0;39m [35m:352 [0;39m HikariPool-2 - Shutdown completed.
[2025-04-18 14:15:48] [34mINFO[0;39m [36mgreencity.UbsApplication                [0;39m [35m:50  [0;39m Starting UbsApplication using Java 21.0.5 with PID 15056 (C:\Users\o.bulhakova\IdeaProjects\project\GreenCityUBS\core\target\classes started by o.bulhakova in C:\Users\o.bulhakova\IdeaProjects\project\GreenCityUBS)
[2025-04-18 14:15:48] [34mINFO[0;39m [36mgreencity.UbsApplication                [0;39m [35m:660 [0;39m The following 1 profile is active: "dev"
[2025-04-18 14:15:49] [34mINFO[0;39m [36m.s.d.r.c.RepositoryConfigurationDelegate[0;39m [35m:139 [0;39m Bootstrapping Spring Data JPA repositories in DEFAULT mode.
[2025-04-18 14:15:49] [34mINFO[0;39m [36m.s.d.r.c.RepositoryConfigurationDelegate[0;39m [35m:208 [0;39m Finished Spring Data repository scanning in 244 ms. Found 36 JPA repository interfaces.
[2025-04-18 14:15:49] [34mINFO[0;39m [36mo.s.cloud.context.scope.GenericScope    [0;39m [35m:282 [0;39m BeanFactory id=946dfe5b-ebbd-3bb0-96ba-f3cc67a34d79
[2025-04-18 14:15:49] [34mINFO[0;39m [36mo.s.b.w.embedded.tomcat.TomcatWebServer [0;39m [35m:109 [0;39m Tomcat initialized with port 8050 (http)
[2025-04-18 14:15:49] [34mINFO[0;39m [36mo.apache.coyote.http11.Http11NioProtocol[0;39m [35m:173 [0;39m Initializing ProtocolHandler ["http-nio-8050"]
[2025-04-18 14:15:49] [34mINFO[0;39m [36mo.apache.catalina.core.StandardService  [0;39m [35m:173 [0;39m Starting service [Tomcat]
[2025-04-18 14:15:49] [34mINFO[0;39m [36morg.apache.catalina.core.StandardEngine [0;39m [35m:173 [0;39m Starting Servlet engine: [Apache Tomcat/10.1.18]
[2025-04-18 14:15:49] [34mINFO[0;39m [36mo.a.c.c.C.[Tomcat].[localhost].[/]      [0;39m [35m:173 [0;39m Initializing Spring embedded WebApplicationContext
[2025-04-18 14:15:49] [34mINFO[0;39m [36mw.s.c.ServletWebServerApplicationContext[0;39m [35m:296 [0;39m Root WebApplicationContext: initialization completed in 1847 ms
[2025-04-18 14:15:50] [34mINFO[0;39m [36mliquibase.database                      [0;39m [35m:37  [0;39m Set default schema name to public
[2025-04-18 14:15:52] [34mINFO[0;39m [36mliquibase.changelog                     [0;39m [35m:37  [0;39m Reading from public.databasechangelog
[2025-04-18 14:15:52] [34mINFO[0;39m [36mliquibase.lockservice                   [0;39m [35m:37  [0;39m Successfully acquired change log lock
[2025-04-18 14:15:52] [34mINFO[0;39m [36mliquibase.command                       [0;39m [35m:37  [0;39m Using deploymentId: 4974952405
[2025-04-18 14:15:52] [34mINFO[0;39m [36mliquibase.changelog                     [0;39m [35m:37  [0;39m Reading from public.databasechangelog
[2025-04-18 14:15:52] [34mINFO[0;39m [36mliquibase.util                          [0;39m [35m:37  [0;39m UPDATE SUMMARY
[2025-04-18 14:15:52] [34mINFO[0;39m [36mliquibase.util                          [0;39m [35m:37  [0;39m Run:                          0
[2025-04-18 14:15:52] [34mINFO[0;39m [36mliquibase.util                          [0;39m [35m:37  [0;39m Previously run:             362
[2025-04-18 14:15:52] [34mINFO[0;39m [36mliquibase.util                          [0;39m [35m:37  [0;39m Filtered out:                 0
[2025-04-18 14:15:52] [34mINFO[0;39m [36mliquibase.util                          [0;39m [35m:37  [0;39m -------------------------------
[2025-04-18 14:15:52] [34mINFO[0;39m [36mliquibase.util                          [0;39m [35m:37  [0;39m Total change sets:          362
[2025-04-18 14:15:52] [34mINFO[0;39m [36mliquibase.util                          [0;39m [35m:37  [0;39m Update summary generated
[2025-04-18 14:15:52] [34mINFO[0;39m [36mliquibase.command                       [0;39m [35m:37  [0;39m Update command completed successfully.
[2025-04-18 14:15:52] [34mINFO[0;39m [36mliquibase.ui                            [0;39m [35m:37  [0;39m Liquibase: Update has been successful. Rows affected: 0
[2025-04-18 14:15:52] [34mINFO[0;39m [36mliquibase.lockservice                   [0;39m [35m:37  [0;39m Successfully released change log lock
[2025-04-18 14:15:52] [34mINFO[0;39m [36mliquibase.command                       [0;39m [35m:37  [0;39m Command execution complete
[2025-04-18 14:15:52] [34mINFO[0;39m [36mo.hibernate.jpa.internal.util.LogHelper [0;39m [35m:31  [0;39m HHH000204: Processing PersistenceUnitInfo [name: default]
[2025-04-18 14:15:52] [34mINFO[0;39m [36mo.h.c.internal.RegionFactoryInitiator   [0;39m [35m:50  [0;39m HHH000026: Second-level cache disabled
[2025-04-18 14:15:52] [34mINFO[0;39m [36mo.s.o.j.p.SpringPersistenceUnitInfo     [0;39m [35m:87  [0;39m No LoadTimeWeaver setup: ignoring JPA class transformer
[2025-04-18 14:15:52] [34mINFO[0;39m [36mcom.zaxxer.hikari.HikariDataSource      [0;39m [35m:110 [0;39m HikariPool-3 - Starting...
[2025-04-18 14:15:52] [34mINFO[0;39m [36mcom.zaxxer.hikari.pool.HikariPool       [0;39m [35m:565 [0;39m HikariPool-3 - Added connection org.postgresql.jdbc.PgConnection@3e27edef
[2025-04-18 14:15:52] [34mINFO[0;39m [36mcom.zaxxer.hikari.HikariDataSource      [0;39m [35m:123 [0;39m HikariPool-3 - Start completed.
[2025-04-18 14:15:53] [31mWARN[0;39m [36morg.hibernate.mapping.RootClass         [0;39m [35m:341 [0;39m HHH000038: Composite-id class does not override equals(): greencity.entity.user.employee.EmployeeFilterViewId
[2025-04-18 14:15:53] [31mWARN[0;39m [36morg.hibernate.mapping.RootClass         [0;39m [35m:344 [0;39m HHH000039: Composite-id class does not override hashCode(): greencity.entity.user.employee.EmployeeFilterViewId
[2025-04-18 14:15:53] [31mWARN[0;39m [36mo.h.metamodel.internal.MetadataContext  [0;39m [35m:727 [0;39m HHH015011: Unable to locate static metamodel field : greencity.entity.user.employee.EmployeeFilterViewId_#employeeId; this may or may not indicate a problem with the static metamodel
[2025-04-18 14:15:53] [31mWARN[0;39m [36mo.h.metamodel.internal.MetadataContext  [0;39m [35m:727 [0;39m HHH015011: Unable to locate static metamodel field : greencity.entity.user.employee.EmployeeFilterViewId_#positionId; this may or may not indicate a problem with the static metamodel
[2025-04-18 14:15:53] [34mINFO[0;39m [36mo.h.e.t.j.p.i.JtaPlatformInitiator      [0;39m [35m:58  [0;39m HHH000489: No JTA platform available (set 'hibernate.transaction.jta.platform' to enable JTA platform integration)
[2025-04-18 14:15:53] [34mINFO[0;39m [36mj.LocalContainerEntityManagerFactoryBean[0;39m [35m:437 [0;39m Initialized JPA EntityManagerFactory for persistence unit 'default'
[2025-04-18 14:15:54] [31mWARN[0;39m [36mJpaBaseConfiguration$JpaWebConfiguration[0;39m [35m:232 [0;39m spring.jpa.open-in-view is enabled by default. Therefore, database queries may be performed during view rendering. Explicitly configure spring.jpa.open-in-view to disable this warning
[2025-04-18 14:15:54] [31mWARN[0;39m [36mo.s.b.d.a.OptionalLiveReloadServer      [0;39m [35m:62  [0;39m Unable to start LiveReload server
[2025-04-18 14:15:57] [34mINFO[0;39m [36mo.s.s.web.DefaultSecurityFilterChain    [0;39m [35m:54  [0;39m Will secure any request with [org.springframework.security.web.session.DisableEncodeUrlFilter@517a9fd0, org.springframework.security.web.context.request.async.WebAsyncManagerIntegrationFilter@5ee7eefe, org.springframework.security.web.context.SecurityContextHolderFilter@4dc38b71, org.springframework.security.web.header.HeaderWriterFilter@6afe16f5, org.springframework.web.filter.CorsFilter@17989d1e, org.springframework.security.web.authentication.logout.LogoutFilter@46592968, greencity.security.filters.AccessTokenAuthenticationFilter@2b5a2912, org.springframework.security.web.savedrequest.RequestCacheAwareFilter@4a4dee97, org.springframework.security.web.servletapi.SecurityContextHolderAwareRequestFilter@509e1095, org.springframework.security.web.authentication.AnonymousAuthenticationFilter@2e5bb7b6, org.springframework.security.web.session.SessionManagementFilter@4b918b1d, org.springframework.security.web.access.ExceptionTranslationFilter@6602d2b, org.springframework.security.web.access.intercept.AuthorizationFilter@437fe027]
[2025-04-18 14:15:57] [31mWARN[0;39m [36mo.s.s.c.a.web.builders.WebSecurity      [0;39m [35m:289 [0;39m You are asking Spring Security to ignore Mvc [pattern='/ubs/receivePayment']. This is not recommended -- please use permitAll via HttpSecurity#authorizeHttpRequests instead.
[2025-04-18 14:15:57] [34mINFO[0;39m [36mo.s.s.web.DefaultSecurityFilterChain    [0;39m [35m:51  [0;39m Will not secure Mvc [pattern='/ubs/receivePayment']
[2025-04-18 14:15:57] [31mWARN[0;39m [36mo.s.s.c.a.web.builders.WebSecurity      [0;39m [35m:289 [0;39m You are asking Spring Security to ignore Mvc [pattern='/ubs/monobank/payments']. This is not recommended -- please use permitAll via HttpSecurity#authorizeHttpRequests instead.
[2025-04-18 14:15:57] [34mINFO[0;39m [36mo.s.s.web.DefaultSecurityFilterChain    [0;39m [35m:51  [0;39m Will not secure Mvc [pattern='/ubs/monobank/payments']
[2025-04-18 14:15:57] [31mWARN[0;39m [36mion$DefaultTemplateResolverConfiguration[0;39m [35m:101 [0;39m Cannot find template location: classpath:/templates/ (please add some templates, check your Thymeleaf configuration, or set spring.thymeleaf.check-template-location=false)
[2025-04-18 14:15:57] [34mINFO[0;39m [36mo.apache.coyote.http11.Http11NioProtocol[0;39m [35m:173 [0;39m Starting ProtocolHandler ["http-nio-8050"]
[2025-04-18 14:15:57] [34mINFO[0;39m [36mo.s.b.w.embedded.tomcat.TomcatWebServer [0;39m [35m:241 [0;39m Tomcat started on port 8050 (http) with context path ''
[2025-04-18 14:15:57] [34mINFO[0;39m [36mgreencity.UbsApplication                [0;39m [35m:56  [0;39m Started UbsApplication in 9.477 seconds (process running for 138697.417)
[2025-04-18 14:15:57] [34mINFO[0;39m [36mg.service.ubs.OrderLockServiceImpl      [0;39m [35m:60  [0;39m Time: 2025-04-18T14:10:57.471874100
[2025-04-18 14:15:57] [34mINFO[0;39m [36m.ConditionEvaluationDeltaLoggingListener[0;39m [35m:63  [0;39m Condition evaluation unchanged
[2025-04-18 14:15:57] [34mINFO[0;39m [36mg.service.ubs.OrderLockServiceImpl      [0;39m [35m:62  [0;39m Unlock orders
[2025-04-18 14:15:57] [34mINFO[0;39m [36mg.n.scheduler.NotificationTaskScheduler [0;39m [35m:39  [0;39m Failed to start scheduled notificator with type VIOLATION_THE_RULES because cron is incorrect or template is inactive.
[2025-04-18 14:15:57] [34mINFO[0;39m [36mg.n.scheduler.NotificationTaskScheduler [0;39m [35m:39  [0;39m Failed to start scheduled notificator with type CANCELED_VIOLATION_THE_RULES_BY_THE_MANAGER because cron is incorrect or template is inactive.
[2025-04-18 14:15:57] [34mINFO[0;39m [36mg.n.scheduler.NotificationTaskScheduler [0;39m [35m:39  [0;39m Failed to start scheduled notificator with type ORDER_STATUS_CHANGED because cron is incorrect or template is inactive.
[2025-04-18 14:15:57] [34mINFO[0;39m [36mg.n.scheduler.NotificationTaskScheduler [0;39m [35m:39  [0;39m Failed to start scheduled notificator with type CHANGED_IN_RULE_VIOLATION_STATUS because cron is incorrect or template is inactive.
[2025-04-18 14:15:57] [34mINFO[0;39m [36mg.n.scheduler.NotificationTaskScheduler [0;39m [35m:39  [0;39m Failed to start scheduled notificator with type COURIER_ITINERARY_FORMED because cron is incorrect or template is inactive.
[2025-04-18 14:15:57] [34mINFO[0;39m [36mg.n.scheduler.NotificationTaskScheduler [0;39m [35m:39  [0;39m Failed to start scheduled notificator with type DONE_OR_CANCELED_UNPAID_ORDER because cron is incorrect or template is inactive.
[2025-04-18 14:15:57] [34mINFO[0;39m [36mg.n.scheduler.NotificationTaskScheduler [0;39m [35m:39  [0;39m Failed to start scheduled notificator with type HALF_PAID_ORDER_WITH_STATUS_BROUGHT_BY_HIMSELF because cron is incorrect or template is inactive.
[2025-04-18 14:15:57] [34mINFO[0;39m [36mg.n.scheduler.NotificationTaskScheduler [0;39m [35m:29  [0;39m Scheduled notificator for LETS_STAY_CONNECTED notification template by 0 0 18 * * ? cron
[2025-04-18 14:15:57] [34mINFO[0;39m [36mg.n.scheduler.NotificationTaskScheduler [0;39m [35m:29  [0;39m Scheduled notificator for UNPAID_ORDER notification template by 0 0 18 * * ? cron
[2025-04-18 14:15:57] [34mINFO[0;39m [36mg.n.scheduler.NotificationTaskScheduler [0;39m [35m:39  [0;39m Failed to start scheduled notificator with type UNPAID_PACKAGE because cron is incorrect or template is inactive.
[2025-04-18 14:16:57] [34mINFO[0;39m [36mg.service.ubs.OrderLockServiceImpl      [0;39m [35m:60  [0;39m Time: 2025-04-18T14:11:57.470363300
[2025-04-18 14:16:57] [34mINFO[0;39m [36mg.service.ubs.OrderLockServiceImpl      [0;39m [35m:62  [0;39m Unlock orders
[2025-04-18 14:17:57] [34mINFO[0;39m [36mg.service.ubs.OrderLockServiceImpl      [0;39m [35m:60  [0;39m Time: 2025-04-18T14:12:57.475119400
[2025-04-18 14:17:57] [34mINFO[0;39m [36mg.service.ubs.OrderLockServiceImpl      [0;39m [35m:62  [0;39m Unlock orders
[2025-04-18 14:18:57] [34mINFO[0;39m [36mg.service.ubs.OrderLockServiceImpl      [0;39m [35m:60  [0;39m Time: 2025-04-18T14:13:57.472506600
[2025-04-18 14:18:57] [34mINFO[0;39m [36mg.service.ubs.OrderLockServiceImpl      [0;39m [35m:62  [0;39m Unlock orders
[2025-04-18 14:19:57] [34mINFO[0;39m [36mg.service.ubs.OrderLockServiceImpl      [0;39m [35m:60  [0;39m Time: 2025-04-18T14:14:57.483335800
[2025-04-18 14:19:57] [34mINFO[0;39m [36mg.service.ubs.OrderLockServiceImpl      [0;39m [35m:62  [0;39m Unlock orders
[2025-04-18 14:20:57] [34mINFO[0;39m [36mg.service.ubs.OrderLockServiceImpl      [0;39m [35m:60  [0;39m Time: 2025-04-18T14:15:57.475320200
[2025-04-18 14:20:57] [34mINFO[0;39m [36mg.service.ubs.OrderLockServiceImpl      [0;39m [35m:62  [0;39m Unlock orders
[2025-04-18 14:21:57] [34mINFO[0;39m [36mg.service.ubs.OrderLockServiceImpl      [0;39m [35m:60  [0;39m Time: 2025-04-18T14:16:57.471404200
[2025-04-18 14:21:57] [34mINFO[0;39m [36mg.service.ubs.OrderLockServiceImpl      [0;39m [35m:62  [0;39m Unlock orders
[2025-04-18 14:22:57] [34mINFO[0;39m [36mg.service.ubs.OrderLockServiceImpl      [0;39m [35m:60  [0;39m Time: 2025-04-18T14:17:57.485732200
[2025-04-18 14:22:57] [34mINFO[0;39m [36mg.service.ubs.OrderLockServiceImpl      [0;39m [35m:62  [0;39m Unlock orders
[2025-04-18 14:23:57] [34mINFO[0;39m [36mg.service.ubs.OrderLockServiceImpl      [0;39m [35m:60  [0;39m Time: 2025-04-18T14:18:57.480143300
[2025-04-18 14:23:57] [34mINFO[0;39m [36mg.service.ubs.OrderLockServiceImpl      [0;39m [35m:62  [0;39m Unlock orders
[2025-04-18 14:24:57] [34mINFO[0;39m [36mg.service.ubs.OrderLockServiceImpl      [0;39m [35m:60  [0;39m Time: 2025-04-18T14:19:57.475898700
[2025-04-18 14:24:57] [34mINFO[0;39m [36mg.service.ubs.OrderLockServiceImpl      [0;39m [35m:62  [0;39m Unlock orders
[2025-04-18 14:25:57] [34mINFO[0;39m [36mg.service.ubs.OrderLockServiceImpl      [0;39m [35m:60  [0;39m Time: 2025-04-18T14:20:57.483541100
[2025-04-18 14:25:57] [34mINFO[0;39m [36mg.service.ubs.OrderLockServiceImpl      [0;39m [35m:62  [0;39m Unlock orders
[2025-04-18 14:26:57] [34mINFO[0;39m [36mg.service.ubs.OrderLockServiceImpl      [0;39m [35m:60  [0;39m Time: 2025-04-18T14:21:57.484487
[2025-04-18 14:26:57] [34mINFO[0;39m [36mg.service.ubs.OrderLockServiceImpl      [0;39m [35m:62  [0;39m Unlock orders
[2025-04-18 14:27:57] [34mINFO[0;39m [36mg.service.ubs.OrderLockServiceImpl      [0;39m [35m:60  [0;39m Time: 2025-04-18T14:22:57.479398700
[2025-04-18 14:27:57] [34mINFO[0;39m [36mg.service.ubs.OrderLockServiceImpl      [0;39m [35m:62  [0;39m Unlock orders
[2025-04-18 14:28:57] [34mINFO[0;39m [36mg.service.ubs.OrderLockServiceImpl      [0;39m [35m:60  [0;39m Time: 2025-04-18T14:23:57.481688400
[2025-04-18 14:28:57] [34mINFO[0;39m [36mg.service.ubs.OrderLockServiceImpl      [0;39m [35m:62  [0;39m Unlock orders
[2025-04-18 14:29:57] [34mINFO[0;39m [36mg.service.ubs.OrderLockServiceImpl      [0;39m [35m:60  [0;39m Time: 2025-04-18T14:24:57.481146700
[2025-04-18 14:29:57] [34mINFO[0;39m [36mg.service.ubs.OrderLockServiceImpl      [0;39m [35m:62  [0;39m Unlock orders
[2025-04-18 14:30:57] [34mINFO[0;39m [36mg.service.ubs.OrderLockServiceImpl      [0;39m [35m:60  [0;39m Time: 2025-04-18T14:25:57.474221200
[2025-04-18 14:30:57] [34mINFO[0;39m [36mg.service.ubs.OrderLockServiceImpl      [0;39m [35m:62  [0;39m Unlock orders
[2025-04-18 14:31:57] [34mINFO[0;39m [36mg.service.ubs.OrderLockServiceImpl      [0;39m [35m:60  [0;39m Time: 2025-04-18T14:26:57.478152300
[2025-04-18 14:31:57] [34mINFO[0;39m [36mg.service.ubs.OrderLockServiceImpl      [0;39m [35m:62  [0;39m Unlock orders
[2025-04-18 14:32:57] [34mINFO[0;39m [36mg.service.ubs.OrderLockServiceImpl      [0;39m [35m:60  [0;39m Time: 2025-04-18T14:27:57.477086200
[2025-04-18 14:32:57] [34mINFO[0;39m [36mg.service.ubs.OrderLockServiceImpl      [0;39m [35m:62  [0;39m Unlock orders
[2025-04-18 14:33:57] [34mINFO[0;39m [36mg.service.ubs.OrderLockServiceImpl      [0;39m [35m:60  [0;39m Time: 2025-04-18T14:28:57.475122600
[2025-04-18 14:33:57] [34mINFO[0;39m [36mg.service.ubs.OrderLockServiceImpl      [0;39m [35m:62  [0;39m Unlock orders
[2025-04-18 14:34:57] [34mINFO[0;39m [36mg.service.ubs.OrderLockServiceImpl      [0;39m [35m:60  [0;39m Time: 2025-04-18T14:29:57.472681700
[2025-04-18 14:34:57] [34mINFO[0;39m [36mg.service.ubs.OrderLockServiceImpl      [0;39m [35m:62  [0;39m Unlock orders
[2025-04-18 14:35:57] [34mINFO[0;39m [36mg.service.ubs.OrderLockServiceImpl      [0;39m [35m:60  [0;39m Time: 2025-04-18T14:30:57.476014400
[2025-04-18 14:35:57] [34mINFO[0;39m [36mg.service.ubs.OrderLockServiceImpl      [0;39m [35m:62  [0;39m Unlock orders
[2025-04-18 14:36:57] [34mINFO[0;39m [36mg.service.ubs.OrderLockServiceImpl      [0;39m [35m:60  [0;39m Time: 2025-04-18T14:31:57.471753200
[2025-04-18 14:36:57] [34mINFO[0;39m [36mg.service.ubs.OrderLockServiceImpl      [0;39m [35m:62  [0;39m Unlock orders
[2025-04-18 14:37:57] [34mINFO[0;39m [36mg.service.ubs.OrderLockServiceImpl      [0;39m [35m:60  [0;39m Time: 2025-04-18T14:32:57.477975600
[2025-04-18 14:37:57] [34mINFO[0;39m [36mg.service.ubs.OrderLockServiceImpl      [0;39m [35m:62  [0;39m Unlock orders
[2025-04-18 14:38:57] [34mINFO[0;39m [36mg.service.ubs.OrderLockServiceImpl      [0;39m [35m:60  [0;39m Time: 2025-04-18T14:33:57.486619700
[2025-04-18 14:38:57] [34mINFO[0;39m [36mg.service.ubs.OrderLockServiceImpl      [0;39m [35m:62  [0;39m Unlock orders
[2025-04-18 14:39:57] [34mINFO[0;39m [36mg.service.ubs.OrderLockServiceImpl      [0;39m [35m:60  [0;39m Time: 2025-04-18T14:34:57.470689200
[2025-04-18 14:39:57] [34mINFO[0;39m [36mg.service.ubs.OrderLockServiceImpl      [0;39m [35m:62  [0;39m Unlock orders
[2025-04-18 14:40:57] [34mINFO[0;39m [36mg.service.ubs.OrderLockServiceImpl      [0;39m [35m:60  [0;39m Time: 2025-04-18T14:35:57.469973500
[2025-04-18 14:40:57] [34mINFO[0;39m [36mg.service.ubs.OrderLockServiceImpl      [0;39m [35m:62  [0;39m Unlock orders
[2025-04-18 14:41:57] [34mINFO[0;39m [36mg.service.ubs.OrderLockServiceImpl      [0;39m [35m:60  [0;39m Time: 2025-04-18T14:36:57.481610
[2025-04-18 14:41:57] [34mINFO[0;39m [36mg.service.ubs.OrderLockServiceImpl      [0;39m [35m:62  [0;39m Unlock orders
[2025-04-18 14:42:57] [34mINFO[0;39m [36mg.service.ubs.OrderLockServiceImpl      [0;39m [35m:60  [0;39m Time: 2025-04-18T14:37:57.474157
[2025-04-18 14:42:57] [34mINFO[0;39m [36mg.service.ubs.OrderLockServiceImpl      [0;39m [35m:62  [0;39m Unlock orders
[2025-04-18 14:43:57] [34mINFO[0;39m [36mg.service.ubs.OrderLockServiceImpl      [0;39m [35m:60  [0;39m Time: 2025-04-18T14:38:57.476657400
[2025-04-18 14:43:57] [34mINFO[0;39m [36mg.service.ubs.OrderLockServiceImpl      [0;39m [35m:62  [0;39m Unlock orders
[2025-04-18 14:44:57] [34mINFO[0;39m [36mg.service.ubs.OrderLockServiceImpl      [0;39m [35m:60  [0;39m Time: 2025-04-18T14:39:57.475192
[2025-04-18 14:44:57] [34mINFO[0;39m [36mg.service.ubs.OrderLockServiceImpl      [0;39m [35m:62  [0;39m Unlock orders
[2025-04-18 14:45:08] [34mINFO[0;39m [36mrtingClassPathChangeChangedEventListener[0;39m [35m:211 [0;39m Restarting due to 2 class path changes (0 additions, 2 deletions, 0 modifications)
[2025-04-18 14:45:08] [34mINFO[0;39m [36mo.apache.coyote.http11.Http11NioProtocol[0;39m [35m:173 [0;39m Stopping ProtocolHandler ["http-nio-8050"]
[2025-04-18 14:45:08] [34mINFO[0;39m [36mj.LocalContainerEntityManagerFactoryBean[0;39m [35m:650 [0;39m Closing JPA EntityManagerFactory for persistence unit 'default'
[2025-04-18 14:45:08] [34mINFO[0;39m [36mcom.zaxxer.hikari.HikariDataSource      [0;39m [35m:350 [0;39m HikariPool-3 - Shutdown initiated...
[2025-04-18 14:45:08] [34mINFO[0;39m [36mcom.zaxxer.hikari.HikariDataSource      [0;39m [35m:352 [0;39m HikariPool-3 - Shutdown completed.
[2025-04-18 14:45:09] [34mINFO[0;39m [36mgreencity.UbsApplication                [0;39m [35m:50  [0;39m Starting UbsApplication using Java 21.0.5 with PID 15056 (C:\Users\o.bulhakova\IdeaProjects\project\GreenCityUBS\core\target\classes started by o.bulhakova in C:\Users\o.bulhakova\IdeaProjects\project\GreenCityUBS)
[2025-04-18 14:45:09] [34mINFO[0;39m [36mgreencity.UbsApplication                [0;39m [35m:660 [0;39m The following 1 profile is active: "dev"
[2025-04-18 14:45:12] [34mINFO[0;39m [36m.s.d.r.c.RepositoryConfigurationDelegate[0;39m [35m:139 [0;39m Bootstrapping Spring Data JPA repositories in DEFAULT mode.
[2025-04-18 14:45:12] [34mINFO[0;39m [36m.s.d.r.c.RepositoryConfigurationDelegate[0;39m [35m:208 [0;39m Finished Spring Data repository scanning in 334 ms. Found 36 JPA repository interfaces.
[2025-04-18 14:45:12] [34mINFO[0;39m [36mo.s.cloud.context.scope.GenericScope    [0;39m [35m:282 [0;39m BeanFactory id=946dfe5b-ebbd-3bb0-96ba-f3cc67a34d79
[2025-04-18 14:45:13] [34mINFO[0;39m [36mo.s.b.w.embedded.tomcat.TomcatWebServer [0;39m [35m:109 [0;39m Tomcat initialized with port 8050 (http)
[2025-04-18 14:45:13] [34mINFO[0;39m [36mo.apache.coyote.http11.Http11NioProtocol[0;39m [35m:173 [0;39m Initializing ProtocolHandler ["http-nio-8050"]
[2025-04-18 14:45:13] [34mINFO[0;39m [36mo.apache.catalina.core.StandardService  [0;39m [35m:173 [0;39m Starting service [Tomcat]
[2025-04-18 14:45:13] [34mINFO[0;39m [36morg.apache.catalina.core.StandardEngine [0;39m [35m:173 [0;39m Starting Servlet engine: [Apache Tomcat/10.1.18]
[2025-04-18 14:45:13] [34mINFO[0;39m [36mo.a.c.c.C.[Tomcat].[localhost].[/]      [0;39m [35m:173 [0;39m Initializing Spring embedded WebApplicationContext
[2025-04-18 14:45:13] [34mINFO[0;39m [36mw.s.c.ServletWebServerApplicationContext[0;39m [35m:296 [0;39m Root WebApplicationContext: initialization completed in 3378 ms
[2025-04-18 14:45:13] [34mINFO[0;39m [36mliquibase.database                      [0;39m [35m:37  [0;39m Set default schema name to public
[2025-04-18 14:45:15] [34mINFO[0;39m [36mliquibase.changelog                     [0;39m [35m:37  [0;39m Reading from public.databasechangelog
[2025-04-18 14:45:15] [34mINFO[0;39m [36mliquibase.lockservice                   [0;39m [35m:37  [0;39m Successfully acquired change log lock
[2025-04-18 14:45:15] [34mINFO[0;39m [36mliquibase.command                       [0;39m [35m:37  [0;39m Using deploymentId: 4976715772
[2025-04-18 14:45:15] [34mINFO[0;39m [36mliquibase.changelog                     [0;39m [35m:37  [0;39m Reading from public.databasechangelog
[2025-04-18 14:45:15] [34mINFO[0;39m [36mliquibase.util                          [0;39m [35m:37  [0;39m UPDATE SUMMARY
[2025-04-18 14:45:15] [34mINFO[0;39m [36mliquibase.util                          [0;39m [35m:37  [0;39m Run:                          0
[2025-04-18 14:45:15] [34mINFO[0;39m [36mliquibase.util                          [0;39m [35m:37  [0;39m Previously run:             362
[2025-04-18 14:45:15] [34mINFO[0;39m [36mliquibase.util                          [0;39m [35m:37  [0;39m Filtered out:                 0
[2025-04-18 14:45:15] [34mINFO[0;39m [36mliquibase.util                          [0;39m [35m:37  [0;39m -------------------------------
[2025-04-18 14:45:15] [34mINFO[0;39m [36mliquibase.util                          [0;39m [35m:37  [0;39m Total change sets:          362
[2025-04-18 14:45:15] [34mINFO[0;39m [36mliquibase.util                          [0;39m [35m:37  [0;39m Update summary generated
[2025-04-18 14:45:15] [34mINFO[0;39m [36mliquibase.command                       [0;39m [35m:37  [0;39m Update command completed successfully.
[2025-04-18 14:45:15] [34mINFO[0;39m [36mliquibase.ui                            [0;39m [35m:37  [0;39m Liquibase: Update has been successful. Rows affected: 0
[2025-04-18 14:45:15] [34mINFO[0;39m [36mliquibase.lockservice                   [0;39m [35m:37  [0;39m Successfully released change log lock
[2025-04-18 14:45:15] [34mINFO[0;39m [36mliquibase.command                       [0;39m [35m:37  [0;39m Command execution complete
[2025-04-18 14:45:15] [34mINFO[0;39m [36mo.hibernate.jpa.internal.util.LogHelper [0;39m [35m:31  [0;39m HHH000204: Processing PersistenceUnitInfo [name: default]
[2025-04-18 14:45:15] [34mINFO[0;39m [36mo.h.c.internal.RegionFactoryInitiator   [0;39m [35m:50  [0;39m HHH000026: Second-level cache disabled
[2025-04-18 14:45:15] [34mINFO[0;39m [36mo.s.o.j.p.SpringPersistenceUnitInfo     [0;39m [35m:87  [0;39m No LoadTimeWeaver setup: ignoring JPA class transformer
[2025-04-18 14:45:15] [34mINFO[0;39m [36mcom.zaxxer.hikari.HikariDataSource      [0;39m [35m:110 [0;39m HikariPool-4 - Starting...
[2025-04-18 14:45:15] [34mINFO[0;39m [36mcom.zaxxer.hikari.pool.HikariPool       [0;39m [35m:565 [0;39m HikariPool-4 - Added connection org.postgresql.jdbc.PgConnection@8034a32
[2025-04-18 14:45:15] [34mINFO[0;39m [36mcom.zaxxer.hikari.HikariDataSource      [0;39m [35m:123 [0;39m HikariPool-4 - Start completed.
[2025-04-18 14:45:16] [31mWARN[0;39m [36morg.hibernate.mapping.RootClass         [0;39m [35m:341 [0;39m HHH000038: Composite-id class does not override equals(): greencity.entity.user.employee.EmployeeFilterViewId
[2025-04-18 14:45:16] [31mWARN[0;39m [36morg.hibernate.mapping.RootClass         [0;39m [35m:344 [0;39m HHH000039: Composite-id class does not override hashCode(): greencity.entity.user.employee.EmployeeFilterViewId
[2025-04-18 14:45:17] [31mWARN[0;39m [36mo.h.metamodel.internal.MetadataContext  [0;39m [35m:727 [0;39m HHH015011: Unable to locate static metamodel field : greencity.entity.user.employee.EmployeeFilterViewId_#employeeId; this may or may not indicate a problem with the static metamodel
[2025-04-18 14:45:17] [31mWARN[0;39m [36mo.h.metamodel.internal.MetadataContext  [0;39m [35m:727 [0;39m HHH015011: Unable to locate static metamodel field : greencity.entity.user.employee.EmployeeFilterViewId_#positionId; this may or may not indicate a problem with the static metamodel
[2025-04-18 14:45:17] [34mINFO[0;39m [36mo.h.e.t.j.p.i.JtaPlatformInitiator      [0;39m [35m:58  [0;39m HHH000489: No JTA platform available (set 'hibernate.transaction.jta.platform' to enable JTA platform integration)
[2025-04-18 14:45:17] [34mINFO[0;39m [36mj.LocalContainerEntityManagerFactoryBean[0;39m [35m:437 [0;39m Initialized JPA EntityManagerFactory for persistence unit 'default'
[2025-04-18 14:45:17] [31mWARN[0;39m [36mJpaBaseConfiguration$JpaWebConfiguration[0;39m [35m:232 [0;39m spring.jpa.open-in-view is enabled by default. Therefore, database queries may be performed during view rendering. Explicitly configure spring.jpa.open-in-view to disable this warning
[2025-04-18 14:45:17] [31mWARN[0;39m [36mo.s.b.d.a.OptionalLiveReloadServer      [0;39m [35m:62  [0;39m Unable to start LiveReload server
[2025-04-18 14:45:21] [34mINFO[0;39m [36mo.s.s.web.DefaultSecurityFilterChain    [0;39m [35m:54  [0;39m Will secure any request with [org.springframework.security.web.session.DisableEncodeUrlFilter@6b0c17f1, org.springframework.security.web.context.request.async.WebAsyncManagerIntegrationFilter@1b63d7a, org.springframework.security.web.context.SecurityContextHolderFilter@6c0c9d17, org.springframework.security.web.header.HeaderWriterFilter@1b9c8e06, org.springframework.web.filter.CorsFilter@3bdfd80f, org.springframework.security.web.authentication.logout.LogoutFilter@a2c0f8d, greencity.security.filters.AccessTokenAuthenticationFilter@2ea95f10, org.springframework.security.web.savedrequest.RequestCacheAwareFilter@70b89005, org.springframework.security.web.servletapi.SecurityContextHolderAwareRequestFilter@fabdcaa, org.springframework.security.web.authentication.AnonymousAuthenticationFilter@259166ab, org.springframework.security.web.session.SessionManagementFilter@6d0c1d5d, org.springframework.security.web.access.ExceptionTranslationFilter@53a9e02b, org.springframework.security.web.access.intercept.AuthorizationFilter@6f3f4b97]
[2025-04-18 14:45:21] [31mWARN[0;39m [36mo.s.s.c.a.web.builders.WebSecurity      [0;39m [35m:289 [0;39m You are asking Spring Security to ignore Mvc [pattern='/ubs/receivePayment']. This is not recommended -- please use permitAll via HttpSecurity#authorizeHttpRequests instead.
[2025-04-18 14:45:21] [34mINFO[0;39m [36mo.s.s.web.DefaultSecurityFilterChain    [0;39m [35m:51  [0;39m Will not secure Mvc [pattern='/ubs/receivePayment']
[2025-04-18 14:45:21] [31mWARN[0;39m [36mo.s.s.c.a.web.builders.WebSecurity      [0;39m [35m:289 [0;39m You are asking Spring Security to ignore Mvc [pattern='/ubs/monobank/payments']. This is not recommended -- please use permitAll via HttpSecurity#authorizeHttpRequests instead.
[2025-04-18 14:45:21] [34mINFO[0;39m [36mo.s.s.web.DefaultSecurityFilterChain    [0;39m [35m:51  [0;39m Will not secure Mvc [pattern='/ubs/monobank/payments']
[2025-04-18 14:45:21] [31mWARN[0;39m [36mion$DefaultTemplateResolverConfiguration[0;39m [35m:101 [0;39m Cannot find template location: classpath:/templates/ (please add some templates, check your Thymeleaf configuration, or set spring.thymeleaf.check-template-location=false)
[2025-04-18 14:45:21] [34mINFO[0;39m [36mo.apache.coyote.http11.Http11NioProtocol[0;39m [35m:173 [0;39m Starting ProtocolHandler ["http-nio-8050"]
[2025-04-18 14:45:21] [34mINFO[0;39m [36mo.s.b.w.embedded.tomcat.TomcatWebServer [0;39m [35m:241 [0;39m Tomcat started on port 8050 (http) with context path ''
[2025-04-18 14:45:21] [34mINFO[0;39m [36mgreencity.UbsApplication                [0;39m [35m:56  [0;39m Started UbsApplication in 12.231 seconds (process running for 140461.659)
[2025-04-18 14:45:21] [34mINFO[0;39m [36mg.service.ubs.OrderLockServiceImpl      [0;39m [35m:60  [0;39m Time: 2025-04-18T14:40:21.713540800
[2025-04-18 14:45:21] [34mINFO[0;39m [36m.ConditionEvaluationDeltaLoggingListener[0;39m [35m:63  [0;39m Condition evaluation unchanged
[2025-04-18 14:45:21] [34mINFO[0;39m [36mg.service.ubs.OrderLockServiceImpl      [0;39m [35m:62  [0;39m Unlock orders
[2025-04-18 14:45:21] [34mINFO[0;39m [36mg.n.scheduler.NotificationTaskScheduler [0;39m [35m:39  [0;39m Failed to start scheduled notificator with type VIOLATION_THE_RULES because cron is incorrect or template is inactive.
[2025-04-18 14:45:21] [34mINFO[0;39m [36mg.n.scheduler.NotificationTaskScheduler [0;39m [35m:39  [0;39m Failed to start scheduled notificator with type CANCELED_VIOLATION_THE_RULES_BY_THE_MANAGER because cron is incorrect or template is inactive.
[2025-04-18 14:45:21] [34mINFO[0;39m [36mg.n.scheduler.NotificationTaskScheduler [0;39m [35m:39  [0;39m Failed to start scheduled notificator with type ORDER_STATUS_CHANGED because cron is incorrect or template is inactive.
[2025-04-18 14:45:21] [34mINFO[0;39m [36mg.n.scheduler.NotificationTaskScheduler [0;39m [35m:39  [0;39m Failed to start scheduled notificator with type CHANGED_IN_RULE_VIOLATION_STATUS because cron is incorrect or template is inactive.
[2025-04-18 14:45:21] [34mINFO[0;39m [36mg.n.scheduler.NotificationTaskScheduler [0;39m [35m:39  [0;39m Failed to start scheduled notificator with type COURIER_ITINERARY_FORMED because cron is incorrect or template is inactive.
[2025-04-18 14:45:21] [34mINFO[0;39m [36mg.n.scheduler.NotificationTaskScheduler [0;39m [35m:39  [0;39m Failed to start scheduled notificator with type DONE_OR_CANCELED_UNPAID_ORDER because cron is incorrect or template is inactive.
[2025-04-18 14:45:21] [34mINFO[0;39m [36mg.n.scheduler.NotificationTaskScheduler [0;39m [35m:39  [0;39m Failed to start scheduled notificator with type HALF_PAID_ORDER_WITH_STATUS_BROUGHT_BY_HIMSELF because cron is incorrect or template is inactive.
[2025-04-18 14:45:21] [34mINFO[0;39m [36mg.n.scheduler.NotificationTaskScheduler [0;39m [35m:29  [0;39m Scheduled notificator for LETS_STAY_CONNECTED notification template by 0 0 18 * * ? cron
[2025-04-18 14:45:21] [34mINFO[0;39m [36mg.n.scheduler.NotificationTaskScheduler [0;39m [35m:29  [0;39m Scheduled notificator for UNPAID_ORDER notification template by 0 0 18 * * ? cron
[2025-04-18 14:45:21] [34mINFO[0;39m [36mg.n.scheduler.NotificationTaskScheduler [0;39m [35m:39  [0;39m Failed to start scheduled notificator with type UNPAID_PACKAGE because cron is incorrect or template is inactive.
[2025-04-18 14:45:23] [34mINFO[0;39m [36mrtingClassPathChangeChangedEventListener[0;39m [35m:211 [0;39m Restarting due to 2 class path changes (2 additions, 0 deletions, 0 modifications)
[2025-04-18 14:45:23] [34mINFO[0;39m [36mo.apache.coyote.http11.Http11NioProtocol[0;39m [35m:173 [0;39m Stopping ProtocolHandler ["http-nio-8050"]
[2025-04-18 14:45:23] [34mINFO[0;39m [36mj.LocalContainerEntityManagerFactoryBean[0;39m [35m:650 [0;39m Closing JPA EntityManagerFactory for persistence unit 'default'
[2025-04-18 14:45:23] [34mINFO[0;39m [36mcom.zaxxer.hikari.HikariDataSource      [0;39m [35m:350 [0;39m HikariPool-4 - Shutdown initiated...
[2025-04-18 14:45:23] [34mINFO[0;39m [36mcom.zaxxer.hikari.HikariDataSource      [0;39m [35m:352 [0;39m HikariPool-4 - Shutdown completed.
[2025-04-18 14:45:23] [34mINFO[0;39m [36mgreencity.UbsApplication                [0;39m [35m:50  [0;39m Starting UbsApplication using Java 21.0.5 with PID 15056 (C:\Users\o.bulhakova\IdeaProjects\project\GreenCityUBS\core\target\classes started by o.bulhakova in C:\Users\o.bulhakova\IdeaProjects\project\GreenCityUBS)
[2025-04-18 14:45:23] [34mINFO[0;39m [36mgreencity.UbsApplication                [0;39m [35m:660 [0;39m The following 1 profile is active: "dev"
[2025-04-18 14:45:24] [34mINFO[0;39m [36m.s.d.r.c.RepositoryConfigurationDelegate[0;39m [35m:139 [0;39m Bootstrapping Spring Data JPA repositories in DEFAULT mode.
[2025-04-18 14:45:25] [34mINFO[0;39m [36m.s.d.r.c.RepositoryConfigurationDelegate[0;39m [35m:208 [0;39m Finished Spring Data repository scanning in 288 ms. Found 36 JPA repository interfaces.
[2025-04-18 14:45:25] [34mINFO[0;39m [36mo.s.cloud.context.scope.GenericScope    [0;39m [35m:282 [0;39m BeanFactory id=946dfe5b-ebbd-3bb0-96ba-f3cc67a34d79
[2025-04-18 14:45:25] [34mINFO[0;39m [36mo.s.b.w.embedded.tomcat.TomcatWebServer [0;39m [35m:109 [0;39m Tomcat initialized with port 8050 (http)
[2025-04-18 14:45:25] [34mINFO[0;39m [36mo.apache.coyote.http11.Http11NioProtocol[0;39m [35m:173 [0;39m Initializing ProtocolHandler ["http-nio-8050"]
[2025-04-18 14:45:25] [34mINFO[0;39m [36mo.apache.catalina.core.StandardService  [0;39m [35m:173 [0;39m Starting service [Tomcat]
[2025-04-18 14:45:25] [34mINFO[0;39m [36morg.apache.catalina.core.StandardEngine [0;39m [35m:173 [0;39m Starting Servlet engine: [Apache Tomcat/10.1.18]
[2025-04-18 14:45:25] [34mINFO[0;39m [36mo.a.c.c.C.[Tomcat].[localhost].[/]      [0;39m [35m:173 [0;39m Initializing Spring embedded WebApplicationContext
[2025-04-18 14:45:25] [34mINFO[0;39m [36mw.s.c.ServletWebServerApplicationContext[0;39m [35m:296 [0;39m Root WebApplicationContext: initialization completed in 2024 ms
[2025-04-18 14:45:25] [34mINFO[0;39m [36mliquibase.database                      [0;39m [35m:37  [0;39m Set default schema name to public
[2025-04-18 14:45:29] [34mINFO[0;39m [36mliquibase.changelog                     [0;39m [35m:37  [0;39m Reading from public.databasechangelog
[2025-04-18 14:45:29] [34mINFO[0;39m [36mliquibase.lockservice                   [0;39m [35m:37  [0;39m Successfully acquired change log lock
[2025-04-18 14:45:29] [34mINFO[0;39m [36mliquibase.command                       [0;39m [35m:37  [0;39m Using deploymentId: 4976729586
[2025-04-18 14:45:29] [34mINFO[0;39m [36mliquibase.changelog                     [0;39m [35m:37  [0;39m Reading from public.databasechangelog
[2025-04-18 14:45:29] [34mINFO[0;39m [36mliquibase.util                          [0;39m [35m:37  [0;39m UPDATE SUMMARY
[2025-04-18 14:45:29] [34mINFO[0;39m [36mliquibase.util                          [0;39m [35m:37  [0;39m Run:                          0
[2025-04-18 14:45:29] [34mINFO[0;39m [36mliquibase.util                          [0;39m [35m:37  [0;39m Previously run:             362
[2025-04-18 14:45:29] [34mINFO[0;39m [36mliquibase.util                          [0;39m [35m:37  [0;39m Filtered out:                 0
[2025-04-18 14:45:29] [34mINFO[0;39m [36mliquibase.util                          [0;39m [35m:37  [0;39m -------------------------------
[2025-04-18 14:45:29] [34mINFO[0;39m [36mliquibase.util                          [0;39m [35m:37  [0;39m Total change sets:          362
[2025-04-18 14:45:29] [34mINFO[0;39m [36mliquibase.util                          [0;39m [35m:37  [0;39m Update summary generated
[2025-04-18 14:45:29] [34mINFO[0;39m [36mliquibase.command                       [0;39m [35m:37  [0;39m Update command completed successfully.
[2025-04-18 14:45:29] [34mINFO[0;39m [36mliquibase.ui                            [0;39m [35m:37  [0;39m Liquibase: Update has been successful. Rows affected: 0
[2025-04-18 14:45:29] [34mINFO[0;39m [36mliquibase.lockservice                   [0;39m [35m:37  [0;39m Successfully released change log lock
[2025-04-18 14:45:29] [34mINFO[0;39m [36mliquibase.command                       [0;39m [35m:37  [0;39m Command execution complete
[2025-04-18 14:45:29] [34mINFO[0;39m [36mo.hibernate.jpa.internal.util.LogHelper [0;39m [35m:31  [0;39m HHH000204: Processing PersistenceUnitInfo [name: default]
[2025-04-18 14:45:29] [34mINFO[0;39m [36mo.h.c.internal.RegionFactoryInitiator   [0;39m [35m:50  [0;39m HHH000026: Second-level cache disabled
[2025-04-18 14:45:29] [34mINFO[0;39m [36mo.s.o.j.p.SpringPersistenceUnitInfo     [0;39m [35m:87  [0;39m No LoadTimeWeaver setup: ignoring JPA class transformer
[2025-04-18 14:45:29] [34mINFO[0;39m [36mcom.zaxxer.hikari.HikariDataSource      [0;39m [35m:110 [0;39m HikariPool-5 - Starting...
[2025-04-18 14:45:29] [34mINFO[0;39m [36mcom.zaxxer.hikari.pool.HikariPool       [0;39m [35m:565 [0;39m HikariPool-5 - Added connection org.postgresql.jdbc.PgConnection@7fe83307
[2025-04-18 14:45:29] [34mINFO[0;39m [36mcom.zaxxer.hikari.HikariDataSource      [0;39m [35m:123 [0;39m HikariPool-5 - Start completed.
[2025-04-18 14:45:30] [31mWARN[0;39m [36morg.hibernate.mapping.RootClass         [0;39m [35m:341 [0;39m HHH000038: Composite-id class does not override equals(): greencity.entity.user.employee.EmployeeFilterViewId
[2025-04-18 14:45:30] [31mWARN[0;39m [36morg.hibernate.mapping.RootClass         [0;39m [35m:344 [0;39m HHH000039: Composite-id class does not override hashCode(): greencity.entity.user.employee.EmployeeFilterViewId
[2025-04-18 14:45:31] [31mWARN[0;39m [36mo.h.metamodel.internal.MetadataContext  [0;39m [35m:727 [0;39m HHH015011: Unable to locate static metamodel field : greencity.entity.user.employee.EmployeeFilterViewId_#employeeId; this may or may not indicate a problem with the static metamodel
[2025-04-18 14:45:31] [31mWARN[0;39m [36mo.h.metamodel.internal.MetadataContext  [0;39m [35m:727 [0;39m HHH015011: Unable to locate static metamodel field : greencity.entity.user.employee.EmployeeFilterViewId_#positionId; this may or may not indicate a problem with the static metamodel
[2025-04-18 14:45:31] [34mINFO[0;39m [36mo.h.e.t.j.p.i.JtaPlatformInitiator      [0;39m [35m:58  [0;39m HHH000489: No JTA platform available (set 'hibernate.transaction.jta.platform' to enable JTA platform integration)
[2025-04-18 14:45:31] [34mINFO[0;39m [36mj.LocalContainerEntityManagerFactoryBean[0;39m [35m:437 [0;39m Initialized JPA EntityManagerFactory for persistence unit 'default'
[2025-04-18 14:45:31] [31mWARN[0;39m [36mJpaBaseConfiguration$JpaWebConfiguration[0;39m [35m:232 [0;39m spring.jpa.open-in-view is enabled by default. Therefore, database queries may be performed during view rendering. Explicitly configure spring.jpa.open-in-view to disable this warning
[2025-04-18 14:45:31] [31mWARN[0;39m [36mo.s.b.d.a.OptionalLiveReloadServer      [0;39m [35m:62  [0;39m Unable to start LiveReload server
[2025-04-18 14:45:35] [34mINFO[0;39m [36mo.s.s.web.DefaultSecurityFilterChain    [0;39m [35m:54  [0;39m Will secure any request with [org.springframework.security.web.session.DisableEncodeUrlFilter@71e83f79, org.springframework.security.web.context.request.async.WebAsyncManagerIntegrationFilter@61200018, org.springframework.security.web.context.SecurityContextHolderFilter@10571df4, org.springframework.security.web.header.HeaderWriterFilter@9ba5e81, org.springframework.web.filter.CorsFilter@62e1b0cf, org.springframework.security.web.authentication.logout.LogoutFilter@3ad541b5, greencity.security.filters.AccessTokenAuthenticationFilter@2a8954c4, org.springframework.security.web.savedrequest.RequestCacheAwareFilter@55df0aa8, org.springframework.security.web.servletapi.SecurityContextHolderAwareRequestFilter@e4a18c4, org.springframework.security.web.authentication.AnonymousAuthenticationFilter@1aaab51b, org.springframework.security.web.session.SessionManagementFilter@3b34e4f5, org.springframework.security.web.access.ExceptionTranslationFilter@288db81e, org.springframework.security.web.access.intercept.AuthorizationFilter@49a0200f]
[2025-04-18 14:45:35] [31mWARN[0;39m [36mo.s.s.c.a.web.builders.WebSecurity      [0;39m [35m:289 [0;39m You are asking Spring Security to ignore Mvc [pattern='/ubs/receivePayment']. This is not recommended -- please use permitAll via HttpSecurity#authorizeHttpRequests instead.
[2025-04-18 14:45:35] [34mINFO[0;39m [36mo.s.s.web.DefaultSecurityFilterChain    [0;39m [35m:51  [0;39m Will not secure Mvc [pattern='/ubs/receivePayment']
[2025-04-18 14:45:35] [31mWARN[0;39m [36mo.s.s.c.a.web.builders.WebSecurity      [0;39m [35m:289 [0;39m You are asking Spring Security to ignore Mvc [pattern='/ubs/monobank/payments']. This is not recommended -- please use permitAll via HttpSecurity#authorizeHttpRequests instead.
[2025-04-18 14:45:35] [34mINFO[0;39m [36mo.s.s.web.DefaultSecurityFilterChain    [0;39m [35m:51  [0;39m Will not secure Mvc [pattern='/ubs/monobank/payments']
[2025-04-18 14:45:35] [31mWARN[0;39m [36mion$DefaultTemplateResolverConfiguration[0;39m [35m:101 [0;39m Cannot find template location: classpath:/templates/ (please add some templates, check your Thymeleaf configuration, or set spring.thymeleaf.check-template-location=false)
[2025-04-18 14:45:35] [34mINFO[0;39m [36mo.apache.coyote.http11.Http11NioProtocol[0;39m [35m:173 [0;39m Starting ProtocolHandler ["http-nio-8050"]
[2025-04-18 14:45:35] [34mINFO[0;39m [36mo.s.b.w.embedded.tomcat.TomcatWebServer [0;39m [35m:241 [0;39m Tomcat started on port 8050 (http) with context path ''
[2025-04-18 14:45:35] [34mINFO[0;39m [36mgreencity.UbsApplication                [0;39m [35m:56  [0;39m Started UbsApplication in 12.078 seconds (process running for 140475.553)
[2025-04-18 14:45:35] [34mINFO[0;39m [36mg.service.ubs.OrderLockServiceImpl      [0;39m [35m:60  [0;39m Time: 2025-04-18T14:40:35.607668800
[2025-04-18 14:45:35] [34mINFO[0;39m [36m.ConditionEvaluationDeltaLoggingListener[0;39m [35m:63  [0;39m Condition evaluation unchanged
[2025-04-18 14:45:35] [34mINFO[0;39m [36mg.service.ubs.OrderLockServiceImpl      [0;39m [35m:62  [0;39m Unlock orders
[2025-04-18 14:45:35] [34mINFO[0;39m [36mg.n.scheduler.NotificationTaskScheduler [0;39m [35m:39  [0;39m Failed to start scheduled notificator with type VIOLATION_THE_RULES because cron is incorrect or template is inactive.
[2025-04-18 14:45:35] [34mINFO[0;39m [36mg.n.scheduler.NotificationTaskScheduler [0;39m [35m:39  [0;39m Failed to start scheduled notificator with type CANCELED_VIOLATION_THE_RULES_BY_THE_MANAGER because cron is incorrect or template is inactive.
[2025-04-18 14:45:35] [34mINFO[0;39m [36mg.n.scheduler.NotificationTaskScheduler [0;39m [35m:39  [0;39m Failed to start scheduled notificator with type ORDER_STATUS_CHANGED because cron is incorrect or template is inactive.
[2025-04-18 14:45:35] [34mINFO[0;39m [36mg.n.scheduler.NotificationTaskScheduler [0;39m [35m:39  [0;39m Failed to start scheduled notificator with type CHANGED_IN_RULE_VIOLATION_STATUS because cron is incorrect or template is inactive.
[2025-04-18 14:45:35] [34mINFO[0;39m [36mg.n.scheduler.NotificationTaskScheduler [0;39m [35m:39  [0;39m Failed to start scheduled notificator with type COURIER_ITINERARY_FORMED because cron is incorrect or template is inactive.
[2025-04-18 14:45:35] [34mINFO[0;39m [36mg.n.scheduler.NotificationTaskScheduler [0;39m [35m:39  [0;39m Failed to start scheduled notificator with type DONE_OR_CANCELED_UNPAID_ORDER because cron is incorrect or template is inactive.
[2025-04-18 14:45:35] [34mINFO[0;39m [36mg.n.scheduler.NotificationTaskScheduler [0;39m [35m:39  [0;39m Failed to start scheduled notificator with type HALF_PAID_ORDER_WITH_STATUS_BROUGHT_BY_HIMSELF because cron is incorrect or template is inactive.
[2025-04-18 14:45:35] [34mINFO[0;39m [36mg.n.scheduler.NotificationTaskScheduler [0;39m [35m:29  [0;39m Scheduled notificator for LETS_STAY_CONNECTED notification template by 0 0 18 * * ? cron
[2025-04-18 14:45:35] [34mINFO[0;39m [36mg.n.scheduler.NotificationTaskScheduler [0;39m [35m:29  [0;39m Scheduled notificator for UNPAID_ORDER notification template by 0 0 18 * * ? cron
[2025-04-18 14:45:35] [34mINFO[0;39m [36mg.n.scheduler.NotificationTaskScheduler [0;39m [35m:39  [0;39m Failed to start scheduled notificator with type UNPAID_PACKAGE because cron is incorrect or template is inactive.
[2025-04-18 14:46:35] [34mINFO[0;39m [36mg.service.ubs.OrderLockServiceImpl      [0;39m [35m:60  [0;39m Time: 2025-04-18T14:41:35.615853400
[2025-04-18 14:46:35] [34mINFO[0;39m [36mg.service.ubs.OrderLockServiceImpl      [0;39m [35m:62  [0;39m Unlock orders
[2025-04-18 14:47:35] [34mINFO[0;39m [36mg.service.ubs.OrderLockServiceImpl      [0;39m [35m:60  [0;39m Time: 2025-04-18T14:42:35.611217700
[2025-04-18 14:47:35] [34mINFO[0;39m [36mg.service.ubs.OrderLockServiceImpl      [0;39m [35m:62  [0;39m Unlock orders
[2025-04-18 14:48:35] [34mINFO[0;39m [36mg.service.ubs.OrderLockServiceImpl      [0;39m [35m:60  [0;39m Time: 2025-04-18T14:43:35.617459200
[2025-04-18 14:48:35] [34mINFO[0;39m [36mg.service.ubs.OrderLockServiceImpl      [0;39m [35m:62  [0;39m Unlock orders
[2025-04-18 14:49:35] [34mINFO[0;39m [36mg.service.ubs.OrderLockServiceImpl      [0;39m [35m:60  [0;39m Time: 2025-04-18T14:44:35.614986700
[2025-04-18 14:49:35] [34mINFO[0;39m [36mg.service.ubs.OrderLockServiceImpl      [0;39m [35m:62  [0;39m Unlock orders
[2025-04-18 14:50:35] [34mINFO[0;39m [36mg.service.ubs.OrderLockServiceImpl      [0;39m [35m:60  [0;39m Time: 2025-04-18T14:45:35.615761400
[2025-04-18 14:50:35] [34mINFO[0;39m [36mg.service.ubs.OrderLockServiceImpl      [0;39m [35m:62  [0;39m Unlock orders
[2025-04-18 14:51:35] [34mINFO[0;39m [36mg.service.ubs.OrderLockServiceImpl      [0;39m [35m:60  [0;39m Time: 2025-04-18T14:46:35.621772700
[2025-04-18 14:51:35] [34mINFO[0;39m [36mg.service.ubs.OrderLockServiceImpl      [0;39m [35m:62  [0;39m Unlock orders
[2025-04-18 14:52:35] [34mINFO[0;39m [36mg.service.ubs.OrderLockServiceImpl      [0;39m [35m:60  [0;39m Time: 2025-04-18T14:47:35.611666100
[2025-04-18 14:52:35] [34mINFO[0;39m [36mg.service.ubs.OrderLockServiceImpl      [0;39m [35m:62  [0;39m Unlock orders
[2025-04-18 14:53:35] [34mINFO[0;39m [36mg.service.ubs.OrderLockServiceImpl      [0;39m [35m:60  [0;39m Time: 2025-04-18T14:48:35.620787700
[2025-04-18 14:53:35] [34mINFO[0;39m [36mg.service.ubs.OrderLockServiceImpl      [0;39m [35m:62  [0;39m Unlock orders
[2025-04-18 14:54:35] [34mINFO[0;39m [36mg.service.ubs.OrderLockServiceImpl      [0;39m [35m:60  [0;39m Time: 2025-04-18T14:49:35.617009300
[2025-04-18 14:54:35] [34mINFO[0;39m [36mg.service.ubs.OrderLockServiceImpl      [0;39m [35m:62  [0;39m Unlock orders
[2025-04-18 14:55:35] [34mINFO[0;39m [36mg.service.ubs.OrderLockServiceImpl      [0;39m [35m:60  [0;39m Time: 2025-04-18T14:50:35.609256700
[2025-04-18 14:55:35] [34mINFO[0;39m [36mg.service.ubs.OrderLockServiceImpl      [0;39m [35m:62  [0;39m Unlock orders
[2025-04-18 14:56:35] [34mINFO[0;39m [36mg.service.ubs.OrderLockServiceImpl      [0;39m [35m:60  [0;39m Time: 2025-04-18T14:51:35.619247200
[2025-04-18 14:56:35] [34mINFO[0;39m [36mg.service.ubs.OrderLockServiceImpl      [0;39m [35m:62  [0;39m Unlock orders
[2025-04-18 14:57:35] [34mINFO[0;39m [36mg.service.ubs.OrderLockServiceImpl      [0;39m [35m:60  [0;39m Time: 2025-04-18T14:52:35.620380
[2025-04-18 14:57:35] [34mINFO[0;39m [36mg.service.ubs.OrderLockServiceImpl      [0;39m [35m:62  [0;39m Unlock orders
[2025-04-18 14:58:35] [34mINFO[0;39m [36mg.service.ubs.OrderLockServiceImpl      [0;39m [35m:60  [0;39m Time: 2025-04-18T14:53:35.607737800
[2025-04-18 14:58:35] [34mINFO[0;39m [36mg.service.ubs.OrderLockServiceImpl      [0;39m [35m:62  [0;39m Unlock orders
[2025-04-18 14:59:35] [34mINFO[0;39m [36mg.service.ubs.OrderLockServiceImpl      [0;39m [35m:60  [0;39m Time: 2025-04-18T14:54:35.612477500
[2025-04-18 14:59:35] [34mINFO[0;39m [36mg.service.ubs.OrderLockServiceImpl      [0;39m [35m:62  [0;39m Unlock orders
[2025-04-18 15:00:35] [34mINFO[0;39m [36mg.service.ubs.OrderLockServiceImpl      [0;39m [35m:60  [0;39m Time: 2025-04-18T14:55:35.619614300
[2025-04-18 15:00:35] [34mINFO[0;39m [36mg.service.ubs.OrderLockServiceImpl      [0;39m [35m:62  [0;39m Unlock orders
[2025-04-18 15:01:35] [34mINFO[0;39m [36mg.service.ubs.OrderLockServiceImpl      [0;39m [35m:60  [0;39m Time: 2025-04-18T14:56:35.617056
[2025-04-18 15:01:35] [34mINFO[0;39m [36mg.service.ubs.OrderLockServiceImpl      [0;39m [35m:62  [0;39m Unlock orders
[2025-04-18 15:02:35] [34mINFO[0;39m [36mg.service.ubs.OrderLockServiceImpl      [0;39m [35m:60  [0;39m Time: 2025-04-18T14:57:35.611797800
[2025-04-18 15:02:35] [34mINFO[0;39m [36mg.service.ubs.OrderLockServiceImpl      [0;39m [35m:62  [0;39m Unlock orders
[2025-04-18 15:03:35] [34mINFO[0;39m [36mg.service.ubs.OrderLockServiceImpl      [0;39m [35m:60  [0;39m Time: 2025-04-18T14:58:35.615799900
[2025-04-18 15:03:35] [34mINFO[0;39m [36mg.service.ubs.OrderLockServiceImpl      [0;39m [35m:62  [0;39m Unlock orders
[2025-04-18 15:04:35] [34mINFO[0;39m [36mg.service.ubs.OrderLockServiceImpl      [0;39m [35m:60  [0;39m Time: 2025-04-18T14:59:35.619658400
[2025-04-18 15:04:35] [34mINFO[0;39m [36mg.service.ubs.OrderLockServiceImpl      [0;39m [35m:62  [0;39m Unlock orders
[2025-04-18 15:05:35] [34mINFO[0;39m [36mg.service.ubs.OrderLockServiceImpl      [0;39m [35m:60  [0;39m Time: 2025-04-18T15:00:35.608530700
[2025-04-18 15:05:35] [34mINFO[0;39m [36mg.service.ubs.OrderLockServiceImpl      [0;39m [35m:62  [0;39m Unlock orders
[2025-04-18 15:06:35] [34mINFO[0;39m [36mg.service.ubs.OrderLockServiceImpl      [0;39m [35m:60  [0;39m Time: 2025-04-18T15:01:35.616714100
[2025-04-18 15:06:35] [34mINFO[0;39m [36mg.service.ubs.OrderLockServiceImpl      [0;39m [35m:62  [0;39m Unlock orders
[2025-04-18 15:07:35] [34mINFO[0;39m [36mg.service.ubs.OrderLockServiceImpl      [0;39m [35m:60  [0;39m Time: 2025-04-18T15:02:35.624918800
[2025-04-18 15:07:35] [34mINFO[0;39m [36mg.service.ubs.OrderLockServiceImpl      [0;39m [35m:62  [0;39m Unlock orders
[2025-04-18 15:08:35] [34mINFO[0;39m [36mg.service.ubs.OrderLockServiceImpl      [0;39m [35m:60  [0;39m Time: 2025-04-18T15:03:35.618288300
[2025-04-18 15:08:35] [34mINFO[0;39m [36mg.service.ubs.OrderLockServiceImpl      [0;39m [35m:62  [0;39m Unlock orders
[2025-04-18 15:09:35] [34mINFO[0;39m [36mg.service.ubs.OrderLockServiceImpl      [0;39m [35m:60  [0;39m Time: 2025-04-18T15:04:35.620568300
[2025-04-18 15:09:35] [34mINFO[0;39m [36mg.service.ubs.OrderLockServiceImpl      [0;39m [35m:62  [0;39m Unlock orders
[2025-04-18 15:10:35] [34mINFO[0;39m [36mg.service.ubs.OrderLockServiceImpl      [0;39m [35m:60  [0;39m Time: 2025-04-18T15:05:35.606507100
[2025-04-18 15:10:35] [34mINFO[0;39m [36mg.service.ubs.OrderLockServiceImpl      [0;39m [35m:62  [0;39m Unlock orders
[2025-04-18 15:11:35] [34mINFO[0;39m [36mg.service.ubs.OrderLockServiceImpl      [0;39m [35m:60  [0;39m Time: 2025-04-18T15:06:35.614749400
[2025-04-18 15:11:35] [34mINFO[0;39m [36mg.service.ubs.OrderLockServiceImpl      [0;39m [35m:62  [0;39m Unlock orders
[2025-04-18 15:12:35] [34mINFO[0;39m [36mg.service.ubs.OrderLockServiceImpl      [0;39m [35m:60  [0;39m Time: 2025-04-18T15:07:35.617389200
[2025-04-18 15:12:35] [34mINFO[0;39m [36mg.service.ubs.OrderLockServiceImpl      [0;39m [35m:62  [0;39m Unlock orders
[2025-04-18 15:13:35] [34mINFO[0;39m [36mg.service.ubs.OrderLockServiceImpl      [0;39m [35m:60  [0;39m Time: 2025-04-18T15:08:35.610115300
[2025-04-18 15:13:35] [34mINFO[0;39m [36mg.service.ubs.OrderLockServiceImpl      [0;39m [35m:62  [0;39m Unlock orders
[2025-04-18 15:14:35] [34mINFO[0;39m [36mg.service.ubs.OrderLockServiceImpl      [0;39m [35m:60  [0;39m Time: 2025-04-18T15:09:35.618995500
[2025-04-18 15:14:35] [34mINFO[0;39m [36mg.service.ubs.OrderLockServiceImpl      [0;39m [35m:62  [0;39m Unlock orders
[2025-04-18 15:15:35] [34mINFO[0;39m [36mg.service.ubs.OrderLockServiceImpl      [0;39m [35m:60  [0;39m Time: 2025-04-18T15:10:35.613742200
[2025-04-18 15:15:35] [34mINFO[0;39m [36mg.service.ubs.OrderLockServiceImpl      [0;39m [35m:62  [0;39m Unlock orders
[2025-04-18 15:16:35] [34mINFO[0;39m [36mg.service.ubs.OrderLockServiceImpl      [0;39m [35m:60  [0;39m Time: 2025-04-18T15:11:35.611222100
[2025-04-18 15:16:35] [34mINFO[0;39m [36mg.service.ubs.OrderLockServiceImpl      [0;39m [35m:62  [0;39m Unlock orders
[2025-04-18 15:17:35] [34mINFO[0;39m [36mg.service.ubs.OrderLockServiceImpl      [0;39m [35m:60  [0;39m Time: 2025-04-18T15:12:35.618355800
[2025-04-18 15:17:35] [34mINFO[0;39m [36mg.service.ubs.OrderLockServiceImpl      [0;39m [35m:62  [0;39m Unlock orders
[2025-04-18 15:18:35] [34mINFO[0;39m [36mg.service.ubs.OrderLockServiceImpl      [0;39m [35m:60  [0;39m Time: 2025-04-18T15:13:35.613055600
[2025-04-18 15:18:35] [34mINFO[0;39m [36mg.service.ubs.OrderLockServiceImpl      [0;39m [35m:62  [0;39m Unlock orders
[2025-04-18 15:19:35] [34mINFO[0;39m [36mg.service.ubs.OrderLockServiceImpl      [0;39m [35m:60  [0;39m Time: 2025-04-18T15:14:35.614327700
[2025-04-18 15:19:35] [34mINFO[0;39m [36mg.service.ubs.OrderLockServiceImpl      [0;39m [35m:62  [0;39m Unlock orders
[2025-04-18 15:20:35] [34mINFO[0;39m [36mg.service.ubs.OrderLockServiceImpl      [0;39m [35m:60  [0;39m Time: 2025-04-18T15:15:35.618895500
[2025-04-18 15:20:35] [34mINFO[0;39m [36mg.service.ubs.OrderLockServiceImpl      [0;39m [35m:62  [0;39m Unlock orders
[2025-04-18 15:21:35] [34mINFO[0;39m [36mg.service.ubs.OrderLockServiceImpl      [0;39m [35m:60  [0;39m Time: 2025-04-18T15:16:35.618131200
[2025-04-18 15:21:35] [34mINFO[0;39m [36mg.service.ubs.OrderLockServiceImpl      [0;39m [35m:62  [0;39m Unlock orders
[2025-04-18 15:22:35] [34mINFO[0;39m [36mg.service.ubs.OrderLockServiceImpl      [0;39m [35m:60  [0;39m Time: 2025-04-18T15:17:35.607405600
[2025-04-18 15:22:35] [34mINFO[0;39m [36mg.service.ubs.OrderLockServiceImpl      [0;39m [35m:62  [0;39m Unlock orders
[2025-04-18 15:23:35] [34mINFO[0;39m [36mg.service.ubs.OrderLockServiceImpl      [0;39m [35m:60  [0;39m Time: 2025-04-18T15:18:35.616004200
[2025-04-18 15:23:35] [34mINFO[0;39m [36mg.service.ubs.OrderLockServiceImpl      [0;39m [35m:62  [0;39m Unlock orders
[2025-04-18 15:24:35] [34mINFO[0;39m [36mg.service.ubs.OrderLockServiceImpl      [0;39m [35m:60  [0;39m Time: 2025-04-18T15:19:35.610348
[2025-04-18 15:24:35] [34mINFO[0;39m [36mg.service.ubs.OrderLockServiceImpl      [0;39m [35m:62  [0;39m Unlock orders
[2025-04-18 15:25:35] [34mINFO[0;39m [36mg.service.ubs.OrderLockServiceImpl      [0;39m [35m:60  [0;39m Time: 2025-04-18T15:20:35.608809800
[2025-04-18 15:25:35] [34mINFO[0;39m [36mg.service.ubs.OrderLockServiceImpl      [0;39m [35m:62  [0;39m Unlock orders
[2025-04-18 15:26:35] [34mINFO[0;39m [36mg.service.ubs.OrderLockServiceImpl      [0;39m [35m:60  [0;39m Time: 2025-04-18T15:21:35.609110600
[2025-04-18 15:26:35] [34mINFO[0;39m [36mg.service.ubs.OrderLockServiceImpl      [0;39m [35m:62  [0;39m Unlock orders
[2025-04-18 15:27:35] [34mINFO[0;39m [36mg.service.ubs.OrderLockServiceImpl      [0;39m [35m:60  [0;39m Time: 2025-04-18T15:22:35.617735300
[2025-04-18 15:27:35] [34mINFO[0;39m [36mg.service.ubs.OrderLockServiceImpl      [0;39m [35m:62  [0;39m Unlock orders
[2025-04-18 15:28:35] [34mINFO[0;39m [36mg.service.ubs.OrderLockServiceImpl      [0;39m [35m:60  [0;39m Time: 2025-04-18T15:23:35.613805900
[2025-04-18 15:28:35] [34mINFO[0;39m [36mg.service.ubs.OrderLockServiceImpl      [0;39m [35m:62  [0;39m Unlock orders
[2025-04-18 15:29:35] [34mINFO[0;39m [36mg.service.ubs.OrderLockServiceImpl      [0;39m [35m:60  [0;39m Time: 2025-04-18T15:24:35.617544
[2025-04-18 15:29:35] [34mINFO[0;39m [36mg.service.ubs.OrderLockServiceImpl      [0;39m [35m:62  [0;39m Unlock orders
[2025-04-18 15:30:35] [34mINFO[0;39m [36mg.service.ubs.OrderLockServiceImpl      [0;39m [35m:60  [0;39m Time: 2025-04-18T15:25:35.622151100
[2025-04-18 15:30:35] [34mINFO[0;39m [36mg.service.ubs.OrderLockServiceImpl      [0;39m [35m:62  [0;39m Unlock orders
[2025-04-18 15:31:35] [34mINFO[0;39m [36mg.service.ubs.OrderLockServiceImpl      [0;39m [35m:60  [0;39m Time: 2025-04-18T15:26:35.611201800
[2025-04-18 15:31:35] [34mINFO[0;39m [36mg.service.ubs.OrderLockServiceImpl      [0;39m [35m:62  [0;39m Unlock orders
[2025-04-18 15:32:35] [34mINFO[0;39m [36mg.service.ubs.OrderLockServiceImpl      [0;39m [35m:60  [0;39m Time: 2025-04-18T15:27:35.617902400
[2025-04-18 15:32:35] [34mINFO[0;39m [36mg.service.ubs.OrderLockServiceImpl      [0;39m [35m:62  [0;39m Unlock orders
[2025-04-18 15:33:35] [34mINFO[0;39m [36mg.service.ubs.OrderLockServiceImpl      [0;39m [35m:60  [0;39m Time: 2025-04-18T15:28:35.621768100
[2025-04-18 15:33:35] [34mINFO[0;39m [36mg.service.ubs.OrderLockServiceImpl      [0;39m [35m:62  [0;39m Unlock orders
[2025-04-18 15:34:35] [34mINFO[0;39m [36mg.service.ubs.OrderLockServiceImpl      [0;39m [35m:60  [0;39m Time: 2025-04-18T15:29:35.619513500
[2025-04-18 15:34:35] [34mINFO[0;39m [36mg.service.ubs.OrderLockServiceImpl      [0;39m [35m:62  [0;39m Unlock orders
[2025-04-18 15:35:35] [34mINFO[0;39m [36mg.service.ubs.OrderLockServiceImpl      [0;39m [35m:60  [0;39m Time: 2025-04-18T15:30:35.617105300
[2025-04-18 15:35:35] [34mINFO[0;39m [36mg.service.ubs.OrderLockServiceImpl      [0;39m [35m:62  [0;39m Unlock orders
[2025-04-18 15:36:35] [34mINFO[0;39m [36mg.service.ubs.OrderLockServiceImpl      [0;39m [35m:60  [0;39m Time: 2025-04-18T15:31:35.612877100
[2025-04-18 15:36:35] [34mINFO[0;39m [36mg.service.ubs.OrderLockServiceImpl      [0;39m [35m:62  [0;39m Unlock orders
[2025-04-18 15:37:35] [34mINFO[0;39m [36mg.service.ubs.OrderLockServiceImpl      [0;39m [35m:60  [0;39m Time: 2025-04-18T15:32:35.610123600
[2025-04-18 15:37:35] [34mINFO[0;39m [36mg.service.ubs.OrderLockServiceImpl      [0;39m [35m:62  [0;39m Unlock orders
[2025-04-18 15:38:35] [34mINFO[0;39m [36mg.service.ubs.OrderLockServiceImpl      [0;39m [35m:60  [0;39m Time: 2025-04-18T15:33:35.613529100
[2025-04-18 15:38:35] [34mINFO[0;39m [36mg.service.ubs.OrderLockServiceImpl      [0;39m [35m:62  [0;39m Unlock orders
[2025-04-18 15:39:35] [34mINFO[0;39m [36mg.service.ubs.OrderLockServiceImpl      [0;39m [35m:60  [0;39m Time: 2025-04-18T15:34:35.610503200
[2025-04-18 15:39:35] [34mINFO[0;39m [36mg.service.ubs.OrderLockServiceImpl      [0;39m [35m:62  [0;39m Unlock orders
[2025-04-18 15:40:35] [34mINFO[0;39m [36mg.service.ubs.OrderLockServiceImpl      [0;39m [35m:60  [0;39m Time: 2025-04-18T15:35:35.622312100
[2025-04-18 15:40:35] [34mINFO[0;39m [36mg.service.ubs.OrderLockServiceImpl      [0;39m [35m:62  [0;39m Unlock orders
[2025-04-18 15:41:35] [34mINFO[0;39m [36mg.service.ubs.OrderLockServiceImpl      [0;39m [35m:60  [0;39m Time: 2025-04-18T15:36:35.609935500
[2025-04-18 15:41:35] [34mINFO[0;39m [36mg.service.ubs.OrderLockServiceImpl      [0;39m [35m:62  [0;39m Unlock orders
[2025-04-18 15:42:35] [34mINFO[0;39m [36mg.service.ubs.OrderLockServiceImpl      [0;39m [35m:60  [0;39m Time: 2025-04-18T15:37:35.617017400
[2025-04-18 15:42:35] [34mINFO[0;39m [36mg.service.ubs.OrderLockServiceImpl      [0;39m [35m:62  [0;39m Unlock orders
[2025-04-18 15:43:35] [34mINFO[0;39m [36mg.service.ubs.OrderLockServiceImpl      [0;39m [35m:60  [0;39m Time: 2025-04-18T15:38:35.614724600
[2025-04-18 15:43:35] [34mINFO[0;39m [36mg.service.ubs.OrderLockServiceImpl      [0;39m [35m:62  [0;39m Unlock orders
[2025-04-18 15:44:35] [34mINFO[0;39m [36mg.service.ubs.OrderLockServiceImpl      [0;39m [35m:60  [0;39m Time: 2025-04-18T15:39:35.607421600
[2025-04-18 15:44:35] [34mINFO[0;39m [36mg.service.ubs.OrderLockServiceImpl      [0;39m [35m:62  [0;39m Unlock orders
[2025-04-18 15:45:35] [34mINFO[0;39m [36mg.service.ubs.OrderLockServiceImpl      [0;39m [35m:60  [0;39m Time: 2025-04-18T15:40:35.620651400
[2025-04-18 15:45:35] [34mINFO[0;39m [36mg.service.ubs.OrderLockServiceImpl      [0;39m [35m:62  [0;39m Unlock orders
[2025-04-18 15:46:35] [34mINFO[0;39m [36mg.service.ubs.OrderLockServiceImpl      [0;39m [35m:60  [0;39m Time: 2025-04-18T15:41:35.620718500
[2025-04-18 15:46:35] [34mINFO[0;39m [36mg.service.ubs.OrderLockServiceImpl      [0;39m [35m:62  [0;39m Unlock orders
[2025-04-18 15:47:35] [34mINFO[0;39m [36mg.service.ubs.OrderLockServiceImpl      [0;39m [35m:60  [0;39m Time: 2025-04-18T15:42:35.607353700
[2025-04-18 15:47:35] [34mINFO[0;39m [36mg.service.ubs.OrderLockServiceImpl      [0;39m [35m:62  [0;39m Unlock orders
[2025-04-18 15:48:35] [34mINFO[0;39m [36mg.service.ubs.OrderLockServiceImpl      [0;39m [35m:60  [0;39m Time: 2025-04-18T15:43:35.623551100
[2025-04-18 15:48:35] [34mINFO[0;39m [36mg.service.ubs.OrderLockServiceImpl      [0;39m [35m:62  [0;39m Unlock orders
[2025-04-18 15:49:35] [34mINFO[0;39m [36mg.service.ubs.OrderLockServiceImpl      [0;39m [35m:60  [0;39m Time: 2025-04-18T15:44:35.620976400
[2025-04-18 15:49:35] [34mINFO[0;39m [36mg.service.ubs.OrderLockServiceImpl      [0;39m [35m:62  [0;39m Unlock orders
[2025-04-18 15:50:35] [34mINFO[0;39m [36mg.service.ubs.OrderLockServiceImpl      [0;39m [35m:60  [0;39m Time: 2025-04-18T15:45:35.611088900
[2025-04-18 15:50:35] [34mINFO[0;39m [36mg.service.ubs.OrderLockServiceImpl      [0;39m [35m:62  [0;39m Unlock orders
[2025-04-18 15:51:35] [34mINFO[0;39m [36mg.service.ubs.OrderLockServiceImpl      [0;39m [35m:60  [0;39m Time: 2025-04-18T15:46:35.610989
[2025-04-18 15:51:35] [34mINFO[0;39m [36mg.service.ubs.OrderLockServiceImpl      [0;39m [35m:62  [0;39m Unlock orders
[2025-04-18 15:52:35] [34mINFO[0;39m [36mg.service.ubs.OrderLockServiceImpl      [0;39m [35m:60  [0;39m Time: 2025-04-18T15:47:35.618599900
[2025-04-18 15:52:35] [34mINFO[0;39m [36mg.service.ubs.OrderLockServiceImpl      [0;39m [35m:62  [0;39m Unlock orders
[2025-04-18 15:53:35] [34mINFO[0;39m [36mg.service.ubs.OrderLockServiceImpl      [0;39m [35m:60  [0;39m Time: 2025-04-18T15:48:35.609968500
[2025-04-18 15:53:35] [34mINFO[0;39m [36mg.service.ubs.OrderLockServiceImpl      [0;39m [35m:62  [0;39m Unlock orders
[2025-04-18 15:54:35] [34mINFO[0;39m [36mg.service.ubs.OrderLockServiceImpl      [0;39m [35m:60  [0;39m Time: 2025-04-18T15:49:35.617077800
[2025-04-18 15:54:35] [34mINFO[0;39m [36mg.service.ubs.OrderLockServiceImpl      [0;39m [35m:62  [0;39m Unlock orders
[2025-04-18 15:55:35] [34mINFO[0;39m [36mg.service.ubs.OrderLockServiceImpl      [0;39m [35m:60  [0;39m Time: 2025-04-18T15:50:35.614821400
[2025-04-18 15:55:35] [34mINFO[0;39m [36mg.service.ubs.OrderLockServiceImpl      [0;39m [35m:62  [0;39m Unlock orders
[2025-04-18 15:56:35] [34mINFO[0;39m [36mg.service.ubs.OrderLockServiceImpl      [0;39m [35m:60  [0;39m Time: 2025-04-18T15:51:35.621250400
[2025-04-18 15:56:35] [34mINFO[0;39m [36mg.service.ubs.OrderLockServiceImpl      [0;39m [35m:62  [0;39m Unlock orders
[2025-04-18 15:57:35] [34mINFO[0;39m [36mg.service.ubs.OrderLockServiceImpl      [0;39m [35m:60  [0;39m Time: 2025-04-18T15:52:35.621261200
[2025-04-18 15:57:35] [34mINFO[0;39m [36mg.service.ubs.OrderLockServiceImpl      [0;39m [35m:62  [0;39m Unlock orders
[2025-04-18 15:58:35] [34mINFO[0;39m [36mg.service.ubs.OrderLockServiceImpl      [0;39m [35m:60  [0;39m Time: 2025-04-18T15:53:35.620163200
[2025-04-18 15:58:35] [34mINFO[0;39m [36mg.service.ubs.OrderLockServiceImpl      [0;39m [35m:62  [0;39m Unlock orders
[2025-04-18 15:59:35] [34mINFO[0;39m [36mg.service.ubs.OrderLockServiceImpl      [0;39m [35m:60  [0;39m Time: 2025-04-18T15:54:35.612033500
[2025-04-18 15:59:35] [34mINFO[0;39m [36mg.service.ubs.OrderLockServiceImpl      [0;39m [35m:62  [0;39m Unlock orders
[2025-04-18 16:00:35] [34mINFO[0;39m [36mg.service.ubs.OrderLockServiceImpl      [0;39m [35m:60  [0;39m Time: 2025-04-18T15:55:35.607819300
[2025-04-18 16:00:35] [34mINFO[0;39m [36mg.service.ubs.OrderLockServiceImpl      [0;39m [35m:62  [0;39m Unlock orders
[2025-04-18 16:01:35] [34mINFO[0;39m [36mg.service.ubs.OrderLockServiceImpl      [0;39m [35m:60  [0;39m Time: 2025-04-18T15:56:35.613596700
[2025-04-18 16:01:35] [34mINFO[0;39m [36mg.service.ubs.OrderLockServiceImpl      [0;39m [35m:62  [0;39m Unlock orders
[2025-04-18 16:02:35] [34mINFO[0;39m [36mg.service.ubs.OrderLockServiceImpl      [0;39m [35m:60  [0;39m Time: 2025-04-18T15:57:35.615014700
[2025-04-18 16:02:35] [34mINFO[0;39m [36mg.service.ubs.OrderLockServiceImpl      [0;39m [35m:62  [0;39m Unlock orders
[2025-04-18 16:03:35] [34mINFO[0;39m [36mg.service.ubs.OrderLockServiceImpl      [0;39m [35m:60  [0;39m Time: 2025-04-18T15:58:35.620580800
[2025-04-18 16:03:35] [34mINFO[0;39m [36mg.service.ubs.OrderLockServiceImpl      [0;39m [35m:62  [0;39m Unlock orders
[2025-04-18 16:04:35] [34mINFO[0;39m [36mg.service.ubs.OrderLockServiceImpl      [0;39m [35m:60  [0;39m Time: 2025-04-18T15:59:35.609182400
[2025-04-18 16:04:35] [34mINFO[0;39m [36mg.service.ubs.OrderLockServiceImpl      [0;39m [35m:62  [0;39m Unlock orders
[2025-04-18 16:05:35] [34mINFO[0;39m [36mg.service.ubs.OrderLockServiceImpl      [0;39m [35m:60  [0;39m Time: 2025-04-18T16:00:35.610558500
[2025-04-18 16:05:35] [34mINFO[0;39m [36mg.service.ubs.OrderLockServiceImpl      [0;39m [35m:62  [0;39m Unlock orders
[2025-04-18 16:06:35] [34mINFO[0;39m [36mg.service.ubs.OrderLockServiceImpl      [0;39m [35m:60  [0;39m Time: 2025-04-18T16:01:35.612117300
[2025-04-18 16:06:35] [34mINFO[0;39m [36mg.service.ubs.OrderLockServiceImpl      [0;39m [35m:62  [0;39m Unlock orders
[2025-04-18 16:07:35] [34mINFO[0;39m [36mg.service.ubs.OrderLockServiceImpl      [0;39m [35m:60  [0;39m Time: 2025-04-18T16:02:35.619835600
[2025-04-18 16:07:35] [34mINFO[0;39m [36mg.service.ubs.OrderLockServiceImpl      [0;39m [35m:62  [0;39m Unlock orders
[2025-04-18 16:08:35] [34mINFO[0;39m [36mg.service.ubs.OrderLockServiceImpl      [0;39m [35m:60  [0;39m Time: 2025-04-18T16:03:35.609914
[2025-04-18 16:08:35] [34mINFO[0;39m [36mg.service.ubs.OrderLockServiceImpl      [0;39m [35m:62  [0;39m Unlock orders
[2025-04-18 16:09:35] [34mINFO[0;39m [36mg.service.ubs.OrderLockServiceImpl      [0;39m [35m:60  [0;39m Time: 2025-04-18T16:04:35.618324600
[2025-04-18 16:09:35] [34mINFO[0;39m [36mg.service.ubs.OrderLockServiceImpl      [0;39m [35m:62  [0;39m Unlock orders
[2025-04-18 16:10:35] [34mINFO[0;39m [36mg.service.ubs.OrderLockServiceImpl      [0;39m [35m:60  [0;39m Time: 2025-04-18T16:05:35.618854300
[2025-04-18 16:10:35] [34mINFO[0;39m [36mg.service.ubs.OrderLockServiceImpl      [0;39m [35m:62  [0;39m Unlock orders
[2025-04-18 16:11:35] [34mINFO[0;39m [36mg.service.ubs.OrderLockServiceImpl      [0;39m [35m:60  [0;39m Time: 2025-04-18T16:06:35.618679600
[2025-04-18 16:11:35] [34mINFO[0;39m [36mg.service.ubs.OrderLockServiceImpl      [0;39m [35m:62  [0;39m Unlock orders
[2025-04-18 16:12:35] [34mINFO[0;39m [36mg.service.ubs.OrderLockServiceImpl      [0;39m [35m:60  [0;39m Time: 2025-04-18T16:07:35.621736200
[2025-04-18 16:12:35] [34mINFO[0;39m [36mg.service.ubs.OrderLockServiceImpl      [0;39m [35m:62  [0;39m Unlock orders
[2025-04-18 16:13:35] [34mINFO[0;39m [36mg.service.ubs.OrderLockServiceImpl      [0;39m [35m:60  [0;39m Time: 2025-04-18T16:08:35.616175100
[2025-04-18 16:13:35] [34mINFO[0;39m [36mg.service.ubs.OrderLockServiceImpl      [0;39m [35m:62  [0;39m Unlock orders
[2025-04-18 16:14:35] [34mINFO[0;39m [36mg.service.ubs.OrderLockServiceImpl      [0;39m [35m:60  [0;39m Time: 2025-04-18T16:09:35.622942200
[2025-04-18 16:14:35] [34mINFO[0;39m [36mg.service.ubs.OrderLockServiceImpl      [0;39m [35m:62  [0;39m Unlock orders
[2025-04-18 16:15:35] [34mINFO[0;39m [36mg.service.ubs.OrderLockServiceImpl      [0;39m [35m:60  [0;39m Time: 2025-04-18T16:10:35.615231
[2025-04-18 16:15:35] [34mINFO[0;39m [36mg.service.ubs.OrderLockServiceImpl      [0;39m [35m:62  [0;39m Unlock orders
[2025-04-18 16:16:35] [34mINFO[0;39m [36mg.service.ubs.OrderLockServiceImpl      [0;39m [35m:60  [0;39m Time: 2025-04-18T16:11:35.613770200
[2025-04-18 16:16:35] [34mINFO[0;39m [36mg.service.ubs.OrderLockServiceImpl      [0;39m [35m:62  [0;39m Unlock orders
[2025-04-18 16:17:35] [34mINFO[0;39m [36mg.service.ubs.OrderLockServiceImpl      [0;39m [35m:60  [0;39m Time: 2025-04-18T16:12:35.614688500
[2025-04-18 16:17:35] [34mINFO[0;39m [36mg.service.ubs.OrderLockServiceImpl      [0;39m [35m:62  [0;39m Unlock orders
[2025-04-18 16:18:35] [34mINFO[0;39m [36mg.service.ubs.OrderLockServiceImpl      [0;39m [35m:60  [0;39m Time: 2025-04-18T16:13:35.617571100
[2025-04-18 16:18:35] [34mINFO[0;39m [36mg.service.ubs.OrderLockServiceImpl      [0;39m [35m:62  [0;39m Unlock orders
[2025-04-18 16:19:35] [34mINFO[0;39m [36mg.service.ubs.OrderLockServiceImpl      [0;39m [35m:60  [0;39m Time: 2025-04-18T16:14:35.618023600
[2025-04-18 16:19:35] [34mINFO[0;39m [36mg.service.ubs.OrderLockServiceImpl      [0;39m [35m:62  [0;39m Unlock orders
[2025-04-18 16:20:35] [34mINFO[0;39m [36mg.service.ubs.OrderLockServiceImpl      [0;39m [35m:60  [0;39m Time: 2025-04-18T16:15:35.617401300
[2025-04-18 16:20:35] [34mINFO[0;39m [36mg.service.ubs.OrderLockServiceImpl      [0;39m [35m:62  [0;39m Unlock orders
[2025-04-18 16:21:35] [34mINFO[0;39m [36mg.service.ubs.OrderLockServiceImpl      [0;39m [35m:60  [0;39m Time: 2025-04-18T16:16:35.619599600
[2025-04-18 16:21:35] [34mINFO[0;39m [36mg.service.ubs.OrderLockServiceImpl      [0;39m [35m:62  [0;39m Unlock orders
[2025-04-18 16:22:35] [34mINFO[0;39m [36mg.service.ubs.OrderLockServiceImpl      [0;39m [35m:60  [0;39m Time: 2025-04-18T16:17:35.616634100
[2025-04-18 16:22:35] [34mINFO[0;39m [36mg.service.ubs.OrderLockServiceImpl      [0;39m [35m:62  [0;39m Unlock orders
[2025-04-18 16:23:35] [34mINFO[0;39m [36mg.service.ubs.OrderLockServiceImpl      [0;39m [35m:60  [0;39m Time: 2025-04-18T16:18:35.608438600
[2025-04-18 16:23:35] [34mINFO[0;39m [36mg.service.ubs.OrderLockServiceImpl      [0;39m [35m:62  [0;39m Unlock orders
[2025-04-18 16:24:35] [34mINFO[0;39m [36mg.service.ubs.OrderLockServiceImpl      [0;39m [35m:60  [0;39m Time: 2025-04-18T16:19:35.607923600
[2025-04-18 16:24:35] [34mINFO[0;39m [36mg.service.ubs.OrderLockServiceImpl      [0;39m [35m:62  [0;39m Unlock orders
[2025-04-18 16:25:35] [34mINFO[0;39m [36mg.service.ubs.OrderLockServiceImpl      [0;39m [35m:60  [0;39m Time: 2025-04-18T16:20:35.617312100
[2025-04-18 16:25:35] [34mINFO[0;39m [36mg.service.ubs.OrderLockServiceImpl      [0;39m [35m:62  [0;39m Unlock orders
[2025-04-18 16:26:35] [34mINFO[0;39m [36mg.service.ubs.OrderLockServiceImpl      [0;39m [35m:60  [0;39m Time: 2025-04-18T16:21:35.613389600
[2025-04-18 16:26:35] [34mINFO[0;39m [36mg.service.ubs.OrderLockServiceImpl      [0;39m [35m:62  [0;39m Unlock orders
[2025-04-18 16:27:35] [34mINFO[0;39m [36mg.service.ubs.OrderLockServiceImpl      [0;39m [35m:60  [0;39m Time: 2025-04-18T16:22:35.612752900
[2025-04-18 16:27:35] [34mINFO[0;39m [36mg.service.ubs.OrderLockServiceImpl      [0;39m [35m:62  [0;39m Unlock orders
[2025-04-18 16:28:35] [34mINFO[0;39m [36mg.service.ubs.OrderLockServiceImpl      [0;39m [35m:60  [0;39m Time: 2025-04-18T16:23:35.606956
[2025-04-18 16:28:35] [34mINFO[0;39m [36mg.service.ubs.OrderLockServiceImpl      [0;39m [35m:62  [0;39m Unlock orders
[2025-04-18 16:29:35] [34mINFO[0;39m [36mg.service.ubs.OrderLockServiceImpl      [0;39m [35m:60  [0;39m Time: 2025-04-18T16:24:35.617976700
[2025-04-18 16:29:35] [34mINFO[0;39m [36mg.service.ubs.OrderLockServiceImpl      [0;39m [35m:62  [0;39m Unlock orders
[2025-04-18 16:30:35] [34mINFO[0;39m [36mg.service.ubs.OrderLockServiceImpl      [0;39m [35m:60  [0;39m Time: 2025-04-18T16:25:35.613652
[2025-04-18 16:30:35] [34mINFO[0;39m [36mg.service.ubs.OrderLockServiceImpl      [0;39m [35m:62  [0;39m Unlock orders
[2025-04-18 16:31:35] [34mINFO[0;39m [36mg.service.ubs.OrderLockServiceImpl      [0;39m [35m:60  [0;39m Time: 2025-04-18T16:26:35.606787200
[2025-04-18 16:31:35] [34mINFO[0;39m [36mg.service.ubs.OrderLockServiceImpl      [0;39m [35m:62  [0;39m Unlock orders
[2025-04-18 16:32:35] [34mINFO[0;39m [36mg.service.ubs.OrderLockServiceImpl      [0;39m [35m:60  [0;39m Time: 2025-04-18T16:27:35.619306600
[2025-04-18 16:32:35] [34mINFO[0;39m [36mg.service.ubs.OrderLockServiceImpl      [0;39m [35m:62  [0;39m Unlock orders
[2025-04-18 16:33:35] [34mINFO[0;39m [36mg.service.ubs.OrderLockServiceImpl      [0;39m [35m:60  [0;39m Time: 2025-04-18T16:28:35.616302400
[2025-04-18 16:33:35] [34mINFO[0;39m [36mg.service.ubs.OrderLockServiceImpl      [0;39m [35m:62  [0;39m Unlock orders
[2025-04-18 16:34:35] [34mINFO[0;39m [36mg.service.ubs.OrderLockServiceImpl      [0;39m [35m:60  [0;39m Time: 2025-04-18T16:29:35.618953400
[2025-04-18 16:34:35] [34mINFO[0;39m [36mg.service.ubs.OrderLockServiceImpl      [0;39m [35m:62  [0;39m Unlock orders
[2025-04-18 16:35:35] [34mINFO[0;39m [36mg.service.ubs.OrderLockServiceImpl      [0;39m [35m:60  [0;39m Time: 2025-04-18T16:30:35.618157600
[2025-04-18 16:35:35] [34mINFO[0;39m [36mg.service.ubs.OrderLockServiceImpl      [0;39m [35m:62  [0;39m Unlock orders
[2025-04-18 16:36:35] [34mINFO[0;39m [36mg.service.ubs.OrderLockServiceImpl      [0;39m [35m:60  [0;39m Time: 2025-04-18T16:31:35.616555100
[2025-04-18 16:36:35] [34mINFO[0;39m [36mg.service.ubs.OrderLockServiceImpl      [0;39m [35m:62  [0;39m Unlock orders
[2025-04-18 16:37:35] [34mINFO[0;39m [36mg.service.ubs.OrderLockServiceImpl      [0;39m [35m:60  [0;39m Time: 2025-04-18T16:32:35.612369
[2025-04-18 16:37:35] [34mINFO[0;39m [36mg.service.ubs.OrderLockServiceImpl      [0;39m [35m:62  [0;39m Unlock orders
[2025-04-18 16:38:35] [34mINFO[0;39m [36mg.service.ubs.OrderLockServiceImpl      [0;39m [35m:60  [0;39m Time: 2025-04-18T16:33:35.619752400
[2025-04-18 16:38:35] [34mINFO[0;39m [36mg.service.ubs.OrderLockServiceImpl      [0;39m [35m:62  [0;39m Unlock orders
[2025-04-18 16:39:35] [34mINFO[0;39m [36mg.service.ubs.OrderLockServiceImpl      [0;39m [35m:60  [0;39m Time: 2025-04-18T16:34:35.613893900
[2025-04-18 16:39:35] [34mINFO[0;39m [36mg.service.ubs.OrderLockServiceImpl      [0;39m [35m:62  [0;39m Unlock orders
[2025-04-18 16:40:35] [34mINFO[0;39m [36mg.service.ubs.OrderLockServiceImpl      [0;39m [35m:60  [0;39m Time: 2025-04-18T16:35:35.616986500
[2025-04-18 16:40:35] [34mINFO[0;39m [36mg.service.ubs.OrderLockServiceImpl      [0;39m [35m:62  [0;39m Unlock orders
[2025-04-18 16:41:35] [34mINFO[0;39m [36mg.service.ubs.OrderLockServiceImpl      [0;39m [35m:60  [0;39m Time: 2025-04-18T16:36:35.619114800
[2025-04-18 16:41:35] [34mINFO[0;39m [36mg.service.ubs.OrderLockServiceImpl      [0;39m [35m:62  [0;39m Unlock orders
[2025-04-18 16:42:35] [34mINFO[0;39m [36mg.service.ubs.OrderLockServiceImpl      [0;39m [35m:60  [0;39m Time: 2025-04-18T16:37:35.612695100
[2025-04-18 16:42:35] [34mINFO[0;39m [36mg.service.ubs.OrderLockServiceImpl      [0;39m [35m:62  [0;39m Unlock orders
[2025-04-18 16:43:35] [34mINFO[0;39m [36mg.service.ubs.OrderLockServiceImpl      [0;39m [35m:60  [0;39m Time: 2025-04-18T16:38:35.614130500
[2025-04-18 16:43:35] [34mINFO[0;39m [36mg.service.ubs.OrderLockServiceImpl      [0;39m [35m:62  [0;39m Unlock orders
[2025-04-18 16:44:35] [34mINFO[0;39m [36mg.service.ubs.OrderLockServiceImpl      [0;39m [35m:60  [0;39m Time: 2025-04-18T16:39:35.611195200
[2025-04-18 16:44:35] [34mINFO[0;39m [36mg.service.ubs.OrderLockServiceImpl      [0;39m [35m:62  [0;39m Unlock orders
[2025-04-18 16:45:35] [34mINFO[0;39m [36mg.service.ubs.OrderLockServiceImpl      [0;39m [35m:60  [0;39m Time: 2025-04-18T16:40:35.615122600
[2025-04-18 16:45:35] [34mINFO[0;39m [36mg.service.ubs.OrderLockServiceImpl      [0;39m [35m:62  [0;39m Unlock orders
[2025-04-18 16:46:35] [34mINFO[0;39m [36mg.service.ubs.OrderLockServiceImpl      [0;39m [35m:60  [0;39m Time: 2025-04-18T16:41:35.621959100
[2025-04-18 16:46:35] [34mINFO[0;39m [36mg.service.ubs.OrderLockServiceImpl      [0;39m [35m:62  [0;39m Unlock orders
[2025-04-18 16:47:35] [34mINFO[0;39m [36mg.service.ubs.OrderLockServiceImpl      [0;39m [35m:60  [0;39m Time: 2025-04-18T16:42:35.617880600
[2025-04-18 16:47:35] [34mINFO[0;39m [36mg.service.ubs.OrderLockServiceImpl      [0;39m [35m:62  [0;39m Unlock orders
[2025-04-18 16:48:35] [34mINFO[0;39m [36mg.service.ubs.OrderLockServiceImpl      [0;39m [35m:60  [0;39m Time: 2025-04-18T16:43:35.609895100
[2025-04-18 16:48:35] [34mINFO[0;39m [36mg.service.ubs.OrderLockServiceImpl      [0;39m [35m:62  [0;39m Unlock orders
[2025-04-18 16:49:35] [34mINFO[0;39m [36mg.service.ubs.OrderLockServiceImpl      [0;39m [35m:60  [0;39m Time: 2025-04-18T16:44:35.607056600
[2025-04-18 16:49:35] [34mINFO[0;39m [36mg.service.ubs.OrderLockServiceImpl      [0;39m [35m:62  [0;39m Unlock orders
[2025-04-18 16:50:35] [34mINFO[0;39m [36mg.service.ubs.OrderLockServiceImpl      [0;39m [35m:60  [0;39m Time: 2025-04-18T16:45:35.617820900
[2025-04-18 16:50:35] [34mINFO[0;39m [36mg.service.ubs.OrderLockServiceImpl      [0;39m [35m:62  [0;39m Unlock orders
[2025-04-18 16:51:35] [34mINFO[0;39m [36mg.service.ubs.OrderLockServiceImpl      [0;39m [35m:60  [0;39m Time: 2025-04-18T16:46:35.614049100
[2025-04-18 16:51:35] [34mINFO[0;39m [36mg.service.ubs.OrderLockServiceImpl      [0;39m [35m:62  [0;39m Unlock orders
[2025-04-18 16:52:35] [34mINFO[0;39m [36mg.service.ubs.OrderLockServiceImpl      [0;39m [35m:60  [0;39m Time: 2025-04-18T16:47:35.608803700
[2025-04-18 16:52:35] [34mINFO[0;39m [36mg.service.ubs.OrderLockServiceImpl      [0;39m [35m:62  [0;39m Unlock orders
[2025-04-18 16:53:35] [34mINFO[0;39m [36mg.service.ubs.OrderLockServiceImpl      [0;39m [35m:60  [0;39m Time: 2025-04-18T16:48:35.617665900
[2025-04-18 16:53:35] [34mINFO[0;39m [36mg.service.ubs.OrderLockServiceImpl      [0;39m [35m:62  [0;39m Unlock orders
[2025-04-18 16:54:35] [34mINFO[0;39m [36mg.service.ubs.OrderLockServiceImpl      [0;39m [35m:60  [0;39m Time: 2025-04-18T16:49:35.614761500
[2025-04-18 16:54:35] [34mINFO[0;39m [36mg.service.ubs.OrderLockServiceImpl      [0;39m [35m:62  [0;39m Unlock orders
[2025-04-18 16:55:35] [34mINFO[0;39m [36mg.service.ubs.OrderLockServiceImpl      [0;39m [35m:60  [0;39m Time: 2025-04-18T16:50:35.618370800
[2025-04-18 16:55:35] [34mINFO[0;39m [36mg.service.ubs.OrderLockServiceImpl      [0;39m [35m:62  [0;39m Unlock orders
[2025-04-18 16:56:35] [34mINFO[0;39m [36mg.service.ubs.OrderLockServiceImpl      [0;39m [35m:60  [0;39m Time: 2025-04-18T16:51:35.615146
[2025-04-18 16:56:35] [34mINFO[0;39m [36mg.service.ubs.OrderLockServiceImpl      [0;39m [35m:62  [0;39m Unlock orders
[2025-04-18 16:57:35] [34mINFO[0;39m [36mg.service.ubs.OrderLockServiceImpl      [0;39m [35m:60  [0;39m Time: 2025-04-18T16:52:35.619251100
[2025-04-18 16:57:35] [34mINFO[0;39m [36mg.service.ubs.OrderLockServiceImpl      [0;39m [35m:62  [0;39m Unlock orders
[2025-04-18 16:58:35] [34mINFO[0;39m [36mg.service.ubs.OrderLockServiceImpl      [0;39m [35m:60  [0;39m Time: 2025-04-18T16:53:35.614096800
[2025-04-18 16:58:35] [34mINFO[0;39m [36mg.service.ubs.OrderLockServiceImpl      [0;39m [35m:62  [0;39m Unlock orders
[2025-04-18 16:59:35] [34mINFO[0;39m [36mg.service.ubs.OrderLockServiceImpl      [0;39m [35m:60  [0;39m Time: 2025-04-18T16:54:35.607523900
[2025-04-18 16:59:35] [34mINFO[0;39m [36mg.service.ubs.OrderLockServiceImpl      [0;39m [35m:62  [0;39m Unlock orders
[2025-04-18 17:00:35] [34mINFO[0;39m [36mg.service.ubs.OrderLockServiceImpl      [0;39m [35m:60  [0;39m Time: 2025-04-18T16:55:35.610942600
[2025-04-18 17:00:35] [34mINFO[0;39m [36mg.service.ubs.OrderLockServiceImpl      [0;39m [35m:62  [0;39m Unlock orders
[2025-04-18 17:01:35] [34mINFO[0;39m [36mg.service.ubs.OrderLockServiceImpl      [0;39m [35m:60  [0;39m Time: 2025-04-18T16:56:35.608730200
[2025-04-18 17:01:35] [34mINFO[0;39m [36mg.service.ubs.OrderLockServiceImpl      [0;39m [35m:62  [0;39m Unlock orders
