[2025-04-05 02:18:02] [34mINFO[0;39m [36mg.service.ubs.OrderLockServiceImpl      [0;39m [35m:60  [0;39m Time: 2025-04-05T02:13:02.081247600
[2025-04-05 02:18:02] [34mINFO[0;39m [36mgreencity.config.OrderStatusScheduler   [0;39m [35m:23  [0;39m Update order status from actual status to expected status by the day of export
[2025-04-05 02:18:02] [34mINFO[0;39m [36mgreencity.config.CertificatesScheduler  [0;39m [35m:26  [0;39m Changing certificates status if expiration date has expired
[2025-04-05 02:18:02] [34mINFO[0;39m [36mg.service.ubs.OrderLockServiceImpl      [0;39m [35m:62  [0;39m Unlock orders
[2025-04-05 02:18:02] [34mINFO[0;39m [36mg.service.ubs.OrderLockServiceImpl      [0;39m [35m:60  [0;39m Time: 2025-04-05T02:13:02.091248200
[2025-04-05 02:18:02] [34mINFO[0;39m [36mg.service.ubs.OrderLockServiceImpl      [0;39m [35m:62  [0;39m Unlock orders
[2025-04-05 02:18:02] [34mINFO[0;39m [36mg.service.ubs.OrderLockServiceImpl      [0;39m [35m:60  [0;39m Time: 2025-04-05T02:13:02.093247200
[2025-04-05 02:18:02] [34mINFO[0;39m [36mg.service.ubs.OrderLockServiceImpl      [0;39m [35m:62  [0;39m Unlock orders
[2025-04-05 02:18:02] [34mINFO[0;39m [36mg.service.ubs.OrderLockServiceImpl      [0;39m [35m:60  [0;39m Time: 2025-04-05T02:13:02.094248200
[2025-04-05 02:18:02] [34mINFO[0;39m [36mg.service.ubs.OrderLockServiceImpl      [0;39m [35m:62  [0;39m Unlock orders
[2025-04-05 02:18:02] [34mINFO[0;39m [36mg.service.ubs.OrderLockServiceImpl      [0;39m [35m:60  [0;39m Time: 2025-04-05T02:13:02.095247700
[2025-04-05 02:18:02] [34mINFO[0;39m [36mg.service.ubs.OrderLockServiceImpl      [0;39m [35m:62  [0;39m Unlock orders
[2025-04-05 02:18:02] [34mINFO[0;39m [36mg.service.ubs.OrderLockServiceImpl      [0;39m [35m:60  [0;39m Time: 2025-04-05T02:13:02.097247700
[2025-04-05 02:18:02] [34mINFO[0;39m [36mg.service.ubs.OrderLockServiceImpl      [0;39m [35m:62  [0;39m Unlock orders
[2025-04-05 02:18:02] [34mINFO[0;39m [36mg.service.ubs.OrderLockServiceImpl      [0;39m [35m:60  [0;39m Time: 2025-04-05T02:13:02.098248700
[2025-04-05 02:18:02] [34mINFO[0;39m [36mg.service.ubs.OrderLockServiceImpl      [0;39m [35m:62  [0;39m Unlock orders
[2025-04-05 02:18:02] [34mINFO[0;39m [36mg.service.ubs.OrderLockServiceImpl      [0;39m [35m:60  [0;39m Time: 2025-04-05T02:13:02.099247600
[2025-04-05 02:18:02] [34mINFO[0;39m [36mg.service.ubs.OrderLockServiceImpl      [0;39m [35m:62  [0;39m Unlock orders
[2025-04-05 02:18:02] [34mINFO[0;39m [36mg.service.ubs.OrderLockServiceImpl      [0;39m [35m:60  [0;39m Time: 2025-04-05T02:13:02.101246500
[2025-04-05 02:18:02] [34mINFO[0;39m [36mg.service.ubs.OrderLockServiceImpl      [0;39m [35m:62  [0;39m Unlock orders
[2025-04-05 02:18:02] [34mINFO[0;39m [36mg.service.ubs.OrderLockServiceImpl      [0;39m [35m:60  [0;39m Time: 2025-04-05T02:13:02.102247100
[2025-04-05 02:18:02] [34mINFO[0;39m [36mg.service.ubs.OrderLockServiceImpl      [0;39m [35m:62  [0;39m Unlock orders
[2025-04-05 02:18:02] [34mINFO[0;39m [36mg.service.ubs.OrderLockServiceImpl      [0;39m [35m:60  [0;39m Time: 2025-04-05T02:13:02.103249700
[2025-04-05 02:18:02] [34mINFO[0;39m [36mg.service.ubs.OrderLockServiceImpl      [0;39m [35m:62  [0;39m Unlock orders
[2025-04-05 02:18:02] [34mINFO[0;39m [36mg.service.ubs.OrderLockServiceImpl      [0;39m [35m:60  [0;39m Time: 2025-04-05T02:13:02.103249700
[2025-04-05 02:18:02] [34mINFO[0;39m [36mg.service.ubs.OrderLockServiceImpl      [0;39m [35m:62  [0;39m Unlock orders
[2025-04-05 02:18:02] [34mINFO[0;39m [36mg.service.ubs.OrderLockServiceImpl      [0;39m [35m:60  [0;39m Time: 2025-04-05T02:13:02.104247100
[2025-04-05 02:18:02] [34mINFO[0;39m [36mg.service.ubs.OrderLockServiceImpl      [0;39m [35m:62  [0;39m Unlock orders
[2025-04-05 02:18:02] [34mINFO[0;39m [36mg.service.ubs.OrderLockServiceImpl      [0;39m [35m:60  [0;39m Time: 2025-04-05T02:13:02.105251300
[2025-04-05 02:18:02] [34mINFO[0;39m [36mg.service.ubs.OrderLockServiceImpl      [0;39m [35m:62  [0;39m Unlock orders
[2025-04-05 02:18:02] [34mINFO[0;39m [36mg.service.ubs.OrderLockServiceImpl      [0;39m [35m:60  [0;39m Time: 2025-04-05T02:13:02.106246900
[2025-04-05 02:18:02] [34mINFO[0;39m [36mg.service.ubs.OrderLockServiceImpl      [0;39m [35m:62  [0;39m Unlock orders
[2025-04-05 02:18:02] [34mINFO[0;39m [36mg.service.ubs.OrderLockServiceImpl      [0;39m [35m:60  [0;39m Time: 2025-04-05T02:13:02.107250400
[2025-04-05 02:18:02] [34mINFO[0;39m [36mg.service.ubs.OrderLockServiceImpl      [0;39m [35m:62  [0;39m Unlock orders
[2025-04-05 02:18:02] [34mINFO[0;39m [36mg.service.ubs.OrderLockServiceImpl      [0;39m [35m:60  [0;39m Time: 2025-04-05T02:13:02.108246700
[2025-04-05 02:18:02] [34mINFO[0;39m [36mg.service.ubs.OrderLockServiceImpl      [0;39m [35m:62  [0;39m Unlock orders
[2025-04-05 02:18:02] [34mINFO[0;39m [36mg.service.ubs.OrderLockServiceImpl      [0;39m [35m:60  [0;39m Time: 2025-04-05T02:13:02.108246700
[2025-04-05 02:18:02] [34mINFO[0;39m [36mg.service.ubs.OrderLockServiceImpl      [0;39m [35m:62  [0;39m Unlock orders
[2025-04-05 02:18:02] [34mINFO[0;39m [36mg.service.ubs.OrderLockServiceImpl      [0;39m [35m:60  [0;39m Time: 2025-04-05T02:13:02.109250
[2025-04-05 02:18:02] [34mINFO[0;39m [36mg.service.ubs.OrderLockServiceImpl      [0;39m [35m:62  [0;39m Unlock orders
[2025-04-05 02:18:02] [34mINFO[0;39m [36mg.service.ubs.OrderLockServiceImpl      [0;39m [35m:60  [0;39m Time: 2025-04-05T02:13:02.110247
[2025-04-05 02:18:02] [34mINFO[0;39m [36mg.service.ubs.OrderLockServiceImpl      [0;39m [35m:62  [0;39m Unlock orders
[2025-04-05 02:18:02] [34mINFO[0;39m [36mg.service.ubs.OrderLockServiceImpl      [0;39m [35m:60  [0;39m Time: 2025-04-05T02:13:02.111245
[2025-04-05 02:18:02] [34mINFO[0;39m [36mg.service.ubs.OrderLockServiceImpl      [0;39m [35m:62  [0;39m Unlock orders
[2025-04-05 02:18:02] [34mINFO[0;39m [36mg.service.ubs.OrderLockServiceImpl      [0;39m [35m:60  [0;39m Time: 2025-04-05T02:13:02.112244600
[2025-04-05 02:18:02] [34mINFO[0;39m [36mg.service.ubs.OrderLockServiceImpl      [0;39m [35m:62  [0;39m Unlock orders
[2025-04-05 02:18:02] [34mINFO[0;39m [36mg.service.ubs.OrderLockServiceImpl      [0;39m [35m:60  [0;39m Time: 2025-04-05T02:13:02.113247700
[2025-04-05 02:18:02] [34mINFO[0;39m [36mg.service.ubs.OrderLockServiceImpl      [0;39m [35m:62  [0;39m Unlock orders
[2025-04-05 02:18:02] [34mINFO[0;39m [36mg.service.ubs.OrderLockServiceImpl      [0;39m [35m:60  [0;39m Time: 2025-04-05T02:13:02.113247700
[2025-04-05 02:18:02] [34mINFO[0;39m [36mg.service.ubs.OrderLockServiceImpl      [0;39m [35m:62  [0;39m Unlock orders
[2025-04-05 02:18:02] [34mINFO[0;39m [36mg.service.ubs.OrderLockServiceImpl      [0;39m [35m:60  [0;39m Time: 2025-04-05T02:13:02.114250
[2025-04-05 02:18:02] [34mINFO[0;39m [36mg.service.ubs.OrderLockServiceImpl      [0;39m [35m:62  [0;39m Unlock orders
[2025-04-05 02:18:02] [34mINFO[0;39m [36mg.service.ubs.OrderLockServiceImpl      [0;39m [35m:60  [0;39m Time: 2025-04-05T02:13:02.115249
[2025-04-05 02:18:02] [34mINFO[0;39m [36mg.service.ubs.OrderLockServiceImpl      [0;39m [35m:62  [0;39m Unlock orders
[2025-04-05 02:18:02] [34mINFO[0;39m [36mg.service.ubs.OrderLockServiceImpl      [0;39m [35m:60  [0;39m Time: 2025-04-05T02:13:02.115249
[2025-04-05 02:18:02] [34mINFO[0;39m [36mg.service.ubs.OrderLockServiceImpl      [0;39m [35m:62  [0;39m Unlock orders
[2025-04-05 02:18:02] [34mINFO[0;39m [36mg.service.ubs.OrderLockServiceImpl      [0;39m [35m:60  [0;39m Time: 2025-04-05T02:13:02.116249700
[2025-04-05 02:18:02] [34mINFO[0;39m [36mg.service.ubs.OrderLockServiceImpl      [0;39m [35m:62  [0;39m Unlock orders
[2025-04-05 02:18:02] [34mINFO[0;39m [36mg.service.ubs.OrderLockServiceImpl      [0;39m [35m:60  [0;39m Time: 2025-04-05T02:13:02.116249700
[2025-04-05 02:18:02] [34mINFO[0;39m [36mg.service.ubs.OrderLockServiceImpl      [0;39m [35m:62  [0;39m Unlock orders
[2025-04-05 02:18:02] [34mINFO[0;39m [36mg.service.ubs.OrderLockServiceImpl      [0;39m [35m:60  [0;39m Time: 2025-04-05T02:13:02.117249400
[2025-04-05 02:18:02] [34mINFO[0;39m [36mg.service.ubs.OrderLockServiceImpl      [0;39m [35m:62  [0;39m Unlock orders
[2025-04-05 02:18:02] [34mINFO[0;39m [36mg.service.ubs.OrderLockServiceImpl      [0;39m [35m:60  [0;39m Time: 2025-04-05T02:13:02.118246900
[2025-04-05 02:18:02] [34mINFO[0;39m [36mg.service.ubs.OrderLockServiceImpl      [0;39m [35m:62  [0;39m Unlock orders
[2025-04-05 02:18:02] [34mINFO[0;39m [36mg.service.ubs.OrderLockServiceImpl      [0;39m [35m:60  [0;39m Time: 2025-04-05T02:13:02.119246500
[2025-04-05 02:18:02] [34mINFO[0;39m [36mg.service.ubs.OrderLockServiceImpl      [0;39m [35m:62  [0;39m Unlock orders
[2025-04-05 02:18:02] [34mINFO[0;39m [36mg.service.ubs.OrderLockServiceImpl      [0;39m [35m:60  [0;39m Time: 2025-04-05T02:13:02.120248100
[2025-04-05 02:18:02] [34mINFO[0;39m [36mg.service.ubs.OrderLockServiceImpl      [0;39m [35m:62  [0;39m Unlock orders
[2025-04-05 02:18:02] [34mINFO[0;39m [36mg.service.ubs.OrderLockServiceImpl      [0;39m [35m:60  [0;39m Time: 2025-04-05T02:13:02.120248100
[2025-04-05 02:18:02] [34mINFO[0;39m [36mg.service.ubs.OrderLockServiceImpl      [0;39m [35m:62  [0;39m Unlock orders
[2025-04-05 02:18:02] [34mINFO[0;39m [36mg.service.ubs.OrderLockServiceImpl      [0;39m [35m:60  [0;39m Time: 2025-04-05T02:13:02.121247900
[2025-04-05 02:18:02] [34mINFO[0;39m [36mg.service.ubs.OrderLockServiceImpl      [0;39m [35m:62  [0;39m Unlock orders
[2025-04-05 02:18:02] [34mINFO[0;39m [36mg.service.ubs.OrderLockServiceImpl      [0;39m [35m:60  [0;39m Time: 2025-04-05T02:13:02.122246500
[2025-04-05 02:18:02] [34mINFO[0;39m [36mg.service.ubs.OrderLockServiceImpl      [0;39m [35m:62  [0;39m Unlock orders
[2025-04-05 02:18:02] [34mINFO[0;39m [36mg.service.ubs.OrderLockServiceImpl      [0;39m [35m:60  [0;39m Time: 2025-04-05T02:13:02.123246200
[2025-04-05 02:18:02] [34mINFO[0;39m [36mg.service.ubs.OrderLockServiceImpl      [0;39m [35m:62  [0;39m Unlock orders
[2025-04-05 02:18:02] [34mINFO[0;39m [36mg.service.ubs.OrderLockServiceImpl      [0;39m [35m:60  [0;39m Time: 2025-04-05T02:13:02.125245700
[2025-04-05 02:18:02] [34mINFO[0;39m [36mg.service.ubs.OrderLockServiceImpl      [0;39m [35m:62  [0;39m Unlock orders
[2025-04-05 02:18:02] [34mINFO[0;39m [36mg.service.ubs.OrderLockServiceImpl      [0;39m [35m:60  [0;39m Time: 2025-04-05T02:13:02.126245800
[2025-04-05 02:18:02] [34mINFO[0;39m [36mg.service.ubs.OrderLockServiceImpl      [0;39m [35m:62  [0;39m Unlock orders
[2025-04-05 02:18:02] [34mINFO[0;39m [36mg.service.ubs.OrderLockServiceImpl      [0;39m [35m:60  [0;39m Time: 2025-04-05T02:13:02.127246700
[2025-04-05 02:18:02] [34mINFO[0;39m [36mg.service.ubs.OrderLockServiceImpl      [0;39m [35m:62  [0;39m Unlock orders
[2025-04-05 02:18:02] [34mINFO[0;39m [36mg.service.ubs.OrderLockServiceImpl      [0;39m [35m:60  [0;39m Time: 2025-04-05T02:13:02.128245300
[2025-04-05 02:18:02] [34mINFO[0;39m [36mg.service.ubs.OrderLockServiceImpl      [0;39m [35m:62  [0;39m Unlock orders
[2025-04-05 02:18:02] [34mINFO[0;39m [36mg.service.ubs.OrderLockServiceImpl      [0;39m [35m:60  [0;39m Time: 2025-04-05T02:13:02.129245900
[2025-04-05 02:18:02] [34mINFO[0;39m [36mg.service.ubs.OrderLockServiceImpl      [0;39m [35m:62  [0;39m Unlock orders
[2025-04-05 02:18:02] [34mINFO[0;39m [36mg.service.ubs.OrderLockServiceImpl      [0;39m [35m:60  [0;39m Time: 2025-04-05T02:13:02.129245900
[2025-04-05 02:18:02] [34mINFO[0;39m [36mg.service.ubs.OrderLockServiceImpl      [0;39m [35m:62  [0;39m Unlock orders
[2025-04-05 02:18:02] [34mINFO[0;39m [36mg.service.ubs.OrderLockServiceImpl      [0;39m [35m:60  [0;39m Time: 2025-04-05T02:13:02.130246900
[2025-04-05 02:18:02] [34mINFO[0;39m [36mg.service.ubs.OrderLockServiceImpl      [0;39m [35m:62  [0;39m Unlock orders
[2025-04-05 02:18:02] [34mINFO[0;39m [36mg.service.ubs.OrderLockServiceImpl      [0;39m [35m:60  [0;39m Time: 2025-04-05T02:13:02.131244700
[2025-04-05 02:18:02] [34mINFO[0;39m [36mg.service.ubs.OrderLockServiceImpl      [0;39m [35m:62  [0;39m Unlock orders
[2025-04-05 02:18:02] [34mINFO[0;39m [36mg.service.ubs.OrderLockServiceImpl      [0;39m [35m:60  [0;39m Time: 2025-04-05T02:13:02.131244700
[2025-04-05 02:18:02] [34mINFO[0;39m [36mg.service.ubs.OrderLockServiceImpl      [0;39m [35m:62  [0;39m Unlock orders
[2025-04-05 02:18:02] [34mINFO[0;39m [36mg.service.ubs.OrderLockServiceImpl      [0;39m [35m:60  [0;39m Time: 2025-04-05T02:13:02.132248500
[2025-04-05 02:18:02] [34mINFO[0;39m [36mg.service.ubs.OrderLockServiceImpl      [0;39m [35m:62  [0;39m Unlock orders
[2025-04-05 02:18:02] [34mINFO[0;39m [36mg.service.ubs.OrderLockServiceImpl      [0;39m [35m:60  [0;39m Time: 2025-04-05T02:13:02.133246100
[2025-04-05 02:18:02] [34mINFO[0;39m [36mg.service.ubs.OrderLockServiceImpl      [0;39m [35m:62  [0;39m Unlock orders
[2025-04-05 02:18:02] [34mINFO[0;39m [36mg.service.ubs.OrderLockServiceImpl      [0;39m [35m:60  [0;39m Time: 2025-04-05T02:13:02.134249500
[2025-04-05 02:18:02] [34mINFO[0;39m [36mg.service.ubs.OrderLockServiceImpl      [0;39m [35m:62  [0;39m Unlock orders
[2025-04-05 02:18:02] [34mINFO[0;39m [36mg.service.ubs.OrderLockServiceImpl      [0;39m [35m:60  [0;39m Time: 2025-04-05T02:13:02.134249500
[2025-04-05 02:18:02] [34mINFO[0;39m [36mg.service.ubs.OrderLockServiceImpl      [0;39m [35m:62  [0;39m Unlock orders
[2025-04-05 02:18:02] [34mINFO[0;39m [36mg.service.ubs.OrderLockServiceImpl      [0;39m [35m:60  [0;39m Time: 2025-04-05T02:13:02.135246
[2025-04-05 02:18:02] [34mINFO[0;39m [36mg.service.ubs.OrderLockServiceImpl      [0;39m [35m:62  [0;39m Unlock orders
[2025-04-05 02:18:02] [34mINFO[0;39m [36mg.service.ubs.OrderLockServiceImpl      [0;39m [35m:60  [0;39m Time: 2025-04-05T02:13:02.136246600
[2025-04-05 02:18:02] [34mINFO[0;39m [36mg.service.ubs.OrderLockServiceImpl      [0;39m [35m:62  [0;39m Unlock orders
[2025-04-05 02:18:02] [34mINFO[0;39m [36mg.service.ubs.OrderLockServiceImpl      [0;39m [35m:60  [0;39m Time: 2025-04-05T02:13:02.137247700
[2025-04-05 02:18:02] [34mINFO[0;39m [36mg.service.ubs.OrderLockServiceImpl      [0;39m [35m:62  [0;39m Unlock orders
[2025-04-05 02:18:02] [34mINFO[0;39m [36mg.service.ubs.OrderLockServiceImpl      [0;39m [35m:60  [0;39m Time: 2025-04-05T02:13:02.137247700
[2025-04-05 02:18:02] [34mINFO[0;39m [36mg.service.ubs.OrderLockServiceImpl      [0;39m [35m:62  [0;39m Unlock orders
[2025-04-05 02:18:02] [34mINFO[0;39m [36mg.service.ubs.OrderLockServiceImpl      [0;39m [35m:60  [0;39m Time: 2025-04-05T02:13:02.138248300
[2025-04-05 02:18:02] [34mINFO[0;39m [36mg.service.ubs.OrderLockServiceImpl      [0;39m [35m:62  [0;39m Unlock orders
[2025-04-05 02:18:02] [34mINFO[0;39m [36mg.service.ubs.OrderLockServiceImpl      [0;39m [35m:60  [0;39m Time: 2025-04-05T02:13:02.139244900
[2025-04-05 02:18:02] [34mINFO[0;39m [36mg.service.ubs.OrderLockServiceImpl      [0;39m [35m:62  [0;39m Unlock orders
[2025-04-05 02:18:02] [34mINFO[0;39m [36mg.service.ubs.OrderLockServiceImpl      [0;39m [35m:60  [0;39m Time: 2025-04-05T02:13:02.139244900
[2025-04-05 02:18:02] [34mINFO[0;39m [36mg.service.ubs.OrderLockServiceImpl      [0;39m [35m:62  [0;39m Unlock orders
[2025-04-05 02:18:02] [34mINFO[0;39m [36mg.service.ubs.OrderLockServiceImpl      [0;39m [35m:60  [0;39m Time: 2025-04-05T02:13:02.140246300
[2025-04-05 02:18:02] [34mINFO[0;39m [36mg.service.ubs.OrderLockServiceImpl      [0;39m [35m:62  [0;39m Unlock orders
[2025-04-05 02:18:02] [34mINFO[0;39m [36mg.service.ubs.OrderLockServiceImpl      [0;39m [35m:60  [0;39m Time: 2025-04-05T02:13:02.141245500
[2025-04-05 02:18:02] [34mINFO[0;39m [36mg.service.ubs.OrderLockServiceImpl      [0;39m [35m:62  [0;39m Unlock orders
[2025-04-05 02:18:02] [34mINFO[0;39m [36mg.service.ubs.OrderLockServiceImpl      [0;39m [35m:60  [0;39m Time: 2025-04-05T02:13:02.142247500
[2025-04-05 02:18:02] [34mINFO[0;39m [36mg.service.ubs.OrderLockServiceImpl      [0;39m [35m:62  [0;39m Unlock orders
[2025-04-05 02:18:02] [34mINFO[0;39m [36mg.service.ubs.OrderLockServiceImpl      [0;39m [35m:60  [0;39m Time: 2025-04-05T02:13:02.142247500
[2025-04-05 02:18:02] [34mINFO[0;39m [36mg.service.ubs.OrderLockServiceImpl      [0;39m [35m:62  [0;39m Unlock orders
[2025-04-05 02:18:02] [34mINFO[0;39m [36mg.service.ubs.OrderLockServiceImpl      [0;39m [35m:60  [0;39m Time: 2025-04-05T02:13:02.143247200
[2025-04-05 02:18:02] [34mINFO[0;39m [36mg.service.ubs.OrderLockServiceImpl      [0;39m [35m:62  [0;39m Unlock orders
[2025-04-05 02:18:02] [34mINFO[0;39m [36mg.service.ubs.OrderLockServiceImpl      [0;39m [35m:60  [0;39m Time: 2025-04-05T02:13:02.143247200
[2025-04-05 02:18:02] [34mINFO[0;39m [36mg.service.ubs.OrderLockServiceImpl      [0;39m [35m:62  [0;39m Unlock orders
[2025-04-05 02:18:02] [34mINFO[0;39m [36mg.service.ubs.OrderLockServiceImpl      [0;39m [35m:60  [0;39m Time: 2025-04-05T02:13:02.144249300
[2025-04-05 02:18:02] [34mINFO[0;39m [36mg.service.ubs.OrderLockServiceImpl      [0;39m [35m:62  [0;39m Unlock orders
[2025-04-05 02:18:02] [34mINFO[0;39m [36mg.service.ubs.OrderLockServiceImpl      [0;39m [35m:60  [0;39m Time: 2025-04-05T02:13:02.144249300
[2025-04-05 02:18:02] [34mINFO[0;39m [36mg.service.ubs.OrderLockServiceImpl      [0;39m [35m:62  [0;39m Unlock orders
[2025-04-05 02:18:02] [34mINFO[0;39m [36mg.service.ubs.OrderLockServiceImpl      [0;39m [35m:60  [0;39m Time: 2025-04-05T02:13:02.145248500
[2025-04-05 02:18:02] [34mINFO[0;39m [36mg.service.ubs.OrderLockServiceImpl      [0;39m [35m:62  [0;39m Unlock orders
[2025-04-05 02:18:02] [34mINFO[0;39m [36mg.service.ubs.OrderLockServiceImpl      [0;39m [35m:60  [0;39m Time: 2025-04-05T02:13:02.145248500
[2025-04-05 02:18:02] [34mINFO[0;39m [36mg.service.ubs.OrderLockServiceImpl      [0;39m [35m:62  [0;39m Unlock orders
[2025-04-05 02:18:02] [34mINFO[0;39m [36mg.service.ubs.OrderLockServiceImpl      [0;39m [35m:60  [0;39m Time: 2025-04-05T02:13:02.146248700
[2025-04-05 02:18:02] [34mINFO[0;39m [36mg.service.ubs.OrderLockServiceImpl      [0;39m [35m:62  [0;39m Unlock orders
[2025-04-05 02:18:02] [34mINFO[0;39m [36mg.service.ubs.OrderLockServiceImpl      [0;39m [35m:60  [0;39m Time: 2025-04-05T02:13:02.147247500
[2025-04-05 02:18:02] [34mINFO[0;39m [36mg.service.ubs.OrderLockServiceImpl      [0;39m [35m:62  [0;39m Unlock orders
[2025-04-05 02:18:02] [34mINFO[0;39m [36mg.service.ubs.OrderLockServiceImpl      [0;39m [35m:60  [0;39m Time: 2025-04-05T02:13:02.147247500
[2025-04-05 02:18:02] [34mINFO[0;39m [36mg.service.ubs.OrderLockServiceImpl      [0;39m [35m:62  [0;39m Unlock orders
[2025-04-05 02:18:02] [34mINFO[0;39m [36mg.service.ubs.OrderLockServiceImpl      [0;39m [35m:60  [0;39m Time: 2025-04-05T02:13:02.148247900
[2025-04-05 02:18:02] [34mINFO[0;39m [36mg.service.ubs.OrderLockServiceImpl      [0;39m [35m:62  [0;39m Unlock orders
[2025-04-05 02:18:02] [34mINFO[0;39m [36mg.service.ubs.OrderLockServiceImpl      [0;39m [35m:60  [0;39m Time: 2025-04-05T02:13:02.148247900
[2025-04-05 02:18:02] [34mINFO[0;39m [36mg.service.ubs.OrderLockServiceImpl      [0;39m [35m:62  [0;39m Unlock orders
[2025-04-05 02:18:02] [34mINFO[0;39m [36mg.service.ubs.OrderLockServiceImpl      [0;39m [35m:60  [0;39m Time: 2025-04-05T02:13:02.149247400
[2025-04-05 02:18:02] [34mINFO[0;39m [36mg.service.ubs.OrderLockServiceImpl      [0;39m [35m:62  [0;39m Unlock orders
[2025-04-05 02:18:02] [34mINFO[0;39m [36mg.service.ubs.OrderLockServiceImpl      [0;39m [35m:60  [0;39m Time: 2025-04-05T02:13:02.149247400
[2025-04-05 02:18:02] [34mINFO[0;39m [36mg.service.ubs.OrderLockServiceImpl      [0;39m [35m:62  [0;39m Unlock orders
[2025-04-05 02:18:02] [34mINFO[0;39m [36mg.service.ubs.OrderLockServiceImpl      [0;39m [35m:60  [0;39m Time: 2025-04-05T02:13:02.150249200
[2025-04-05 02:18:02] [34mINFO[0;39m [36mg.service.ubs.OrderLockServiceImpl      [0;39m [35m:62  [0;39m Unlock orders
[2025-04-05 02:18:02] [34mINFO[0;39m [36mg.service.ubs.OrderLockServiceImpl      [0;39m [35m:60  [0;39m Time: 2025-04-05T02:13:02.150249200
[2025-04-05 02:18:02] [34mINFO[0;39m [36mg.service.ubs.OrderLockServiceImpl      [0;39m [35m:62  [0;39m Unlock orders
[2025-04-05 02:18:02] [34mINFO[0;39m [36mg.service.ubs.OrderLockServiceImpl      [0;39m [35m:60  [0;39m Time: 2025-04-05T02:13:02.151249
[2025-04-05 02:18:02] [34mINFO[0;39m [36mg.service.ubs.OrderLockServiceImpl      [0;39m [35m:62  [0;39m Unlock orders
[2025-04-05 02:18:02] [34mINFO[0;39m [36mg.service.ubs.OrderLockServiceImpl      [0;39m [35m:60  [0;39m Time: 2025-04-05T02:13:02.151249
[2025-04-05 02:18:02] [34mINFO[0;39m [36mg.service.ubs.OrderLockServiceImpl      [0;39m [35m:62  [0;39m Unlock orders
[2025-04-05 02:18:02] [34mINFO[0;39m [36mg.service.ubs.OrderLockServiceImpl      [0;39m [35m:60  [0;39m Time: 2025-04-05T02:13:02.152248500
[2025-04-05 02:18:02] [34mINFO[0;39m [36mg.service.ubs.OrderLockServiceImpl      [0;39m [35m:62  [0;39m Unlock orders
[2025-04-05 02:18:02] [34mINFO[0;39m [36mg.service.ubs.OrderLockServiceImpl      [0;39m [35m:60  [0;39m Time: 2025-04-05T02:13:02.152248500
[2025-04-05 02:18:02] [34mINFO[0;39m [36mg.service.ubs.OrderLockServiceImpl      [0;39m [35m:62  [0;39m Unlock orders
[2025-04-05 02:18:02] [34mINFO[0;39m [36mg.service.ubs.OrderLockServiceImpl      [0;39m [35m:60  [0;39m Time: 2025-04-05T02:13:02.153248800
[2025-04-05 02:18:02] [34mINFO[0;39m [36mg.service.ubs.OrderLockServiceImpl      [0;39m [35m:62  [0;39m Unlock orders
[2025-04-05 02:18:02] [34mINFO[0;39m [36mg.service.ubs.OrderLockServiceImpl      [0;39m [35m:60  [0;39m Time: 2025-04-05T02:13:02.154248100
[2025-04-05 02:18:02] [34mINFO[0;39m [36mg.service.ubs.OrderLockServiceImpl      [0;39m [35m:62  [0;39m Unlock orders
[2025-04-05 02:18:02] [34mINFO[0;39m [36mg.service.ubs.OrderLockServiceImpl      [0;39m [35m:60  [0;39m Time: 2025-04-05T02:13:02.154248100
[2025-04-05 02:18:02] [34mINFO[0;39m [36mg.service.ubs.OrderLockServiceImpl      [0;39m [35m:62  [0;39m Unlock orders
[2025-04-05 02:18:02] [34mINFO[0;39m [36mg.service.ubs.OrderLockServiceImpl      [0;39m [35m:60  [0;39m Time: 2025-04-05T02:13:02.155246200
[2025-04-05 02:18:02] [34mINFO[0;39m [36mg.service.ubs.OrderLockServiceImpl      [0;39m [35m:62  [0;39m Unlock orders
[2025-04-05 02:18:02] [34mINFO[0;39m [36mg.service.ubs.OrderLockServiceImpl      [0;39m [35m:60  [0;39m Time: 2025-04-05T02:13:02.156245200
[2025-04-05 02:18:02] [34mINFO[0;39m [36mg.service.ubs.OrderLockServiceImpl      [0;39m [35m:62  [0;39m Unlock orders
[2025-04-05 02:18:02] [34mINFO[0;39m [36mg.service.ubs.OrderLockServiceImpl      [0;39m [35m:60  [0;39m Time: 2025-04-05T02:13:02.156245200
[2025-04-05 02:18:02] [34mINFO[0;39m [36mg.service.ubs.OrderLockServiceImpl      [0;39m [35m:62  [0;39m Unlock orders
[2025-04-05 02:18:02] [34mINFO[0;39m [36mg.service.ubs.OrderLockServiceImpl      [0;39m [35m:60  [0;39m Time: 2025-04-05T02:13:02.157248400
[2025-04-05 02:18:02] [34mINFO[0;39m [36mg.service.ubs.OrderLockServiceImpl      [0;39m [35m:62  [0;39m Unlock orders
[2025-04-05 02:18:02] [34mINFO[0;39m [36mg.service.ubs.OrderLockServiceImpl      [0;39m [35m:60  [0;39m Time: 2025-04-05T02:13:02.157248400
[2025-04-05 02:18:02] [34mINFO[0;39m [36mg.service.ubs.OrderLockServiceImpl      [0;39m [35m:62  [0;39m Unlock orders
[2025-04-05 02:18:02] [34mINFO[0;39m [36mg.service.ubs.OrderLockServiceImpl      [0;39m [35m:60  [0;39m Time: 2025-04-05T02:13:02.158249500
[2025-04-05 02:18:02] [34mINFO[0;39m [36mg.service.ubs.OrderLockServiceImpl      [0;39m [35m:62  [0;39m Unlock orders
[2025-04-05 02:18:02] [34mINFO[0;39m [36mg.service.ubs.OrderLockServiceImpl      [0;39m [35m:60  [0;39m Time: 2025-04-05T02:13:02.158249500
[2025-04-05 02:18:02] [34mINFO[0;39m [36mg.service.ubs.OrderLockServiceImpl      [0;39m [35m:62  [0;39m Unlock orders
[2025-04-05 02:18:02] [34mINFO[0;39m [36mg.service.ubs.OrderLockServiceImpl      [0;39m [35m:60  [0;39m Time: 2025-04-05T02:13:02.159249
[2025-04-05 02:18:02] [34mINFO[0;39m [36mg.service.ubs.OrderLockServiceImpl      [0;39m [35m:62  [0;39m Unlock orders
[2025-04-05 02:18:02] [34mINFO[0;39m [36mg.service.ubs.OrderLockServiceImpl      [0;39m [35m:60  [0;39m Time: 2025-04-05T02:13:02.159249
[2025-04-05 02:18:02] [34mINFO[0;39m [36mg.service.ubs.OrderLockServiceImpl      [0;39m [35m:62  [0;39m Unlock orders
[2025-04-05 02:18:02] [34mINFO[0;39m [36mg.service.ubs.OrderLockServiceImpl      [0;39m [35m:60  [0;39m Time: 2025-04-05T02:13:02.160248
[2025-04-05 02:18:02] [34mINFO[0;39m [36mg.service.ubs.OrderLockServiceImpl      [0;39m [35m:62  [0;39m Unlock orders
[2025-04-05 02:18:02] [34mINFO[0;39m [36mg.service.ubs.OrderLockServiceImpl      [0;39m [35m:60  [0;39m Time: 2025-04-05T02:13:02.161248
[2025-04-05 02:18:02] [34mINFO[0;39m [36mg.service.ubs.OrderLockServiceImpl      [0;39m [35m:62  [0;39m Unlock orders
[2025-04-05 02:18:02] [34mINFO[0;39m [36mg.service.ubs.OrderLockServiceImpl      [0;39m [35m:60  [0;39m Time: 2025-04-05T02:13:02.161248
[2025-04-05 02:18:02] [34mINFO[0;39m [36mg.service.ubs.OrderLockServiceImpl      [0;39m [35m:62  [0;39m Unlock orders
[2025-04-05 02:18:02] [34mINFO[0;39m [36mg.service.ubs.OrderLockServiceImpl      [0;39m [35m:60  [0;39m Time: 2025-04-05T02:13:02.162248300
[2025-04-05 02:18:02] [34mINFO[0;39m [36mg.service.ubs.OrderLockServiceImpl      [0;39m [35m:62  [0;39m Unlock orders
[2025-04-05 02:18:02] [34mINFO[0;39m [36mg.service.ubs.OrderLockServiceImpl      [0;39m [35m:60  [0;39m Time: 2025-04-05T02:13:02.162248300
[2025-04-05 02:18:02] [34mINFO[0;39m [36mg.service.ubs.OrderLockServiceImpl      [0;39m [35m:62  [0;39m Unlock orders
[2025-04-05 02:18:02] [34mINFO[0;39m [36mg.service.ubs.OrderLockServiceImpl      [0;39m [35m:60  [0;39m Time: 2025-04-05T02:13:02.163247400
[2025-04-05 02:18:02] [34mINFO[0;39m [36mg.service.ubs.OrderLockServiceImpl      [0;39m [35m:62  [0;39m Unlock orders
[2025-04-05 02:18:02] [34mINFO[0;39m [36mg.service.ubs.OrderLockServiceImpl      [0;39m [35m:60  [0;39m Time: 2025-04-05T02:13:02.163247400
[2025-04-05 02:18:02] [34mINFO[0;39m [36mg.service.ubs.OrderLockServiceImpl      [0;39m [35m:62  [0;39m Unlock orders
[2025-04-05 02:18:02] [34mINFO[0;39m [36mg.service.ubs.OrderLockServiceImpl      [0;39m [35m:60  [0;39m Time: 2025-04-05T02:13:02.164247900
[2025-04-05 02:18:02] [34mINFO[0;39m [36mg.service.ubs.OrderLockServiceImpl      [0;39m [35m:62  [0;39m Unlock orders
[2025-04-05 02:18:02] [34mINFO[0;39m [36mg.service.ubs.OrderLockServiceImpl      [0;39m [35m:60  [0;39m Time: 2025-04-05T02:13:02.164247900
[2025-04-05 02:18:02] [34mINFO[0;39m [36mg.service.ubs.OrderLockServiceImpl      [0;39m [35m:62  [0;39m Unlock orders
[2025-04-05 02:18:02] [34mINFO[0;39m [36mg.service.ubs.OrderLockServiceImpl      [0;39m [35m:60  [0;39m Time: 2025-04-05T02:13:02.165248900
[2025-04-05 02:18:02] [34mINFO[0;39m [36mg.service.ubs.OrderLockServiceImpl      [0;39m [35m:62  [0;39m Unlock orders
[2025-04-05 02:18:02] [34mINFO[0;39m [36mg.service.ubs.OrderLockServiceImpl      [0;39m [35m:60  [0;39m Time: 2025-04-05T02:13:02.165248900
[2025-04-05 02:18:02] [34mINFO[0;39m [36mg.service.ubs.OrderLockServiceImpl      [0;39m [35m:62  [0;39m Unlock orders
[2025-04-05 02:18:02] [34mINFO[0;39m [36mg.service.ubs.OrderLockServiceImpl      [0;39m [35m:60  [0;39m Time: 2025-04-05T02:13:02.166245900
[2025-04-05 02:18:02] [34mINFO[0;39m [36mg.service.ubs.OrderLockServiceImpl      [0;39m [35m:62  [0;39m Unlock orders
[2025-04-05 02:18:02] [34mINFO[0;39m [36mg.service.ubs.OrderLockServiceImpl      [0;39m [35m:60  [0;39m Time: 2025-04-05T02:13:02.167245900
[2025-04-05 02:18:02] [34mINFO[0;39m [36mg.service.ubs.OrderLockServiceImpl      [0;39m [35m:62  [0;39m Unlock orders
[2025-04-05 02:18:02] [34mINFO[0;39m [36mg.service.ubs.OrderLockServiceImpl      [0;39m [35m:60  [0;39m Time: 2025-04-05T02:13:02.167245900
[2025-04-05 02:18:02] [34mINFO[0;39m [36mg.service.ubs.OrderLockServiceImpl      [0;39m [35m:62  [0;39m Unlock orders
[2025-04-05 02:18:02] [34mINFO[0;39m [36mg.service.ubs.OrderLockServiceImpl      [0;39m [35m:60  [0;39m Time: 2025-04-05T02:13:02.168245200
[2025-04-05 02:18:02] [34mINFO[0;39m [36mg.service.ubs.OrderLockServiceImpl      [0;39m [35m:62  [0;39m Unlock orders
[2025-04-05 02:18:02] [34mINFO[0;39m [36mg.service.ubs.OrderLockServiceImpl      [0;39m [35m:60  [0;39m Time: 2025-04-05T02:13:02.168245200
[2025-04-05 02:18:02] [34mINFO[0;39m [36mg.service.ubs.OrderLockServiceImpl      [0;39m [35m:62  [0;39m Unlock orders
[2025-04-05 02:18:02] [34mINFO[0;39m [36mg.service.ubs.OrderLockServiceImpl      [0;39m [35m:60  [0;39m Time: 2025-04-05T02:13:02.169244700
[2025-04-05 02:18:02] [34mINFO[0;39m [36mg.service.ubs.OrderLockServiceImpl      [0;39m [35m:62  [0;39m Unlock orders
[2025-04-05 02:18:02] [34mINFO[0;39m [36mg.service.ubs.OrderLockServiceImpl      [0;39m [35m:60  [0;39m Time: 2025-04-05T02:13:02.169244700
[2025-04-05 02:18:02] [34mINFO[0;39m [36mg.service.ubs.OrderLockServiceImpl      [0;39m [35m:62  [0;39m Unlock orders
[2025-04-05 02:18:02] [34mINFO[0;39m [36mg.service.ubs.OrderLockServiceImpl      [0;39m [35m:60  [0;39m Time: 2025-04-05T02:13:02.170245300
[2025-04-05 02:18:02] [34mINFO[0;39m [36mg.service.ubs.OrderLockServiceImpl      [0;39m [35m:62  [0;39m Unlock orders
[2025-04-05 02:18:02] [34mINFO[0;39m [36mg.service.ubs.OrderLockServiceImpl      [0;39m [35m:60  [0;39m Time: 2025-04-05T02:13:02.171246100
[2025-04-05 02:18:02] [34mINFO[0;39m [36mg.service.ubs.OrderLockServiceImpl      [0;39m [35m:62  [0;39m Unlock orders
[2025-04-05 02:18:02] [34mINFO[0;39m [36mg.service.ubs.OrderLockServiceImpl      [0;39m [35m:60  [0;39m Time: 2025-04-05T02:13:02.171246100
[2025-04-05 02:18:02] [34mINFO[0;39m [36mg.service.ubs.OrderLockServiceImpl      [0;39m [35m:62  [0;39m Unlock orders
[2025-04-05 02:18:02] [34mINFO[0;39m [36mg.service.ubs.OrderLockServiceImpl      [0;39m [35m:60  [0;39m Time: 2025-04-05T02:13:02.172245500
[2025-04-05 02:18:02] [34mINFO[0;39m [36mg.service.ubs.OrderLockServiceImpl      [0;39m [35m:62  [0;39m Unlock orders
[2025-04-05 02:18:02] [34mINFO[0;39m [36mg.service.ubs.OrderLockServiceImpl      [0;39m [35m:60  [0;39m Time: 2025-04-05T02:13:02.172245500
[2025-04-05 02:18:02] [34mINFO[0;39m [36mg.service.ubs.OrderLockServiceImpl      [0;39m [35m:62  [0;39m Unlock orders
[2025-04-05 02:18:02] [34mINFO[0;39m [36mg.service.ubs.OrderLockServiceImpl      [0;39m [35m:60  [0;39m Time: 2025-04-05T02:13:02.173245100
[2025-04-05 02:18:02] [34mINFO[0;39m [36mg.service.ubs.OrderLockServiceImpl      [0;39m [35m:62  [0;39m Unlock orders
[2025-04-05 02:18:02] [34mINFO[0;39m [36mg.service.ubs.OrderLockServiceImpl      [0;39m [35m:60  [0;39m Time: 2025-04-05T02:13:02.173245100
[2025-04-05 02:18:02] [34mINFO[0;39m [36mg.service.ubs.OrderLockServiceImpl      [0;39m [35m:62  [0;39m Unlock orders
[2025-04-05 02:18:02] [34mINFO[0;39m [36mg.service.ubs.OrderLockServiceImpl      [0;39m [35m:60  [0;39m Time: 2025-04-05T02:13:02.174244100
[2025-04-05 02:18:02] [34mINFO[0;39m [36mg.service.ubs.OrderLockServiceImpl      [0;39m [35m:62  [0;39m Unlock orders
[2025-04-05 02:18:02] [34mINFO[0;39m [36mg.service.ubs.OrderLockServiceImpl      [0;39m [35m:60  [0;39m Time: 2025-04-05T02:13:02.175246
[2025-04-05 02:18:02] [34mINFO[0;39m [36mg.service.ubs.OrderLockServiceImpl      [0;39m [35m:62  [0;39m Unlock orders
[2025-04-05 02:18:02] [34mINFO[0;39m [36mg.service.ubs.OrderLockServiceImpl      [0;39m [35m:60  [0;39m Time: 2025-04-05T02:13:02.175246
[2025-04-05 02:18:02] [34mINFO[0;39m [36mg.service.ubs.OrderLockServiceImpl      [0;39m [35m:62  [0;39m Unlock orders
[2025-04-05 02:18:02] [34mINFO[0;39m [36mg.service.ubs.OrderLockServiceImpl      [0;39m [35m:60  [0;39m Time: 2025-04-05T02:13:02.176246
[2025-04-05 02:18:02] [34mINFO[0;39m [36mg.service.ubs.OrderLockServiceImpl      [0;39m [35m:62  [0;39m Unlock orders
[2025-04-05 02:18:02] [34mINFO[0;39m [36mg.service.ubs.OrderLockServiceImpl      [0;39m [35m:60  [0;39m Time: 2025-04-05T02:13:02.176246
[2025-04-05 02:18:02] [34mINFO[0;39m [36mg.service.ubs.OrderLockServiceImpl      [0;39m [35m:62  [0;39m Unlock orders
[2025-04-05 02:18:02] [34mINFO[0;39m [36mg.service.ubs.OrderLockServiceImpl      [0;39m [35m:60  [0;39m Time: 2025-04-05T02:13:02.177249
[2025-04-05 02:18:02] [34mINFO[0;39m [36mg.service.ubs.OrderLockServiceImpl      [0;39m [35m:62  [0;39m Unlock orders
[2025-04-05 02:18:02] [34mINFO[0;39m [36mg.service.ubs.OrderLockServiceImpl      [0;39m [35m:60  [0;39m Time: 2025-04-05T02:13:02.177249
[2025-04-05 02:18:02] [34mINFO[0;39m [36mg.service.ubs.OrderLockServiceImpl      [0;39m [35m:62  [0;39m Unlock orders
[2025-04-05 02:18:02] [34mINFO[0;39m [36mg.service.ubs.OrderLockServiceImpl      [0;39m [35m:60  [0;39m Time: 2025-04-05T02:13:02.178245300
[2025-04-05 02:18:02] [34mINFO[0;39m [36mg.service.ubs.OrderLockServiceImpl      [0;39m [35m:62  [0;39m Unlock orders
[2025-04-05 02:18:02] [34mINFO[0;39m [36mg.service.ubs.OrderLockServiceImpl      [0;39m [35m:60  [0;39m Time: 2025-04-05T02:13:02.179245400
[2025-04-05 02:18:02] [34mINFO[0;39m [36mg.service.ubs.OrderLockServiceImpl      [0;39m [35m:62  [0;39m Unlock orders
[2025-04-05 02:18:02] [34mINFO[0;39m [36mg.service.ubs.OrderLockServiceImpl      [0;39m [35m:60  [0;39m Time: 2025-04-05T02:13:02.179245400
[2025-04-05 02:18:02] [34mINFO[0;39m [36mg.service.ubs.OrderLockServiceImpl      [0;39m [35m:62  [0;39m Unlock orders
[2025-04-05 02:18:02] [34mINFO[0;39m [36mg.service.ubs.OrderLockServiceImpl      [0;39m [35m:60  [0;39m Time: 2025-04-05T02:13:02.180244600
[2025-04-05 02:18:02] [34mINFO[0;39m [36mg.service.ubs.OrderLockServiceImpl      [0;39m [35m:62  [0;39m Unlock orders
[2025-04-05 02:18:02] [34mINFO[0;39m [36mg.service.ubs.OrderLockServiceImpl      [0;39m [35m:60  [0;39m Time: 2025-04-05T02:13:02.180244600
[2025-04-05 02:18:02] [34mINFO[0;39m [36mg.service.ubs.OrderLockServiceImpl      [0;39m [35m:62  [0;39m Unlock orders
[2025-04-05 02:18:02] [34mINFO[0;39m [36mg.service.ubs.OrderLockServiceImpl      [0;39m [35m:60  [0;39m Time: 2025-04-05T02:13:02.181245
[2025-04-05 02:18:02] [34mINFO[0;39m [36mg.service.ubs.OrderLockServiceImpl      [0;39m [35m:62  [0;39m Unlock orders
[2025-04-05 02:18:02] [34mINFO[0;39m [36mg.service.ubs.OrderLockServiceImpl      [0;39m [35m:60  [0;39m Time: 2025-04-05T02:13:02.182246800
[2025-04-05 02:18:02] [34mINFO[0;39m [36mg.service.ubs.OrderLockServiceImpl      [0;39m [35m:62  [0;39m Unlock orders
[2025-04-05 02:18:02] [34mINFO[0;39m [36mg.service.ubs.OrderLockServiceImpl      [0;39m [35m:60  [0;39m Time: 2025-04-05T02:13:02.182246800
[2025-04-05 02:18:02] [34mINFO[0;39m [36mg.service.ubs.OrderLockServiceImpl      [0;39m [35m:62  [0;39m Unlock orders
[2025-04-05 02:18:02] [34mINFO[0;39m [36mg.service.ubs.OrderLockServiceImpl      [0;39m [35m:60  [0;39m Time: 2025-04-05T02:13:02.183245800
[2025-04-05 02:18:02] [34mINFO[0;39m [36mg.service.ubs.OrderLockServiceImpl      [0;39m [35m:62  [0;39m Unlock orders
[2025-04-05 02:18:02] [34mINFO[0;39m [36mg.service.ubs.OrderLockServiceImpl      [0;39m [35m:60  [0;39m Time: 2025-04-05T02:13:02.184247600
[2025-04-05 02:18:02] [34mINFO[0;39m [36mg.service.ubs.OrderLockServiceImpl      [0;39m [35m:62  [0;39m Unlock orders
[2025-04-05 02:18:02] [34mINFO[0;39m [36mg.service.ubs.OrderLockServiceImpl      [0;39m [35m:60  [0;39m Time: 2025-04-05T02:13:02.184247600
[2025-04-05 02:18:02] [34mINFO[0;39m [36mg.service.ubs.OrderLockServiceImpl      [0;39m [35m:62  [0;39m Unlock orders
[2025-04-05 02:18:02] [34mINFO[0;39m [36mg.service.ubs.OrderLockServiceImpl      [0;39m [35m:60  [0;39m Time: 2025-04-05T02:13:02.185360
[2025-04-05 02:18:02] [34mINFO[0;39m [36mg.service.ubs.OrderLockServiceImpl      [0;39m [35m:62  [0;39m Unlock orders
[2025-04-05 02:18:02] [34mINFO[0;39m [36mg.service.ubs.OrderLockServiceImpl      [0;39m [35m:60  [0;39m Time: 2025-04-05T02:13:02.186430300
[2025-04-05 02:18:02] [34mINFO[0;39m [36mg.service.ubs.OrderLockServiceImpl      [0;39m [35m:62  [0;39m Unlock orders
[2025-04-05 02:18:02] [34mINFO[0;39m [36mg.service.ubs.OrderLockServiceImpl      [0;39m [35m:60  [0;39m Time: 2025-04-05T02:13:02.187567800
[2025-04-05 02:18:02] [34mINFO[0;39m [36mg.service.ubs.OrderLockServiceImpl      [0;39m [35m:62  [0;39m Unlock orders
[2025-04-05 02:18:02] [34mINFO[0;39m [36mg.service.ubs.OrderLockServiceImpl      [0;39m [35m:60  [0;39m Time: 2025-04-05T02:13:02.188673300
[2025-04-05 02:18:02] [34mINFO[0;39m [36mg.service.ubs.OrderLockServiceImpl      [0;39m [35m:62  [0;39m Unlock orders
[2025-04-05 02:18:02] [34mINFO[0;39m [36mg.service.ubs.OrderLockServiceImpl      [0;39m [35m:60  [0;39m Time: 2025-04-05T02:13:02.189868400
[2025-04-05 02:18:02] [34mINFO[0;39m [36mg.service.ubs.OrderLockServiceImpl      [0;39m [35m:62  [0;39m Unlock orders
[2025-04-05 02:18:02] [34mINFO[0;39m [36mg.service.ubs.OrderLockServiceImpl      [0;39m [35m:60  [0;39m Time: 2025-04-05T02:13:02.191090500
[2025-04-05 02:18:02] [34mINFO[0;39m [36mg.service.ubs.OrderLockServiceImpl      [0;39m [35m:62  [0;39m Unlock orders
[2025-04-05 02:18:02] [34mINFO[0;39m [36mg.service.ubs.OrderLockServiceImpl      [0;39m [35m:60  [0;39m Time: 2025-04-05T02:13:02.192072300
[2025-04-05 02:18:02] [34mINFO[0;39m [36mg.service.ubs.OrderLockServiceImpl      [0;39m [35m:62  [0;39m Unlock orders
[2025-04-05 02:18:02] [34mINFO[0;39m [36mg.service.ubs.OrderLockServiceImpl      [0;39m [35m:60  [0;39m Time: 2025-04-05T02:13:02.192708600
[2025-04-05 02:18:02] [34mINFO[0;39m [36mg.service.ubs.OrderLockServiceImpl      [0;39m [35m:62  [0;39m Unlock orders
[2025-04-05 02:18:02] [34mINFO[0;39m [36mg.service.ubs.OrderLockServiceImpl      [0;39m [35m:60  [0;39m Time: 2025-04-05T02:13:02.193777
[2025-04-05 02:18:02] [34mINFO[0;39m [36mg.service.ubs.OrderLockServiceImpl      [0;39m [35m:62  [0;39m Unlock orders
[2025-04-05 02:18:02] [34mINFO[0;39m [36mg.service.ubs.OrderLockServiceImpl      [0;39m [35m:60  [0;39m Time: 2025-04-05T02:13:02.194849200
[2025-04-05 02:18:02] [34mINFO[0;39m [36mg.service.ubs.OrderLockServiceImpl      [0;39m [35m:62  [0;39m Unlock orders
[2025-04-05 02:18:02] [34mINFO[0;39m [36mg.service.ubs.OrderLockServiceImpl      [0;39m [35m:60  [0;39m Time: 2025-04-05T02:13:02.195891600
[2025-04-05 02:18:02] [34mINFO[0;39m [36mg.service.ubs.OrderLockServiceImpl      [0;39m [35m:62  [0;39m Unlock orders
[2025-04-05 02:18:02] [34mINFO[0;39m [36mg.service.ubs.OrderLockServiceImpl      [0;39m [35m:60  [0;39m Time: 2025-04-05T02:13:02.196439500
[2025-04-05 02:18:02] [34mINFO[0;39m [36mg.service.ubs.OrderLockServiceImpl      [0;39m [35m:62  [0;39m Unlock orders
[2025-04-05 02:18:02] [34mINFO[0;39m [36mg.service.ubs.OrderLockServiceImpl      [0;39m [35m:60  [0;39m Time: 2025-04-05T02:13:02.197437700
[2025-04-05 02:18:02] [34mINFO[0;39m [36mg.service.ubs.OrderLockServiceImpl      [0;39m [35m:62  [0;39m Unlock orders
[2025-04-05 02:18:02] [34mINFO[0;39m [36mg.service.ubs.OrderLockServiceImpl      [0;39m [35m:60  [0;39m Time: 2025-04-05T02:13:02.198435700
[2025-04-05 02:18:02] [34mINFO[0;39m [36mg.service.ubs.OrderLockServiceImpl      [0;39m [35m:62  [0;39m Unlock orders
[2025-04-05 02:18:02] [34mINFO[0;39m [36mg.service.ubs.OrderLockServiceImpl      [0;39m [35m:60  [0;39m Time: 2025-04-05T02:13:02.198435700
[2025-04-05 02:18:02] [34mINFO[0;39m [36mg.service.ubs.OrderLockServiceImpl      [0;39m [35m:62  [0;39m Unlock orders
[2025-04-05 02:18:02] [34mINFO[0;39m [36mg.service.ubs.OrderLockServiceImpl      [0;39m [35m:60  [0;39m Time: 2025-04-05T02:13:02.199438300
[2025-04-05 02:18:02] [34mINFO[0;39m [36mg.service.ubs.OrderLockServiceImpl      [0;39m [35m:62  [0;39m Unlock orders
[2025-04-05 02:18:02] [34mINFO[0;39m [36mg.service.ubs.OrderLockServiceImpl      [0;39m [35m:60  [0;39m Time: 2025-04-05T02:13:02.200436300
[2025-04-05 02:18:02] [34mINFO[0;39m [36mg.service.ubs.OrderLockServiceImpl      [0;39m [35m:62  [0;39m Unlock orders
[2025-04-05 02:18:02] [34mINFO[0;39m [36mg.service.ubs.OrderLockServiceImpl      [0;39m [35m:60  [0;39m Time: 2025-04-05T02:13:02.200436300
[2025-04-05 02:18:02] [34mINFO[0;39m [36mg.service.ubs.OrderLockServiceImpl      [0;39m [35m:62  [0;39m Unlock orders
[2025-04-05 02:18:02] [34mINFO[0;39m [36mg.service.ubs.OrderLockServiceImpl      [0;39m [35m:60  [0;39m Time: 2025-04-05T02:13:02.201437300
[2025-04-05 02:18:02] [34mINFO[0;39m [36mg.service.ubs.OrderLockServiceImpl      [0;39m [35m:62  [0;39m Unlock orders
[2025-04-05 02:18:02] [34mINFO[0;39m [36mg.service.ubs.OrderLockServiceImpl      [0;39m [35m:60  [0;39m Time: 2025-04-05T02:13:02.202442600
[2025-04-05 02:18:02] [34mINFO[0;39m [36mg.service.ubs.OrderLockServiceImpl      [0;39m [35m:62  [0;39m Unlock orders
[2025-04-05 02:18:02] [34mINFO[0;39m [36mg.service.ubs.OrderLockServiceImpl      [0;39m [35m:60  [0;39m Time: 2025-04-05T02:13:02.203437900
[2025-04-05 02:18:02] [34mINFO[0;39m [36mg.service.ubs.OrderLockServiceImpl      [0;39m [35m:62  [0;39m Unlock orders
[2025-04-05 02:18:02] [34mINFO[0;39m [36mg.service.ubs.OrderLockServiceImpl      [0;39m [35m:60  [0;39m Time: 2025-04-05T02:13:02.203437900
[2025-04-05 02:18:02] [34mINFO[0;39m [36mg.service.ubs.OrderLockServiceImpl      [0;39m [35m:62  [0;39m Unlock orders
[2025-04-05 02:18:02] [34mINFO[0;39m [36mg.service.ubs.OrderLockServiceImpl      [0;39m [35m:60  [0;39m Time: 2025-04-05T02:13:02.204435500
[2025-04-05 02:18:02] [34mINFO[0;39m [36mg.service.ubs.OrderLockServiceImpl      [0;39m [35m:62  [0;39m Unlock orders
[2025-04-05 02:18:02] [34mINFO[0;39m [36mg.service.ubs.OrderLockServiceImpl      [0;39m [35m:60  [0;39m Time: 2025-04-05T02:13:02.204435500
[2025-04-05 02:18:02] [34mINFO[0;39m [36mg.service.ubs.OrderLockServiceImpl      [0;39m [35m:62  [0;39m Unlock orders
[2025-04-05 02:18:02] [34mINFO[0;39m [36mg.service.ubs.OrderLockServiceImpl      [0;39m [35m:60  [0;39m Time: 2025-04-05T02:13:02.205437300
[2025-04-05 02:18:02] [34mINFO[0;39m [36mg.service.ubs.OrderLockServiceImpl      [0;39m [35m:62  [0;39m Unlock orders
[2025-04-05 02:18:02] [34mINFO[0;39m [36mg.service.ubs.OrderLockServiceImpl      [0;39m [35m:60  [0;39m Time: 2025-04-05T02:13:02.206437400
[2025-04-05 02:18:02] [34mINFO[0;39m [36mg.service.ubs.OrderLockServiceImpl      [0;39m [35m:62  [0;39m Unlock orders
[2025-04-05 02:18:02] [34mINFO[0;39m [36mg.service.ubs.OrderLockServiceImpl      [0;39m [35m:60  [0;39m Time: 2025-04-05T02:13:02.206437400
[2025-04-05 02:18:02] [34mINFO[0;39m [36mg.service.ubs.OrderLockServiceImpl      [0;39m [35m:62  [0;39m Unlock orders
[2025-04-05 02:18:02] [34mINFO[0;39m [36mg.service.ubs.OrderLockServiceImpl      [0;39m [35m:60  [0;39m Time: 2025-04-05T02:13:02.207436600
[2025-04-05 02:18:02] [34mINFO[0;39m [36mg.service.ubs.OrderLockServiceImpl      [0;39m [35m:62  [0;39m Unlock orders
[2025-04-05 02:18:02] [34mINFO[0;39m [36mg.service.ubs.OrderLockServiceImpl      [0;39m [35m:60  [0;39m Time: 2025-04-05T02:13:02.208437300
[2025-04-05 02:18:02] [34mINFO[0;39m [36mg.service.ubs.OrderLockServiceImpl      [0;39m [35m:62  [0;39m Unlock orders
[2025-04-05 02:18:02] [34mINFO[0;39m [36mg.service.ubs.OrderLockServiceImpl      [0;39m [35m:60  [0;39m Time: 2025-04-05T02:13:02.209436500
[2025-04-05 02:18:02] [34mINFO[0;39m [36mg.service.ubs.OrderLockServiceImpl      [0;39m [35m:62  [0;39m Unlock orders
[2025-04-05 02:18:02] [34mINFO[0;39m [36mg.service.ubs.OrderLockServiceImpl      [0;39m [35m:60  [0;39m Time: 2025-04-05T02:13:02.210437300
[2025-04-05 02:18:02] [34mINFO[0;39m [36mg.service.ubs.OrderLockServiceImpl      [0;39m [35m:62  [0;39m Unlock orders
[2025-04-05 02:18:02] [34mINFO[0;39m [36mg.service.ubs.OrderLockServiceImpl      [0;39m [35m:60  [0;39m Time: 2025-04-05T02:13:02.211437900
[2025-04-05 02:18:02] [34mINFO[0;39m [36mg.service.ubs.OrderLockServiceImpl      [0;39m [35m:62  [0;39m Unlock orders
[2025-04-05 02:18:02] [34mINFO[0;39m [36mg.service.ubs.OrderLockServiceImpl      [0;39m [35m:60  [0;39m Time: 2025-04-05T02:13:02.212441
[2025-04-05 02:18:02] [34mINFO[0;39m [36mg.service.ubs.OrderLockServiceImpl      [0;39m [35m:62  [0;39m Unlock orders
[2025-04-05 02:18:02] [34mINFO[0;39m [36mg.service.ubs.OrderLockServiceImpl      [0;39m [35m:60  [0;39m Time: 2025-04-05T02:13:02.213436900
[2025-04-05 02:18:02] [34mINFO[0;39m [36mg.service.ubs.OrderLockServiceImpl      [0;39m [35m:62  [0;39m Unlock orders
[2025-04-05 02:18:02] [34mINFO[0;39m [36mg.service.ubs.OrderLockServiceImpl      [0;39m [35m:60  [0;39m Time: 2025-04-05T02:13:02.214437900
[2025-04-05 02:18:02] [34mINFO[0;39m [36mg.service.ubs.OrderLockServiceImpl      [0;39m [35m:62  [0;39m Unlock orders
[2025-04-05 02:18:02] [34mINFO[0;39m [36mg.service.ubs.OrderLockServiceImpl      [0;39m [35m:60  [0;39m Time: 2025-04-05T02:13:02.214437900
[2025-04-05 02:18:02] [34mINFO[0;39m [36mg.service.ubs.OrderLockServiceImpl      [0;39m [35m:62  [0;39m Unlock orders
[2025-04-05 02:18:02] [34mINFO[0;39m [36mg.service.ubs.OrderLockServiceImpl      [0;39m [35m:60  [0;39m Time: 2025-04-05T02:13:02.215438400
[2025-04-05 02:18:02] [34mINFO[0;39m [36mg.service.ubs.OrderLockServiceImpl      [0;39m [35m:62  [0;39m Unlock orders
[2025-04-05 02:18:02] [34mINFO[0;39m [36mg.service.ubs.OrderLockServiceImpl      [0;39m [35m:60  [0;39m Time: 2025-04-05T02:13:02.216439600
[2025-04-05 02:18:02] [34mINFO[0;39m [36mg.service.ubs.OrderLockServiceImpl      [0;39m [35m:62  [0;39m Unlock orders
[2025-04-05 02:18:02] [34mINFO[0;39m [36mg.service.ubs.OrderLockServiceImpl      [0;39m [35m:60  [0;39m Time: 2025-04-05T02:13:02.216439600
[2025-04-05 02:18:02] [34mINFO[0;39m [36mg.service.ubs.OrderLockServiceImpl      [0;39m [35m:62  [0;39m Unlock orders
[2025-04-05 02:18:02] [34mINFO[0;39m [36mg.service.ubs.OrderLockServiceImpl      [0;39m [35m:60  [0;39m Time: 2025-04-05T02:13:02.217440300
[2025-04-05 02:18:02] [34mINFO[0;39m [36mg.service.ubs.OrderLockServiceImpl      [0;39m [35m:62  [0;39m Unlock orders
[2025-04-05 02:18:02] [34mINFO[0;39m [36mg.service.ubs.OrderLockServiceImpl      [0;39m [35m:60  [0;39m Time: 2025-04-05T02:13:02.217440300
[2025-04-05 02:18:02] [34mINFO[0;39m [36mg.service.ubs.OrderLockServiceImpl      [0;39m [35m:62  [0;39m Unlock orders
[2025-04-05 02:18:02] [34mINFO[0;39m [36mg.service.ubs.OrderLockServiceImpl      [0;39m [35m:60  [0;39m Time: 2025-04-05T02:13:02.218440
[2025-04-05 02:18:02] [34mINFO[0;39m [36mg.service.ubs.OrderLockServiceImpl      [0;39m [35m:62  [0;39m Unlock orders
[2025-04-05 02:18:02] [34mINFO[0;39m [36mg.service.ubs.OrderLockServiceImpl      [0;39m [35m:60  [0;39m Time: 2025-04-05T02:13:02.218440
[2025-04-05 02:18:02] [34mINFO[0;39m [36mg.service.ubs.OrderLockServiceImpl      [0;39m [35m:62  [0;39m Unlock orders
[2025-04-05 02:18:02] [34mINFO[0;39m [36mg.service.ubs.OrderLockServiceImpl      [0;39m [35m:60  [0;39m Time: 2025-04-05T02:13:02.219440100
[2025-04-05 02:18:02] [34mINFO[0;39m [36mg.service.ubs.OrderLockServiceImpl      [0;39m [35m:62  [0;39m Unlock orders
[2025-04-05 02:18:02] [34mINFO[0;39m [36mg.service.ubs.OrderLockServiceImpl      [0;39m [35m:60  [0;39m Time: 2025-04-05T02:13:02.219440100
[2025-04-05 02:18:02] [34mINFO[0;39m [36mg.service.ubs.OrderLockServiceImpl      [0;39m [35m:62  [0;39m Unlock orders
[2025-04-05 02:18:02] [34mINFO[0;39m [36mg.service.ubs.OrderLockServiceImpl      [0;39m [35m:60  [0;39m Time: 2025-04-05T02:13:02.220439700
[2025-04-05 02:18:02] [34mINFO[0;39m [36mg.service.ubs.OrderLockServiceImpl      [0;39m [35m:62  [0;39m Unlock orders
[2025-04-05 02:18:02] [34mINFO[0;39m [36mg.service.ubs.OrderLockServiceImpl      [0;39m [35m:60  [0;39m Time: 2025-04-05T02:13:02.222437400
[2025-04-05 02:18:02] [34mINFO[0;39m [36mg.service.ubs.OrderLockServiceImpl      [0;39m [35m:62  [0;39m Unlock orders
[2025-04-05 02:18:02] [34mINFO[0;39m [36mg.service.ubs.OrderLockServiceImpl      [0;39m [35m:60  [0;39m Time: 2025-04-05T02:13:02.222437400
[2025-04-05 02:18:02] [34mINFO[0;39m [36mg.service.ubs.OrderLockServiceImpl      [0;39m [35m:62  [0;39m Unlock orders
[2025-04-05 02:18:02] [34mINFO[0;39m [36mg.service.ubs.OrderLockServiceImpl      [0;39m [35m:60  [0;39m Time: 2025-04-05T02:13:02.223440200
[2025-04-05 02:18:02] [34mINFO[0;39m [36mg.service.ubs.OrderLockServiceImpl      [0;39m [35m:62  [0;39m Unlock orders
[2025-04-05 02:18:02] [34mINFO[0;39m [36mg.service.ubs.OrderLockServiceImpl      [0;39m [35m:60  [0;39m Time: 2025-04-05T02:13:02.223440200
[2025-04-05 02:18:02] [34mINFO[0;39m [36mg.service.ubs.OrderLockServiceImpl      [0;39m [35m:62  [0;39m Unlock orders
[2025-04-05 02:18:02] [34mINFO[0;39m [36mg.service.ubs.OrderLockServiceImpl      [0;39m [35m:60  [0;39m Time: 2025-04-05T02:13:02.224440700
[2025-04-05 02:18:02] [34mINFO[0;39m [36mg.service.ubs.OrderLockServiceImpl      [0;39m [35m:62  [0;39m Unlock orders
[2025-04-05 02:18:02] [34mINFO[0;39m [36mg.service.ubs.OrderLockServiceImpl      [0;39m [35m:60  [0;39m Time: 2025-04-05T02:13:02.224440700
[2025-04-05 02:18:02] [34mINFO[0;39m [36mg.service.ubs.OrderLockServiceImpl      [0;39m [35m:62  [0;39m Unlock orders
[2025-04-05 02:18:02] [34mINFO[0;39m [36mg.service.ubs.OrderLockServiceImpl      [0;39m [35m:60  [0;39m Time: 2025-04-05T02:13:02.225440700
[2025-04-05 02:18:02] [34mINFO[0;39m [36mg.service.ubs.OrderLockServiceImpl      [0;39m [35m:62  [0;39m Unlock orders
[2025-04-05 02:18:02] [34mINFO[0;39m [36mg.service.ubs.OrderLockServiceImpl      [0;39m [35m:60  [0;39m Time: 2025-04-05T02:13:02.225440700
[2025-04-05 02:18:02] [34mINFO[0;39m [36mg.service.ubs.OrderLockServiceImpl      [0;39m [35m:62  [0;39m Unlock orders
[2025-04-05 02:18:02] [34mINFO[0;39m [36mg.service.ubs.OrderLockServiceImpl      [0;39m [35m:60  [0;39m Time: 2025-04-05T02:13:02.226440900
[2025-04-05 02:18:02] [34mINFO[0;39m [36mg.service.ubs.OrderLockServiceImpl      [0;39m [35m:62  [0;39m Unlock orders
[2025-04-05 02:18:02] [34mINFO[0;39m [36mg.service.ubs.OrderLockServiceImpl      [0;39m [35m:60  [0;39m Time: 2025-04-05T02:13:02.226440900
[2025-04-05 02:18:02] [34mINFO[0;39m [36mg.service.ubs.OrderLockServiceImpl      [0;39m [35m:62  [0;39m Unlock orders
[2025-04-05 02:18:02] [34mINFO[0;39m [36mg.service.ubs.OrderLockServiceImpl      [0;39m [35m:60  [0;39m Time: 2025-04-05T02:13:02.227440
[2025-04-05 02:18:02] [34mINFO[0;39m [36mg.service.ubs.OrderLockServiceImpl      [0;39m [35m:62  [0;39m Unlock orders
[2025-04-05 02:18:02] [34mINFO[0;39m [36mg.service.ubs.OrderLockServiceImpl      [0;39m [35m:60  [0;39m Time: 2025-04-05T02:13:02.227440
[2025-04-05 02:18:02] [34mINFO[0;39m [36mg.service.ubs.OrderLockServiceImpl      [0;39m [35m:62  [0;39m Unlock orders
[2025-04-05 02:18:02] [34mINFO[0;39m [36mg.service.ubs.OrderLockServiceImpl      [0;39m [35m:60  [0;39m Time: 2025-04-05T02:13:02.228440600
[2025-04-05 02:18:02] [34mINFO[0;39m [36mg.service.ubs.OrderLockServiceImpl      [0;39m [35m:62  [0;39m Unlock orders
[2025-04-05 02:18:02] [34mINFO[0;39m [36mg.service.ubs.OrderLockServiceImpl      [0;39m [35m:60  [0;39m Time: 2025-04-05T02:13:02.228440600
[2025-04-05 02:18:02] [34mINFO[0;39m [36mg.service.ubs.OrderLockServiceImpl      [0;39m [35m:62  [0;39m Unlock orders
[2025-04-05 02:18:02] [34mINFO[0;39m [36mg.service.ubs.OrderLockServiceImpl      [0;39m [35m:60  [0;39m Time: 2025-04-05T02:13:02.229438800
[2025-04-05 02:18:02] [34mINFO[0;39m [36mg.service.ubs.OrderLockServiceImpl      [0;39m [35m:62  [0;39m Unlock orders
[2025-04-05 02:18:02] [34mINFO[0;39m [36mg.service.ubs.OrderLockServiceImpl      [0;39m [35m:60  [0;39m Time: 2025-04-05T02:13:02.229438800
[2025-04-05 02:18:02] [34mINFO[0;39m [36mg.service.ubs.OrderLockServiceImpl      [0;39m [35m:62  [0;39m Unlock orders
[2025-04-05 02:18:02] [34mINFO[0;39m [36mg.service.ubs.OrderLockServiceImpl      [0;39m [35m:60  [0;39m Time: 2025-04-05T02:13:02.230438200
[2025-04-05 02:18:02] [34mINFO[0;39m [36mg.service.ubs.OrderLockServiceImpl      [0;39m [35m:62  [0;39m Unlock orders
[2025-04-05 02:18:02] [34mINFO[0;39m [36mg.service.ubs.OrderLockServiceImpl      [0;39m [35m:60  [0;39m Time: 2025-04-05T02:13:02.230438200
[2025-04-05 02:18:02] [34mINFO[0;39m [36mg.service.ubs.OrderLockServiceImpl      [0;39m [35m:62  [0;39m Unlock orders
[2025-04-05 02:18:02] [34mINFO[0;39m [36mg.service.ubs.OrderLockServiceImpl      [0;39m [35m:60  [0;39m Time: 2025-04-05T02:13:02.231440400
[2025-04-05 02:18:02] [34mINFO[0;39m [36mg.service.ubs.OrderLockServiceImpl      [0;39m [35m:62  [0;39m Unlock orders
[2025-04-05 02:18:02] [34mINFO[0;39m [36mg.service.ubs.OrderLockServiceImpl      [0;39m [35m:60  [0;39m Time: 2025-04-05T02:13:02.231440400
[2025-04-05 02:18:02] [34mINFO[0;39m [36mg.service.ubs.OrderLockServiceImpl      [0;39m [35m:62  [0;39m Unlock orders
[2025-04-05 02:18:02] [34mINFO[0;39m [36mg.service.ubs.OrderLockServiceImpl      [0;39m [35m:60  [0;39m Time: 2025-04-05T02:13:02.232439500
[2025-04-05 02:18:02] [34mINFO[0;39m [36mg.service.ubs.OrderLockServiceImpl      [0;39m [35m:62  [0;39m Unlock orders
[2025-04-05 02:18:02] [34mINFO[0;39m [36mg.service.ubs.OrderLockServiceImpl      [0;39m [35m:60  [0;39m Time: 2025-04-05T02:13:02.232439500
[2025-04-05 02:18:02] [34mINFO[0;39m [36mg.service.ubs.OrderLockServiceImpl      [0;39m [35m:62  [0;39m Unlock orders
[2025-04-05 02:18:02] [34mINFO[0;39m [36mg.service.ubs.OrderLockServiceImpl      [0;39m [35m:60  [0;39m Time: 2025-04-05T02:13:02.233440500
[2025-04-05 02:18:02] [34mINFO[0;39m [36mg.service.ubs.OrderLockServiceImpl      [0;39m [35m:62  [0;39m Unlock orders
[2025-04-05 02:18:02] [34mINFO[0;39m [36mg.service.ubs.OrderLockServiceImpl      [0;39m [35m:60  [0;39m Time: 2025-04-05T02:13:02.233440500
[2025-04-05 02:18:02] [34mINFO[0;39m [36mg.service.ubs.OrderLockServiceImpl      [0;39m [35m:62  [0;39m Unlock orders
[2025-04-05 02:18:02] [34mINFO[0;39m [36mg.service.ubs.OrderLockServiceImpl      [0;39m [35m:60  [0;39m Time: 2025-04-05T02:13:02.234439900
[2025-04-05 02:18:02] [34mINFO[0;39m [36mg.service.ubs.OrderLockServiceImpl      [0;39m [35m:62  [0;39m Unlock orders
[2025-04-05 02:18:02] [34mINFO[0;39m [36mg.service.ubs.OrderLockServiceImpl      [0;39m [35m:60  [0;39m Time: 2025-04-05T02:13:02.234439900
[2025-04-05 02:18:02] [34mINFO[0;39m [36mg.service.ubs.OrderLockServiceImpl      [0;39m [35m:62  [0;39m Unlock orders
[2025-04-05 02:18:02] [34mINFO[0;39m [36mg.service.ubs.OrderLockServiceImpl      [0;39m [35m:60  [0;39m Time: 2025-04-05T02:13:02.235440500
[2025-04-05 02:18:02] [34mINFO[0;39m [36mg.service.ubs.OrderLockServiceImpl      [0;39m [35m:62  [0;39m Unlock orders
[2025-04-05 02:18:02] [34mINFO[0;39m [36mg.service.ubs.OrderLockServiceImpl      [0;39m [35m:60  [0;39m Time: 2025-04-05T02:13:02.235440500
[2025-04-05 02:18:02] [34mINFO[0;39m [36mg.service.ubs.OrderLockServiceImpl      [0;39m [35m:62  [0;39m Unlock orders
[2025-04-05 02:18:02] [34mINFO[0;39m [36mg.service.ubs.OrderLockServiceImpl      [0;39m [35m:60  [0;39m Time: 2025-04-05T02:13:02.236440600
[2025-04-05 02:18:02] [34mINFO[0;39m [36mg.service.ubs.OrderLockServiceImpl      [0;39m [35m:62  [0;39m Unlock orders
[2025-04-05 02:18:02] [34mINFO[0;39m [36mg.service.ubs.OrderLockServiceImpl      [0;39m [35m:60  [0;39m Time: 2025-04-05T02:13:02.236440600
[2025-04-05 02:18:02] [34mINFO[0;39m [36mg.service.ubs.OrderLockServiceImpl      [0;39m [35m:62  [0;39m Unlock orders
[2025-04-05 02:18:02] [34mINFO[0;39m [36mg.service.ubs.OrderLockServiceImpl      [0;39m [35m:60  [0;39m Time: 2025-04-05T02:13:02.237440
[2025-04-05 02:18:02] [34mINFO[0;39m [36mg.service.ubs.OrderLockServiceImpl      [0;39m [35m:62  [0;39m Unlock orders
[2025-04-05 02:18:02] [34mINFO[0;39m [36mg.service.ubs.OrderLockServiceImpl      [0;39m [35m:60  [0;39m Time: 2025-04-05T02:13:02.237440
[2025-04-05 02:18:02] [34mINFO[0;39m [36mg.service.ubs.OrderLockServiceImpl      [0;39m [35m:62  [0;39m Unlock orders
[2025-04-05 02:18:02] [34mINFO[0;39m [36mg.service.ubs.OrderLockServiceImpl      [0;39m [35m:60  [0;39m Time: 2025-04-05T02:13:02.238440400
[2025-04-05 02:18:02] [34mINFO[0;39m [36mg.service.ubs.OrderLockServiceImpl      [0;39m [35m:62  [0;39m Unlock orders
[2025-04-05 02:18:02] [34mINFO[0;39m [36mg.service.ubs.OrderLockServiceImpl      [0;39m [35m:60  [0;39m Time: 2025-04-05T02:13:02.238440400
[2025-04-05 02:18:02] [34mINFO[0;39m [36mg.service.ubs.OrderLockServiceImpl      [0;39m [35m:62  [0;39m Unlock orders
[2025-04-05 02:18:02] [34mINFO[0;39m [36mg.service.ubs.OrderLockServiceImpl      [0;39m [35m:60  [0;39m Time: 2025-04-05T02:13:02.239440100
[2025-04-05 02:18:02] [34mINFO[0;39m [36mg.service.ubs.OrderLockServiceImpl      [0;39m [35m:62  [0;39m Unlock orders
[2025-04-05 02:18:02] [34mINFO[0;39m [36mg.service.ubs.OrderLockServiceImpl      [0;39m [35m:60  [0;39m Time: 2025-04-05T02:13:02.239440100
[2025-04-05 02:18:02] [34mINFO[0;39m [36mg.service.ubs.OrderLockServiceImpl      [0;39m [35m:62  [0;39m Unlock orders
[2025-04-05 02:18:02] [34mINFO[0;39m [36mg.service.ubs.OrderLockServiceImpl      [0;39m [35m:60  [0;39m Time: 2025-04-05T02:13:02.240438900
[2025-04-05 02:18:02] [34mINFO[0;39m [36mg.service.ubs.OrderLockServiceImpl      [0;39m [35m:62  [0;39m Unlock orders
[2025-04-05 02:18:02] [34mINFO[0;39m [36mg.service.ubs.OrderLockServiceImpl      [0;39m [35m:60  [0;39m Time: 2025-04-05T02:13:02.240438900
[2025-04-05 02:18:02] [34mINFO[0;39m [36mg.service.ubs.OrderLockServiceImpl      [0;39m [35m:62  [0;39m Unlock orders
[2025-04-05 02:18:02] [34mINFO[0;39m [36mg.service.ubs.OrderLockServiceImpl      [0;39m [35m:60  [0;39m Time: 2025-04-05T02:13:02.241440400
[2025-04-05 02:18:02] [34mINFO[0;39m [36mg.service.ubs.OrderLockServiceImpl      [0;39m [35m:62  [0;39m Unlock orders
[2025-04-05 02:18:02] [34mINFO[0;39m [36mg.service.ubs.OrderLockServiceImpl      [0;39m [35m:60  [0;39m Time: 2025-04-05T02:13:02.241440400
[2025-04-05 02:18:02] [34mINFO[0;39m [36mg.service.ubs.OrderLockServiceImpl      [0;39m [35m:62  [0;39m Unlock orders
[2025-04-05 02:18:02] [34mINFO[0;39m [36mg.service.ubs.OrderLockServiceImpl      [0;39m [35m:60  [0;39m Time: 2025-04-05T02:13:02.242440200
[2025-04-05 02:18:02] [34mINFO[0;39m [36mg.service.ubs.OrderLockServiceImpl      [0;39m [35m:62  [0;39m Unlock orders
[2025-04-05 02:18:02] [34mINFO[0;39m [36mg.service.ubs.OrderLockServiceImpl      [0;39m [35m:60  [0;39m Time: 2025-04-05T02:13:02.242440200
[2025-04-05 02:18:02] [34mINFO[0;39m [36mg.service.ubs.OrderLockServiceImpl      [0;39m [35m:62  [0;39m Unlock orders
[2025-04-05 02:18:02] [34mINFO[0;39m [36mg.service.ubs.OrderLockServiceImpl      [0;39m [35m:60  [0;39m Time: 2025-04-05T02:13:02.243438200
[2025-04-05 02:18:02] [34mINFO[0;39m [36mg.service.ubs.OrderLockServiceImpl      [0;39m [35m:62  [0;39m Unlock orders
[2025-04-05 02:18:02] [34mINFO[0;39m [36mg.service.ubs.OrderLockServiceImpl      [0;39m [35m:60  [0;39m Time: 2025-04-05T02:13:02.243438200
[2025-04-05 02:18:02] [34mINFO[0;39m [36mg.service.ubs.OrderLockServiceImpl      [0;39m [35m:62  [0;39m Unlock orders
[2025-04-05 02:18:02] [34mINFO[0;39m [36mg.service.ubs.OrderLockServiceImpl      [0;39m [35m:60  [0;39m Time: 2025-04-05T02:13:02.244439900
[2025-04-05 02:18:02] [34mINFO[0;39m [36mg.service.ubs.OrderLockServiceImpl      [0;39m [35m:62  [0;39m Unlock orders
[2025-04-05 02:18:02] [34mINFO[0;39m [36mg.service.ubs.OrderLockServiceImpl      [0;39m [35m:60  [0;39m Time: 2025-04-05T02:13:02.244439900
[2025-04-05 02:18:02] [34mINFO[0;39m [36mg.service.ubs.OrderLockServiceImpl      [0;39m [35m:62  [0;39m Unlock orders
[2025-04-05 02:18:02] [34mINFO[0;39m [36mg.service.ubs.OrderLockServiceImpl      [0;39m [35m:60  [0;39m Time: 2025-04-05T02:13:02.245438500
[2025-04-05 02:18:02] [34mINFO[0;39m [36mg.service.ubs.OrderLockServiceImpl      [0;39m [35m:62  [0;39m Unlock orders
[2025-04-05 02:18:02] [34mINFO[0;39m [36mg.service.ubs.OrderLockServiceImpl      [0;39m [35m:60  [0;39m Time: 2025-04-05T02:13:02.245438500
[2025-04-05 02:18:02] [34mINFO[0;39m [36mg.service.ubs.OrderLockServiceImpl      [0;39m [35m:62  [0;39m Unlock orders
[2025-04-05 02:18:02] [34mINFO[0;39m [36mg.service.ubs.OrderLockServiceImpl      [0;39m [35m:60  [0;39m Time: 2025-04-05T02:13:02.246438900
[2025-04-05 02:18:02] [34mINFO[0;39m [36mg.service.ubs.OrderLockServiceImpl      [0;39m [35m:62  [0;39m Unlock orders
[2025-04-05 02:18:02] [34mINFO[0;39m [36mg.service.ubs.OrderLockServiceImpl      [0;39m [35m:60  [0;39m Time: 2025-04-05T02:13:02.247439100
[2025-04-05 02:18:02] [34mINFO[0;39m [36mg.service.ubs.OrderLockServiceImpl      [0;39m [35m:62  [0;39m Unlock orders
[2025-04-05 02:18:02] [34mINFO[0;39m [36mg.service.ubs.OrderLockServiceImpl      [0;39m [35m:60  [0;39m Time: 2025-04-05T02:13:02.247439100
[2025-04-05 02:18:02] [34mINFO[0;39m [36mg.service.ubs.OrderLockServiceImpl      [0;39m [35m:62  [0;39m Unlock orders
[2025-04-05 02:18:02] [34mINFO[0;39m [36mg.service.ubs.OrderLockServiceImpl      [0;39m [35m:60  [0;39m Time: 2025-04-05T02:13:02.248440200
[2025-04-05 02:18:02] [34mINFO[0;39m [36mg.service.ubs.OrderLockServiceImpl      [0;39m [35m:62  [0;39m Unlock orders
[2025-04-05 02:18:02] [34mINFO[0;39m [36mg.service.ubs.OrderLockServiceImpl      [0;39m [35m:60  [0;39m Time: 2025-04-05T02:13:02.248440200
[2025-04-05 02:18:02] [34mINFO[0;39m [36mg.service.ubs.OrderLockServiceImpl      [0;39m [35m:62  [0;39m Unlock orders
[2025-04-05 02:18:02] [34mINFO[0;39m [36mg.service.ubs.OrderLockServiceImpl      [0;39m [35m:60  [0;39m Time: 2025-04-05T02:13:02.249436100
[2025-04-05 02:18:02] [34mINFO[0;39m [36mg.service.ubs.OrderLockServiceImpl      [0;39m [35m:62  [0;39m Unlock orders
[2025-04-05 02:18:02] [34mINFO[0;39m [36mg.service.ubs.OrderLockServiceImpl      [0;39m [35m:60  [0;39m Time: 2025-04-05T02:13:02.249436100
[2025-04-05 02:18:02] [34mINFO[0;39m [36mg.service.ubs.OrderLockServiceImpl      [0;39m [35m:62  [0;39m Unlock orders
[2025-04-05 02:18:02] [34mINFO[0;39m [36mg.service.ubs.OrderLockServiceImpl      [0;39m [35m:60  [0;39m Time: 2025-04-05T02:13:02.250436900
[2025-04-05 02:18:02] [34mINFO[0;39m [36mg.service.ubs.OrderLockServiceImpl      [0;39m [35m:62  [0;39m Unlock orders
[2025-04-05 02:18:02] [34mINFO[0;39m [36mg.service.ubs.OrderLockServiceImpl      [0;39m [35m:60  [0;39m Time: 2025-04-05T02:13:02.251437600
[2025-04-05 02:18:02] [34mINFO[0;39m [36mg.service.ubs.OrderLockServiceImpl      [0;39m [35m:62  [0;39m Unlock orders
[2025-04-05 02:18:02] [34mINFO[0;39m [36mg.service.ubs.OrderLockServiceImpl      [0;39m [35m:60  [0;39m Time: 2025-04-05T02:13:02.251437600
[2025-04-05 02:18:02] [34mINFO[0;39m [36mg.service.ubs.OrderLockServiceImpl      [0;39m [35m:62  [0;39m Unlock orders
[2025-04-05 02:18:02] [34mINFO[0;39m [36mg.service.ubs.OrderLockServiceImpl      [0;39m [35m:60  [0;39m Time: 2025-04-05T02:13:02.252440400
[2025-04-05 02:18:02] [34mINFO[0;39m [36mg.service.ubs.OrderLockServiceImpl      [0;39m [35m:62  [0;39m Unlock orders
[2025-04-05 02:18:02] [34mINFO[0;39m [36mg.service.ubs.OrderLockServiceImpl      [0;39m [35m:60  [0;39m Time: 2025-04-05T02:13:02.253436800
[2025-04-05 02:18:02] [34mINFO[0;39m [36mg.service.ubs.OrderLockServiceImpl      [0;39m [35m:62  [0;39m Unlock orders
[2025-04-05 02:18:02] [34mINFO[0;39m [36mg.service.ubs.OrderLockServiceImpl      [0;39m [35m:60  [0;39m Time: 2025-04-05T02:13:02.253436800
[2025-04-05 02:18:02] [34mINFO[0;39m [36mg.service.ubs.OrderLockServiceImpl      [0;39m [35m:62  [0;39m Unlock orders
[2025-04-05 02:18:02] [34mINFO[0;39m [36mg.service.ubs.OrderLockServiceImpl      [0;39m [35m:60  [0;39m Time: 2025-04-05T02:13:02.254440
[2025-04-05 02:18:02] [34mINFO[0;39m [36mg.service.ubs.OrderLockServiceImpl      [0;39m [35m:62  [0;39m Unlock orders
[2025-04-05 02:18:02] [34mINFO[0;39m [36mg.service.ubs.OrderLockServiceImpl      [0;39m [35m:60  [0;39m Time: 2025-04-05T02:13:02.254440
[2025-04-05 02:18:02] [34mINFO[0;39m [36mg.service.ubs.OrderLockServiceImpl      [0;39m [35m:62  [0;39m Unlock orders
[2025-04-05 02:18:02] [34mINFO[0;39m [36mg.service.ubs.OrderLockServiceImpl      [0;39m [35m:60  [0;39m Time: 2025-04-05T02:13:02.255438800
[2025-04-05 02:18:02] [34mINFO[0;39m [36mg.service.ubs.OrderLockServiceImpl      [0;39m [35m:62  [0;39m Unlock orders
[2025-04-05 02:18:02] [34mINFO[0;39m [36mg.service.ubs.OrderLockServiceImpl      [0;39m [35m:60  [0;39m Time: 2025-04-05T02:13:02.255438800
[2025-04-05 02:18:02] [34mINFO[0;39m [36mg.service.ubs.OrderLockServiceImpl      [0;39m [35m:62  [0;39m Unlock orders
[2025-04-05 02:18:02] [34mINFO[0;39m [36mg.service.ubs.OrderLockServiceImpl      [0;39m [35m:60  [0;39m Time: 2025-04-05T02:13:02.256440200
[2025-04-05 02:18:02] [34mINFO[0;39m [36mg.service.ubs.OrderLockServiceImpl      [0;39m [35m:62  [0;39m Unlock orders
[2025-04-05 02:18:02] [34mINFO[0;39m [36mg.service.ubs.OrderLockServiceImpl      [0;39m [35m:60  [0;39m Time: 2025-04-05T02:13:02.256440200
[2025-04-05 02:18:02] [34mINFO[0;39m [36mg.service.ubs.OrderLockServiceImpl      [0;39m [35m:62  [0;39m Unlock orders
[2025-04-05 02:18:02] [34mINFO[0;39m [36mg.service.ubs.OrderLockServiceImpl      [0;39m [35m:60  [0;39m Time: 2025-04-05T02:13:02.257438800
[2025-04-05 02:18:02] [34mINFO[0;39m [36mg.service.ubs.OrderLockServiceImpl      [0;39m [35m:62  [0;39m Unlock orders
[2025-04-05 02:18:02] [34mINFO[0;39m [36mg.service.ubs.OrderLockServiceImpl      [0;39m [35m:60  [0;39m Time: 2025-04-05T02:13:02.257438800
[2025-04-05 02:18:02] [34mINFO[0;39m [36mg.service.ubs.OrderLockServiceImpl      [0;39m [35m:62  [0;39m Unlock orders
[2025-04-05 02:18:02] [34mINFO[0;39m [36mg.service.ubs.OrderLockServiceImpl      [0;39m [35m:60  [0;39m Time: 2025-04-05T02:13:02.258439300
[2025-04-05 02:18:02] [34mINFO[0;39m [36mg.service.ubs.OrderLockServiceImpl      [0;39m [35m:62  [0;39m Unlock orders
[2025-04-05 02:18:02] [34mINFO[0;39m [36mg.service.ubs.OrderLockServiceImpl      [0;39m [35m:60  [0;39m Time: 2025-04-05T02:13:02.258439300
[2025-04-05 02:18:02] [34mINFO[0;39m [36mg.service.ubs.OrderLockServiceImpl      [0;39m [35m:62  [0;39m Unlock orders
[2025-04-05 02:18:02] [34mINFO[0;39m [36mg.service.ubs.OrderLockServiceImpl      [0;39m [35m:60  [0;39m Time: 2025-04-05T02:13:02.259437200
[2025-04-05 02:18:02] [34mINFO[0;39m [36mg.service.ubs.OrderLockServiceImpl      [0;39m [35m:62  [0;39m Unlock orders
[2025-04-05 02:18:02] [34mINFO[0;39m [36mg.service.ubs.OrderLockServiceImpl      [0;39m [35m:60  [0;39m Time: 2025-04-05T02:13:02.259437200
[2025-04-05 02:18:02] [34mINFO[0;39m [36mg.service.ubs.OrderLockServiceImpl      [0;39m [35m:62  [0;39m Unlock orders
[2025-04-05 02:18:02] [34mINFO[0;39m [36mg.service.ubs.OrderLockServiceImpl      [0;39m [35m:60  [0;39m Time: 2025-04-05T02:13:02.260439700
[2025-04-05 02:18:02] [34mINFO[0;39m [36mg.service.ubs.OrderLockServiceImpl      [0;39m [35m:62  [0;39m Unlock orders
[2025-04-05 02:18:02] [34mINFO[0;39m [36mg.service.ubs.OrderLockServiceImpl      [0;39m [35m:60  [0;39m Time: 2025-04-05T02:13:02.261438600
[2025-04-05 02:18:02] [34mINFO[0;39m [36mg.service.ubs.OrderLockServiceImpl      [0;39m [35m:62  [0;39m Unlock orders
[2025-04-05 02:18:02] [34mINFO[0;39m [36mg.service.ubs.OrderLockServiceImpl      [0;39m [35m:60  [0;39m Time: 2025-04-05T02:13:02.261438600
[2025-04-05 02:18:02] [34mINFO[0;39m [36mg.service.ubs.OrderLockServiceImpl      [0;39m [35m:62  [0;39m Unlock orders
[2025-04-05 02:18:02] [34mINFO[0;39m [36mg.service.ubs.OrderLockServiceImpl      [0;39m [35m:60  [0;39m Time: 2025-04-05T02:13:02.262438500
[2025-04-05 02:18:02] [34mINFO[0;39m [36mg.service.ubs.OrderLockServiceImpl      [0;39m [35m:62  [0;39m Unlock orders
[2025-04-05 02:18:02] [34mINFO[0;39m [36mg.service.ubs.OrderLockServiceImpl      [0;39m [35m:60  [0;39m Time: 2025-04-05T02:13:02.262438500
[2025-04-05 02:18:02] [34mINFO[0;39m [36mg.service.ubs.OrderLockServiceImpl      [0;39m [35m:62  [0;39m Unlock orders
[2025-04-05 02:18:05] [31mWARN[0;39m [36mcom.zaxxer.hikari.pool.HikariPool       [0;39m [35m:804 [0;39m HikariPool-1 - Thread starvation or clock leap detected (housekeeper delta=4h18m39s347ms951µs700ns).
[2025-04-05 02:18:52] [34mINFO[0;39m [36mg.service.ubs.OrderLockServiceImpl      [0;39m [35m:60  [0;39m Time: 2025-04-05T02:13:52.741957200
[2025-04-05 02:18:52] [34mINFO[0;39m [36mg.service.ubs.OrderLockServiceImpl      [0;39m [35m:62  [0;39m Unlock orders
[2025-04-05 02:19:52] [34mINFO[0;39m [36mg.service.ubs.OrderLockServiceImpl      [0;39m [35m:60  [0;39m Time: 2025-04-05T02:14:52.734203600
[2025-04-05 02:19:52] [34mINFO[0;39m [36mg.service.ubs.OrderLockServiceImpl      [0;39m [35m:62  [0;39m Unlock orders
[2025-04-05 02:20:52] [34mINFO[0;39m [36mg.service.ubs.OrderLockServiceImpl      [0;39m [35m:60  [0;39m Time: 2025-04-05T02:15:52.732730900
[2025-04-05 02:20:52] [34mINFO[0;39m [36mg.service.ubs.OrderLockServiceImpl      [0;39m [35m:62  [0;39m Unlock orders
[2025-04-05 02:21:52] [34mINFO[0;39m [36mg.service.ubs.OrderLockServiceImpl      [0;39m [35m:60  [0;39m Time: 2025-04-05T02:16:52.740942200
[2025-04-05 02:21:52] [34mINFO[0;39m [36mg.service.ubs.OrderLockServiceImpl      [0;39m [35m:62  [0;39m Unlock orders
[2025-04-05 02:22:52] [34mINFO[0;39m [36mg.service.ubs.OrderLockServiceImpl      [0;39m [35m:60  [0;39m Time: 2025-04-05T02:17:52.748168200
[2025-04-05 02:22:52] [34mINFO[0;39m [36mg.service.ubs.OrderLockServiceImpl      [0;39m [35m:62  [0;39m Unlock orders
[2025-04-05 02:23:52] [34mINFO[0;39m [36mg.service.ubs.OrderLockServiceImpl      [0;39m [35m:60  [0;39m Time: 2025-04-05T02:18:52.743816100
[2025-04-05 02:23:52] [34mINFO[0;39m [36mg.service.ubs.OrderLockServiceImpl      [0;39m [35m:62  [0;39m Unlock orders
[2025-04-05 02:24:52] [34mINFO[0;39m [36mg.service.ubs.OrderLockServiceImpl      [0;39m [35m:60  [0;39m Time: 2025-04-05T02:19:52.741613400
[2025-04-05 02:24:52] [34mINFO[0;39m [36mg.service.ubs.OrderLockServiceImpl      [0;39m [35m:62  [0;39m Unlock orders
[2025-04-05 02:25:52] [34mINFO[0;39m [36mg.service.ubs.OrderLockServiceImpl      [0;39m [35m:60  [0;39m Time: 2025-04-05T02:20:52.733171500
[2025-04-05 02:25:52] [34mINFO[0;39m [36mg.service.ubs.OrderLockServiceImpl      [0;39m [35m:62  [0;39m Unlock orders
[2025-04-05 02:26:52] [34mINFO[0;39m [36mg.service.ubs.OrderLockServiceImpl      [0;39m [35m:60  [0;39m Time: 2025-04-05T02:21:52.738943100
[2025-04-05 02:26:52] [34mINFO[0;39m [36mg.service.ubs.OrderLockServiceImpl      [0;39m [35m:62  [0;39m Unlock orders
[2025-04-05 02:27:52] [34mINFO[0;39m [36mg.service.ubs.OrderLockServiceImpl      [0;39m [35m:60  [0;39m Time: 2025-04-05T02:22:52.742655200
[2025-04-05 02:27:52] [34mINFO[0;39m [36mg.service.ubs.OrderLockServiceImpl      [0;39m [35m:62  [0;39m Unlock orders
[2025-04-05 02:28:52] [34mINFO[0;39m [36mg.service.ubs.OrderLockServiceImpl      [0;39m [35m:60  [0;39m Time: 2025-04-05T02:23:52.743179800
[2025-04-05 02:28:52] [34mINFO[0;39m [36mg.service.ubs.OrderLockServiceImpl      [0;39m [35m:62  [0;39m Unlock orders
[2025-04-05 02:29:52] [34mINFO[0;39m [36mg.service.ubs.OrderLockServiceImpl      [0;39m [35m:60  [0;39m Time: 2025-04-05T02:24:52.735474100
[2025-04-05 02:29:52] [34mINFO[0;39m [36mg.service.ubs.OrderLockServiceImpl      [0;39m [35m:62  [0;39m Unlock orders
[2025-04-05 02:30:52] [34mINFO[0;39m [36mg.service.ubs.OrderLockServiceImpl      [0;39m [35m:60  [0;39m Time: 2025-04-05T02:25:52.744391500
[2025-04-05 02:30:52] [34mINFO[0;39m [36mg.service.ubs.OrderLockServiceImpl      [0;39m [35m:62  [0;39m Unlock orders
[2025-04-05 02:31:52] [34mINFO[0;39m [36mg.service.ubs.OrderLockServiceImpl      [0;39m [35m:60  [0;39m Time: 2025-04-05T02:26:52.735003700
[2025-04-05 02:31:52] [34mINFO[0;39m [36mg.service.ubs.OrderLockServiceImpl      [0;39m [35m:62  [0;39m Unlock orders
[2025-04-05 02:32:52] [34mINFO[0;39m [36mg.service.ubs.OrderLockServiceImpl      [0;39m [35m:60  [0;39m Time: 2025-04-05T02:27:52.745868200
[2025-04-05 02:32:52] [34mINFO[0;39m [36mg.service.ubs.OrderLockServiceImpl      [0;39m [35m:62  [0;39m Unlock orders
[2025-04-05 02:33:52] [34mINFO[0;39m [36mg.service.ubs.OrderLockServiceImpl      [0;39m [35m:60  [0;39m Time: 2025-04-05T02:28:52.733018
[2025-04-05 02:33:52] [34mINFO[0;39m [36mg.service.ubs.OrderLockServiceImpl      [0;39m [35m:62  [0;39m Unlock orders
[2025-04-05 02:34:52] [34mINFO[0;39m [36mg.service.ubs.OrderLockServiceImpl      [0;39m [35m:60  [0;39m Time: 2025-04-05T02:29:52.737242300
[2025-04-05 02:34:52] [34mINFO[0;39m [36mg.service.ubs.OrderLockServiceImpl      [0;39m [35m:62  [0;39m Unlock orders
[2025-04-05 02:35:52] [34mINFO[0;39m [36mg.service.ubs.OrderLockServiceImpl      [0;39m [35m:60  [0;39m Time: 2025-04-05T02:30:52.744835500
[2025-04-05 02:35:52] [34mINFO[0;39m [36mg.service.ubs.OrderLockServiceImpl      [0;39m [35m:62  [0;39m Unlock orders
[2025-04-05 02:36:52] [34mINFO[0;39m [36mg.service.ubs.OrderLockServiceImpl      [0;39m [35m:60  [0;39m Time: 2025-04-05T02:31:52.744295900
[2025-04-05 02:36:52] [34mINFO[0;39m [36mg.service.ubs.OrderLockServiceImpl      [0;39m [35m:62  [0;39m Unlock orders
[2025-04-05 02:37:52] [34mINFO[0;39m [36mg.service.ubs.OrderLockServiceImpl      [0;39m [35m:60  [0;39m Time: 2025-04-05T02:32:52.740481100
[2025-04-05 02:37:52] [34mINFO[0;39m [36mg.service.ubs.OrderLockServiceImpl      [0;39m [35m:62  [0;39m Unlock orders
[2025-04-05 02:38:52] [34mINFO[0;39m [36mg.service.ubs.OrderLockServiceImpl      [0;39m [35m:60  [0;39m Time: 2025-04-05T02:33:52.735634
[2025-04-05 02:38:52] [34mINFO[0;39m [36mg.service.ubs.OrderLockServiceImpl      [0;39m [35m:62  [0;39m Unlock orders
[2025-04-05 02:39:52] [34mINFO[0;39m [36mg.service.ubs.OrderLockServiceImpl      [0;39m [35m:60  [0;39m Time: 2025-04-05T02:34:52.733223100
[2025-04-05 02:39:52] [34mINFO[0;39m [36mg.service.ubs.OrderLockServiceImpl      [0;39m [35m:62  [0;39m Unlock orders
[2025-04-05 02:40:52] [34mINFO[0;39m [36mg.service.ubs.OrderLockServiceImpl      [0;39m [35m:60  [0;39m Time: 2025-04-05T02:35:52.735823400
[2025-04-05 02:40:52] [34mINFO[0;39m [36mg.service.ubs.OrderLockServiceImpl      [0;39m [35m:62  [0;39m Unlock orders
[2025-04-05 02:41:52] [34mINFO[0;39m [36mg.service.ubs.OrderLockServiceImpl      [0;39m [35m:60  [0;39m Time: 2025-04-05T02:36:52.739788100
[2025-04-05 02:41:52] [34mINFO[0;39m [36mg.service.ubs.OrderLockServiceImpl      [0;39m [35m:62  [0;39m Unlock orders
[2025-04-05 02:42:52] [34mINFO[0;39m [36mg.service.ubs.OrderLockServiceImpl      [0;39m [35m:60  [0;39m Time: 2025-04-05T02:37:52.734388400
[2025-04-05 02:42:52] [34mINFO[0;39m [36mg.service.ubs.OrderLockServiceImpl      [0;39m [35m:62  [0;39m Unlock orders
[2025-04-05 02:43:52] [34mINFO[0;39m [36mg.service.ubs.OrderLockServiceImpl      [0;39m [35m:60  [0;39m Time: 2025-04-05T02:38:52.734384800
[2025-04-05 02:43:52] [34mINFO[0;39m [36mg.service.ubs.OrderLockServiceImpl      [0;39m [35m:62  [0;39m Unlock orders
[2025-04-05 02:44:52] [34mINFO[0;39m [36mg.service.ubs.OrderLockServiceImpl      [0;39m [35m:60  [0;39m Time: 2025-04-05T02:39:52.742359700
[2025-04-05 02:44:52] [34mINFO[0;39m [36mg.service.ubs.OrderLockServiceImpl      [0;39m [35m:62  [0;39m Unlock orders
[2025-04-05 02:45:52] [34mINFO[0;39m [36mg.service.ubs.OrderLockServiceImpl      [0;39m [35m:60  [0;39m Time: 2025-04-05T02:40:52.738323900
[2025-04-05 02:45:52] [34mINFO[0;39m [36mg.service.ubs.OrderLockServiceImpl      [0;39m [35m:62  [0;39m Unlock orders
[2025-04-05 02:46:52] [34mINFO[0;39m [36mg.service.ubs.OrderLockServiceImpl      [0;39m [35m:60  [0;39m Time: 2025-04-05T02:41:52.744060300
[2025-04-05 02:46:52] [34mINFO[0;39m [36mg.service.ubs.OrderLockServiceImpl      [0;39m [35m:62  [0;39m Unlock orders
[2025-04-05 02:47:52] [34mINFO[0;39m [36mg.service.ubs.OrderLockServiceImpl      [0;39m [35m:60  [0;39m Time: 2025-04-05T02:42:52.738786600
[2025-04-05 02:47:52] [34mINFO[0;39m [36mg.service.ubs.OrderLockServiceImpl      [0;39m [35m:62  [0;39m Unlock orders
[2025-04-05 02:48:52] [34mINFO[0;39m [36mg.service.ubs.OrderLockServiceImpl      [0;39m [35m:60  [0;39m Time: 2025-04-05T02:43:52.746888900
[2025-04-05 02:48:52] [34mINFO[0;39m [36mg.service.ubs.OrderLockServiceImpl      [0;39m [35m:62  [0;39m Unlock orders
[2025-04-05 02:49:52] [34mINFO[0;39m [36mg.service.ubs.OrderLockServiceImpl      [0;39m [35m:60  [0;39m Time: 2025-04-05T02:44:52.740226200
[2025-04-05 02:49:52] [34mINFO[0;39m [36mg.service.ubs.OrderLockServiceImpl      [0;39m [35m:62  [0;39m Unlock orders
[2025-04-05 02:50:52] [34mINFO[0;39m [36mg.service.ubs.OrderLockServiceImpl      [0;39m [35m:60  [0;39m Time: 2025-04-05T02:45:52.733360500
[2025-04-05 02:50:52] [34mINFO[0;39m [36mg.service.ubs.OrderLockServiceImpl      [0;39m [35m:62  [0;39m Unlock orders
[2025-04-05 02:51:52] [34mINFO[0;39m [36mg.service.ubs.OrderLockServiceImpl      [0;39m [35m:60  [0;39m Time: 2025-04-05T02:46:52.733947700
[2025-04-05 02:51:52] [34mINFO[0;39m [36mg.service.ubs.OrderLockServiceImpl      [0;39m [35m:62  [0;39m Unlock orders
[2025-04-05 02:52:52] [34mINFO[0;39m [36mg.service.ubs.OrderLockServiceImpl      [0;39m [35m:60  [0;39m Time: 2025-04-05T02:47:52.745875
[2025-04-05 02:52:52] [34mINFO[0;39m [36mg.service.ubs.OrderLockServiceImpl      [0;39m [35m:62  [0;39m Unlock orders
[2025-04-05 02:53:52] [34mINFO[0;39m [36mg.service.ubs.OrderLockServiceImpl      [0;39m [35m:60  [0;39m Time: 2025-04-05T02:48:52.748111900
[2025-04-05 02:53:52] [34mINFO[0;39m [36mg.service.ubs.OrderLockServiceImpl      [0;39m [35m:62  [0;39m Unlock orders
[2025-04-05 02:54:52] [34mINFO[0;39m [36mg.service.ubs.OrderLockServiceImpl      [0;39m [35m:60  [0;39m Time: 2025-04-05T02:49:52.745409700
[2025-04-05 02:54:52] [34mINFO[0;39m [36mg.service.ubs.OrderLockServiceImpl      [0;39m [35m:62  [0;39m Unlock orders
[2025-04-05 02:55:52] [34mINFO[0;39m [36mg.service.ubs.OrderLockServiceImpl      [0;39m [35m:60  [0;39m Time: 2025-04-05T02:50:52.734879900
[2025-04-05 02:55:52] [34mINFO[0;39m [36mg.service.ubs.OrderLockServiceImpl      [0;39m [35m:62  [0;39m Unlock orders
[2025-04-05 02:56:52] [34mINFO[0;39m [36mg.service.ubs.OrderLockServiceImpl      [0;39m [35m:60  [0;39m Time: 2025-04-05T02:51:52.733389500
[2025-04-05 02:56:52] [34mINFO[0;39m [36mg.service.ubs.OrderLockServiceImpl      [0;39m [35m:62  [0;39m Unlock orders
[2025-04-05 02:57:52] [34mINFO[0;39m [36mg.service.ubs.OrderLockServiceImpl      [0;39m [35m:60  [0;39m Time: 2025-04-05T02:52:52.745267600
[2025-04-05 02:57:52] [34mINFO[0;39m [36mg.service.ubs.OrderLockServiceImpl      [0;39m [35m:62  [0;39m Unlock orders
[2025-04-05 02:58:52] [34mINFO[0;39m [36mg.service.ubs.OrderLockServiceImpl      [0;39m [35m:60  [0;39m Time: 2025-04-05T02:53:52.744457200
[2025-04-05 02:58:52] [34mINFO[0;39m [36mg.service.ubs.OrderLockServiceImpl      [0;39m [35m:62  [0;39m Unlock orders
[2025-04-05 02:59:52] [34mINFO[0;39m [36mg.service.ubs.OrderLockServiceImpl      [0;39m [35m:60  [0;39m Time: 2025-04-05T02:54:52.748864900
[2025-04-05 02:59:52] [34mINFO[0;39m [36mg.service.ubs.OrderLockServiceImpl      [0;39m [35m:62  [0;39m Unlock orders
[2025-04-05 03:00:52] [34mINFO[0;39m [36mg.service.ubs.OrderLockServiceImpl      [0;39m [35m:60  [0;39m Time: 2025-04-05T02:55:52.732275400
[2025-04-05 03:00:52] [34mINFO[0;39m [36mg.service.ubs.OrderLockServiceImpl      [0;39m [35m:62  [0;39m Unlock orders
[2025-04-05 03:01:52] [34mINFO[0;39m [36mg.service.ubs.OrderLockServiceImpl      [0;39m [35m:60  [0;39m Time: 2025-04-05T02:56:52.735881900
[2025-04-05 03:01:52] [34mINFO[0;39m [36mg.service.ubs.OrderLockServiceImpl      [0;39m [35m:62  [0;39m Unlock orders
[2025-04-05 03:02:52] [34mINFO[0;39m [36mg.service.ubs.OrderLockServiceImpl      [0;39m [35m:60  [0;39m Time: 2025-04-05T02:57:52.743999200
[2025-04-05 03:02:52] [34mINFO[0;39m [36mg.service.ubs.OrderLockServiceImpl      [0;39m [35m:62  [0;39m Unlock orders
[2025-04-05 03:03:52] [34mINFO[0;39m [36mg.service.ubs.OrderLockServiceImpl      [0;39m [35m:60  [0;39m Time: 2025-04-05T02:58:52.735369900
[2025-04-05 03:03:52] [34mINFO[0;39m [36mg.service.ubs.OrderLockServiceImpl      [0;39m [35m:62  [0;39m Unlock orders
[2025-04-05 03:04:52] [34mINFO[0;39m [36mg.service.ubs.OrderLockServiceImpl      [0;39m [35m:60  [0;39m Time: 2025-04-05T02:59:52.735343700
[2025-04-05 03:04:52] [34mINFO[0;39m [36mg.service.ubs.OrderLockServiceImpl      [0;39m [35m:62  [0;39m Unlock orders
[2025-04-05 03:05:52] [34mINFO[0;39m [36mg.service.ubs.OrderLockServiceImpl      [0;39m [35m:60  [0;39m Time: 2025-04-05T03:00:52.742645100
[2025-04-05 03:05:52] [34mINFO[0;39m [36mg.service.ubs.OrderLockServiceImpl      [0;39m [35m:62  [0;39m Unlock orders
[2025-04-05 03:06:52] [34mINFO[0;39m [36mg.service.ubs.OrderLockServiceImpl      [0;39m [35m:60  [0;39m Time: 2025-04-05T03:01:52.743264700
[2025-04-05 03:06:52] [34mINFO[0;39m [36mg.service.ubs.OrderLockServiceImpl      [0;39m [35m:62  [0;39m Unlock orders
[2025-04-05 03:07:52] [34mINFO[0;39m [36mg.service.ubs.OrderLockServiceImpl      [0;39m [35m:60  [0;39m Time: 2025-04-05T03:02:52.734600900
[2025-04-05 03:07:52] [34mINFO[0;39m [36mg.service.ubs.OrderLockServiceImpl      [0;39m [35m:62  [0;39m Unlock orders
[2025-04-05 03:08:52] [34mINFO[0;39m [36mg.service.ubs.OrderLockServiceImpl      [0;39m [35m:60  [0;39m Time: 2025-04-05T03:03:52.747266800
[2025-04-05 03:08:52] [34mINFO[0;39m [36mg.service.ubs.OrderLockServiceImpl      [0;39m [35m:62  [0;39m Unlock orders
[2025-04-05 03:09:52] [34mINFO[0;39m [36mg.service.ubs.OrderLockServiceImpl      [0;39m [35m:60  [0;39m Time: 2025-04-05T03:04:52.737833800
[2025-04-05 03:09:52] [34mINFO[0;39m [36mg.service.ubs.OrderLockServiceImpl      [0;39m [35m:62  [0;39m Unlock orders
[2025-04-05 03:10:52] [34mINFO[0;39m [36mg.service.ubs.OrderLockServiceImpl      [0;39m [35m:60  [0;39m Time: 2025-04-05T03:05:52.734300300
[2025-04-05 03:10:52] [34mINFO[0;39m [36mg.service.ubs.OrderLockServiceImpl      [0;39m [35m:62  [0;39m Unlock orders
[2025-04-05 03:11:52] [34mINFO[0;39m [36mg.service.ubs.OrderLockServiceImpl      [0;39m [35m:60  [0;39m Time: 2025-04-05T03:06:52.744474200
[2025-04-05 03:11:52] [34mINFO[0;39m [36mg.service.ubs.OrderLockServiceImpl      [0;39m [35m:62  [0;39m Unlock orders
[2025-04-05 03:12:52] [34mINFO[0;39m [36mg.service.ubs.OrderLockServiceImpl      [0;39m [35m:60  [0;39m Time: 2025-04-05T03:07:52.740179800
[2025-04-05 03:12:52] [34mINFO[0;39m [36mg.service.ubs.OrderLockServiceImpl      [0;39m [35m:62  [0;39m Unlock orders
[2025-04-05 03:13:52] [34mINFO[0;39m [36mg.service.ubs.OrderLockServiceImpl      [0;39m [35m:60  [0;39m Time: 2025-04-05T03:08:52.746915100
[2025-04-05 03:13:52] [34mINFO[0;39m [36mg.service.ubs.OrderLockServiceImpl      [0;39m [35m:62  [0;39m Unlock orders
[2025-04-05 08:29:18] [34mINFO[0;39m [36mg.service.ubs.OrderLockServiceImpl      [0;39m [35m:60  [0;39m Time: 2025-04-05T08:24:18.876790
[2025-04-05 08:29:18] [34mINFO[0;39m [36mg.service.ubs.OrderLockServiceImpl      [0;39m [35m:62  [0;39m Unlock orders
[2025-04-05 08:29:18] [34mINFO[0;39m [36mg.service.ubs.OrderLockServiceImpl      [0;39m [35m:60  [0;39m Time: 2025-04-05T08:24:18.880790600
[2025-04-05 08:29:18] [34mINFO[0;39m [36mg.service.ubs.OrderLockServiceImpl      [0;39m [35m:62  [0;39m Unlock orders
[2025-04-05 08:29:18] [34mINFO[0;39m [36mg.service.ubs.OrderLockServiceImpl      [0;39m [35m:60  [0;39m Time: 2025-04-05T08:24:18.881790800
[2025-04-05 08:29:18] [34mINFO[0;39m [36mg.service.ubs.OrderLockServiceImpl      [0;39m [35m:62  [0;39m Unlock orders
[2025-04-05 08:29:18] [34mINFO[0;39m [36mg.service.ubs.OrderLockServiceImpl      [0;39m [35m:60  [0;39m Time: 2025-04-05T08:24:18.882793
[2025-04-05 08:29:18] [34mINFO[0;39m [36mg.service.ubs.OrderLockServiceImpl      [0;39m [35m:62  [0;39m Unlock orders
[2025-04-05 08:29:18] [34mINFO[0;39m [36mg.service.ubs.OrderLockServiceImpl      [0;39m [35m:60  [0;39m Time: 2025-04-05T08:24:18.883792200
[2025-04-05 08:29:18] [34mINFO[0;39m [36mg.service.ubs.OrderLockServiceImpl      [0;39m [35m:62  [0;39m Unlock orders
[2025-04-05 08:29:18] [34mINFO[0;39m [36mg.service.ubs.OrderLockServiceImpl      [0;39m [35m:60  [0;39m Time: 2025-04-05T08:24:18.884794200
[2025-04-05 08:29:18] [34mINFO[0;39m [36mg.service.ubs.OrderLockServiceImpl      [0;39m [35m:62  [0;39m Unlock orders
[2025-04-05 08:29:18] [34mINFO[0;39m [36mg.service.ubs.OrderLockServiceImpl      [0;39m [35m:60  [0;39m Time: 2025-04-05T08:24:18.885792700
[2025-04-05 08:29:18] [34mINFO[0;39m [36mg.service.ubs.OrderLockServiceImpl      [0;39m [35m:62  [0;39m Unlock orders
[2025-04-05 08:29:18] [34mINFO[0;39m [36mg.service.ubs.OrderLockServiceImpl      [0;39m [35m:60  [0;39m Time: 2025-04-05T08:24:18.886798100
[2025-04-05 08:29:18] [34mINFO[0;39m [36mg.service.ubs.OrderLockServiceImpl      [0;39m [35m:62  [0;39m Unlock orders
[2025-04-05 08:29:18] [34mINFO[0;39m [36mg.service.ubs.OrderLockServiceImpl      [0;39m [35m:60  [0;39m Time: 2025-04-05T08:24:18.888791400
[2025-04-05 08:29:18] [34mINFO[0;39m [36mg.service.ubs.OrderLockServiceImpl      [0;39m [35m:62  [0;39m Unlock orders
[2025-04-05 08:29:18] [34mINFO[0;39m [36mg.service.ubs.OrderLockServiceImpl      [0;39m [35m:60  [0;39m Time: 2025-04-05T08:24:18.889791800
[2025-04-05 08:29:18] [34mINFO[0;39m [36mg.service.ubs.OrderLockServiceImpl      [0;39m [35m:62  [0;39m Unlock orders
[2025-04-05 08:29:18] [34mINFO[0;39m [36mg.service.ubs.OrderLockServiceImpl      [0;39m [35m:60  [0;39m Time: 2025-04-05T08:24:18.889791800
[2025-04-05 08:29:18] [34mINFO[0;39m [36mg.service.ubs.OrderLockServiceImpl      [0;39m [35m:62  [0;39m Unlock orders
[2025-04-05 08:29:18] [34mINFO[0;39m [36mg.service.ubs.OrderLockServiceImpl      [0;39m [35m:60  [0;39m Time: 2025-04-05T08:24:18.890793100
[2025-04-05 08:29:18] [34mINFO[0;39m [36mg.service.ubs.OrderLockServiceImpl      [0;39m [35m:62  [0;39m Unlock orders
[2025-04-05 08:29:18] [34mINFO[0;39m [36mg.service.ubs.OrderLockServiceImpl      [0;39m [35m:60  [0;39m Time: 2025-04-05T08:24:18.891792
[2025-04-05 08:29:18] [34mINFO[0;39m [36mg.service.ubs.OrderLockServiceImpl      [0;39m [35m:62  [0;39m Unlock orders
[2025-04-05 08:29:18] [34mINFO[0;39m [36mg.service.ubs.OrderLockServiceImpl      [0;39m [35m:60  [0;39m Time: 2025-04-05T08:24:18.892793
[2025-04-05 08:29:18] [34mINFO[0;39m [36mg.service.ubs.OrderLockServiceImpl      [0;39m [35m:62  [0;39m Unlock orders
[2025-04-05 08:29:18] [34mINFO[0;39m [36mg.service.ubs.OrderLockServiceImpl      [0;39m [35m:60  [0;39m Time: 2025-04-05T08:24:18.893793200
[2025-04-05 08:29:18] [34mINFO[0;39m [36mg.service.ubs.OrderLockServiceImpl      [0;39m [35m:62  [0;39m Unlock orders
[2025-04-05 08:29:18] [34mINFO[0;39m [36mg.service.ubs.OrderLockServiceImpl      [0;39m [35m:60  [0;39m Time: 2025-04-05T08:24:18.894791700
[2025-04-05 08:29:18] [34mINFO[0;39m [36mg.service.ubs.OrderLockServiceImpl      [0;39m [35m:62  [0;39m Unlock orders
[2025-04-05 08:29:18] [34mINFO[0;39m [36mg.service.ubs.OrderLockServiceImpl      [0;39m [35m:60  [0;39m Time: 2025-04-05T08:24:18.895792400
[2025-04-05 08:29:18] [34mINFO[0;39m [36mg.service.ubs.OrderLockServiceImpl      [0;39m [35m:62  [0;39m Unlock orders
[2025-04-05 08:29:18] [34mINFO[0;39m [36mg.service.ubs.OrderLockServiceImpl      [0;39m [35m:60  [0;39m Time: 2025-04-05T08:24:18.896791400
[2025-04-05 08:29:18] [34mINFO[0;39m [36mg.service.ubs.OrderLockServiceImpl      [0;39m [35m:62  [0;39m Unlock orders
[2025-04-05 08:29:18] [34mINFO[0;39m [36mg.service.ubs.OrderLockServiceImpl      [0;39m [35m:60  [0;39m Time: 2025-04-05T08:24:18.897791400
[2025-04-05 08:29:18] [34mINFO[0;39m [36mg.service.ubs.OrderLockServiceImpl      [0;39m [35m:62  [0;39m Unlock orders
[2025-04-05 08:29:18] [34mINFO[0;39m [36mg.service.ubs.OrderLockServiceImpl      [0;39m [35m:60  [0;39m Time: 2025-04-05T08:24:18.898792
[2025-04-05 08:29:18] [34mINFO[0;39m [36mg.service.ubs.OrderLockServiceImpl      [0;39m [35m:62  [0;39m Unlock orders
[2025-04-05 08:29:18] [34mINFO[0;39m [36mg.service.ubs.OrderLockServiceImpl      [0;39m [35m:60  [0;39m Time: 2025-04-05T08:24:18.898792
[2025-04-05 08:29:18] [34mINFO[0;39m [36mg.service.ubs.OrderLockServiceImpl      [0;39m [35m:62  [0;39m Unlock orders
[2025-04-05 08:29:18] [34mINFO[0;39m [36mg.service.ubs.OrderLockServiceImpl      [0;39m [35m:60  [0;39m Time: 2025-04-05T08:24:18.899793700
[2025-04-05 08:29:18] [34mINFO[0;39m [36mg.service.ubs.OrderLockServiceImpl      [0;39m [35m:62  [0;39m Unlock orders
[2025-04-05 08:29:18] [34mINFO[0;39m [36mg.service.ubs.OrderLockServiceImpl      [0;39m [35m:60  [0;39m Time: 2025-04-05T08:24:18.900791800
[2025-04-05 08:29:18] [34mINFO[0;39m [36mg.service.ubs.OrderLockServiceImpl      [0;39m [35m:62  [0;39m Unlock orders
[2025-04-05 08:29:18] [34mINFO[0;39m [36mg.service.ubs.OrderLockServiceImpl      [0;39m [35m:60  [0;39m Time: 2025-04-05T08:24:18.901791700
[2025-04-05 08:29:18] [34mINFO[0;39m [36mg.service.ubs.OrderLockServiceImpl      [0;39m [35m:62  [0;39m Unlock orders
[2025-04-05 08:29:18] [34mINFO[0;39m [36mg.service.ubs.OrderLockServiceImpl      [0;39m [35m:60  [0;39m Time: 2025-04-05T08:24:18.902792800
[2025-04-05 08:29:18] [34mINFO[0;39m [36mg.service.ubs.OrderLockServiceImpl      [0;39m [35m:62  [0;39m Unlock orders
[2025-04-05 08:29:18] [34mINFO[0;39m [36mg.service.ubs.OrderLockServiceImpl      [0;39m [35m:60  [0;39m Time: 2025-04-05T08:24:18.904793400
[2025-04-05 08:29:18] [34mINFO[0;39m [36mg.service.ubs.OrderLockServiceImpl      [0;39m [35m:62  [0;39m Unlock orders
[2025-04-05 08:29:18] [34mINFO[0;39m [36mg.service.ubs.OrderLockServiceImpl      [0;39m [35m:60  [0;39m Time: 2025-04-05T08:24:18.905791600
[2025-04-05 08:29:18] [34mINFO[0;39m [36mg.service.ubs.OrderLockServiceImpl      [0;39m [35m:62  [0;39m Unlock orders
[2025-04-05 08:29:18] [34mINFO[0;39m [36mg.service.ubs.OrderLockServiceImpl      [0;39m [35m:60  [0;39m Time: 2025-04-05T08:24:18.906845
[2025-04-05 08:29:18] [34mINFO[0;39m [36mg.service.ubs.OrderLockServiceImpl      [0;39m [35m:62  [0;39m Unlock orders
[2025-04-05 08:29:18] [34mINFO[0;39m [36mg.service.ubs.OrderLockServiceImpl      [0;39m [35m:60  [0;39m Time: 2025-04-05T08:24:18.907791600
[2025-04-05 08:29:18] [34mINFO[0;39m [36mg.service.ubs.OrderLockServiceImpl      [0;39m [35m:62  [0;39m Unlock orders
[2025-04-05 08:29:18] [34mINFO[0;39m [36mg.service.ubs.OrderLockServiceImpl      [0;39m [35m:60  [0;39m Time: 2025-04-05T08:24:18.908792900
[2025-04-05 08:29:18] [34mINFO[0;39m [36mg.service.ubs.OrderLockServiceImpl      [0;39m [35m:62  [0;39m Unlock orders
[2025-04-05 08:29:18] [34mINFO[0;39m [36mg.service.ubs.OrderLockServiceImpl      [0;39m [35m:60  [0;39m Time: 2025-04-05T08:24:18.909796700
[2025-04-05 08:29:18] [34mINFO[0;39m [36mg.service.ubs.OrderLockServiceImpl      [0;39m [35m:62  [0;39m Unlock orders
[2025-04-05 08:29:18] [34mINFO[0;39m [36mg.service.ubs.OrderLockServiceImpl      [0;39m [35m:60  [0;39m Time: 2025-04-05T08:24:18.909796700
[2025-04-05 08:29:18] [34mINFO[0;39m [36mg.service.ubs.OrderLockServiceImpl      [0;39m [35m:62  [0;39m Unlock orders
[2025-04-05 08:29:18] [34mINFO[0;39m [36mg.service.ubs.OrderLockServiceImpl      [0;39m [35m:60  [0;39m Time: 2025-04-05T08:24:18.910792700
[2025-04-05 08:29:18] [34mINFO[0;39m [36mg.service.ubs.OrderLockServiceImpl      [0;39m [35m:62  [0;39m Unlock orders
[2025-04-05 08:29:18] [34mINFO[0;39m [36mg.service.ubs.OrderLockServiceImpl      [0;39m [35m:60  [0;39m Time: 2025-04-05T08:24:18.911791600
[2025-04-05 08:29:18] [34mINFO[0;39m [36mg.service.ubs.OrderLockServiceImpl      [0;39m [35m:62  [0;39m Unlock orders
[2025-04-05 08:29:18] [34mINFO[0;39m [36mg.service.ubs.OrderLockServiceImpl      [0;39m [35m:60  [0;39m Time: 2025-04-05T08:24:18.912791600
[2025-04-05 08:29:18] [34mINFO[0;39m [36mg.service.ubs.OrderLockServiceImpl      [0;39m [35m:62  [0;39m Unlock orders
[2025-04-05 08:29:18] [34mINFO[0;39m [36mg.service.ubs.OrderLockServiceImpl      [0;39m [35m:60  [0;39m Time: 2025-04-05T08:24:18.912791600
[2025-04-05 08:29:18] [34mINFO[0;39m [36mg.service.ubs.OrderLockServiceImpl      [0;39m [35m:62  [0;39m Unlock orders
[2025-04-05 08:29:18] [34mINFO[0;39m [36mg.service.ubs.OrderLockServiceImpl      [0;39m [35m:60  [0;39m Time: 2025-04-05T08:24:18.913791
[2025-04-05 08:29:18] [34mINFO[0;39m [36mg.service.ubs.OrderLockServiceImpl      [0;39m [35m:62  [0;39m Unlock orders
[2025-04-05 08:29:18] [34mINFO[0;39m [36mg.service.ubs.OrderLockServiceImpl      [0;39m [35m:60  [0;39m Time: 2025-04-05T08:24:18.914791800
[2025-04-05 08:29:18] [34mINFO[0;39m [36mg.service.ubs.OrderLockServiceImpl      [0;39m [35m:62  [0;39m Unlock orders
[2025-04-05 08:29:18] [34mINFO[0;39m [36mg.service.ubs.OrderLockServiceImpl      [0;39m [35m:60  [0;39m Time: 2025-04-05T08:24:18.914791800
[2025-04-05 08:29:18] [34mINFO[0;39m [36mg.service.ubs.OrderLockServiceImpl      [0;39m [35m:62  [0;39m Unlock orders
[2025-04-05 08:29:18] [34mINFO[0;39m [36mg.service.ubs.OrderLockServiceImpl      [0;39m [35m:60  [0;39m Time: 2025-04-05T08:24:18.915791900
[2025-04-05 08:29:18] [34mINFO[0;39m [36mg.service.ubs.OrderLockServiceImpl      [0;39m [35m:62  [0;39m Unlock orders
[2025-04-05 08:29:18] [34mINFO[0;39m [36mg.service.ubs.OrderLockServiceImpl      [0;39m [35m:60  [0;39m Time: 2025-04-05T08:24:18.916791600
[2025-04-05 08:29:18] [34mINFO[0;39m [36mg.service.ubs.OrderLockServiceImpl      [0;39m [35m:62  [0;39m Unlock orders
[2025-04-05 08:29:18] [34mINFO[0;39m [36mg.service.ubs.OrderLockServiceImpl      [0;39m [35m:60  [0;39m Time: 2025-04-05T08:24:18.916791600
[2025-04-05 08:29:18] [34mINFO[0;39m [36mg.service.ubs.OrderLockServiceImpl      [0;39m [35m:62  [0;39m Unlock orders
[2025-04-05 08:29:18] [34mINFO[0;39m [36mg.service.ubs.OrderLockServiceImpl      [0;39m [35m:60  [0;39m Time: 2025-04-05T08:24:18.917790800
[2025-04-05 08:29:18] [34mINFO[0;39m [36mg.service.ubs.OrderLockServiceImpl      [0;39m [35m:62  [0;39m Unlock orders
[2025-04-05 08:29:18] [34mINFO[0;39m [36mg.service.ubs.OrderLockServiceImpl      [0;39m [35m:60  [0;39m Time: 2025-04-05T08:24:18.918792
[2025-04-05 08:29:18] [34mINFO[0;39m [36mg.service.ubs.OrderLockServiceImpl      [0;39m [35m:62  [0;39m Unlock orders
[2025-04-05 08:29:18] [34mINFO[0;39m [36mg.service.ubs.OrderLockServiceImpl      [0;39m [35m:60  [0;39m Time: 2025-04-05T08:24:18.918792
[2025-04-05 08:29:18] [34mINFO[0;39m [36mg.service.ubs.OrderLockServiceImpl      [0;39m [35m:62  [0;39m Unlock orders
[2025-04-05 08:29:18] [34mINFO[0;39m [36mg.service.ubs.OrderLockServiceImpl      [0;39m [35m:60  [0;39m Time: 2025-04-05T08:24:18.919791800
[2025-04-05 08:29:18] [34mINFO[0;39m [36mg.service.ubs.OrderLockServiceImpl      [0;39m [35m:62  [0;39m Unlock orders
[2025-04-05 08:29:18] [34mINFO[0;39m [36mg.service.ubs.OrderLockServiceImpl      [0;39m [35m:60  [0;39m Time: 2025-04-05T08:24:18.920792900
[2025-04-05 08:29:18] [34mINFO[0;39m [36mg.service.ubs.OrderLockServiceImpl      [0;39m [35m:62  [0;39m Unlock orders
[2025-04-05 08:29:18] [34mINFO[0;39m [36mg.service.ubs.OrderLockServiceImpl      [0;39m [35m:60  [0;39m Time: 2025-04-05T08:24:18.921791700
[2025-04-05 08:29:18] [34mINFO[0;39m [36mg.service.ubs.OrderLockServiceImpl      [0;39m [35m:62  [0;39m Unlock orders
[2025-04-05 08:29:18] [34mINFO[0;39m [36mg.service.ubs.OrderLockServiceImpl      [0;39m [35m:60  [0;39m Time: 2025-04-05T08:24:18.922791600
[2025-04-05 08:29:18] [34mINFO[0;39m [36mg.service.ubs.OrderLockServiceImpl      [0;39m [35m:62  [0;39m Unlock orders
[2025-04-05 08:29:18] [34mINFO[0;39m [36mg.service.ubs.OrderLockServiceImpl      [0;39m [35m:60  [0;39m Time: 2025-04-05T08:24:18.922791600
[2025-04-05 08:29:18] [34mINFO[0;39m [36mg.service.ubs.OrderLockServiceImpl      [0;39m [35m:62  [0;39m Unlock orders
[2025-04-05 08:29:18] [34mINFO[0;39m [36mg.service.ubs.OrderLockServiceImpl      [0;39m [35m:60  [0;39m Time: 2025-04-05T08:24:18.923792600
[2025-04-05 08:29:18] [34mINFO[0;39m [36mg.service.ubs.OrderLockServiceImpl      [0;39m [35m:62  [0;39m Unlock orders
[2025-04-05 08:29:18] [34mINFO[0;39m [36mg.service.ubs.OrderLockServiceImpl      [0;39m [35m:60  [0;39m Time: 2025-04-05T08:24:18.924790400
[2025-04-05 08:29:18] [34mINFO[0;39m [36mg.service.ubs.OrderLockServiceImpl      [0;39m [35m:62  [0;39m Unlock orders
[2025-04-05 08:29:18] [34mINFO[0;39m [36mg.service.ubs.OrderLockServiceImpl      [0;39m [35m:60  [0;39m Time: 2025-04-05T08:24:18.924790400
[2025-04-05 08:29:18] [34mINFO[0;39m [36mg.service.ubs.OrderLockServiceImpl      [0;39m [35m:62  [0;39m Unlock orders
[2025-04-05 08:29:18] [34mINFO[0;39m [36mg.service.ubs.OrderLockServiceImpl      [0;39m [35m:60  [0;39m Time: 2025-04-05T08:24:18.925791
[2025-04-05 08:29:18] [34mINFO[0;39m [36mg.service.ubs.OrderLockServiceImpl      [0;39m [35m:62  [0;39m Unlock orders
[2025-04-05 08:29:18] [34mINFO[0;39m [36mg.service.ubs.OrderLockServiceImpl      [0;39m [35m:60  [0;39m Time: 2025-04-05T08:24:18.925791
[2025-04-05 08:29:18] [34mINFO[0;39m [36mg.service.ubs.OrderLockServiceImpl      [0;39m [35m:62  [0;39m Unlock orders
[2025-04-05 08:29:18] [34mINFO[0;39m [36mg.service.ubs.OrderLockServiceImpl      [0;39m [35m:60  [0;39m Time: 2025-04-05T08:24:18.926790600
[2025-04-05 08:29:18] [34mINFO[0;39m [36mg.service.ubs.OrderLockServiceImpl      [0;39m [35m:62  [0;39m Unlock orders
[2025-04-05 08:29:18] [34mINFO[0;39m [36mg.service.ubs.OrderLockServiceImpl      [0;39m [35m:60  [0;39m Time: 2025-04-05T08:24:18.927789900
[2025-04-05 08:29:18] [34mINFO[0;39m [36mg.service.ubs.OrderLockServiceImpl      [0;39m [35m:62  [0;39m Unlock orders
[2025-04-05 08:29:18] [34mINFO[0;39m [36mg.service.ubs.OrderLockServiceImpl      [0;39m [35m:60  [0;39m Time: 2025-04-05T08:24:18.928789900
[2025-04-05 08:29:18] [34mINFO[0;39m [36mg.service.ubs.OrderLockServiceImpl      [0;39m [35m:62  [0;39m Unlock orders
[2025-04-05 08:29:18] [34mINFO[0;39m [36mg.service.ubs.OrderLockServiceImpl      [0;39m [35m:60  [0;39m Time: 2025-04-05T08:24:18.928789900
[2025-04-05 08:29:18] [34mINFO[0;39m [36mg.service.ubs.OrderLockServiceImpl      [0;39m [35m:62  [0;39m Unlock orders
[2025-04-05 08:29:18] [34mINFO[0;39m [36mg.service.ubs.OrderLockServiceImpl      [0;39m [35m:60  [0;39m Time: 2025-04-05T08:24:18.929790400
[2025-04-05 08:29:18] [34mINFO[0;39m [36mg.service.ubs.OrderLockServiceImpl      [0;39m [35m:62  [0;39m Unlock orders
[2025-04-05 08:29:18] [34mINFO[0;39m [36mg.service.ubs.OrderLockServiceImpl      [0;39m [35m:60  [0;39m Time: 2025-04-05T08:24:18.930793200
[2025-04-05 08:29:18] [34mINFO[0;39m [36mg.service.ubs.OrderLockServiceImpl      [0;39m [35m:62  [0;39m Unlock orders
[2025-04-05 08:29:18] [34mINFO[0;39m [36mg.service.ubs.OrderLockServiceImpl      [0;39m [35m:60  [0;39m Time: 2025-04-05T08:24:18.931792400
[2025-04-05 08:29:18] [34mINFO[0;39m [36mg.service.ubs.OrderLockServiceImpl      [0;39m [35m:62  [0;39m Unlock orders
[2025-04-05 08:29:18] [34mINFO[0;39m [36mg.service.ubs.OrderLockServiceImpl      [0;39m [35m:60  [0;39m Time: 2025-04-05T08:24:18.931792400
[2025-04-05 08:29:18] [34mINFO[0;39m [36mg.service.ubs.OrderLockServiceImpl      [0;39m [35m:62  [0;39m Unlock orders
[2025-04-05 08:29:18] [34mINFO[0;39m [36mg.service.ubs.OrderLockServiceImpl      [0;39m [35m:60  [0;39m Time: 2025-04-05T08:24:18.932791500
[2025-04-05 08:29:18] [34mINFO[0;39m [36mg.service.ubs.OrderLockServiceImpl      [0;39m [35m:62  [0;39m Unlock orders
[2025-04-05 08:29:18] [34mINFO[0;39m [36mg.service.ubs.OrderLockServiceImpl      [0;39m [35m:60  [0;39m Time: 2025-04-05T08:24:18.932791500
[2025-04-05 08:29:18] [34mINFO[0;39m [36mg.service.ubs.OrderLockServiceImpl      [0;39m [35m:62  [0;39m Unlock orders
[2025-04-05 08:29:18] [34mINFO[0;39m [36mg.service.ubs.OrderLockServiceImpl      [0;39m [35m:60  [0;39m Time: 2025-04-05T08:24:18.933792200
[2025-04-05 08:29:18] [34mINFO[0;39m [36mg.service.ubs.OrderLockServiceImpl      [0;39m [35m:62  [0;39m Unlock orders
[2025-04-05 08:29:18] [34mINFO[0;39m [36mg.service.ubs.OrderLockServiceImpl      [0;39m [35m:60  [0;39m Time: 2025-04-05T08:24:18.934792900
[2025-04-05 08:29:18] [34mINFO[0;39m [36mg.service.ubs.OrderLockServiceImpl      [0;39m [35m:62  [0;39m Unlock orders
[2025-04-05 08:29:18] [34mINFO[0;39m [36mg.service.ubs.OrderLockServiceImpl      [0;39m [35m:60  [0;39m Time: 2025-04-05T08:24:18.935796900
[2025-04-05 08:29:18] [34mINFO[0;39m [36mg.service.ubs.OrderLockServiceImpl      [0;39m [35m:62  [0;39m Unlock orders
[2025-04-05 08:29:18] [34mINFO[0;39m [36mg.service.ubs.OrderLockServiceImpl      [0;39m [35m:60  [0;39m Time: 2025-04-05T08:24:18.936793
[2025-04-05 08:29:18] [34mINFO[0;39m [36mg.service.ubs.OrderLockServiceImpl      [0;39m [35m:62  [0;39m Unlock orders
[2025-04-05 08:29:18] [34mINFO[0;39m [36mg.service.ubs.OrderLockServiceImpl      [0;39m [35m:60  [0;39m Time: 2025-04-05T08:24:18.937792800
[2025-04-05 08:29:18] [34mINFO[0;39m [36mg.service.ubs.OrderLockServiceImpl      [0;39m [35m:62  [0;39m Unlock orders
[2025-04-05 08:29:18] [34mINFO[0;39m [36mg.service.ubs.OrderLockServiceImpl      [0;39m [35m:60  [0;39m Time: 2025-04-05T08:24:18.939794800
[2025-04-05 08:29:18] [34mINFO[0;39m [36mg.service.ubs.OrderLockServiceImpl      [0;39m [35m:62  [0;39m Unlock orders
[2025-04-05 08:29:18] [34mINFO[0;39m [36mg.service.ubs.OrderLockServiceImpl      [0;39m [35m:60  [0;39m Time: 2025-04-05T08:24:18.940793600
[2025-04-05 08:29:18] [34mINFO[0;39m [36mg.service.ubs.OrderLockServiceImpl      [0;39m [35m:62  [0;39m Unlock orders
[2025-04-05 08:29:18] [34mINFO[0;39m [36mg.service.ubs.OrderLockServiceImpl      [0;39m [35m:60  [0;39m Time: 2025-04-05T08:24:18.941793100
[2025-04-05 08:29:18] [34mINFO[0;39m [36mg.service.ubs.OrderLockServiceImpl      [0;39m [35m:62  [0;39m Unlock orders
[2025-04-05 08:29:18] [34mINFO[0;39m [36mg.service.ubs.OrderLockServiceImpl      [0;39m [35m:60  [0;39m Time: 2025-04-05T08:24:18.942792300
[2025-04-05 08:29:18] [34mINFO[0;39m [36mg.service.ubs.OrderLockServiceImpl      [0;39m [35m:62  [0;39m Unlock orders
[2025-04-05 08:29:18] [34mINFO[0;39m [36mg.service.ubs.OrderLockServiceImpl      [0;39m [35m:60  [0;39m Time: 2025-04-05T08:24:18.943790600
[2025-04-05 08:29:18] [34mINFO[0;39m [36mg.service.ubs.OrderLockServiceImpl      [0;39m [35m:62  [0;39m Unlock orders
[2025-04-05 08:29:18] [34mINFO[0;39m [36mg.service.ubs.OrderLockServiceImpl      [0;39m [35m:60  [0;39m Time: 2025-04-05T08:24:18.943790600
[2025-04-05 08:29:18] [34mINFO[0;39m [36mg.service.ubs.OrderLockServiceImpl      [0;39m [35m:62  [0;39m Unlock orders
[2025-04-05 08:29:18] [34mINFO[0;39m [36mg.service.ubs.OrderLockServiceImpl      [0;39m [35m:60  [0;39m Time: 2025-04-05T08:24:18.944795100
[2025-04-05 08:29:18] [34mINFO[0;39m [36mg.service.ubs.OrderLockServiceImpl      [0;39m [35m:62  [0;39m Unlock orders
[2025-04-05 08:29:18] [34mINFO[0;39m [36mg.service.ubs.OrderLockServiceImpl      [0;39m [35m:60  [0;39m Time: 2025-04-05T08:24:18.945792700
[2025-04-05 08:29:18] [34mINFO[0;39m [36mg.service.ubs.OrderLockServiceImpl      [0;39m [35m:62  [0;39m Unlock orders
[2025-04-05 08:29:18] [34mINFO[0;39m [36mg.service.ubs.OrderLockServiceImpl      [0;39m [35m:60  [0;39m Time: 2025-04-05T08:24:18.946792
[2025-04-05 08:29:18] [34mINFO[0;39m [36mg.service.ubs.OrderLockServiceImpl      [0;39m [35m:62  [0;39m Unlock orders
[2025-04-05 08:29:18] [34mINFO[0;39m [36mg.service.ubs.OrderLockServiceImpl      [0;39m [35m:60  [0;39m Time: 2025-04-05T08:24:18.947792400
[2025-04-05 08:29:18] [34mINFO[0;39m [36mg.service.ubs.OrderLockServiceImpl      [0;39m [35m:62  [0;39m Unlock orders
[2025-04-05 08:29:18] [34mINFO[0;39m [36mg.service.ubs.OrderLockServiceImpl      [0;39m [35m:60  [0;39m Time: 2025-04-05T08:24:18.948792300
[2025-04-05 08:29:18] [34mINFO[0;39m [36mg.service.ubs.OrderLockServiceImpl      [0;39m [35m:62  [0;39m Unlock orders
[2025-04-05 08:29:18] [34mINFO[0;39m [36mg.service.ubs.OrderLockServiceImpl      [0;39m [35m:60  [0;39m Time: 2025-04-05T08:24:18.948792300
[2025-04-05 08:29:18] [34mINFO[0;39m [36mg.service.ubs.OrderLockServiceImpl      [0;39m [35m:62  [0;39m Unlock orders
[2025-04-05 08:29:18] [34mINFO[0;39m [36mg.service.ubs.OrderLockServiceImpl      [0;39m [35m:60  [0;39m Time: 2025-04-05T08:24:18.949793600
[2025-04-05 08:29:18] [34mINFO[0;39m [36mg.service.ubs.OrderLockServiceImpl      [0;39m [35m:62  [0;39m Unlock orders
[2025-04-05 08:29:18] [34mINFO[0;39m [36mg.service.ubs.OrderLockServiceImpl      [0;39m [35m:60  [0;39m Time: 2025-04-05T08:24:18.950793500
[2025-04-05 08:29:18] [34mINFO[0;39m [36mg.service.ubs.OrderLockServiceImpl      [0;39m [35m:62  [0;39m Unlock orders
[2025-04-05 08:29:18] [34mINFO[0;39m [36mg.service.ubs.OrderLockServiceImpl      [0;39m [35m:60  [0;39m Time: 2025-04-05T08:24:18.952795900
[2025-04-05 08:29:18] [34mINFO[0;39m [36mg.service.ubs.OrderLockServiceImpl      [0;39m [35m:62  [0;39m Unlock orders
[2025-04-05 08:29:18] [34mINFO[0;39m [36mg.service.ubs.OrderLockServiceImpl      [0;39m [35m:60  [0;39m Time: 2025-04-05T08:24:18.954795600
[2025-04-05 08:29:18] [34mINFO[0;39m [36mg.service.ubs.OrderLockServiceImpl      [0;39m [35m:62  [0;39m Unlock orders
[2025-04-05 08:29:18] [34mINFO[0;39m [36mg.service.ubs.OrderLockServiceImpl      [0;39m [35m:60  [0;39m Time: 2025-04-05T08:24:18.956798400
[2025-04-05 08:29:18] [34mINFO[0;39m [36mg.service.ubs.OrderLockServiceImpl      [0;39m [35m:62  [0;39m Unlock orders
[2025-04-05 08:29:18] [34mINFO[0;39m [36mg.service.ubs.OrderLockServiceImpl      [0;39m [35m:60  [0;39m Time: 2025-04-05T08:24:18.957798700
[2025-04-05 08:29:18] [34mINFO[0;39m [36mg.service.ubs.OrderLockServiceImpl      [0;39m [35m:62  [0;39m Unlock orders
[2025-04-05 08:29:18] [34mINFO[0;39m [36mg.service.ubs.OrderLockServiceImpl      [0;39m [35m:60  [0;39m Time: 2025-04-05T08:24:18.959795200
[2025-04-05 08:29:18] [34mINFO[0;39m [36mg.service.ubs.OrderLockServiceImpl      [0;39m [35m:62  [0;39m Unlock orders
[2025-04-05 08:29:18] [34mINFO[0;39m [36mg.service.ubs.OrderLockServiceImpl      [0;39m [35m:60  [0;39m Time: 2025-04-05T08:24:18.962794
[2025-04-05 08:29:18] [34mINFO[0;39m [36mg.service.ubs.OrderLockServiceImpl      [0;39m [35m:62  [0;39m Unlock orders
[2025-04-05 08:29:18] [34mINFO[0;39m [36mg.service.ubs.OrderLockServiceImpl      [0;39m [35m:60  [0;39m Time: 2025-04-05T08:24:18.963794100
[2025-04-05 08:29:18] [34mINFO[0;39m [36mg.service.ubs.OrderLockServiceImpl      [0;39m [35m:62  [0;39m Unlock orders
[2025-04-05 08:29:18] [34mINFO[0;39m [36mg.service.ubs.OrderLockServiceImpl      [0;39m [35m:60  [0;39m Time: 2025-04-05T08:24:18.964793800
[2025-04-05 08:29:18] [34mINFO[0;39m [36mg.service.ubs.OrderLockServiceImpl      [0;39m [35m:62  [0;39m Unlock orders
[2025-04-05 08:29:18] [34mINFO[0;39m [36mg.service.ubs.OrderLockServiceImpl      [0;39m [35m:60  [0;39m Time: 2025-04-05T08:24:18.966793100
[2025-04-05 08:29:18] [34mINFO[0;39m [36mg.service.ubs.OrderLockServiceImpl      [0;39m [35m:62  [0;39m Unlock orders
[2025-04-05 08:29:18] [34mINFO[0;39m [36mg.service.ubs.OrderLockServiceImpl      [0;39m [35m:60  [0;39m Time: 2025-04-05T08:24:18.967793400
[2025-04-05 08:29:18] [34mINFO[0;39m [36mg.service.ubs.OrderLockServiceImpl      [0;39m [35m:62  [0;39m Unlock orders
[2025-04-05 08:29:18] [34mINFO[0;39m [36mg.service.ubs.OrderLockServiceImpl      [0;39m [35m:60  [0;39m Time: 2025-04-05T08:24:18.969792500
[2025-04-05 08:29:18] [34mINFO[0;39m [36mg.service.ubs.OrderLockServiceImpl      [0;39m [35m:62  [0;39m Unlock orders
[2025-04-05 08:29:18] [34mINFO[0;39m [36mg.service.ubs.OrderLockServiceImpl      [0;39m [35m:60  [0;39m Time: 2025-04-05T08:24:18.970795700
[2025-04-05 08:29:18] [34mINFO[0;39m [36mg.service.ubs.OrderLockServiceImpl      [0;39m [35m:62  [0;39m Unlock orders
[2025-04-05 08:29:18] [34mINFO[0;39m [36mg.service.ubs.OrderLockServiceImpl      [0;39m [35m:60  [0;39m Time: 2025-04-05T08:24:18.972793
[2025-04-05 08:29:18] [34mINFO[0;39m [36mg.service.ubs.OrderLockServiceImpl      [0;39m [35m:62  [0;39m Unlock orders
[2025-04-05 08:29:18] [34mINFO[0;39m [36mg.service.ubs.OrderLockServiceImpl      [0;39m [35m:60  [0;39m Time: 2025-04-05T08:24:18.973792800
[2025-04-05 08:29:18] [34mINFO[0;39m [36mg.service.ubs.OrderLockServiceImpl      [0;39m [35m:62  [0;39m Unlock orders
[2025-04-05 08:29:18] [34mINFO[0;39m [36mg.service.ubs.OrderLockServiceImpl      [0;39m [35m:60  [0;39m Time: 2025-04-05T08:24:18.975792
[2025-04-05 08:29:18] [34mINFO[0;39m [36mg.service.ubs.OrderLockServiceImpl      [0;39m [35m:62  [0;39m Unlock orders
[2025-04-05 08:29:18] [34mINFO[0;39m [36mg.service.ubs.OrderLockServiceImpl      [0;39m [35m:60  [0;39m Time: 2025-04-05T08:24:18.976794800
[2025-04-05 08:29:18] [34mINFO[0;39m [36mg.service.ubs.OrderLockServiceImpl      [0;39m [35m:62  [0;39m Unlock orders
[2025-04-05 08:29:18] [34mINFO[0;39m [36mg.service.ubs.OrderLockServiceImpl      [0;39m [35m:60  [0;39m Time: 2025-04-05T08:24:18.977795500
[2025-04-05 08:29:18] [34mINFO[0;39m [36mg.service.ubs.OrderLockServiceImpl      [0;39m [35m:62  [0;39m Unlock orders
[2025-04-05 08:29:18] [34mINFO[0;39m [36mg.service.ubs.OrderLockServiceImpl      [0;39m [35m:60  [0;39m Time: 2025-04-05T08:24:18.977795500
[2025-04-05 08:29:18] [34mINFO[0;39m [36mg.service.ubs.OrderLockServiceImpl      [0;39m [35m:62  [0;39m Unlock orders
[2025-04-05 08:29:18] [34mINFO[0;39m [36mg.service.ubs.OrderLockServiceImpl      [0;39m [35m:60  [0;39m Time: 2025-04-05T08:24:18.978792200
[2025-04-05 08:29:18] [34mINFO[0;39m [36mg.service.ubs.OrderLockServiceImpl      [0;39m [35m:62  [0;39m Unlock orders
[2025-04-05 08:29:18] [34mINFO[0;39m [36mg.service.ubs.OrderLockServiceImpl      [0;39m [35m:60  [0;39m Time: 2025-04-05T08:24:18.979794200
[2025-04-05 08:29:18] [34mINFO[0;39m [36mg.service.ubs.OrderLockServiceImpl      [0;39m [35m:62  [0;39m Unlock orders
[2025-04-05 08:29:18] [34mINFO[0;39m [36mg.service.ubs.OrderLockServiceImpl      [0;39m [35m:60  [0;39m Time: 2025-04-05T08:24:18.980793700
[2025-04-05 08:29:18] [34mINFO[0;39m [36mg.service.ubs.OrderLockServiceImpl      [0;39m [35m:62  [0;39m Unlock orders
[2025-04-05 08:29:18] [34mINFO[0;39m [36mg.service.ubs.OrderLockServiceImpl      [0;39m [35m:60  [0;39m Time: 2025-04-05T08:24:18.981792500
[2025-04-05 08:29:18] [34mINFO[0;39m [36mg.service.ubs.OrderLockServiceImpl      [0;39m [35m:62  [0;39m Unlock orders
[2025-04-05 08:29:18] [34mINFO[0;39m [36mg.service.ubs.OrderLockServiceImpl      [0;39m [35m:60  [0;39m Time: 2025-04-05T08:24:18.983792700
[2025-04-05 08:29:18] [34mINFO[0;39m [36mg.service.ubs.OrderLockServiceImpl      [0;39m [35m:62  [0;39m Unlock orders
[2025-04-05 08:29:18] [34mINFO[0;39m [36mg.service.ubs.OrderLockServiceImpl      [0;39m [35m:60  [0;39m Time: 2025-04-05T08:24:18.983792700
[2025-04-05 08:29:18] [34mINFO[0;39m [36mg.service.ubs.OrderLockServiceImpl      [0;39m [35m:62  [0;39m Unlock orders
[2025-04-05 08:29:18] [34mINFO[0;39m [36mg.service.ubs.OrderLockServiceImpl      [0;39m [35m:60  [0;39m Time: 2025-04-05T08:24:18.985791900
[2025-04-05 08:29:18] [34mINFO[0;39m [36mg.service.ubs.OrderLockServiceImpl      [0;39m [35m:62  [0;39m Unlock orders
[2025-04-05 08:29:18] [34mINFO[0;39m [36mg.service.ubs.OrderLockServiceImpl      [0;39m [35m:60  [0;39m Time: 2025-04-05T08:24:18.986794100
[2025-04-05 08:29:18] [34mINFO[0;39m [36mg.service.ubs.OrderLockServiceImpl      [0;39m [35m:62  [0;39m Unlock orders
[2025-04-05 08:29:18] [34mINFO[0;39m [36mg.service.ubs.OrderLockServiceImpl      [0;39m [35m:60  [0;39m Time: 2025-04-05T08:24:18.987795300
[2025-04-05 08:29:18] [34mINFO[0;39m [36mg.service.ubs.OrderLockServiceImpl      [0;39m [35m:62  [0;39m Unlock orders
[2025-04-05 08:29:18] [34mINFO[0;39m [36mg.service.ubs.OrderLockServiceImpl      [0;39m [35m:60  [0;39m Time: 2025-04-05T08:24:18.988794400
[2025-04-05 08:29:18] [34mINFO[0;39m [36mg.service.ubs.OrderLockServiceImpl      [0;39m [35m:62  [0;39m Unlock orders
[2025-04-05 08:29:18] [34mINFO[0;39m [36mg.service.ubs.OrderLockServiceImpl      [0;39m [35m:60  [0;39m Time: 2025-04-05T08:24:18.989795700
[2025-04-05 08:29:18] [34mINFO[0;39m [36mg.service.ubs.OrderLockServiceImpl      [0;39m [35m:62  [0;39m Unlock orders
[2025-04-05 08:29:18] [34mINFO[0;39m [36mg.service.ubs.OrderLockServiceImpl      [0;39m [35m:60  [0;39m Time: 2025-04-05T08:24:18.990794600
[2025-04-05 08:29:18] [34mINFO[0;39m [36mg.service.ubs.OrderLockServiceImpl      [0;39m [35m:62  [0;39m Unlock orders
[2025-04-05 08:29:18] [34mINFO[0;39m [36mg.service.ubs.OrderLockServiceImpl      [0;39m [35m:60  [0;39m Time: 2025-04-05T08:24:18.991794600
[2025-04-05 08:29:18] [34mINFO[0;39m [36mg.service.ubs.OrderLockServiceImpl      [0;39m [35m:62  [0;39m Unlock orders
[2025-04-05 08:29:18] [34mINFO[0;39m [36mg.service.ubs.OrderLockServiceImpl      [0;39m [35m:60  [0;39m Time: 2025-04-05T08:24:18.991794600
[2025-04-05 08:29:18] [34mINFO[0;39m [36mg.service.ubs.OrderLockServiceImpl      [0;39m [35m:62  [0;39m Unlock orders
[2025-04-05 08:29:18] [34mINFO[0;39m [36mg.service.ubs.OrderLockServiceImpl      [0;39m [35m:60  [0;39m Time: 2025-04-05T08:24:18.992793400
[2025-04-05 08:29:18] [34mINFO[0;39m [36mg.service.ubs.OrderLockServiceImpl      [0;39m [35m:62  [0;39m Unlock orders
[2025-04-05 08:29:18] [34mINFO[0;39m [36mg.service.ubs.OrderLockServiceImpl      [0;39m [35m:60  [0;39m Time: 2025-04-05T08:24:18.993795700
[2025-04-05 08:29:18] [34mINFO[0;39m [36mg.service.ubs.OrderLockServiceImpl      [0;39m [35m:62  [0;39m Unlock orders
[2025-04-05 08:29:18] [34mINFO[0;39m [36mg.service.ubs.OrderLockServiceImpl      [0;39m [35m:60  [0;39m Time: 2025-04-05T08:24:18.993795700
[2025-04-05 08:29:18] [34mINFO[0;39m [36mg.service.ubs.OrderLockServiceImpl      [0;39m [35m:62  [0;39m Unlock orders
[2025-04-05 08:29:18] [34mINFO[0;39m [36mg.service.ubs.OrderLockServiceImpl      [0;39m [35m:60  [0;39m Time: 2025-04-05T08:24:18.994795400
[2025-04-05 08:29:18] [34mINFO[0;39m [36mg.service.ubs.OrderLockServiceImpl      [0;39m [35m:62  [0;39m Unlock orders
[2025-04-05 08:29:18] [34mINFO[0;39m [36mg.service.ubs.OrderLockServiceImpl      [0;39m [35m:60  [0;39m Time: 2025-04-05T08:24:18.995792400
[2025-04-05 08:29:18] [34mINFO[0;39m [36mg.service.ubs.OrderLockServiceImpl      [0;39m [35m:62  [0;39m Unlock orders
[2025-04-05 08:29:18] [34mINFO[0;39m [36mg.service.ubs.OrderLockServiceImpl      [0;39m [35m:60  [0;39m Time: 2025-04-05T08:24:18.996791700
[2025-04-05 08:29:18] [34mINFO[0;39m [36mg.service.ubs.OrderLockServiceImpl      [0;39m [35m:62  [0;39m Unlock orders
[2025-04-05 08:29:18] [34mINFO[0;39m [36mg.service.ubs.OrderLockServiceImpl      [0;39m [35m:60  [0;39m Time: 2025-04-05T08:24:18.997792800
[2025-04-05 08:29:18] [34mINFO[0;39m [36mg.service.ubs.OrderLockServiceImpl      [0;39m [35m:62  [0;39m Unlock orders
[2025-04-05 08:29:18] [34mINFO[0;39m [36mg.service.ubs.OrderLockServiceImpl      [0;39m [35m:60  [0;39m Time: 2025-04-05T08:24:18.998793400
[2025-04-05 08:29:18] [34mINFO[0;39m [36mg.service.ubs.OrderLockServiceImpl      [0;39m [35m:62  [0;39m Unlock orders
[2025-04-05 08:29:18] [34mINFO[0;39m [36mg.service.ubs.OrderLockServiceImpl      [0;39m [35m:60  [0;39m Time: 2025-04-05T08:24:18.999792900
[2025-04-05 08:29:18] [34mINFO[0;39m [36mg.service.ubs.OrderLockServiceImpl      [0;39m [35m:62  [0;39m Unlock orders
[2025-04-05 08:29:18] [34mINFO[0;39m [36mg.service.ubs.OrderLockServiceImpl      [0;39m [35m:60  [0;39m Time: 2025-04-05T08:24:18.999792900
[2025-04-05 08:29:19] [34mINFO[0;39m [36mg.service.ubs.OrderLockServiceImpl      [0;39m [35m:62  [0;39m Unlock orders
[2025-04-05 08:29:19] [34mINFO[0;39m [36mg.service.ubs.OrderLockServiceImpl      [0;39m [35m:60  [0;39m Time: 2025-04-05T08:24:19.000792400
[2025-04-05 08:29:19] [34mINFO[0;39m [36mg.service.ubs.OrderLockServiceImpl      [0;39m [35m:62  [0;39m Unlock orders
[2025-04-05 08:29:19] [34mINFO[0;39m [36mg.service.ubs.OrderLockServiceImpl      [0;39m [35m:60  [0;39m Time: 2025-04-05T08:24:19.001792300
[2025-04-05 08:29:19] [34mINFO[0;39m [36mg.service.ubs.OrderLockServiceImpl      [0;39m [35m:62  [0;39m Unlock orders
[2025-04-05 08:29:19] [34mINFO[0;39m [36mg.service.ubs.OrderLockServiceImpl      [0;39m [35m:60  [0;39m Time: 2025-04-05T08:24:19.001792300
[2025-04-05 08:29:19] [34mINFO[0;39m [36mg.service.ubs.OrderLockServiceImpl      [0;39m [35m:62  [0;39m Unlock orders
[2025-04-05 08:29:19] [34mINFO[0;39m [36mg.service.ubs.OrderLockServiceImpl      [0;39m [35m:60  [0;39m Time: 2025-04-05T08:24:19.002791600
[2025-04-05 08:29:19] [34mINFO[0;39m [36mg.service.ubs.OrderLockServiceImpl      [0;39m [35m:62  [0;39m Unlock orders
[2025-04-05 08:29:19] [34mINFO[0;39m [36mg.service.ubs.OrderLockServiceImpl      [0;39m [35m:60  [0;39m Time: 2025-04-05T08:24:19.003793600
[2025-04-05 08:29:19] [34mINFO[0;39m [36mg.service.ubs.OrderLockServiceImpl      [0;39m [35m:62  [0;39m Unlock orders
[2025-04-05 08:29:19] [34mINFO[0;39m [36mg.service.ubs.OrderLockServiceImpl      [0;39m [35m:60  [0;39m Time: 2025-04-05T08:24:19.004796900
[2025-04-05 08:29:19] [34mINFO[0;39m [36mg.service.ubs.OrderLockServiceImpl      [0;39m [35m:62  [0;39m Unlock orders
[2025-04-05 08:29:19] [34mINFO[0;39m [36mg.service.ubs.OrderLockServiceImpl      [0;39m [35m:60  [0;39m Time: 2025-04-05T08:24:19.005791400
[2025-04-05 08:29:19] [34mINFO[0;39m [36mg.service.ubs.OrderLockServiceImpl      [0;39m [35m:62  [0;39m Unlock orders
[2025-04-05 08:29:19] [34mINFO[0;39m [36mg.service.ubs.OrderLockServiceImpl      [0;39m [35m:60  [0;39m Time: 2025-04-05T08:24:19.006791200
[2025-04-05 08:29:19] [34mINFO[0;39m [36mg.service.ubs.OrderLockServiceImpl      [0;39m [35m:62  [0;39m Unlock orders
[2025-04-05 08:29:19] [34mINFO[0;39m [36mg.service.ubs.OrderLockServiceImpl      [0;39m [35m:60  [0;39m Time: 2025-04-05T08:24:19.007791600
[2025-04-05 08:29:19] [34mINFO[0;39m [36mg.service.ubs.OrderLockServiceImpl      [0;39m [35m:62  [0;39m Unlock orders
[2025-04-05 08:29:19] [34mINFO[0;39m [36mg.service.ubs.OrderLockServiceImpl      [0;39m [35m:60  [0;39m Time: 2025-04-05T08:24:19.007791600
[2025-04-05 08:29:19] [34mINFO[0;39m [36mg.service.ubs.OrderLockServiceImpl      [0;39m [35m:62  [0;39m Unlock orders
[2025-04-05 08:29:19] [34mINFO[0;39m [36mg.service.ubs.OrderLockServiceImpl      [0;39m [35m:60  [0;39m Time: 2025-04-05T08:24:19.008794100
[2025-04-05 08:29:19] [34mINFO[0;39m [36mg.service.ubs.OrderLockServiceImpl      [0;39m [35m:62  [0;39m Unlock orders
[2025-04-05 08:29:19] [34mINFO[0;39m [36mg.service.ubs.OrderLockServiceImpl      [0;39m [35m:60  [0;39m Time: 2025-04-05T08:24:19.008794100
[2025-04-05 08:29:19] [34mINFO[0;39m [36mg.service.ubs.OrderLockServiceImpl      [0;39m [35m:62  [0;39m Unlock orders
[2025-04-05 08:29:19] [34mINFO[0;39m [36mg.service.ubs.OrderLockServiceImpl      [0;39m [35m:60  [0;39m Time: 2025-04-05T08:24:19.009792100
[2025-04-05 08:29:19] [34mINFO[0;39m [36mg.service.ubs.OrderLockServiceImpl      [0;39m [35m:62  [0;39m Unlock orders
[2025-04-05 08:29:19] [34mINFO[0;39m [36mg.service.ubs.OrderLockServiceImpl      [0;39m [35m:60  [0;39m Time: 2025-04-05T08:24:19.010793900
[2025-04-05 08:29:19] [34mINFO[0;39m [36mg.service.ubs.OrderLockServiceImpl      [0;39m [35m:62  [0;39m Unlock orders
[2025-04-05 08:29:19] [34mINFO[0;39m [36mg.service.ubs.OrderLockServiceImpl      [0;39m [35m:60  [0;39m Time: 2025-04-05T08:24:19.011791300
[2025-04-05 08:29:19] [34mINFO[0;39m [36mg.service.ubs.OrderLockServiceImpl      [0;39m [35m:62  [0;39m Unlock orders
[2025-04-05 08:29:19] [34mINFO[0;39m [36mg.service.ubs.OrderLockServiceImpl      [0;39m [35m:60  [0;39m Time: 2025-04-05T08:24:19.012792500
[2025-04-05 08:29:19] [34mINFO[0;39m [36mg.service.ubs.OrderLockServiceImpl      [0;39m [35m:62  [0;39m Unlock orders
[2025-04-05 08:29:19] [34mINFO[0;39m [36mg.service.ubs.OrderLockServiceImpl      [0;39m [35m:60  [0;39m Time: 2025-04-05T08:24:19.013792100
[2025-04-05 08:29:19] [34mINFO[0;39m [36mg.service.ubs.OrderLockServiceImpl      [0;39m [35m:62  [0;39m Unlock orders
[2025-04-05 08:29:19] [34mINFO[0;39m [36mg.service.ubs.OrderLockServiceImpl      [0;39m [35m:60  [0;39m Time: 2025-04-05T08:24:19.013792100
[2025-04-05 08:29:19] [34mINFO[0;39m [36mg.service.ubs.OrderLockServiceImpl      [0;39m [35m:62  [0;39m Unlock orders
[2025-04-05 08:29:19] [34mINFO[0;39m [36mg.service.ubs.OrderLockServiceImpl      [0;39m [35m:60  [0;39m Time: 2025-04-05T08:24:19.014792700
[2025-04-05 08:29:19] [34mINFO[0;39m [36mg.service.ubs.OrderLockServiceImpl      [0;39m [35m:62  [0;39m Unlock orders
[2025-04-05 08:29:19] [34mINFO[0;39m [36mg.service.ubs.OrderLockServiceImpl      [0;39m [35m:60  [0;39m Time: 2025-04-05T08:24:19.015792700
[2025-04-05 08:29:19] [34mINFO[0;39m [36mg.service.ubs.OrderLockServiceImpl      [0;39m [35m:62  [0;39m Unlock orders
[2025-04-05 08:29:19] [34mINFO[0;39m [36mg.service.ubs.OrderLockServiceImpl      [0;39m [35m:60  [0;39m Time: 2025-04-05T08:24:19.016795600
[2025-04-05 08:29:19] [34mINFO[0;39m [36mg.service.ubs.OrderLockServiceImpl      [0;39m [35m:62  [0;39m Unlock orders
[2025-04-05 08:29:19] [34mINFO[0;39m [36mg.service.ubs.OrderLockServiceImpl      [0;39m [35m:60  [0;39m Time: 2025-04-05T08:24:19.017792700
[2025-04-05 08:29:19] [34mINFO[0;39m [36mg.service.ubs.OrderLockServiceImpl      [0;39m [35m:62  [0;39m Unlock orders
[2025-04-05 08:29:19] [34mINFO[0;39m [36mg.service.ubs.OrderLockServiceImpl      [0;39m [35m:60  [0;39m Time: 2025-04-05T08:24:19.018791100
[2025-04-05 08:29:19] [34mINFO[0;39m [36mg.service.ubs.OrderLockServiceImpl      [0;39m [35m:62  [0;39m Unlock orders
[2025-04-05 08:29:19] [34mINFO[0;39m [36mg.service.ubs.OrderLockServiceImpl      [0;39m [35m:60  [0;39m Time: 2025-04-05T08:24:19.019795200
[2025-04-05 08:29:19] [34mINFO[0;39m [36mg.service.ubs.OrderLockServiceImpl      [0;39m [35m:62  [0;39m Unlock orders
[2025-04-05 08:29:19] [34mINFO[0;39m [36mg.service.ubs.OrderLockServiceImpl      [0;39m [35m:60  [0;39m Time: 2025-04-05T08:24:19.019795200
[2025-04-05 08:29:19] [34mINFO[0;39m [36mg.service.ubs.OrderLockServiceImpl      [0;39m [35m:62  [0;39m Unlock orders
[2025-04-05 08:29:19] [34mINFO[0;39m [36mg.service.ubs.OrderLockServiceImpl      [0;39m [35m:60  [0;39m Time: 2025-04-05T08:24:19.020797900
[2025-04-05 08:29:19] [34mINFO[0;39m [36mg.service.ubs.OrderLockServiceImpl      [0;39m [35m:62  [0;39m Unlock orders
[2025-04-05 08:29:19] [34mINFO[0;39m [36mg.service.ubs.OrderLockServiceImpl      [0;39m [35m:60  [0;39m Time: 2025-04-05T08:24:19.021792
[2025-04-05 08:29:19] [34mINFO[0;39m [36mg.service.ubs.OrderLockServiceImpl      [0;39m [35m:62  [0;39m Unlock orders
[2025-04-05 08:29:19] [34mINFO[0;39m [36mg.service.ubs.OrderLockServiceImpl      [0;39m [35m:60  [0;39m Time: 2025-04-05T08:24:19.022793400
[2025-04-05 08:29:19] [34mINFO[0;39m [36mg.service.ubs.OrderLockServiceImpl      [0;39m [35m:62  [0;39m Unlock orders
[2025-04-05 08:29:19] [34mINFO[0;39m [36mg.service.ubs.OrderLockServiceImpl      [0;39m [35m:60  [0;39m Time: 2025-04-05T08:24:19.023791700
[2025-04-05 08:29:19] [34mINFO[0;39m [36mg.service.ubs.OrderLockServiceImpl      [0;39m [35m:62  [0;39m Unlock orders
[2025-04-05 08:29:19] [34mINFO[0;39m [36mg.service.ubs.OrderLockServiceImpl      [0;39m [35m:60  [0;39m Time: 2025-04-05T08:24:19.024791500
[2025-04-05 08:29:19] [34mINFO[0;39m [36mg.service.ubs.OrderLockServiceImpl      [0;39m [35m:62  [0;39m Unlock orders
[2025-04-05 08:29:19] [34mINFO[0;39m [36mg.service.ubs.OrderLockServiceImpl      [0;39m [35m:60  [0;39m Time: 2025-04-05T08:24:19.024791500
[2025-04-05 08:29:19] [34mINFO[0;39m [36mg.service.ubs.OrderLockServiceImpl      [0;39m [35m:62  [0;39m Unlock orders
[2025-04-05 08:29:19] [34mINFO[0;39m [36mg.service.ubs.OrderLockServiceImpl      [0;39m [35m:60  [0;39m Time: 2025-04-05T08:24:19.025791200
[2025-04-05 08:29:19] [34mINFO[0;39m [36mg.service.ubs.OrderLockServiceImpl      [0;39m [35m:62  [0;39m Unlock orders
[2025-04-05 08:29:19] [34mINFO[0;39m [36mg.service.ubs.OrderLockServiceImpl      [0;39m [35m:60  [0;39m Time: 2025-04-05T08:24:19.026792800
[2025-04-05 08:29:19] [34mINFO[0;39m [36mg.service.ubs.OrderLockServiceImpl      [0;39m [35m:62  [0;39m Unlock orders
[2025-04-05 08:29:19] [34mINFO[0;39m [36mg.service.ubs.OrderLockServiceImpl      [0;39m [35m:60  [0;39m Time: 2025-04-05T08:24:19.027793100
[2025-04-05 08:29:19] [34mINFO[0;39m [36mg.service.ubs.OrderLockServiceImpl      [0;39m [35m:62  [0;39m Unlock orders
[2025-04-05 08:29:19] [34mINFO[0;39m [36mg.service.ubs.OrderLockServiceImpl      [0;39m [35m:60  [0;39m Time: 2025-04-05T08:24:19.027793100
[2025-04-05 08:29:19] [34mINFO[0;39m [36mg.service.ubs.OrderLockServiceImpl      [0;39m [35m:62  [0;39m Unlock orders
[2025-04-05 08:29:19] [34mINFO[0;39m [36mg.service.ubs.OrderLockServiceImpl      [0;39m [35m:60  [0;39m Time: 2025-04-05T08:24:19.028789900
[2025-04-05 08:29:19] [34mINFO[0;39m [36mg.service.ubs.OrderLockServiceImpl      [0;39m [35m:62  [0;39m Unlock orders
[2025-04-05 08:29:19] [34mINFO[0;39m [36mg.service.ubs.OrderLockServiceImpl      [0;39m [35m:60  [0;39m Time: 2025-04-05T08:24:19.028789900
[2025-04-05 08:29:19] [34mINFO[0;39m [36mg.service.ubs.OrderLockServiceImpl      [0;39m [35m:62  [0;39m Unlock orders
[2025-04-05 08:29:19] [34mINFO[0;39m [36mg.service.ubs.OrderLockServiceImpl      [0;39m [35m:60  [0;39m Time: 2025-04-05T08:24:19.029789300
[2025-04-05 08:29:19] [34mINFO[0;39m [36mg.service.ubs.OrderLockServiceImpl      [0;39m [35m:62  [0;39m Unlock orders
[2025-04-05 08:29:19] [34mINFO[0;39m [36mg.service.ubs.OrderLockServiceImpl      [0;39m [35m:60  [0;39m Time: 2025-04-05T08:24:19.029789300
[2025-04-05 08:29:19] [34mINFO[0;39m [36mg.service.ubs.OrderLockServiceImpl      [0;39m [35m:62  [0;39m Unlock orders
[2025-04-05 08:29:19] [34mINFO[0;39m [36mg.service.ubs.OrderLockServiceImpl      [0;39m [35m:60  [0;39m Time: 2025-04-05T08:24:19.030790900
[2025-04-05 08:29:19] [34mINFO[0;39m [36mg.service.ubs.OrderLockServiceImpl      [0;39m [35m:62  [0;39m Unlock orders
[2025-04-05 08:29:19] [34mINFO[0;39m [36mg.service.ubs.OrderLockServiceImpl      [0;39m [35m:60  [0;39m Time: 2025-04-05T08:24:19.031790500
[2025-04-05 08:29:19] [34mINFO[0;39m [36mg.service.ubs.OrderLockServiceImpl      [0;39m [35m:62  [0;39m Unlock orders
[2025-04-05 08:29:19] [34mINFO[0;39m [36mg.service.ubs.OrderLockServiceImpl      [0;39m [35m:60  [0;39m Time: 2025-04-05T08:24:19.031790500
[2025-04-05 08:29:19] [34mINFO[0;39m [36mg.service.ubs.OrderLockServiceImpl      [0;39m [35m:62  [0;39m Unlock orders
[2025-04-05 08:29:19] [34mINFO[0;39m [36mg.service.ubs.OrderLockServiceImpl      [0;39m [35m:60  [0;39m Time: 2025-04-05T08:24:19.032790700
[2025-04-05 08:29:19] [34mINFO[0;39m [36mg.service.ubs.OrderLockServiceImpl      [0;39m [35m:62  [0;39m Unlock orders
[2025-04-05 08:29:19] [34mINFO[0;39m [36mg.service.ubs.OrderLockServiceImpl      [0;39m [35m:60  [0;39m Time: 2025-04-05T08:24:19.032790700
[2025-04-05 08:29:19] [34mINFO[0;39m [36mg.service.ubs.OrderLockServiceImpl      [0;39m [35m:62  [0;39m Unlock orders
[2025-04-05 08:29:19] [34mINFO[0;39m [36mg.service.ubs.OrderLockServiceImpl      [0;39m [35m:60  [0;39m Time: 2025-04-05T08:24:19.033790300
[2025-04-05 08:29:19] [34mINFO[0;39m [36mg.service.ubs.OrderLockServiceImpl      [0;39m [35m:62  [0;39m Unlock orders
[2025-04-05 08:29:19] [34mINFO[0;39m [36mg.service.ubs.OrderLockServiceImpl      [0;39m [35m:60  [0;39m Time: 2025-04-05T08:24:19.034790
[2025-04-05 08:29:19] [34mINFO[0;39m [36mg.service.ubs.OrderLockServiceImpl      [0;39m [35m:62  [0;39m Unlock orders
[2025-04-05 08:29:19] [34mINFO[0;39m [36mg.service.ubs.OrderLockServiceImpl      [0;39m [35m:60  [0;39m Time: 2025-04-05T08:24:19.035791300
[2025-04-05 08:29:19] [34mINFO[0;39m [36mg.service.ubs.OrderLockServiceImpl      [0;39m [35m:62  [0;39m Unlock orders
[2025-04-05 08:29:19] [34mINFO[0;39m [36mg.service.ubs.OrderLockServiceImpl      [0;39m [35m:60  [0;39m Time: 2025-04-05T08:24:19.036792700
[2025-04-05 08:29:19] [34mINFO[0;39m [36mg.service.ubs.OrderLockServiceImpl      [0;39m [35m:62  [0;39m Unlock orders
[2025-04-05 08:29:19] [34mINFO[0;39m [36mg.service.ubs.OrderLockServiceImpl      [0;39m [35m:60  [0;39m Time: 2025-04-05T08:24:19.036792700
[2025-04-05 08:29:19] [34mINFO[0;39m [36mg.service.ubs.OrderLockServiceImpl      [0;39m [35m:62  [0;39m Unlock orders
[2025-04-05 08:29:19] [34mINFO[0;39m [36mg.service.ubs.OrderLockServiceImpl      [0;39m [35m:60  [0;39m Time: 2025-04-05T08:24:19.037790300
[2025-04-05 08:29:19] [34mINFO[0;39m [36mg.service.ubs.OrderLockServiceImpl      [0;39m [35m:62  [0;39m Unlock orders
[2025-04-05 08:29:19] [34mINFO[0;39m [36mg.service.ubs.OrderLockServiceImpl      [0;39m [35m:60  [0;39m Time: 2025-04-05T08:24:19.038794200
[2025-04-05 08:29:19] [34mINFO[0;39m [36mg.service.ubs.OrderLockServiceImpl      [0;39m [35m:62  [0;39m Unlock orders
[2025-04-05 08:29:19] [34mINFO[0;39m [36mg.service.ubs.OrderLockServiceImpl      [0;39m [35m:60  [0;39m Time: 2025-04-05T08:24:19.039793100
[2025-04-05 08:29:19] [34mINFO[0;39m [36mg.service.ubs.OrderLockServiceImpl      [0;39m [35m:62  [0;39m Unlock orders
[2025-04-05 08:29:19] [34mINFO[0;39m [36mg.service.ubs.OrderLockServiceImpl      [0;39m [35m:60  [0;39m Time: 2025-04-05T08:24:19.040796100
[2025-04-05 08:29:19] [34mINFO[0;39m [36mg.service.ubs.OrderLockServiceImpl      [0;39m [35m:62  [0;39m Unlock orders
[2025-04-05 08:29:19] [34mINFO[0;39m [36mg.service.ubs.OrderLockServiceImpl      [0;39m [35m:60  [0;39m Time: 2025-04-05T08:24:19.041793300
[2025-04-05 08:29:19] [34mINFO[0;39m [36mg.service.ubs.OrderLockServiceImpl      [0;39m [35m:62  [0;39m Unlock orders
[2025-04-05 08:29:19] [34mINFO[0;39m [36mg.service.ubs.OrderLockServiceImpl      [0;39m [35m:60  [0;39m Time: 2025-04-05T08:24:19.042791600
[2025-04-05 08:29:19] [34mINFO[0;39m [36mg.service.ubs.OrderLockServiceImpl      [0;39m [35m:62  [0;39m Unlock orders
[2025-04-05 08:29:19] [34mINFO[0;39m [36mg.service.ubs.OrderLockServiceImpl      [0;39m [35m:60  [0;39m Time: 2025-04-05T08:24:19.042791600
[2025-04-05 08:29:19] [34mINFO[0;39m [36mg.service.ubs.OrderLockServiceImpl      [0;39m [35m:62  [0;39m Unlock orders
[2025-04-05 08:29:19] [34mINFO[0;39m [36mg.service.ubs.OrderLockServiceImpl      [0;39m [35m:60  [0;39m Time: 2025-04-05T08:24:19.043790400
[2025-04-05 08:29:19] [34mINFO[0;39m [36mg.service.ubs.OrderLockServiceImpl      [0;39m [35m:62  [0;39m Unlock orders
[2025-04-05 08:29:19] [34mINFO[0;39m [36mg.service.ubs.OrderLockServiceImpl      [0;39m [35m:60  [0;39m Time: 2025-04-05T08:24:19.044792700
[2025-04-05 08:29:19] [34mINFO[0;39m [36mg.service.ubs.OrderLockServiceImpl      [0;39m [35m:62  [0;39m Unlock orders
[2025-04-05 08:29:19] [34mINFO[0;39m [36mg.service.ubs.OrderLockServiceImpl      [0;39m [35m:60  [0;39m Time: 2025-04-05T08:24:19.044792700
[2025-04-05 08:29:19] [34mINFO[0;39m [36mg.service.ubs.OrderLockServiceImpl      [0;39m [35m:62  [0;39m Unlock orders
[2025-04-05 08:29:19] [34mINFO[0;39m [36mg.service.ubs.OrderLockServiceImpl      [0;39m [35m:60  [0;39m Time: 2025-04-05T08:24:19.045791600
[2025-04-05 08:29:19] [34mINFO[0;39m [36mg.service.ubs.OrderLockServiceImpl      [0;39m [35m:62  [0;39m Unlock orders
[2025-04-05 08:29:19] [34mINFO[0;39m [36mg.service.ubs.OrderLockServiceImpl      [0;39m [35m:60  [0;39m Time: 2025-04-05T08:24:19.046791200
[2025-04-05 08:29:19] [34mINFO[0;39m [36mg.service.ubs.OrderLockServiceImpl      [0;39m [35m:62  [0;39m Unlock orders
[2025-04-05 08:29:19] [34mINFO[0;39m [36mg.service.ubs.OrderLockServiceImpl      [0;39m [35m:60  [0;39m Time: 2025-04-05T08:24:19.047790600
[2025-04-05 08:29:19] [34mINFO[0;39m [36mg.service.ubs.OrderLockServiceImpl      [0;39m [35m:62  [0;39m Unlock orders
[2025-04-05 08:29:19] [34mINFO[0;39m [36mg.service.ubs.OrderLockServiceImpl      [0;39m [35m:60  [0;39m Time: 2025-04-05T08:24:19.047790600
[2025-04-05 08:29:19] [34mINFO[0;39m [36mg.service.ubs.OrderLockServiceImpl      [0;39m [35m:62  [0;39m Unlock orders
[2025-04-05 08:29:19] [34mINFO[0;39m [36mg.service.ubs.OrderLockServiceImpl      [0;39m [35m:60  [0;39m Time: 2025-04-05T08:24:19.048792100
[2025-04-05 08:29:19] [34mINFO[0;39m [36mg.service.ubs.OrderLockServiceImpl      [0;39m [35m:62  [0;39m Unlock orders
[2025-04-05 08:29:19] [34mINFO[0;39m [36mg.service.ubs.OrderLockServiceImpl      [0;39m [35m:60  [0;39m Time: 2025-04-05T08:24:19.049792400
[2025-04-05 08:29:19] [34mINFO[0;39m [36mg.service.ubs.OrderLockServiceImpl      [0;39m [35m:62  [0;39m Unlock orders
[2025-04-05 08:29:19] [34mINFO[0;39m [36mg.service.ubs.OrderLockServiceImpl      [0;39m [35m:60  [0;39m Time: 2025-04-05T08:24:19.050792900
[2025-04-05 08:29:19] [34mINFO[0;39m [36mg.service.ubs.OrderLockServiceImpl      [0;39m [35m:62  [0;39m Unlock orders
[2025-04-05 08:29:19] [34mINFO[0;39m [36mg.service.ubs.OrderLockServiceImpl      [0;39m [35m:60  [0;39m Time: 2025-04-05T08:24:19.051792800
[2025-04-05 08:29:19] [34mINFO[0;39m [36mg.service.ubs.OrderLockServiceImpl      [0;39m [35m:62  [0;39m Unlock orders
[2025-04-05 08:29:19] [34mINFO[0;39m [36mg.service.ubs.OrderLockServiceImpl      [0;39m [35m:60  [0;39m Time: 2025-04-05T08:24:19.051792800
[2025-04-05 08:29:19] [34mINFO[0;39m [36mg.service.ubs.OrderLockServiceImpl      [0;39m [35m:62  [0;39m Unlock orders
[2025-04-05 08:29:19] [34mINFO[0;39m [36mg.service.ubs.OrderLockServiceImpl      [0;39m [35m:60  [0;39m Time: 2025-04-05T08:24:19.052797
[2025-04-05 08:29:19] [34mINFO[0;39m [36mg.service.ubs.OrderLockServiceImpl      [0;39m [35m:62  [0;39m Unlock orders
[2025-04-05 08:29:19] [34mINFO[0;39m [36mg.service.ubs.OrderLockServiceImpl      [0;39m [35m:60  [0;39m Time: 2025-04-05T08:24:19.053795900
[2025-04-05 08:29:19] [34mINFO[0;39m [36mg.service.ubs.OrderLockServiceImpl      [0;39m [35m:62  [0;39m Unlock orders
[2025-04-05 08:29:19] [34mINFO[0;39m [36mg.service.ubs.OrderLockServiceImpl      [0;39m [35m:60  [0;39m Time: 2025-04-05T08:24:19.054792500
[2025-04-05 08:29:19] [34mINFO[0;39m [36mg.service.ubs.OrderLockServiceImpl      [0;39m [35m:62  [0;39m Unlock orders
[2025-04-05 08:29:19] [34mINFO[0;39m [36mg.service.ubs.OrderLockServiceImpl      [0;39m [35m:60  [0;39m Time: 2025-04-05T08:24:19.055794400
[2025-04-05 08:29:19] [34mINFO[0;39m [36mg.service.ubs.OrderLockServiceImpl      [0;39m [35m:62  [0;39m Unlock orders
[2025-04-05 08:29:19] [34mINFO[0;39m [36mg.service.ubs.OrderLockServiceImpl      [0;39m [35m:60  [0;39m Time: 2025-04-05T08:24:19.057794100
[2025-04-05 08:29:19] [34mINFO[0;39m [36mg.service.ubs.OrderLockServiceImpl      [0;39m [35m:62  [0;39m Unlock orders
[2025-04-05 08:29:19] [34mINFO[0;39m [36mg.service.ubs.OrderLockServiceImpl      [0;39m [35m:60  [0;39m Time: 2025-04-05T08:24:19.058793400
[2025-04-05 08:29:19] [34mINFO[0;39m [36mg.service.ubs.OrderLockServiceImpl      [0;39m [35m:62  [0;39m Unlock orders
[2025-04-05 08:29:19] [34mINFO[0;39m [36mg.service.ubs.OrderLockServiceImpl      [0;39m [35m:60  [0;39m Time: 2025-04-05T08:24:19.059796
[2025-04-05 08:29:19] [34mINFO[0;39m [36mg.service.ubs.OrderLockServiceImpl      [0;39m [35m:62  [0;39m Unlock orders
[2025-04-05 08:29:19] [34mINFO[0;39m [36mg.service.ubs.OrderLockServiceImpl      [0;39m [35m:60  [0;39m Time: 2025-04-05T08:24:19.060794700
[2025-04-05 08:29:19] [34mINFO[0;39m [36mg.service.ubs.OrderLockServiceImpl      [0;39m [35m:62  [0;39m Unlock orders
[2025-04-05 08:29:19] [34mINFO[0;39m [36mg.service.ubs.OrderLockServiceImpl      [0;39m [35m:60  [0;39m Time: 2025-04-05T08:24:19.061795700
[2025-04-05 08:29:19] [34mINFO[0;39m [36mg.service.ubs.OrderLockServiceImpl      [0;39m [35m:62  [0;39m Unlock orders
[2025-04-05 08:29:19] [34mINFO[0;39m [36mg.service.ubs.OrderLockServiceImpl      [0;39m [35m:60  [0;39m Time: 2025-04-05T08:24:19.062794100
[2025-04-05 08:29:19] [34mINFO[0;39m [36mg.service.ubs.OrderLockServiceImpl      [0;39m [35m:62  [0;39m Unlock orders
[2025-04-05 08:29:19] [34mINFO[0;39m [36mg.service.ubs.OrderLockServiceImpl      [0;39m [35m:60  [0;39m Time: 2025-04-05T08:24:19.063797300
[2025-04-05 08:29:19] [34mINFO[0;39m [36mg.service.ubs.OrderLockServiceImpl      [0;39m [35m:62  [0;39m Unlock orders
[2025-04-05 08:29:19] [34mINFO[0;39m [36mg.service.ubs.OrderLockServiceImpl      [0;39m [35m:60  [0;39m Time: 2025-04-05T08:24:19.065793300
[2025-04-05 08:29:19] [34mINFO[0;39m [36mg.service.ubs.OrderLockServiceImpl      [0;39m [35m:62  [0;39m Unlock orders
[2025-04-05 08:29:19] [34mINFO[0;39m [36mg.service.ubs.OrderLockServiceImpl      [0;39m [35m:60  [0;39m Time: 2025-04-05T08:24:19.066792200
[2025-04-05 08:29:19] [34mINFO[0;39m [36mg.service.ubs.OrderLockServiceImpl      [0;39m [35m:62  [0;39m Unlock orders
[2025-04-05 08:29:19] [34mINFO[0;39m [36mg.service.ubs.OrderLockServiceImpl      [0;39m [35m:60  [0;39m Time: 2025-04-05T08:24:19.067796200
[2025-04-05 08:29:19] [34mINFO[0;39m [36mg.service.ubs.OrderLockServiceImpl      [0;39m [35m:62  [0;39m Unlock orders
[2025-04-05 08:29:19] [34mINFO[0;39m [36mg.service.ubs.OrderLockServiceImpl      [0;39m [35m:60  [0;39m Time: 2025-04-05T08:24:19.068799100
[2025-04-05 08:29:19] [34mINFO[0;39m [36mg.service.ubs.OrderLockServiceImpl      [0;39m [35m:62  [0;39m Unlock orders
[2025-04-05 08:29:19] [34mINFO[0;39m [36mg.service.ubs.OrderLockServiceImpl      [0;39m [35m:60  [0;39m Time: 2025-04-05T08:24:19.069798600
[2025-04-05 08:29:19] [34mINFO[0;39m [36mg.service.ubs.OrderLockServiceImpl      [0;39m [35m:62  [0;39m Unlock orders
[2025-04-05 08:29:19] [34mINFO[0;39m [36mg.service.ubs.OrderLockServiceImpl      [0;39m [35m:60  [0;39m Time: 2025-04-05T08:24:19.070799700
[2025-04-05 08:29:19] [34mINFO[0;39m [36mg.service.ubs.OrderLockServiceImpl      [0;39m [35m:62  [0;39m Unlock orders
[2025-04-05 08:29:19] [34mINFO[0;39m [36mg.service.ubs.OrderLockServiceImpl      [0;39m [35m:60  [0;39m Time: 2025-04-05T08:24:19.071793200
[2025-04-05 08:29:19] [34mINFO[0;39m [36mg.service.ubs.OrderLockServiceImpl      [0;39m [35m:62  [0;39m Unlock orders
[2025-04-05 08:29:19] [34mINFO[0;39m [36mg.service.ubs.OrderLockServiceImpl      [0;39m [35m:60  [0;39m Time: 2025-04-05T08:24:19.073792800
[2025-04-05 08:29:19] [34mINFO[0;39m [36mg.service.ubs.OrderLockServiceImpl      [0;39m [35m:62  [0;39m Unlock orders
[2025-04-05 08:29:19] [34mINFO[0;39m [36mg.service.ubs.OrderLockServiceImpl      [0;39m [35m:60  [0;39m Time: 2025-04-05T08:24:19.074793300
[2025-04-05 08:29:19] [34mINFO[0;39m [36mg.service.ubs.OrderLockServiceImpl      [0;39m [35m:62  [0;39m Unlock orders
[2025-04-05 08:29:19] [34mINFO[0;39m [36mg.service.ubs.OrderLockServiceImpl      [0;39m [35m:60  [0;39m Time: 2025-04-05T08:24:19.076794400
[2025-04-05 08:29:19] [34mINFO[0;39m [36mg.service.ubs.OrderLockServiceImpl      [0;39m [35m:62  [0;39m Unlock orders
[2025-04-05 08:29:19] [34mINFO[0;39m [36mg.service.ubs.OrderLockServiceImpl      [0;39m [35m:60  [0;39m Time: 2025-04-05T08:24:19.077791800
[2025-04-05 08:29:19] [34mINFO[0;39m [36mg.service.ubs.OrderLockServiceImpl      [0;39m [35m:62  [0;39m Unlock orders
[2025-04-05 08:29:19] [34mINFO[0;39m [36mg.service.ubs.OrderLockServiceImpl      [0;39m [35m:60  [0;39m Time: 2025-04-05T08:24:19.078794
[2025-04-05 08:29:19] [34mINFO[0;39m [36mg.service.ubs.OrderLockServiceImpl      [0;39m [35m:62  [0;39m Unlock orders
[2025-04-05 08:29:19] [34mINFO[0;39m [36mg.service.ubs.OrderLockServiceImpl      [0;39m [35m:60  [0;39m Time: 2025-04-05T08:24:19.079792800
[2025-04-05 08:29:19] [34mINFO[0;39m [36mg.service.ubs.OrderLockServiceImpl      [0;39m [35m:62  [0;39m Unlock orders
[2025-04-05 08:29:19] [34mINFO[0;39m [36mg.service.ubs.OrderLockServiceImpl      [0;39m [35m:60  [0;39m Time: 2025-04-05T08:24:19.080795600
[2025-04-05 08:29:19] [34mINFO[0;39m [36mg.service.ubs.OrderLockServiceImpl      [0;39m [35m:62  [0;39m Unlock orders
[2025-04-05 08:29:19] [34mINFO[0;39m [36mg.service.ubs.OrderLockServiceImpl      [0;39m [35m:60  [0;39m Time: 2025-04-05T08:24:19.081793800
[2025-04-05 08:29:19] [34mINFO[0;39m [36mg.service.ubs.OrderLockServiceImpl      [0;39m [35m:62  [0;39m Unlock orders
[2025-04-05 08:29:19] [34mINFO[0;39m [36mg.service.ubs.OrderLockServiceImpl      [0;39m [35m:60  [0;39m Time: 2025-04-05T08:24:19.083796
[2025-04-05 08:29:19] [34mINFO[0;39m [36mg.service.ubs.OrderLockServiceImpl      [0;39m [35m:62  [0;39m Unlock orders
[2025-04-05 08:29:19] [34mINFO[0;39m [36mg.service.ubs.OrderLockServiceImpl      [0;39m [35m:60  [0;39m Time: 2025-04-05T08:24:19.084792400
[2025-04-05 08:29:19] [34mINFO[0;39m [36mg.service.ubs.OrderLockServiceImpl      [0;39m [35m:62  [0;39m Unlock orders
[2025-04-05 08:29:19] [34mINFO[0;39m [36mg.service.ubs.OrderLockServiceImpl      [0;39m [35m:60  [0;39m Time: 2025-04-05T08:24:19.087795300
[2025-04-05 08:29:19] [34mINFO[0;39m [36mg.service.ubs.OrderLockServiceImpl      [0;39m [35m:62  [0;39m Unlock orders
[2025-04-05 08:29:19] [34mINFO[0;39m [36mg.service.ubs.OrderLockServiceImpl      [0;39m [35m:60  [0;39m Time: 2025-04-05T08:24:19.089798
[2025-04-05 08:29:19] [34mINFO[0;39m [36mg.service.ubs.OrderLockServiceImpl      [0;39m [35m:62  [0;39m Unlock orders
[2025-04-05 08:29:19] [34mINFO[0;39m [36mg.service.ubs.OrderLockServiceImpl      [0;39m [35m:60  [0;39m Time: 2025-04-05T08:24:19.091793900
[2025-04-05 08:29:19] [34mINFO[0;39m [36mg.service.ubs.OrderLockServiceImpl      [0;39m [35m:62  [0;39m Unlock orders
[2025-04-05 08:29:19] [34mINFO[0;39m [36mg.service.ubs.OrderLockServiceImpl      [0;39m [35m:60  [0;39m Time: 2025-04-05T08:24:19.092798900
[2025-04-05 08:29:19] [34mINFO[0;39m [36mg.service.ubs.OrderLockServiceImpl      [0;39m [35m:62  [0;39m Unlock orders
[2025-04-05 08:29:19] [34mINFO[0;39m [36mg.service.ubs.OrderLockServiceImpl      [0;39m [35m:60  [0;39m Time: 2025-04-05T08:24:19.094792600
[2025-04-05 08:29:19] [34mINFO[0;39m [36mg.service.ubs.OrderLockServiceImpl      [0;39m [35m:62  [0;39m Unlock orders
[2025-04-05 08:29:19] [34mINFO[0;39m [36mg.service.ubs.OrderLockServiceImpl      [0;39m [35m:60  [0;39m Time: 2025-04-05T08:24:19.096799600
[2025-04-05 08:29:19] [34mINFO[0;39m [36mg.service.ubs.OrderLockServiceImpl      [0;39m [35m:62  [0;39m Unlock orders
[2025-04-05 08:29:19] [34mINFO[0;39m [36mg.service.ubs.OrderLockServiceImpl      [0;39m [35m:60  [0;39m Time: 2025-04-05T08:24:19.097790800
[2025-04-05 08:29:19] [34mINFO[0;39m [36mg.service.ubs.OrderLockServiceImpl      [0;39m [35m:62  [0;39m Unlock orders
[2025-04-05 08:29:19] [34mINFO[0;39m [36mg.service.ubs.OrderLockServiceImpl      [0;39m [35m:60  [0;39m Time: 2025-04-05T08:24:19.098791700
[2025-04-05 08:29:19] [34mINFO[0;39m [36mg.service.ubs.OrderLockServiceImpl      [0;39m [35m:62  [0;39m Unlock orders
[2025-04-05 08:29:19] [34mINFO[0;39m [36mg.service.ubs.OrderLockServiceImpl      [0;39m [35m:60  [0;39m Time: 2025-04-05T08:24:19.100791700
[2025-04-05 08:29:19] [34mINFO[0;39m [36mg.service.ubs.OrderLockServiceImpl      [0;39m [35m:62  [0;39m Unlock orders
[2025-04-05 08:29:19] [34mINFO[0;39m [36mg.service.ubs.OrderLockServiceImpl      [0;39m [35m:60  [0;39m Time: 2025-04-05T08:24:19.101790900
[2025-04-05 08:29:19] [34mINFO[0;39m [36mg.service.ubs.OrderLockServiceImpl      [0;39m [35m:62  [0;39m Unlock orders
[2025-04-05 08:29:19] [34mINFO[0;39m [36mg.service.ubs.OrderLockServiceImpl      [0;39m [35m:60  [0;39m Time: 2025-04-05T08:24:19.103794500
[2025-04-05 08:29:19] [34mINFO[0;39m [36mg.service.ubs.OrderLockServiceImpl      [0;39m [35m:62  [0;39m Unlock orders
[2025-04-05 08:29:19] [34mINFO[0;39m [36mg.service.ubs.OrderLockServiceImpl      [0;39m [35m:60  [0;39m Time: 2025-04-05T08:24:19.104796900
[2025-04-05 08:29:19] [34mINFO[0;39m [36mg.service.ubs.OrderLockServiceImpl      [0;39m [35m:62  [0;39m Unlock orders
[2025-04-05 08:29:19] [34mINFO[0;39m [36mg.service.ubs.OrderLockServiceImpl      [0;39m [35m:60  [0;39m Time: 2025-04-05T08:24:19.106793600
[2025-04-05 08:29:19] [34mINFO[0;39m [36mg.service.ubs.OrderLockServiceImpl      [0;39m [35m:62  [0;39m Unlock orders
[2025-04-05 08:29:19] [34mINFO[0;39m [36mg.service.ubs.OrderLockServiceImpl      [0;39m [35m:60  [0;39m Time: 2025-04-05T08:24:19.107792400
[2025-04-05 08:29:19] [34mINFO[0;39m [36mg.service.ubs.OrderLockServiceImpl      [0;39m [35m:62  [0;39m Unlock orders
[2025-04-05 08:29:19] [34mINFO[0;39m [36mg.service.ubs.OrderLockServiceImpl      [0;39m [35m:60  [0;39m Time: 2025-04-05T08:24:19.109791400
[2025-04-05 08:29:19] [34mINFO[0;39m [36mg.service.ubs.OrderLockServiceImpl      [0;39m [35m:62  [0;39m Unlock orders
[2025-04-05 08:29:19] [34mINFO[0;39m [36mg.service.ubs.OrderLockServiceImpl      [0;39m [35m:60  [0;39m Time: 2025-04-05T08:24:19.110790300
[2025-04-05 08:29:19] [34mINFO[0;39m [36mg.service.ubs.OrderLockServiceImpl      [0;39m [35m:62  [0;39m Unlock orders
[2025-04-05 08:29:19] [34mINFO[0;39m [36mg.service.ubs.OrderLockServiceImpl      [0;39m [35m:60  [0;39m Time: 2025-04-05T08:24:19.111791800
[2025-04-05 08:29:19] [34mINFO[0;39m [36mg.service.ubs.OrderLockServiceImpl      [0;39m [35m:62  [0;39m Unlock orders
[2025-04-05 08:29:19] [34mINFO[0;39m [36mg.service.ubs.OrderLockServiceImpl      [0;39m [35m:60  [0;39m Time: 2025-04-05T08:24:19.111791800
[2025-04-05 08:29:19] [34mINFO[0;39m [36mg.service.ubs.OrderLockServiceImpl      [0;39m [35m:62  [0;39m Unlock orders
[2025-04-05 08:29:19] [34mINFO[0;39m [36mg.service.ubs.OrderLockServiceImpl      [0;39m [35m:60  [0;39m Time: 2025-04-05T08:24:19.112791800
[2025-04-05 08:29:19] [34mINFO[0;39m [36mg.service.ubs.OrderLockServiceImpl      [0;39m [35m:62  [0;39m Unlock orders
[2025-04-05 08:29:19] [34mINFO[0;39m [36mg.service.ubs.OrderLockServiceImpl      [0;39m [35m:60  [0;39m Time: 2025-04-05T08:24:19.113791400
[2025-04-05 08:29:19] [34mINFO[0;39m [36mg.service.ubs.OrderLockServiceImpl      [0;39m [35m:62  [0;39m Unlock orders
[2025-04-05 08:29:19] [34mINFO[0;39m [36mg.service.ubs.OrderLockServiceImpl      [0;39m [35m:60  [0;39m Time: 2025-04-05T08:24:19.114792200
[2025-04-05 08:29:19] [34mINFO[0;39m [36mg.service.ubs.OrderLockServiceImpl      [0;39m [35m:62  [0;39m Unlock orders
[2025-04-05 08:29:19] [34mINFO[0;39m [36mg.service.ubs.OrderLockServiceImpl      [0;39m [35m:60  [0;39m Time: 2025-04-05T08:24:19.115794200
[2025-04-05 08:29:19] [34mINFO[0;39m [36mg.service.ubs.OrderLockServiceImpl      [0;39m [35m:62  [0;39m Unlock orders
[2025-04-05 08:29:19] [34mINFO[0;39m [36mg.service.ubs.OrderLockServiceImpl      [0;39m [35m:60  [0;39m Time: 2025-04-05T08:24:19.116792400
[2025-04-05 08:29:19] [34mINFO[0;39m [36mg.service.ubs.OrderLockServiceImpl      [0;39m [35m:62  [0;39m Unlock orders
[2025-04-05 08:29:19] [34mINFO[0;39m [36mg.service.ubs.OrderLockServiceImpl      [0;39m [35m:60  [0;39m Time: 2025-04-05T08:24:19.117794
[2025-04-05 08:29:19] [34mINFO[0;39m [36mg.service.ubs.OrderLockServiceImpl      [0;39m [35m:62  [0;39m Unlock orders
[2025-04-05 08:29:19] [34mINFO[0;39m [36mg.service.ubs.OrderLockServiceImpl      [0;39m [35m:60  [0;39m Time: 2025-04-05T08:24:19.119797600
[2025-04-05 08:29:19] [34mINFO[0;39m [36mg.service.ubs.OrderLockServiceImpl      [0;39m [35m:62  [0;39m Unlock orders
[2025-04-05 08:29:19] [34mINFO[0;39m [36mg.service.ubs.OrderLockServiceImpl      [0;39m [35m:60  [0;39m Time: 2025-04-05T08:24:19.121798500
[2025-04-05 08:29:19] [34mINFO[0;39m [36mg.service.ubs.OrderLockServiceImpl      [0;39m [35m:62  [0;39m Unlock orders
[2025-04-05 08:29:19] [34mINFO[0;39m [36mg.service.ubs.OrderLockServiceImpl      [0;39m [35m:60  [0;39m Time: 2025-04-05T08:24:19.122799300
[2025-04-05 08:29:19] [34mINFO[0;39m [36mg.service.ubs.OrderLockServiceImpl      [0;39m [35m:62  [0;39m Unlock orders
[2025-04-05 08:29:19] [34mINFO[0;39m [36mg.service.ubs.OrderLockServiceImpl      [0;39m [35m:60  [0;39m Time: 2025-04-05T08:24:19.124796500
[2025-04-05 08:29:19] [34mINFO[0;39m [36mg.service.ubs.OrderLockServiceImpl      [0;39m [35m:62  [0;39m Unlock orders
[2025-04-05 08:29:19] [34mINFO[0;39m [36mg.service.ubs.OrderLockServiceImpl      [0;39m [35m:60  [0;39m Time: 2025-04-05T08:24:19.125795900
[2025-04-05 08:29:19] [34mINFO[0;39m [36mg.service.ubs.OrderLockServiceImpl      [0;39m [35m:62  [0;39m Unlock orders
[2025-04-05 08:29:19] [34mINFO[0;39m [36mg.service.ubs.OrderLockServiceImpl      [0;39m [35m:60  [0;39m Time: 2025-04-05T08:24:19.126797800
[2025-04-05 08:29:19] [34mINFO[0;39m [36mg.service.ubs.OrderLockServiceImpl      [0;39m [35m:62  [0;39m Unlock orders
[2025-04-05 08:29:19] [34mINFO[0;39m [36mg.service.ubs.OrderLockServiceImpl      [0;39m [35m:60  [0;39m Time: 2025-04-05T08:24:19.127794500
[2025-04-05 08:29:19] [34mINFO[0;39m [36mg.service.ubs.OrderLockServiceImpl      [0;39m [35m:62  [0;39m Unlock orders
[2025-04-05 08:29:19] [34mINFO[0;39m [36mg.service.ubs.OrderLockServiceImpl      [0;39m [35m:60  [0;39m Time: 2025-04-05T08:24:19.127794500
[2025-04-05 08:29:19] [34mINFO[0;39m [36mg.service.ubs.OrderLockServiceImpl      [0;39m [35m:62  [0;39m Unlock orders
[2025-04-05 08:29:19] [34mINFO[0;39m [36mg.service.ubs.OrderLockServiceImpl      [0;39m [35m:60  [0;39m Time: 2025-04-05T08:24:19.128793500
[2025-04-05 08:29:19] [34mINFO[0;39m [36mg.service.ubs.OrderLockServiceImpl      [0;39m [35m:62  [0;39m Unlock orders
[2025-04-05 08:29:19] [34mINFO[0;39m [36mg.service.ubs.OrderLockServiceImpl      [0;39m [35m:60  [0;39m Time: 2025-04-05T08:24:19.129793100
[2025-04-05 08:29:19] [34mINFO[0;39m [36mg.service.ubs.OrderLockServiceImpl      [0;39m [35m:62  [0;39m Unlock orders
[2025-04-05 08:29:19] [34mINFO[0;39m [36mg.service.ubs.OrderLockServiceImpl      [0;39m [35m:60  [0;39m Time: 2025-04-05T08:24:19.130794
[2025-04-05 08:29:19] [34mINFO[0;39m [36mg.service.ubs.OrderLockServiceImpl      [0;39m [35m:62  [0;39m Unlock orders
[2025-04-05 08:29:19] [34mINFO[0;39m [36mg.service.ubs.OrderLockServiceImpl      [0;39m [35m:60  [0;39m Time: 2025-04-05T08:24:19.131793200
[2025-04-05 08:29:19] [34mINFO[0;39m [36mg.service.ubs.OrderLockServiceImpl      [0;39m [35m:62  [0;39m Unlock orders
[2025-04-05 08:29:19] [34mINFO[0;39m [36mg.service.ubs.OrderLockServiceImpl      [0;39m [35m:60  [0;39m Time: 2025-04-05T08:24:19.132794100
[2025-04-05 08:29:19] [34mINFO[0;39m [36mg.service.ubs.OrderLockServiceImpl      [0;39m [35m:62  [0;39m Unlock orders
[2025-04-05 08:29:19] [34mINFO[0;39m [36mg.service.ubs.OrderLockServiceImpl      [0;39m [35m:60  [0;39m Time: 2025-04-05T08:24:19.134793400
[2025-04-05 08:29:19] [34mINFO[0;39m [36mg.service.ubs.OrderLockServiceImpl      [0;39m [35m:62  [0;39m Unlock orders
[2025-04-05 08:29:19] [34mINFO[0;39m [36mg.service.ubs.OrderLockServiceImpl      [0;39m [35m:60  [0;39m Time: 2025-04-05T08:24:19.135793400
[2025-04-05 08:29:19] [34mINFO[0;39m [36mg.service.ubs.OrderLockServiceImpl      [0;39m [35m:62  [0;39m Unlock orders
[2025-04-05 08:29:19] [34mINFO[0;39m [36mg.service.ubs.OrderLockServiceImpl      [0;39m [35m:60  [0;39m Time: 2025-04-05T08:24:19.137793700
[2025-04-05 08:29:19] [34mINFO[0;39m [36mg.service.ubs.OrderLockServiceImpl      [0;39m [35m:62  [0;39m Unlock orders
[2025-04-05 08:29:19] [34mINFO[0;39m [36mg.service.ubs.OrderLockServiceImpl      [0;39m [35m:60  [0;39m Time: 2025-04-05T08:24:19.138792800
[2025-04-05 08:29:19] [34mINFO[0;39m [36mg.service.ubs.OrderLockServiceImpl      [0;39m [35m:62  [0;39m Unlock orders
[2025-04-05 08:29:19] [34mINFO[0;39m [36mg.service.ubs.OrderLockServiceImpl      [0;39m [35m:60  [0;39m Time: 2025-04-05T08:24:19.140792500
[2025-04-05 08:29:19] [34mINFO[0;39m [36mg.service.ubs.OrderLockServiceImpl      [0;39m [35m:62  [0;39m Unlock orders
[2025-04-05 08:29:19] [34mINFO[0;39m [36mg.service.ubs.OrderLockServiceImpl      [0;39m [35m:60  [0;39m Time: 2025-04-05T08:24:19.141792400
[2025-04-05 08:29:19] [34mINFO[0;39m [36mg.service.ubs.OrderLockServiceImpl      [0;39m [35m:62  [0;39m Unlock orders
[2025-04-05 08:29:19] [34mINFO[0;39m [36mg.service.ubs.OrderLockServiceImpl      [0;39m [35m:60  [0;39m Time: 2025-04-05T08:24:19.142792100
[2025-04-05 08:29:19] [34mINFO[0;39m [36mg.service.ubs.OrderLockServiceImpl      [0;39m [35m:62  [0;39m Unlock orders
[2025-04-05 08:29:19] [34mINFO[0;39m [36mg.service.ubs.OrderLockServiceImpl      [0;39m [35m:60  [0;39m Time: 2025-04-05T08:24:19.142792100
[2025-04-05 08:29:19] [34mINFO[0;39m [36mg.service.ubs.OrderLockServiceImpl      [0;39m [35m:62  [0;39m Unlock orders
[2025-04-05 08:29:19] [34mINFO[0;39m [36mg.service.ubs.OrderLockServiceImpl      [0;39m [35m:60  [0;39m Time: 2025-04-05T08:24:19.144792800
[2025-04-05 08:29:19] [34mINFO[0;39m [36mg.service.ubs.OrderLockServiceImpl      [0;39m [35m:62  [0;39m Unlock orders
[2025-04-05 08:29:19] [34mINFO[0;39m [36mg.service.ubs.OrderLockServiceImpl      [0;39m [35m:60  [0;39m Time: 2025-04-05T08:24:19.144792800
[2025-04-05 08:29:19] [34mINFO[0;39m [36mg.service.ubs.OrderLockServiceImpl      [0;39m [35m:62  [0;39m Unlock orders
[2025-04-05 08:29:19] [34mINFO[0;39m [36mg.service.ubs.OrderLockServiceImpl      [0;39m [35m:60  [0;39m Time: 2025-04-05T08:24:19.146791400
[2025-04-05 08:29:19] [34mINFO[0;39m [36mg.service.ubs.OrderLockServiceImpl      [0;39m [35m:62  [0;39m Unlock orders
[2025-04-05 08:29:19] [34mINFO[0;39m [36mg.service.ubs.OrderLockServiceImpl      [0;39m [35m:60  [0;39m Time: 2025-04-05T08:24:19.147791700
[2025-04-05 08:29:19] [34mINFO[0;39m [36mg.service.ubs.OrderLockServiceImpl      [0;39m [35m:62  [0;39m Unlock orders
[2025-04-05 08:29:19] [34mINFO[0;39m [36mg.service.ubs.OrderLockServiceImpl      [0;39m [35m:60  [0;39m Time: 2025-04-05T08:24:19.148791
[2025-04-05 08:29:19] [34mINFO[0;39m [36mg.service.ubs.OrderLockServiceImpl      [0;39m [35m:62  [0;39m Unlock orders
[2025-04-05 08:29:19] [34mINFO[0;39m [36mg.service.ubs.OrderLockServiceImpl      [0;39m [35m:60  [0;39m Time: 2025-04-05T08:24:19.149791200
[2025-04-05 08:29:19] [34mINFO[0;39m [36mg.service.ubs.OrderLockServiceImpl      [0;39m [35m:62  [0;39m Unlock orders
[2025-04-05 08:29:19] [34mINFO[0;39m [36mg.service.ubs.OrderLockServiceImpl      [0;39m [35m:60  [0;39m Time: 2025-04-05T08:24:19.150791100
[2025-04-05 08:29:19] [34mINFO[0;39m [36mg.service.ubs.OrderLockServiceImpl      [0;39m [35m:62  [0;39m Unlock orders
[2025-04-05 08:29:19] [34mINFO[0;39m [36mg.service.ubs.OrderLockServiceImpl      [0;39m [35m:60  [0;39m Time: 2025-04-05T08:24:19.151792900
[2025-04-05 08:29:19] [34mINFO[0;39m [36mg.service.ubs.OrderLockServiceImpl      [0;39m [35m:62  [0;39m Unlock orders
[2025-04-05 08:29:19] [34mINFO[0;39m [36mg.service.ubs.OrderLockServiceImpl      [0;39m [35m:60  [0;39m Time: 2025-04-05T08:24:19.154795200
[2025-04-05 08:29:19] [34mINFO[0;39m [36mg.service.ubs.OrderLockServiceImpl      [0;39m [35m:62  [0;39m Unlock orders
[2025-04-05 08:29:19] [34mINFO[0;39m [36mg.service.ubs.OrderLockServiceImpl      [0;39m [35m:60  [0;39m Time: 2025-04-05T08:24:19.155794200
[2025-04-05 08:29:19] [34mINFO[0;39m [36mg.service.ubs.OrderLockServiceImpl      [0;39m [35m:62  [0;39m Unlock orders
[2025-04-05 08:29:19] [34mINFO[0;39m [36mg.service.ubs.OrderLockServiceImpl      [0;39m [35m:60  [0;39m Time: 2025-04-05T08:24:19.156794700
[2025-04-05 08:29:19] [34mINFO[0;39m [36mg.service.ubs.OrderLockServiceImpl      [0;39m [35m:62  [0;39m Unlock orders
[2025-04-05 08:29:19] [34mINFO[0;39m [36mg.service.ubs.OrderLockServiceImpl      [0;39m [35m:60  [0;39m Time: 2025-04-05T08:24:19.157794300
[2025-04-05 08:29:19] [34mINFO[0;39m [36mg.service.ubs.OrderLockServiceImpl      [0;39m [35m:62  [0;39m Unlock orders
[2025-04-05 08:29:19] [34mINFO[0;39m [36mg.service.ubs.OrderLockServiceImpl      [0;39m [35m:60  [0;39m Time: 2025-04-05T08:24:19.158794400
[2025-04-05 08:29:19] [34mINFO[0;39m [36mg.service.ubs.OrderLockServiceImpl      [0;39m [35m:62  [0;39m Unlock orders
[2025-04-05 08:29:19] [34mINFO[0;39m [36mg.service.ubs.OrderLockServiceImpl      [0;39m [35m:60  [0;39m Time: 2025-04-05T08:24:19.158794400
[2025-04-05 08:29:19] [34mINFO[0;39m [36mg.service.ubs.OrderLockServiceImpl      [0;39m [35m:62  [0;39m Unlock orders
[2025-04-05 08:29:19] [34mINFO[0;39m [36mg.service.ubs.OrderLockServiceImpl      [0;39m [35m:60  [0;39m Time: 2025-04-05T08:24:19.159794800
[2025-04-05 08:29:19] [34mINFO[0;39m [36mg.service.ubs.OrderLockServiceImpl      [0;39m [35m:62  [0;39m Unlock orders
[2025-04-05 08:29:19] [34mINFO[0;39m [36mg.service.ubs.OrderLockServiceImpl      [0;39m [35m:60  [0;39m Time: 2025-04-05T08:24:19.161793400
[2025-04-05 08:29:19] [34mINFO[0;39m [36mg.service.ubs.OrderLockServiceImpl      [0;39m [35m:62  [0;39m Unlock orders
[2025-04-05 08:29:19] [34mINFO[0;39m [36mg.service.ubs.OrderLockServiceImpl      [0;39m [35m:60  [0;39m Time: 2025-04-05T08:24:19.162850
[2025-04-05 08:29:19] [34mINFO[0;39m [36mg.service.ubs.OrderLockServiceImpl      [0;39m [35m:62  [0;39m Unlock orders
[2025-04-05 08:29:19] [34mINFO[0;39m [36mg.service.ubs.OrderLockServiceImpl      [0;39m [35m:60  [0;39m Time: 2025-04-05T08:24:19.163793700
[2025-04-05 08:29:19] [34mINFO[0;39m [36mg.service.ubs.OrderLockServiceImpl      [0;39m [35m:62  [0;39m Unlock orders
[2025-04-05 08:29:19] [34mINFO[0;39m [36mg.service.ubs.OrderLockServiceImpl      [0;39m [35m:60  [0;39m Time: 2025-04-05T08:24:19.164793100
[2025-04-05 08:29:19] [34mINFO[0;39m [36mg.service.ubs.OrderLockServiceImpl      [0;39m [35m:62  [0;39m Unlock orders
[2025-04-05 08:29:19] [34mINFO[0;39m [36mg.service.ubs.OrderLockServiceImpl      [0;39m [35m:60  [0;39m Time: 2025-04-05T08:24:19.165793500
[2025-04-05 08:29:19] [34mINFO[0;39m [36mg.service.ubs.OrderLockServiceImpl      [0;39m [35m:62  [0;39m Unlock orders
[2025-04-05 08:29:19] [34mINFO[0;39m [36mg.service.ubs.OrderLockServiceImpl      [0;39m [35m:60  [0;39m Time: 2025-04-05T08:24:19.166795900
[2025-04-05 08:29:19] [34mINFO[0;39m [36mg.service.ubs.OrderLockServiceImpl      [0;39m [35m:62  [0;39m Unlock orders
[2025-04-05 08:29:19] [34mINFO[0;39m [36mg.service.ubs.OrderLockServiceImpl      [0;39m [35m:60  [0;39m Time: 2025-04-05T08:24:19.167794500
[2025-04-05 08:29:19] [34mINFO[0;39m [36mg.service.ubs.OrderLockServiceImpl      [0;39m [35m:62  [0;39m Unlock orders
[2025-04-05 08:29:19] [34mINFO[0;39m [36mg.service.ubs.OrderLockServiceImpl      [0;39m [35m:60  [0;39m Time: 2025-04-05T08:24:19.168796800
[2025-04-05 08:29:19] [34mINFO[0;39m [36mg.service.ubs.OrderLockServiceImpl      [0;39m [35m:62  [0;39m Unlock orders
[2025-04-05 08:29:19] [34mINFO[0;39m [36mg.service.ubs.OrderLockServiceImpl      [0;39m [35m:60  [0;39m Time: 2025-04-05T08:24:19.169798100
[2025-04-05 08:29:19] [34mINFO[0;39m [36mg.service.ubs.OrderLockServiceImpl      [0;39m [35m:62  [0;39m Unlock orders
[2025-04-05 08:29:19] [34mINFO[0;39m [36mg.service.ubs.OrderLockServiceImpl      [0;39m [35m:60  [0;39m Time: 2025-04-05T08:24:19.171796900
[2025-04-05 08:29:19] [34mINFO[0;39m [36mg.service.ubs.OrderLockServiceImpl      [0;39m [35m:62  [0;39m Unlock orders
[2025-04-05 08:29:19] [34mINFO[0;39m [36mg.service.ubs.OrderLockServiceImpl      [0;39m [35m:60  [0;39m Time: 2025-04-05T08:24:19.172793100
[2025-04-05 08:29:19] [34mINFO[0;39m [36mg.service.ubs.OrderLockServiceImpl      [0;39m [35m:62  [0;39m Unlock orders
[2025-04-05 08:29:19] [34mINFO[0;39m [36mg.service.ubs.OrderLockServiceImpl      [0;39m [35m:60  [0;39m Time: 2025-04-05T08:24:19.173796100
[2025-04-05 08:29:19] [34mINFO[0;39m [36mg.service.ubs.OrderLockServiceImpl      [0;39m [35m:62  [0;39m Unlock orders
[2025-04-05 08:29:19] [34mINFO[0;39m [36mg.service.ubs.OrderLockServiceImpl      [0;39m [35m:60  [0;39m Time: 2025-04-05T08:24:19.174795400
[2025-04-05 08:29:19] [34mINFO[0;39m [36mg.service.ubs.OrderLockServiceImpl      [0;39m [35m:62  [0;39m Unlock orders
[2025-04-05 08:29:19] [34mINFO[0;39m [36mg.service.ubs.OrderLockServiceImpl      [0;39m [35m:60  [0;39m Time: 2025-04-05T08:24:19.174795400
[2025-04-05 08:29:19] [34mINFO[0;39m [36mg.service.ubs.OrderLockServiceImpl      [0;39m [35m:62  [0;39m Unlock orders
[2025-04-05 08:29:19] [34mINFO[0;39m [36mg.service.ubs.OrderLockServiceImpl      [0;39m [35m:60  [0;39m Time: 2025-04-05T08:24:19.176792500
[2025-04-05 08:29:19] [34mINFO[0;39m [36mg.service.ubs.OrderLockServiceImpl      [0;39m [35m:62  [0;39m Unlock orders
[2025-04-05 08:29:19] [34mINFO[0;39m [36mg.service.ubs.OrderLockServiceImpl      [0;39m [35m:60  [0;39m Time: 2025-04-05T08:24:19.177793
[2025-04-05 08:29:19] [34mINFO[0;39m [36mg.service.ubs.OrderLockServiceImpl      [0;39m [35m:62  [0;39m Unlock orders
[2025-04-05 08:29:19] [34mINFO[0;39m [36mg.service.ubs.OrderLockServiceImpl      [0;39m [35m:60  [0;39m Time: 2025-04-05T08:24:19.178795800
[2025-04-05 08:29:19] [34mINFO[0;39m [36mg.service.ubs.OrderLockServiceImpl      [0;39m [35m:62  [0;39m Unlock orders
[2025-04-05 08:29:19] [34mINFO[0;39m [36mg.service.ubs.OrderLockServiceImpl      [0;39m [35m:60  [0;39m Time: 2025-04-05T08:24:19.179793700
[2025-04-05 08:29:19] [34mINFO[0;39m [36mg.service.ubs.OrderLockServiceImpl      [0;39m [35m:62  [0;39m Unlock orders
[2025-04-05 08:29:19] [34mINFO[0;39m [36mg.service.ubs.OrderLockServiceImpl      [0;39m [35m:60  [0;39m Time: 2025-04-05T08:24:19.181794100
[2025-04-05 08:29:19] [34mINFO[0;39m [36mg.service.ubs.OrderLockServiceImpl      [0;39m [35m:62  [0;39m Unlock orders
[2025-04-05 08:29:19] [34mINFO[0;39m [36mg.service.ubs.OrderLockServiceImpl      [0;39m [35m:60  [0;39m Time: 2025-04-05T08:24:19.182791100
[2025-04-05 08:29:19] [34mINFO[0;39m [36mg.service.ubs.OrderLockServiceImpl      [0;39m [35m:62  [0;39m Unlock orders
[2025-04-05 08:29:19] [34mINFO[0;39m [36mg.service.ubs.OrderLockServiceImpl      [0;39m [35m:60  [0;39m Time: 2025-04-05T08:24:19.183792300
[2025-04-05 08:29:19] [34mINFO[0;39m [36mg.service.ubs.OrderLockServiceImpl      [0;39m [35m:62  [0;39m Unlock orders
[2025-04-05 08:29:19] [34mINFO[0;39m [36mg.service.ubs.OrderLockServiceImpl      [0;39m [35m:60  [0;39m Time: 2025-04-05T08:24:19.184793100
[2025-04-05 08:29:19] [34mINFO[0;39m [36mg.service.ubs.OrderLockServiceImpl      [0;39m [35m:62  [0;39m Unlock orders
[2025-04-05 08:29:19] [34mINFO[0;39m [36mg.service.ubs.OrderLockServiceImpl      [0;39m [35m:60  [0;39m Time: 2025-04-05T08:24:19.186793700
[2025-04-05 08:29:19] [34mINFO[0;39m [36mg.service.ubs.OrderLockServiceImpl      [0;39m [35m:62  [0;39m Unlock orders
[2025-04-05 08:29:19] [34mINFO[0;39m [36mg.service.ubs.OrderLockServiceImpl      [0;39m [35m:60  [0;39m Time: 2025-04-05T08:24:19.187792600
[2025-04-05 08:29:19] [34mINFO[0;39m [36mg.service.ubs.OrderLockServiceImpl      [0;39m [35m:62  [0;39m Unlock orders
[2025-04-05 08:29:19] [34mINFO[0;39m [36mg.service.ubs.OrderLockServiceImpl      [0;39m [35m:60  [0;39m Time: 2025-04-05T08:24:19.189792800
[2025-04-05 08:29:19] [34mINFO[0;39m [36mg.service.ubs.OrderLockServiceImpl      [0;39m [35m:62  [0;39m Unlock orders
[2025-04-05 08:29:19] [34mINFO[0;39m [36mg.service.ubs.OrderLockServiceImpl      [0;39m [35m:60  [0;39m Time: 2025-04-05T08:24:19.190791400
[2025-04-05 08:29:19] [34mINFO[0;39m [36mg.service.ubs.OrderLockServiceImpl      [0;39m [35m:62  [0;39m Unlock orders
[2025-04-05 08:29:19] [34mINFO[0;39m [36mg.service.ubs.OrderLockServiceImpl      [0;39m [35m:60  [0;39m Time: 2025-04-05T08:24:19.191792200
[2025-04-05 08:29:19] [34mINFO[0;39m [36mg.service.ubs.OrderLockServiceImpl      [0;39m [35m:62  [0;39m Unlock orders
[2025-04-05 08:29:19] [34mINFO[0;39m [36mg.service.ubs.OrderLockServiceImpl      [0;39m [35m:60  [0;39m Time: 2025-04-05T08:24:19.192795300
[2025-04-05 08:29:19] [34mINFO[0;39m [36mg.service.ubs.OrderLockServiceImpl      [0;39m [35m:62  [0;39m Unlock orders
[2025-04-05 08:29:19] [34mINFO[0;39m [36mg.service.ubs.OrderLockServiceImpl      [0;39m [35m:60  [0;39m Time: 2025-04-05T08:24:19.194792500
[2025-04-05 08:29:19] [34mINFO[0;39m [36mg.service.ubs.OrderLockServiceImpl      [0;39m [35m:62  [0;39m Unlock orders
[2025-04-05 08:29:19] [34mINFO[0;39m [36mg.service.ubs.OrderLockServiceImpl      [0;39m [35m:60  [0;39m Time: 2025-04-05T08:24:19.195793
[2025-04-05 08:29:19] [34mINFO[0;39m [36mg.service.ubs.OrderLockServiceImpl      [0;39m [35m:62  [0;39m Unlock orders
[2025-04-05 08:29:19] [34mINFO[0;39m [36mg.service.ubs.OrderLockServiceImpl      [0;39m [35m:60  [0;39m Time: 2025-04-05T08:24:19.196790600
[2025-04-05 08:29:19] [34mINFO[0;39m [36mg.service.ubs.OrderLockServiceImpl      [0;39m [35m:62  [0;39m Unlock orders
[2025-04-05 08:29:19] [34mINFO[0;39m [36mg.service.ubs.OrderLockServiceImpl      [0;39m [35m:60  [0;39m Time: 2025-04-05T08:24:19.197795800
[2025-04-05 08:29:19] [34mINFO[0;39m [36mg.service.ubs.OrderLockServiceImpl      [0;39m [35m:62  [0;39m Unlock orders
[2025-04-05 08:29:19] [34mINFO[0;39m [36mg.service.ubs.OrderLockServiceImpl      [0;39m [35m:60  [0;39m Time: 2025-04-05T08:24:19.198793700
[2025-04-05 08:29:19] [34mINFO[0;39m [36mg.service.ubs.OrderLockServiceImpl      [0;39m [35m:62  [0;39m Unlock orders
[2025-04-05 08:29:32] [31mWARN[0;39m [36mcom.zaxxer.hikari.pool.HikariPool       [0;39m [35m:804 [0;39m HikariPool-1 - Thread starvation or clock leap detected (housekeeper delta=5h14m56s142ms145µs).
[2025-04-05 08:29:52] [34mINFO[0;39m [36mg.service.ubs.OrderLockServiceImpl      [0;39m [35m:60  [0;39m Time: 2025-04-05T08:24:52.744374300
[2025-04-05 08:29:52] [34mINFO[0;39m [36mg.service.ubs.OrderLockServiceImpl      [0;39m [35m:62  [0;39m Unlock orders
[2025-04-05 08:30:52] [34mINFO[0;39m [36mg.service.ubs.OrderLockServiceImpl      [0;39m [35m:60  [0;39m Time: 2025-04-05T08:25:52.734748900
[2025-04-05 08:30:52] [34mINFO[0;39m [36mg.service.ubs.OrderLockServiceImpl      [0;39m [35m:62  [0;39m Unlock orders
[2025-04-05 08:31:52] [34mINFO[0;39m [36mg.service.ubs.OrderLockServiceImpl      [0;39m [35m:60  [0;39m Time: 2025-04-05T08:26:52.747295800
[2025-04-05 08:31:52] [34mINFO[0;39m [36mg.service.ubs.OrderLockServiceImpl      [0;39m [35m:62  [0;39m Unlock orders
[2025-04-05 08:32:52] [34mINFO[0;39m [36mg.service.ubs.OrderLockServiceImpl      [0;39m [35m:60  [0;39m Time: 2025-04-05T08:27:52.743647900
[2025-04-05 08:32:52] [34mINFO[0;39m [36mg.service.ubs.OrderLockServiceImpl      [0;39m [35m:62  [0;39m Unlock orders
[2025-04-05 08:33:52] [34mINFO[0;39m [36mg.service.ubs.OrderLockServiceImpl      [0;39m [35m:60  [0;39m Time: 2025-04-05T08:28:52.738601700
[2025-04-05 08:33:52] [34mINFO[0;39m [36mg.service.ubs.OrderLockServiceImpl      [0;39m [35m:62  [0;39m Unlock orders
[2025-04-05 08:34:52] [34mINFO[0;39m [36mg.service.ubs.OrderLockServiceImpl      [0;39m [35m:60  [0;39m Time: 2025-04-05T08:29:52.737696200
[2025-04-05 08:34:52] [34mINFO[0;39m [36mg.service.ubs.OrderLockServiceImpl      [0;39m [35m:62  [0;39m Unlock orders
[2025-04-05 08:35:52] [34mINFO[0;39m [36mg.service.ubs.OrderLockServiceImpl      [0;39m [35m:60  [0;39m Time: 2025-04-05T08:30:52.746565200
[2025-04-05 08:35:52] [34mINFO[0;39m [36mg.service.ubs.OrderLockServiceImpl      [0;39m [35m:62  [0;39m Unlock orders
[2025-04-05 08:36:52] [34mINFO[0;39m [36mg.service.ubs.OrderLockServiceImpl      [0;39m [35m:60  [0;39m Time: 2025-04-05T08:31:52.738666600
[2025-04-05 08:36:52] [34mINFO[0;39m [36mg.service.ubs.OrderLockServiceImpl      [0;39m [35m:62  [0;39m Unlock orders
[2025-04-05 08:37:52] [34mINFO[0;39m [36mg.service.ubs.OrderLockServiceImpl      [0;39m [35m:60  [0;39m Time: 2025-04-05T08:32:52.748960400
[2025-04-05 08:37:52] [34mINFO[0;39m [36mg.service.ubs.OrderLockServiceImpl      [0;39m [35m:62  [0;39m Unlock orders
[2025-04-05 08:38:52] [34mINFO[0;39m [36mg.service.ubs.OrderLockServiceImpl      [0;39m [35m:60  [0;39m Time: 2025-04-05T08:33:52.748418500
[2025-04-05 08:38:52] [34mINFO[0;39m [36mg.service.ubs.OrderLockServiceImpl      [0;39m [35m:62  [0;39m Unlock orders
[2025-04-05 08:39:52] [34mINFO[0;39m [36mg.service.ubs.OrderLockServiceImpl      [0;39m [35m:60  [0;39m Time: 2025-04-05T08:34:52.738296900
[2025-04-05 08:39:52] [34mINFO[0;39m [36mg.service.ubs.OrderLockServiceImpl      [0;39m [35m:62  [0;39m Unlock orders
[2025-04-05 08:40:52] [34mINFO[0;39m [36mg.service.ubs.OrderLockServiceImpl      [0;39m [35m:60  [0;39m Time: 2025-04-05T08:35:52.746966700
[2025-04-05 08:40:52] [34mINFO[0;39m [36mg.service.ubs.OrderLockServiceImpl      [0;39m [35m:62  [0;39m Unlock orders
[2025-04-05 08:41:52] [34mINFO[0;39m [36mg.service.ubs.OrderLockServiceImpl      [0;39m [35m:60  [0;39m Time: 2025-04-05T08:36:52.745780200
[2025-04-05 08:41:52] [34mINFO[0;39m [36mg.service.ubs.OrderLockServiceImpl      [0;39m [35m:62  [0;39m Unlock orders
[2025-04-05 08:42:52] [34mINFO[0;39m [36mg.service.ubs.OrderLockServiceImpl      [0;39m [35m:60  [0;39m Time: 2025-04-05T08:37:52.740177800
[2025-04-05 08:42:52] [34mINFO[0;39m [36mg.service.ubs.OrderLockServiceImpl      [0;39m [35m:62  [0;39m Unlock orders
[2025-04-05 08:43:52] [34mINFO[0;39m [36mg.service.ubs.OrderLockServiceImpl      [0;39m [35m:60  [0;39m Time: 2025-04-05T08:38:52.739266100
[2025-04-05 08:43:52] [34mINFO[0;39m [36mg.service.ubs.OrderLockServiceImpl      [0;39m [35m:62  [0;39m Unlock orders
[2025-04-05 08:44:52] [34mINFO[0;39m [36mg.service.ubs.OrderLockServiceImpl      [0;39m [35m:60  [0;39m Time: 2025-04-05T08:39:52.741992500
[2025-04-05 08:44:52] [34mINFO[0;39m [36mg.service.ubs.OrderLockServiceImpl      [0;39m [35m:62  [0;39m Unlock orders
[2025-04-05 08:45:52] [34mINFO[0;39m [36mg.service.ubs.OrderLockServiceImpl      [0;39m [35m:60  [0;39m Time: 2025-04-05T08:40:52.742594800
[2025-04-05 08:45:52] [34mINFO[0;39m [36mg.service.ubs.OrderLockServiceImpl      [0;39m [35m:62  [0;39m Unlock orders
[2025-04-05 08:46:52] [34mINFO[0;39m [36mg.service.ubs.OrderLockServiceImpl      [0;39m [35m:60  [0;39m Time: 2025-04-05T08:41:52.735301900
[2025-04-05 08:46:52] [34mINFO[0;39m [36mg.service.ubs.OrderLockServiceImpl      [0;39m [35m:62  [0;39m Unlock orders
[2025-04-05 08:47:52] [34mINFO[0;39m [36mg.service.ubs.OrderLockServiceImpl      [0;39m [35m:60  [0;39m Time: 2025-04-05T08:42:52.737894900
[2025-04-05 08:47:52] [34mINFO[0;39m [36mg.service.ubs.OrderLockServiceImpl      [0;39m [35m:62  [0;39m Unlock orders
[2025-04-05 08:48:52] [34mINFO[0;39m [36mg.service.ubs.OrderLockServiceImpl      [0;39m [35m:60  [0;39m Time: 2025-04-05T08:43:52.744912300
[2025-04-05 08:48:52] [34mINFO[0;39m [36mg.service.ubs.OrderLockServiceImpl      [0;39m [35m:62  [0;39m Unlock orders
[2025-04-05 08:49:52] [34mINFO[0;39m [36mg.service.ubs.OrderLockServiceImpl      [0;39m [35m:60  [0;39m Time: 2025-04-05T08:44:52.746653500
[2025-04-05 08:49:52] [34mINFO[0;39m [36mg.service.ubs.OrderLockServiceImpl      [0;39m [35m:62  [0;39m Unlock orders
[2025-04-05 08:50:52] [34mINFO[0;39m [36mg.service.ubs.OrderLockServiceImpl      [0;39m [35m:60  [0;39m Time: 2025-04-05T08:45:52.740247
[2025-04-05 08:50:52] [34mINFO[0;39m [36mg.service.ubs.OrderLockServiceImpl      [0;39m [35m:62  [0;39m Unlock orders
[2025-04-05 08:51:52] [34mINFO[0;39m [36mg.service.ubs.OrderLockServiceImpl      [0;39m [35m:60  [0;39m Time: 2025-04-05T08:46:52.739010100
[2025-04-05 08:51:52] [34mINFO[0;39m [36mg.service.ubs.OrderLockServiceImpl      [0;39m [35m:62  [0;39m Unlock orders
[2025-04-05 08:52:52] [34mINFO[0;39m [36mg.service.ubs.OrderLockServiceImpl      [0;39m [35m:60  [0;39m Time: 2025-04-05T08:47:52.733274
[2025-04-05 08:52:52] [34mINFO[0;39m [36mg.service.ubs.OrderLockServiceImpl      [0;39m [35m:62  [0;39m Unlock orders
[2025-04-05 08:53:52] [34mINFO[0;39m [36mg.service.ubs.OrderLockServiceImpl      [0;39m [35m:60  [0;39m Time: 2025-04-05T08:48:52.739907700
[2025-04-05 08:53:52] [34mINFO[0;39m [36mg.service.ubs.OrderLockServiceImpl      [0;39m [35m:62  [0;39m Unlock orders
[2025-04-05 08:54:52] [34mINFO[0;39m [36mg.service.ubs.OrderLockServiceImpl      [0;39m [35m:60  [0;39m Time: 2025-04-05T08:49:52.732631100
[2025-04-05 08:54:52] [34mINFO[0;39m [36mg.service.ubs.OrderLockServiceImpl      [0;39m [35m:62  [0;39m Unlock orders
[2025-04-05 08:55:52] [34mINFO[0;39m [36mg.service.ubs.OrderLockServiceImpl      [0;39m [35m:60  [0;39m Time: 2025-04-05T08:50:52.746940700
[2025-04-05 08:55:52] [34mINFO[0;39m [36mg.service.ubs.OrderLockServiceImpl      [0;39m [35m:62  [0;39m Unlock orders
[2025-04-05 08:56:52] [34mINFO[0;39m [36mg.service.ubs.OrderLockServiceImpl      [0;39m [35m:60  [0;39m Time: 2025-04-05T08:51:52.741418200
[2025-04-05 08:56:52] [34mINFO[0;39m [36mg.service.ubs.OrderLockServiceImpl      [0;39m [35m:62  [0;39m Unlock orders
[2025-04-05 08:57:52] [34mINFO[0;39m [36mg.service.ubs.OrderLockServiceImpl      [0;39m [35m:60  [0;39m Time: 2025-04-05T08:52:52.746678700
[2025-04-05 08:57:52] [34mINFO[0;39m [36mg.service.ubs.OrderLockServiceImpl      [0;39m [35m:62  [0;39m Unlock orders
[2025-04-05 08:58:52] [34mINFO[0;39m [36mg.service.ubs.OrderLockServiceImpl      [0;39m [35m:60  [0;39m Time: 2025-04-05T08:53:52.734507700
[2025-04-05 08:58:52] [34mINFO[0;39m [36mg.service.ubs.OrderLockServiceImpl      [0;39m [35m:62  [0;39m Unlock orders
[2025-04-05 08:59:52] [34mINFO[0;39m [36mg.service.ubs.OrderLockServiceImpl      [0;39m [35m:60  [0;39m Time: 2025-04-05T08:54:52.733909300
[2025-04-05 08:59:52] [34mINFO[0;39m [36mg.service.ubs.OrderLockServiceImpl      [0;39m [35m:62  [0;39m Unlock orders
[2025-04-05 09:00:52] [34mINFO[0;39m [36mg.service.ubs.OrderLockServiceImpl      [0;39m [35m:60  [0;39m Time: 2025-04-05T08:55:52.745756600
[2025-04-05 09:00:52] [34mINFO[0;39m [36mg.service.ubs.OrderLockServiceImpl      [0;39m [35m:62  [0;39m Unlock orders
[2025-04-05 09:01:52] [34mINFO[0;39m [36mg.service.ubs.OrderLockServiceImpl      [0;39m [35m:60  [0;39m Time: 2025-04-05T08:56:52.740834500
[2025-04-05 09:01:52] [34mINFO[0;39m [36mg.service.ubs.OrderLockServiceImpl      [0;39m [35m:62  [0;39m Unlock orders
[2025-04-05 09:02:52] [34mINFO[0;39m [36mg.service.ubs.OrderLockServiceImpl      [0;39m [35m:60  [0;39m Time: 2025-04-05T08:57:52.747101300
[2025-04-05 09:02:52] [34mINFO[0;39m [36mg.service.ubs.OrderLockServiceImpl      [0;39m [35m:62  [0;39m Unlock orders
[2025-04-05 09:03:52] [34mINFO[0;39m [36mg.service.ubs.OrderLockServiceImpl      [0;39m [35m:60  [0;39m Time: 2025-04-05T08:58:52.738356800
[2025-04-05 09:03:52] [34mINFO[0;39m [36mg.service.ubs.OrderLockServiceImpl      [0;39m [35m:62  [0;39m Unlock orders
[2025-04-05 09:04:52] [34mINFO[0;39m [36mg.service.ubs.OrderLockServiceImpl      [0;39m [35m:60  [0;39m Time: 2025-04-05T08:59:52.733784700
[2025-04-05 09:04:52] [34mINFO[0;39m [36mg.service.ubs.OrderLockServiceImpl      [0;39m [35m:62  [0;39m Unlock orders
[2025-04-05 09:05:52] [34mINFO[0;39m [36mg.service.ubs.OrderLockServiceImpl      [0;39m [35m:60  [0;39m Time: 2025-04-05T09:00:52.740057400
[2025-04-05 09:05:52] [34mINFO[0;39m [36mg.service.ubs.OrderLockServiceImpl      [0;39m [35m:62  [0;39m Unlock orders
[2025-04-05 09:06:52] [34mINFO[0;39m [36mg.service.ubs.OrderLockServiceImpl      [0;39m [35m:60  [0;39m Time: 2025-04-05T09:01:52.737218
[2025-04-05 09:06:52] [34mINFO[0;39m [36mg.service.ubs.OrderLockServiceImpl      [0;39m [35m:62  [0;39m Unlock orders
[2025-04-05 09:07:52] [34mINFO[0;39m [36mg.service.ubs.OrderLockServiceImpl      [0;39m [35m:60  [0;39m Time: 2025-04-05T09:02:52.741496500
[2025-04-05 09:07:52] [34mINFO[0;39m [36mg.service.ubs.OrderLockServiceImpl      [0;39m [35m:62  [0;39m Unlock orders
[2025-04-05 09:08:52] [34mINFO[0;39m [36mg.service.ubs.OrderLockServiceImpl      [0;39m [35m:60  [0;39m Time: 2025-04-05T09:03:52.738864800
[2025-04-05 09:08:52] [34mINFO[0;39m [36mg.service.ubs.OrderLockServiceImpl      [0;39m [35m:62  [0;39m Unlock orders
[2025-04-05 09:09:52] [34mINFO[0;39m [36mg.service.ubs.OrderLockServiceImpl      [0;39m [35m:60  [0;39m Time: 2025-04-05T09:04:52.746630700
[2025-04-05 09:09:52] [34mINFO[0;39m [36mg.service.ubs.OrderLockServiceImpl      [0;39m [35m:62  [0;39m Unlock orders
[2025-04-05 09:10:52] [34mINFO[0;39m [36mg.service.ubs.OrderLockServiceImpl      [0;39m [35m:60  [0;39m Time: 2025-04-05T09:05:52.741992
[2025-04-05 09:10:52] [34mINFO[0;39m [36mg.service.ubs.OrderLockServiceImpl      [0;39m [35m:62  [0;39m Unlock orders
[2025-04-05 09:11:52] [34mINFO[0;39m [36mg.service.ubs.OrderLockServiceImpl      [0;39m [35m:60  [0;39m Time: 2025-04-05T09:06:52.739785400
[2025-04-05 09:11:52] [34mINFO[0;39m [36mg.service.ubs.OrderLockServiceImpl      [0;39m [35m:62  [0;39m Unlock orders
[2025-04-05 09:12:52] [34mINFO[0;39m [36mg.service.ubs.OrderLockServiceImpl      [0;39m [35m:60  [0;39m Time: 2025-04-05T09:07:52.740672400
[2025-04-05 09:12:52] [34mINFO[0;39m [36mg.service.ubs.OrderLockServiceImpl      [0;39m [35m:62  [0;39m Unlock orders
[2025-04-05 09:13:51] [34mINFO[0;39m [36mg.service.ubs.OrderLockServiceImpl      [0;39m [35m:60  [0;39m Time: 2025-04-05T09:08:51.257811
[2025-04-05 09:13:51] [34mINFO[0;39m [36mg.service.ubs.OrderLockServiceImpl      [0;39m [35m:62  [0;39m Unlock orders
[2025-04-05 09:14:51] [34mINFO[0;39m [36mg.service.ubs.OrderLockServiceImpl      [0;39m [35m:60  [0;39m Time: 2025-04-05T09:09:51.261574700
[2025-04-05 09:14:51] [34mINFO[0;39m [36mg.service.ubs.OrderLockServiceImpl      [0;39m [35m:62  [0;39m Unlock orders
[2025-04-05 09:15:51] [34mINFO[0;39m [36mg.service.ubs.OrderLockServiceImpl      [0;39m [35m:60  [0;39m Time: 2025-04-05T09:10:51.269997500
[2025-04-05 09:15:51] [34mINFO[0;39m [36mg.service.ubs.OrderLockServiceImpl      [0;39m [35m:62  [0;39m Unlock orders
[2025-04-05 09:16:51] [34mINFO[0;39m [36mg.service.ubs.OrderLockServiceImpl      [0;39m [35m:60  [0;39m Time: 2025-04-05T09:11:51.258857500
[2025-04-05 09:16:51] [34mINFO[0;39m [36mg.service.ubs.OrderLockServiceImpl      [0;39m [35m:62  [0;39m Unlock orders
[2025-04-05 09:17:51] [34mINFO[0;39m [36mg.service.ubs.OrderLockServiceImpl      [0;39m [35m:60  [0;39m Time: 2025-04-05T09:12:51.271418
[2025-04-05 09:17:51] [34mINFO[0;39m [36mg.service.ubs.OrderLockServiceImpl      [0;39m [35m:62  [0;39m Unlock orders
[2025-04-05 09:18:51] [34mINFO[0;39m [36mg.service.ubs.OrderLockServiceImpl      [0;39m [35m:60  [0;39m Time: 2025-04-05T09:13:51.268063200
[2025-04-05 09:18:51] [34mINFO[0;39m [36mg.service.ubs.OrderLockServiceImpl      [0;39m [35m:62  [0;39m Unlock orders
[2025-04-05 09:19:51] [34mINFO[0;39m [36mg.service.ubs.OrderLockServiceImpl      [0;39m [35m:60  [0;39m Time: 2025-04-05T09:14:51.272211600
[2025-04-05 09:19:51] [34mINFO[0;39m [36mg.service.ubs.OrderLockServiceImpl      [0;39m [35m:62  [0;39m Unlock orders
[2025-04-05 09:20:51] [34mINFO[0;39m [36mg.service.ubs.OrderLockServiceImpl      [0;39m [35m:60  [0;39m Time: 2025-04-05T09:15:51.270658700
[2025-04-05 09:20:51] [34mINFO[0;39m [36mg.service.ubs.OrderLockServiceImpl      [0;39m [35m:62  [0;39m Unlock orders
[2025-04-05 09:21:51] [34mINFO[0;39m [36mg.service.ubs.OrderLockServiceImpl      [0;39m [35m:60  [0;39m Time: 2025-04-05T09:16:51.272036
[2025-04-05 09:21:51] [34mINFO[0;39m [36mg.service.ubs.OrderLockServiceImpl      [0;39m [35m:62  [0;39m Unlock orders
[2025-04-05 09:22:51] [34mINFO[0;39m [36mg.service.ubs.OrderLockServiceImpl      [0;39m [35m:60  [0;39m Time: 2025-04-05T09:17:51.266110600
[2025-04-05 09:22:51] [34mINFO[0;39m [36mg.service.ubs.OrderLockServiceImpl      [0;39m [35m:62  [0;39m Unlock orders
[2025-04-05 09:23:51] [34mINFO[0;39m [36mg.service.ubs.OrderLockServiceImpl      [0;39m [35m:60  [0;39m Time: 2025-04-05T09:18:51.267022100
[2025-04-05 09:23:51] [34mINFO[0;39m [36mg.service.ubs.OrderLockServiceImpl      [0;39m [35m:62  [0;39m Unlock orders
[2025-04-05 09:24:51] [34mINFO[0;39m [36mg.service.ubs.OrderLockServiceImpl      [0;39m [35m:60  [0;39m Time: 2025-04-05T09:19:51.270179800
[2025-04-05 09:24:51] [34mINFO[0;39m [36mg.service.ubs.OrderLockServiceImpl      [0;39m [35m:62  [0;39m Unlock orders
[2025-04-05 09:25:51] [34mINFO[0;39m [36mg.service.ubs.OrderLockServiceImpl      [0;39m [35m:60  [0;39m Time: 2025-04-05T09:20:51.262192500
[2025-04-05 09:25:51] [34mINFO[0;39m [36mg.service.ubs.OrderLockServiceImpl      [0;39m [35m:62  [0;39m Unlock orders
[2025-04-05 09:26:51] [34mINFO[0;39m [36mg.service.ubs.OrderLockServiceImpl      [0;39m [35m:60  [0;39m Time: 2025-04-05T09:21:51.259393900
[2025-04-05 09:26:51] [34mINFO[0;39m [36mg.service.ubs.OrderLockServiceImpl      [0;39m [35m:62  [0;39m Unlock orders
[2025-04-05 09:27:51] [34mINFO[0;39m [36mg.service.ubs.OrderLockServiceImpl      [0;39m [35m:60  [0;39m Time: 2025-04-05T09:22:51.274045
[2025-04-05 09:27:51] [34mINFO[0;39m [36mg.service.ubs.OrderLockServiceImpl      [0;39m [35m:62  [0;39m Unlock orders
[2025-04-05 09:28:51] [34mINFO[0;39m [36mg.service.ubs.OrderLockServiceImpl      [0;39m [35m:60  [0;39m Time: 2025-04-05T09:23:51.260515700
[2025-04-05 09:28:51] [34mINFO[0;39m [36mg.service.ubs.OrderLockServiceImpl      [0;39m [35m:62  [0;39m Unlock orders
[2025-04-05 09:29:51] [34mINFO[0;39m [36mg.service.ubs.OrderLockServiceImpl      [0;39m [35m:60  [0;39m Time: 2025-04-05T09:24:51.270972300
[2025-04-05 09:29:51] [34mINFO[0;39m [36mg.service.ubs.OrderLockServiceImpl      [0;39m [35m:62  [0;39m Unlock orders
[2025-04-05 09:30:51] [34mINFO[0;39m [36mg.service.ubs.OrderLockServiceImpl      [0;39m [35m:60  [0;39m Time: 2025-04-05T09:25:51.259407200
[2025-04-05 09:30:51] [34mINFO[0;39m [36mg.service.ubs.OrderLockServiceImpl      [0;39m [35m:62  [0;39m Unlock orders
[2025-04-05 09:31:51] [34mINFO[0;39m [36mg.service.ubs.OrderLockServiceImpl      [0;39m [35m:60  [0;39m Time: 2025-04-05T09:26:51.265956700
[2025-04-05 09:31:51] [34mINFO[0;39m [36mg.service.ubs.OrderLockServiceImpl      [0;39m [35m:62  [0;39m Unlock orders
[2025-04-05 09:32:51] [34mINFO[0;39m [36mg.service.ubs.OrderLockServiceImpl      [0;39m [35m:60  [0;39m Time: 2025-04-05T09:27:51.263009500
[2025-04-05 09:32:51] [34mINFO[0;39m [36mg.service.ubs.OrderLockServiceImpl      [0;39m [35m:62  [0;39m Unlock orders
[2025-04-05 09:33:51] [34mINFO[0;39m [36mg.service.ubs.OrderLockServiceImpl      [0;39m [35m:60  [0;39m Time: 2025-04-05T09:28:51.270505200
[2025-04-05 09:33:51] [34mINFO[0;39m [36mg.service.ubs.OrderLockServiceImpl      [0;39m [35m:62  [0;39m Unlock orders
[2025-04-05 09:34:51] [34mINFO[0;39m [36mg.service.ubs.OrderLockServiceImpl      [0;39m [35m:60  [0;39m Time: 2025-04-05T09:29:51.271605
[2025-04-05 09:34:51] [34mINFO[0;39m [36mg.service.ubs.OrderLockServiceImpl      [0;39m [35m:62  [0;39m Unlock orders
[2025-04-05 09:35:51] [34mINFO[0;39m [36mg.service.ubs.OrderLockServiceImpl      [0;39m [35m:60  [0;39m Time: 2025-04-05T09:30:51.272145500
[2025-04-05 09:35:51] [34mINFO[0;39m [36mg.service.ubs.OrderLockServiceImpl      [0;39m [35m:62  [0;39m Unlock orders
[2025-04-05 09:36:51] [34mINFO[0;39m [36mg.service.ubs.OrderLockServiceImpl      [0;39m [35m:60  [0;39m Time: 2025-04-05T09:31:51.262668400
[2025-04-05 09:36:51] [34mINFO[0;39m [36mg.service.ubs.OrderLockServiceImpl      [0;39m [35m:62  [0;39m Unlock orders
[2025-04-05 09:37:51] [34mINFO[0;39m [36mg.service.ubs.OrderLockServiceImpl      [0;39m [35m:60  [0;39m Time: 2025-04-05T09:32:51.259215400
[2025-04-05 09:37:51] [34mINFO[0;39m [36mg.service.ubs.OrderLockServiceImpl      [0;39m [35m:62  [0;39m Unlock orders
[2025-04-05 09:38:51] [34mINFO[0;39m [36mg.service.ubs.OrderLockServiceImpl      [0;39m [35m:60  [0;39m Time: 2025-04-05T09:33:51.260222500
[2025-04-05 09:38:51] [34mINFO[0;39m [36mg.service.ubs.OrderLockServiceImpl      [0;39m [35m:62  [0;39m Unlock orders
[2025-04-05 09:39:51] [34mINFO[0;39m [36mg.service.ubs.OrderLockServiceImpl      [0;39m [35m:60  [0;39m Time: 2025-04-05T09:34:51.265682100
[2025-04-05 09:39:51] [34mINFO[0;39m [36mg.service.ubs.OrderLockServiceImpl      [0;39m [35m:62  [0;39m Unlock orders
[2025-04-05 09:40:51] [34mINFO[0;39m [36mg.service.ubs.OrderLockServiceImpl      [0;39m [35m:60  [0;39m Time: 2025-04-05T09:35:51.260527900
[2025-04-05 09:40:51] [34mINFO[0;39m [36mg.service.ubs.OrderLockServiceImpl      [0;39m [35m:62  [0;39m Unlock orders
[2025-04-05 09:41:51] [34mINFO[0;39m [36mg.service.ubs.OrderLockServiceImpl      [0;39m [35m:60  [0;39m Time: 2025-04-05T09:36:51.259277400
[2025-04-05 09:41:51] [34mINFO[0;39m [36mg.service.ubs.OrderLockServiceImpl      [0;39m [35m:62  [0;39m Unlock orders
[2025-04-05 09:42:51] [34mINFO[0;39m [36mg.service.ubs.OrderLockServiceImpl      [0;39m [35m:60  [0;39m Time: 2025-04-05T09:37:51.262020400
[2025-04-05 09:42:51] [34mINFO[0;39m [36mg.service.ubs.OrderLockServiceImpl      [0;39m [35m:62  [0;39m Unlock orders
[2025-04-05 09:43:51] [34mINFO[0;39m [36mg.service.ubs.OrderLockServiceImpl      [0;39m [35m:60  [0;39m Time: 2025-04-05T09:38:51.271520600
[2025-04-05 09:43:51] [34mINFO[0;39m [36mg.service.ubs.OrderLockServiceImpl      [0;39m [35m:62  [0;39m Unlock orders
[2025-04-05 09:44:51] [34mINFO[0;39m [36mg.service.ubs.OrderLockServiceImpl      [0;39m [35m:60  [0;39m Time: 2025-04-05T09:39:51.270022800
[2025-04-05 09:44:51] [34mINFO[0;39m [36mg.service.ubs.OrderLockServiceImpl      [0;39m [35m:62  [0;39m Unlock orders
[2025-04-05 09:45:51] [34mINFO[0;39m [36mg.service.ubs.OrderLockServiceImpl      [0;39m [35m:60  [0;39m Time: 2025-04-05T09:40:51.260335400
[2025-04-05 09:45:51] [34mINFO[0;39m [36mg.service.ubs.OrderLockServiceImpl      [0;39m [35m:62  [0;39m Unlock orders
[2025-04-05 09:46:51] [34mINFO[0;39m [36mg.service.ubs.OrderLockServiceImpl      [0;39m [35m:60  [0;39m Time: 2025-04-05T09:41:51.262173900
[2025-04-05 09:46:51] [34mINFO[0;39m [36mg.service.ubs.OrderLockServiceImpl      [0;39m [35m:62  [0;39m Unlock orders
[2025-04-05 09:47:51] [34mINFO[0;39m [36mg.service.ubs.OrderLockServiceImpl      [0;39m [35m:60  [0;39m Time: 2025-04-05T09:42:51.262371100
[2025-04-05 09:47:51] [34mINFO[0;39m [36mg.service.ubs.OrderLockServiceImpl      [0;39m [35m:62  [0;39m Unlock orders
[2025-04-05 09:48:51] [34mINFO[0;39m [36mg.service.ubs.OrderLockServiceImpl      [0;39m [35m:60  [0;39m Time: 2025-04-05T09:43:51.263533900
[2025-04-05 09:48:51] [34mINFO[0;39m [36mg.service.ubs.OrderLockServiceImpl      [0;39m [35m:62  [0;39m Unlock orders
[2025-04-05 09:49:51] [34mINFO[0;39m [36mg.service.ubs.OrderLockServiceImpl      [0;39m [35m:60  [0;39m Time: 2025-04-05T09:44:51.264217
[2025-04-05 09:49:51] [34mINFO[0;39m [36mg.service.ubs.OrderLockServiceImpl      [0;39m [35m:62  [0;39m Unlock orders
[2025-04-05 09:50:51] [34mINFO[0;39m [36mg.service.ubs.OrderLockServiceImpl      [0;39m [35m:60  [0;39m Time: 2025-04-05T09:45:51.264178300
[2025-04-05 09:50:51] [34mINFO[0;39m [36mg.service.ubs.OrderLockServiceImpl      [0;39m [35m:62  [0;39m Unlock orders
[2025-04-05 09:51:51] [34mINFO[0;39m [36mg.service.ubs.OrderLockServiceImpl      [0;39m [35m:60  [0;39m Time: 2025-04-05T09:46:51.270989800
[2025-04-05 09:51:51] [34mINFO[0;39m [36mg.service.ubs.OrderLockServiceImpl      [0;39m [35m:62  [0;39m Unlock orders
[2025-04-05 09:52:51] [34mINFO[0;39m [36mg.service.ubs.OrderLockServiceImpl      [0;39m [35m:60  [0;39m Time: 2025-04-05T09:47:51.260397800
[2025-04-05 09:52:51] [34mINFO[0;39m [36mg.service.ubs.OrderLockServiceImpl      [0;39m [35m:62  [0;39m Unlock orders
[2025-04-05 09:53:51] [34mINFO[0;39m [36mg.service.ubs.OrderLockServiceImpl      [0;39m [35m:60  [0;39m Time: 2025-04-05T09:48:51.270054800
[2025-04-05 09:53:51] [34mINFO[0;39m [36mg.service.ubs.OrderLockServiceImpl      [0;39m [35m:62  [0;39m Unlock orders
[2025-04-05 09:54:51] [34mINFO[0;39m [36mg.service.ubs.OrderLockServiceImpl      [0;39m [35m:60  [0;39m Time: 2025-04-05T09:49:51.261595600
[2025-04-05 09:54:51] [34mINFO[0;39m [36mg.service.ubs.OrderLockServiceImpl      [0;39m [35m:62  [0;39m Unlock orders
[2025-04-05 09:55:51] [34mINFO[0;39m [36mg.service.ubs.OrderLockServiceImpl      [0;39m [35m:60  [0;39m Time: 2025-04-05T09:50:51.263160900
[2025-04-05 09:55:51] [34mINFO[0;39m [36mg.service.ubs.OrderLockServiceImpl      [0;39m [35m:62  [0;39m Unlock orders
[2025-04-05 09:56:51] [34mINFO[0;39m [36mg.service.ubs.OrderLockServiceImpl      [0;39m [35m:60  [0;39m Time: 2025-04-05T09:51:51.267809500
[2025-04-05 09:56:51] [34mINFO[0;39m [36mg.service.ubs.OrderLockServiceImpl      [0;39m [35m:62  [0;39m Unlock orders
[2025-04-05 09:57:51] [34mINFO[0;39m [36mg.service.ubs.OrderLockServiceImpl      [0;39m [35m:60  [0;39m Time: 2025-04-05T09:52:51.259233600
[2025-04-05 09:57:51] [34mINFO[0;39m [36mg.service.ubs.OrderLockServiceImpl      [0;39m [35m:62  [0;39m Unlock orders
[2025-04-05 09:58:51] [34mINFO[0;39m [36mg.service.ubs.OrderLockServiceImpl      [0;39m [35m:60  [0;39m Time: 2025-04-05T09:53:51.268563800
[2025-04-05 09:58:51] [34mINFO[0;39m [36mg.service.ubs.OrderLockServiceImpl      [0;39m [35m:62  [0;39m Unlock orders
[2025-04-05 09:59:51] [34mINFO[0;39m [36mg.service.ubs.OrderLockServiceImpl      [0;39m [35m:60  [0;39m Time: 2025-04-05T09:54:51.270618
[2025-04-05 09:59:51] [34mINFO[0;39m [36mg.service.ubs.OrderLockServiceImpl      [0;39m [35m:62  [0;39m Unlock orders
[2025-04-05 10:00:51] [34mINFO[0;39m [36mg.service.ubs.OrderLockServiceImpl      [0;39m [35m:60  [0;39m Time: 2025-04-05T09:55:51.271858700
[2025-04-05 10:00:51] [34mINFO[0;39m [36mg.service.ubs.OrderLockServiceImpl      [0;39m [35m:62  [0;39m Unlock orders
[2025-04-05 10:01:51] [34mINFO[0;39m [36mg.service.ubs.OrderLockServiceImpl      [0;39m [35m:60  [0;39m Time: 2025-04-05T09:56:51.260667700
[2025-04-05 10:01:51] [34mINFO[0;39m [36mg.service.ubs.OrderLockServiceImpl      [0;39m [35m:62  [0;39m Unlock orders
[2025-04-05 10:02:51] [34mINFO[0;39m [36mg.service.ubs.OrderLockServiceImpl      [0;39m [35m:60  [0;39m Time: 2025-04-05T09:57:51.264113200
[2025-04-05 10:02:51] [34mINFO[0;39m [36mg.service.ubs.OrderLockServiceImpl      [0;39m [35m:62  [0;39m Unlock orders
[2025-04-05 10:03:51] [34mINFO[0;39m [36mg.service.ubs.OrderLockServiceImpl      [0;39m [35m:60  [0;39m Time: 2025-04-05T09:58:51.261309500
[2025-04-05 10:03:51] [34mINFO[0;39m [36mg.service.ubs.OrderLockServiceImpl      [0;39m [35m:62  [0;39m Unlock orders
[2025-04-05 10:04:51] [34mINFO[0;39m [36mg.service.ubs.OrderLockServiceImpl      [0;39m [35m:60  [0;39m Time: 2025-04-05T09:59:51.268284500
[2025-04-05 10:04:51] [34mINFO[0;39m [36mg.service.ubs.OrderLockServiceImpl      [0;39m [35m:62  [0;39m Unlock orders
[2025-04-05 10:05:51] [34mINFO[0;39m [36mg.service.ubs.OrderLockServiceImpl      [0;39m [35m:60  [0;39m Time: 2025-04-05T10:00:51.260931200
[2025-04-05 10:05:51] [34mINFO[0;39m [36mg.service.ubs.OrderLockServiceImpl      [0;39m [35m:62  [0;39m Unlock orders
[2025-04-05 10:06:51] [34mINFO[0;39m [36mg.service.ubs.OrderLockServiceImpl      [0;39m [35m:60  [0;39m Time: 2025-04-05T10:01:51.270696400
[2025-04-05 10:06:51] [34mINFO[0;39m [36mg.service.ubs.OrderLockServiceImpl      [0;39m [35m:62  [0;39m Unlock orders
[2025-04-05 10:07:51] [34mINFO[0;39m [36mg.service.ubs.OrderLockServiceImpl      [0;39m [35m:60  [0;39m Time: 2025-04-05T10:02:51.265569600
[2025-04-05 10:07:51] [34mINFO[0;39m [36mg.service.ubs.OrderLockServiceImpl      [0;39m [35m:62  [0;39m Unlock orders
[2025-04-05 10:08:51] [34mINFO[0;39m [36mg.service.ubs.OrderLockServiceImpl      [0;39m [35m:60  [0;39m Time: 2025-04-05T10:03:51.261485100
[2025-04-05 10:08:51] [34mINFO[0;39m [36mg.service.ubs.OrderLockServiceImpl      [0;39m [35m:62  [0;39m Unlock orders
[2025-04-05 10:09:51] [34mINFO[0;39m [36mg.service.ubs.OrderLockServiceImpl      [0;39m [35m:60  [0;39m Time: 2025-04-05T10:04:51.272574800
[2025-04-05 10:09:51] [34mINFO[0;39m [36mg.service.ubs.OrderLockServiceImpl      [0;39m [35m:62  [0;39m Unlock orders
[2025-04-05 10:10:51] [34mINFO[0;39m [36mg.service.ubs.OrderLockServiceImpl      [0;39m [35m:60  [0;39m Time: 2025-04-05T10:05:51.267665500
[2025-04-05 10:10:51] [34mINFO[0;39m [36mg.service.ubs.OrderLockServiceImpl      [0;39m [35m:62  [0;39m Unlock orders
[2025-04-05 10:11:51] [34mINFO[0;39m [36mg.service.ubs.OrderLockServiceImpl      [0;39m [35m:60  [0;39m Time: 2025-04-05T10:06:51.264510600
[2025-04-05 10:11:51] [34mINFO[0;39m [36mg.service.ubs.OrderLockServiceImpl      [0;39m [35m:62  [0;39m Unlock orders
[2025-04-05 10:12:51] [34mINFO[0;39m [36mg.service.ubs.OrderLockServiceImpl      [0;39m [35m:60  [0;39m Time: 2025-04-05T10:07:51.267522800
[2025-04-05 10:12:51] [34mINFO[0;39m [36mg.service.ubs.OrderLockServiceImpl      [0;39m [35m:62  [0;39m Unlock orders
[2025-04-05 10:13:51] [34mINFO[0;39m [36mg.service.ubs.OrderLockServiceImpl      [0;39m [35m:60  [0;39m Time: 2025-04-05T10:08:51.258863300
[2025-04-05 10:13:51] [34mINFO[0;39m [36mg.service.ubs.OrderLockServiceImpl      [0;39m [35m:62  [0;39m Unlock orders
[2025-04-05 10:14:51] [34mINFO[0;39m [36mg.service.ubs.OrderLockServiceImpl      [0;39m [35m:60  [0;39m Time: 2025-04-05T10:09:51.259985
[2025-04-05 10:14:51] [34mINFO[0;39m [36mg.service.ubs.OrderLockServiceImpl      [0;39m [35m:62  [0;39m Unlock orders
[2025-04-05 10:15:51] [34mINFO[0;39m [36mg.service.ubs.OrderLockServiceImpl      [0;39m [35m:60  [0;39m Time: 2025-04-05T10:10:51.261746100
[2025-04-05 10:15:51] [34mINFO[0;39m [36mg.service.ubs.OrderLockServiceImpl      [0;39m [35m:62  [0;39m Unlock orders
[2025-04-05 10:16:51] [34mINFO[0;39m [36mg.service.ubs.OrderLockServiceImpl      [0;39m [35m:60  [0;39m Time: 2025-04-05T10:11:51.267581
[2025-04-05 10:16:51] [34mINFO[0;39m [36mg.service.ubs.OrderLockServiceImpl      [0;39m [35m:62  [0;39m Unlock orders
[2025-04-05 10:17:51] [34mINFO[0;39m [36mg.service.ubs.OrderLockServiceImpl      [0;39m [35m:60  [0;39m Time: 2025-04-05T10:12:51.260758600
[2025-04-05 10:17:51] [34mINFO[0;39m [36mg.service.ubs.OrderLockServiceImpl      [0;39m [35m:62  [0;39m Unlock orders
[2025-04-05 10:18:51] [34mINFO[0;39m [36mg.service.ubs.OrderLockServiceImpl      [0;39m [35m:60  [0;39m Time: 2025-04-05T10:13:51.267935600
[2025-04-05 10:18:51] [34mINFO[0;39m [36mg.service.ubs.OrderLockServiceImpl      [0;39m [35m:62  [0;39m Unlock orders
[2025-04-05 10:19:51] [34mINFO[0;39m [36mg.service.ubs.OrderLockServiceImpl      [0;39m [35m:60  [0;39m Time: 2025-04-05T10:14:51.259110600
[2025-04-05 10:19:51] [34mINFO[0;39m [36mg.service.ubs.OrderLockServiceImpl      [0;39m [35m:62  [0;39m Unlock orders
[2025-04-05 10:20:51] [34mINFO[0;39m [36mg.service.ubs.OrderLockServiceImpl      [0;39m [35m:60  [0;39m Time: 2025-04-05T10:15:51.267611800
[2025-04-05 10:20:51] [34mINFO[0;39m [36mg.service.ubs.OrderLockServiceImpl      [0;39m [35m:62  [0;39m Unlock orders
[2025-04-05 10:21:51] [34mINFO[0;39m [36mg.service.ubs.OrderLockServiceImpl      [0;39m [35m:60  [0;39m Time: 2025-04-05T10:16:51.261049
[2025-04-05 10:21:51] [34mINFO[0;39m [36mg.service.ubs.OrderLockServiceImpl      [0;39m [35m:62  [0;39m Unlock orders
[2025-04-05 10:22:51] [34mINFO[0;39m [36mg.service.ubs.OrderLockServiceImpl      [0;39m [35m:60  [0;39m Time: 2025-04-05T10:17:51.260054400
[2025-04-05 10:22:51] [34mINFO[0;39m [36mg.service.ubs.OrderLockServiceImpl      [0;39m [35m:62  [0;39m Unlock orders
[2025-04-05 10:23:51] [34mINFO[0;39m [36mg.service.ubs.OrderLockServiceImpl      [0;39m [35m:60  [0;39m Time: 2025-04-05T10:18:51.269571100
[2025-04-05 10:23:51] [34mINFO[0;39m [36mg.service.ubs.OrderLockServiceImpl      [0;39m [35m:62  [0;39m Unlock orders
[2025-04-05 10:24:51] [34mINFO[0;39m [36mg.service.ubs.OrderLockServiceImpl      [0;39m [35m:60  [0;39m Time: 2025-04-05T10:19:51.257334700
[2025-04-05 10:24:51] [34mINFO[0;39m [36mg.service.ubs.OrderLockServiceImpl      [0;39m [35m:62  [0;39m Unlock orders
[2025-04-05 10:25:51] [34mINFO[0;39m [36mg.service.ubs.OrderLockServiceImpl      [0;39m [35m:60  [0;39m Time: 2025-04-05T10:20:51.258129200
[2025-04-05 10:25:51] [34mINFO[0;39m [36mg.service.ubs.OrderLockServiceImpl      [0;39m [35m:62  [0;39m Unlock orders
[2025-04-05 10:26:51] [34mINFO[0;39m [36mg.service.ubs.OrderLockServiceImpl      [0;39m [35m:60  [0;39m Time: 2025-04-05T10:21:51.257855700
[2025-04-05 10:26:51] [34mINFO[0;39m [36mg.service.ubs.OrderLockServiceImpl      [0;39m [35m:62  [0;39m Unlock orders
[2025-04-05 10:27:51] [34mINFO[0;39m [36mg.service.ubs.OrderLockServiceImpl      [0;39m [35m:60  [0;39m Time: 2025-04-05T10:22:51.268404
[2025-04-05 10:27:51] [34mINFO[0;39m [36mg.service.ubs.OrderLockServiceImpl      [0;39m [35m:62  [0;39m Unlock orders
[2025-04-05 10:28:51] [34mINFO[0;39m [36mg.service.ubs.OrderLockServiceImpl      [0;39m [35m:60  [0;39m Time: 2025-04-05T10:23:51.265367200
[2025-04-05 10:28:51] [34mINFO[0;39m [36mg.service.ubs.OrderLockServiceImpl      [0;39m [35m:62  [0;39m Unlock orders
[2025-04-05 10:29:51] [34mINFO[0;39m [36mg.service.ubs.OrderLockServiceImpl      [0;39m [35m:60  [0;39m Time: 2025-04-05T10:24:51.271331800
[2025-04-05 10:29:51] [34mINFO[0;39m [36mg.service.ubs.OrderLockServiceImpl      [0;39m [35m:62  [0;39m Unlock orders
[2025-04-05 10:30:51] [34mINFO[0;39m [36mg.service.ubs.OrderLockServiceImpl      [0;39m [35m:60  [0;39m Time: 2025-04-05T10:25:51.262442200
[2025-04-05 10:30:51] [34mINFO[0;39m [36mg.service.ubs.OrderLockServiceImpl      [0;39m [35m:62  [0;39m Unlock orders
[2025-04-05 10:31:51] [34mINFO[0;39m [36mg.service.ubs.OrderLockServiceImpl      [0;39m [35m:60  [0;39m Time: 2025-04-05T10:26:51.261388100
[2025-04-05 10:31:51] [34mINFO[0;39m [36mg.service.ubs.OrderLockServiceImpl      [0;39m [35m:62  [0;39m Unlock orders
[2025-04-05 10:32:51] [34mINFO[0;39m [36mg.service.ubs.OrderLockServiceImpl      [0;39m [35m:60  [0;39m Time: 2025-04-05T10:27:51.266148800
[2025-04-05 10:32:51] [34mINFO[0;39m [36mg.service.ubs.OrderLockServiceImpl      [0;39m [35m:62  [0;39m Unlock orders
[2025-04-05 10:33:51] [34mINFO[0;39m [36mg.service.ubs.OrderLockServiceImpl      [0;39m [35m:60  [0;39m Time: 2025-04-05T10:28:51.259741300
[2025-04-05 10:33:51] [34mINFO[0;39m [36mg.service.ubs.OrderLockServiceImpl      [0;39m [35m:62  [0;39m Unlock orders
[2025-04-05 10:34:51] [34mINFO[0;39m [36mg.service.ubs.OrderLockServiceImpl      [0;39m [35m:60  [0;39m Time: 2025-04-05T10:29:51.260830900
[2025-04-05 10:34:51] [34mINFO[0;39m [36mg.service.ubs.OrderLockServiceImpl      [0;39m [35m:62  [0;39m Unlock orders
[2025-04-05 10:35:51] [34mINFO[0;39m [36mg.service.ubs.OrderLockServiceImpl      [0;39m [35m:60  [0;39m Time: 2025-04-05T10:30:51.263057800
[2025-04-05 10:35:51] [34mINFO[0;39m [36mg.service.ubs.OrderLockServiceImpl      [0;39m [35m:62  [0;39m Unlock orders
[2025-04-05 10:36:51] [34mINFO[0;39m [36mg.service.ubs.OrderLockServiceImpl      [0;39m [35m:60  [0;39m Time: 2025-04-05T10:31:51.258703700
[2025-04-05 10:36:51] [34mINFO[0;39m [36mg.service.ubs.OrderLockServiceImpl      [0;39m [35m:62  [0;39m Unlock orders
[2025-04-05 10:37:51] [34mINFO[0;39m [36mg.service.ubs.OrderLockServiceImpl      [0;39m [35m:60  [0;39m Time: 2025-04-05T10:32:51.257623400
[2025-04-05 10:37:51] [34mINFO[0;39m [36mg.service.ubs.OrderLockServiceImpl      [0;39m [35m:62  [0;39m Unlock orders
[2025-04-05 10:38:51] [34mINFO[0;39m [36mg.service.ubs.OrderLockServiceImpl      [0;39m [35m:60  [0;39m Time: 2025-04-05T10:33:51.272033200
[2025-04-05 10:38:51] [34mINFO[0;39m [36mg.service.ubs.OrderLockServiceImpl      [0;39m [35m:62  [0;39m Unlock orders
[2025-04-05 10:39:51] [34mINFO[0;39m [36mg.service.ubs.OrderLockServiceImpl      [0;39m [35m:60  [0;39m Time: 2025-04-05T10:34:51.258755900
[2025-04-05 10:39:51] [34mINFO[0;39m [36mg.service.ubs.OrderLockServiceImpl      [0;39m [35m:62  [0;39m Unlock orders
[2025-04-05 10:40:51] [34mINFO[0;39m [36mg.service.ubs.OrderLockServiceImpl      [0;39m [35m:60  [0;39m Time: 2025-04-05T10:35:51.267618900
[2025-04-05 10:40:51] [34mINFO[0;39m [36mg.service.ubs.OrderLockServiceImpl      [0;39m [35m:62  [0;39m Unlock orders
[2025-04-05 10:41:51] [34mINFO[0;39m [36mg.service.ubs.OrderLockServiceImpl      [0;39m [35m:60  [0;39m Time: 2025-04-05T10:36:51.268971200
[2025-04-05 10:41:51] [34mINFO[0;39m [36mg.service.ubs.OrderLockServiceImpl      [0;39m [35m:62  [0;39m Unlock orders
[2025-04-05 10:42:51] [34mINFO[0;39m [36mg.service.ubs.OrderLockServiceImpl      [0;39m [35m:60  [0;39m Time: 2025-04-05T10:37:51.259805400
[2025-04-05 10:42:51] [34mINFO[0;39m [36mg.service.ubs.OrderLockServiceImpl      [0;39m [35m:62  [0;39m Unlock orders
[2025-04-05 10:43:51] [34mINFO[0;39m [36mg.service.ubs.OrderLockServiceImpl      [0;39m [35m:60  [0;39m Time: 2025-04-05T10:38:51.261497600
[2025-04-05 10:43:51] [34mINFO[0;39m [36mg.service.ubs.OrderLockServiceImpl      [0;39m [35m:62  [0;39m Unlock orders
[2025-04-05 10:44:51] [34mINFO[0;39m [36mg.service.ubs.OrderLockServiceImpl      [0;39m [35m:60  [0;39m Time: 2025-04-05T10:39:51.273910
[2025-04-05 10:44:51] [34mINFO[0;39m [36mg.service.ubs.OrderLockServiceImpl      [0;39m [35m:62  [0;39m Unlock orders
[2025-04-05 10:45:51] [34mINFO[0;39m [36mg.service.ubs.OrderLockServiceImpl      [0;39m [35m:60  [0;39m Time: 2025-04-05T10:40:51.267492600
[2025-04-05 10:45:51] [34mINFO[0;39m [36mg.service.ubs.OrderLockServiceImpl      [0;39m [35m:62  [0;39m Unlock orders
[2025-04-05 10:46:51] [34mINFO[0;39m [36mg.service.ubs.OrderLockServiceImpl      [0;39m [35m:60  [0;39m Time: 2025-04-05T10:41:51.270623200
[2025-04-05 10:46:51] [34mINFO[0;39m [36mg.service.ubs.OrderLockServiceImpl      [0;39m [35m:62  [0;39m Unlock orders
[2025-04-05 10:47:51] [34mINFO[0;39m [36mg.service.ubs.OrderLockServiceImpl      [0;39m [35m:60  [0;39m Time: 2025-04-05T10:42:51.267189100
[2025-04-05 10:47:51] [34mINFO[0;39m [36mg.service.ubs.OrderLockServiceImpl      [0;39m [35m:62  [0;39m Unlock orders
[2025-04-05 10:48:51] [34mINFO[0;39m [36mg.service.ubs.OrderLockServiceImpl      [0;39m [35m:60  [0;39m Time: 2025-04-05T10:43:51.266901500
[2025-04-05 10:48:51] [34mINFO[0;39m [36mg.service.ubs.OrderLockServiceImpl      [0;39m [35m:62  [0;39m Unlock orders
[2025-04-05 10:49:51] [34mINFO[0;39m [36mg.service.ubs.OrderLockServiceImpl      [0;39m [35m:60  [0;39m Time: 2025-04-05T10:44:51.261341400
[2025-04-05 10:49:51] [34mINFO[0;39m [36mg.service.ubs.OrderLockServiceImpl      [0;39m [35m:62  [0;39m Unlock orders
[2025-04-05 10:50:51] [34mINFO[0;39m [36mg.service.ubs.OrderLockServiceImpl      [0;39m [35m:60  [0;39m Time: 2025-04-05T10:45:51.263286300
[2025-04-05 10:50:51] [34mINFO[0;39m [36mg.service.ubs.OrderLockServiceImpl      [0;39m [35m:62  [0;39m Unlock orders
[2025-04-05 10:51:51] [34mINFO[0;39m [36mg.service.ubs.OrderLockServiceImpl      [0;39m [35m:60  [0;39m Time: 2025-04-05T10:46:51.269411900
[2025-04-05 10:51:51] [34mINFO[0;39m [36mg.service.ubs.OrderLockServiceImpl      [0;39m [35m:62  [0;39m Unlock orders
[2025-04-05 10:52:51] [34mINFO[0;39m [36mg.service.ubs.OrderLockServiceImpl      [0;39m [35m:60  [0;39m Time: 2025-04-05T10:47:51.258797300
[2025-04-05 10:52:51] [34mINFO[0;39m [36mg.service.ubs.OrderLockServiceImpl      [0;39m [35m:62  [0;39m Unlock orders
[2025-04-05 10:53:51] [34mINFO[0;39m [36mg.service.ubs.OrderLockServiceImpl      [0;39m [35m:60  [0;39m Time: 2025-04-05T10:48:51.261910700
[2025-04-05 10:53:51] [34mINFO[0;39m [36mg.service.ubs.OrderLockServiceImpl      [0;39m [35m:62  [0;39m Unlock orders
[2025-04-05 10:54:51] [34mINFO[0;39m [36mg.service.ubs.OrderLockServiceImpl      [0;39m [35m:60  [0;39m Time: 2025-04-05T10:49:51.270706800
[2025-04-05 10:54:51] [34mINFO[0;39m [36mg.service.ubs.OrderLockServiceImpl      [0;39m [35m:62  [0;39m Unlock orders
[2025-04-05 10:55:51] [34mINFO[0;39m [36mg.service.ubs.OrderLockServiceImpl      [0;39m [35m:60  [0;39m Time: 2025-04-05T10:50:51.266528100
[2025-04-05 10:55:51] [34mINFO[0;39m [36mg.service.ubs.OrderLockServiceImpl      [0;39m [35m:62  [0;39m Unlock orders
[2025-04-05 10:56:51] [34mINFO[0;39m [36mg.service.ubs.OrderLockServiceImpl      [0;39m [35m:60  [0;39m Time: 2025-04-05T10:51:51.269468900
[2025-04-05 10:56:51] [34mINFO[0;39m [36mg.service.ubs.OrderLockServiceImpl      [0;39m [35m:62  [0;39m Unlock orders
[2025-04-05 10:57:51] [34mINFO[0;39m [36mg.service.ubs.OrderLockServiceImpl      [0;39m [35m:60  [0;39m Time: 2025-04-05T10:52:51.270411100
[2025-04-05 10:57:51] [34mINFO[0;39m [36mg.service.ubs.OrderLockServiceImpl      [0;39m [35m:62  [0;39m Unlock orders
[2025-04-05 10:58:51] [34mINFO[0;39m [36mg.service.ubs.OrderLockServiceImpl      [0;39m [35m:60  [0;39m Time: 2025-04-05T10:53:51.269680200
[2025-04-05 10:58:51] [34mINFO[0;39m [36mg.service.ubs.OrderLockServiceImpl      [0;39m [35m:62  [0;39m Unlock orders
[2025-04-05 10:59:51] [34mINFO[0;39m [36mg.service.ubs.OrderLockServiceImpl      [0;39m [35m:60  [0;39m Time: 2025-04-05T10:54:51.271923800
[2025-04-05 10:59:51] [34mINFO[0;39m [36mg.service.ubs.OrderLockServiceImpl      [0;39m [35m:62  [0;39m Unlock orders
[2025-04-05 11:00:51] [34mINFO[0;39m [36mg.service.ubs.OrderLockServiceImpl      [0;39m [35m:60  [0;39m Time: 2025-04-05T10:55:51.262847100
[2025-04-05 11:00:51] [34mINFO[0;39m [36mg.service.ubs.OrderLockServiceImpl      [0;39m [35m:62  [0;39m Unlock orders
[2025-04-05 11:01:51] [34mINFO[0;39m [36mg.service.ubs.OrderLockServiceImpl      [0;39m [35m:60  [0;39m Time: 2025-04-05T10:56:51.267865100
[2025-04-05 11:01:51] [34mINFO[0;39m [36mg.service.ubs.OrderLockServiceImpl      [0;39m [35m:62  [0;39m Unlock orders
[2025-04-05 11:02:51] [34mINFO[0;39m [36mg.service.ubs.OrderLockServiceImpl      [0;39m [35m:60  [0;39m Time: 2025-04-05T10:57:51.268008
[2025-04-05 11:02:51] [34mINFO[0;39m [36mg.service.ubs.OrderLockServiceImpl      [0;39m [35m:62  [0;39m Unlock orders
[2025-04-05 11:03:51] [34mINFO[0;39m [36mg.service.ubs.OrderLockServiceImpl      [0;39m [35m:60  [0;39m Time: 2025-04-05T10:58:51.260970300
[2025-04-05 11:03:51] [34mINFO[0;39m [36mg.service.ubs.OrderLockServiceImpl      [0;39m [35m:62  [0;39m Unlock orders
[2025-04-05 11:04:51] [34mINFO[0;39m [36mg.service.ubs.OrderLockServiceImpl      [0;39m [35m:60  [0;39m Time: 2025-04-05T10:59:51.264064500
[2025-04-05 11:04:51] [34mINFO[0;39m [36mg.service.ubs.OrderLockServiceImpl      [0;39m [35m:62  [0;39m Unlock orders
[2025-04-05 11:05:51] [34mINFO[0;39m [36mg.service.ubs.OrderLockServiceImpl      [0;39m [35m:60  [0;39m Time: 2025-04-05T11:00:51.260081900
[2025-04-05 11:05:51] [34mINFO[0;39m [36mg.service.ubs.OrderLockServiceImpl      [0;39m [35m:62  [0;39m Unlock orders
[2025-04-05 11:06:51] [34mINFO[0;39m [36mg.service.ubs.OrderLockServiceImpl      [0;39m [35m:60  [0;39m Time: 2025-04-05T11:01:51.262268100
[2025-04-05 11:06:51] [34mINFO[0;39m [36mg.service.ubs.OrderLockServiceImpl      [0;39m [35m:62  [0;39m Unlock orders
[2025-04-05 11:07:51] [34mINFO[0;39m [36mg.service.ubs.OrderLockServiceImpl      [0;39m [35m:60  [0;39m Time: 2025-04-05T11:02:51.262967900
[2025-04-05 11:07:51] [34mINFO[0;39m [36mg.service.ubs.OrderLockServiceImpl      [0;39m [35m:62  [0;39m Unlock orders
[2025-04-05 11:08:51] [34mINFO[0;39m [36mg.service.ubs.OrderLockServiceImpl      [0;39m [35m:60  [0;39m Time: 2025-04-05T11:03:51.263351100
[2025-04-05 11:08:51] [34mINFO[0;39m [36mg.service.ubs.OrderLockServiceImpl      [0;39m [35m:62  [0;39m Unlock orders
[2025-04-05 11:09:51] [34mINFO[0;39m [36mg.service.ubs.OrderLockServiceImpl      [0;39m [35m:60  [0;39m Time: 2025-04-05T11:04:51.270474300
[2025-04-05 11:09:51] [34mINFO[0;39m [36mg.service.ubs.OrderLockServiceImpl      [0;39m [35m:62  [0;39m Unlock orders
[2025-04-05 11:10:51] [34mINFO[0;39m [36mg.service.ubs.OrderLockServiceImpl      [0;39m [35m:60  [0;39m Time: 2025-04-05T11:05:51.264027600
[2025-04-05 11:10:51] [34mINFO[0;39m [36mg.service.ubs.OrderLockServiceImpl      [0;39m [35m:62  [0;39m Unlock orders
[2025-04-05 11:11:51] [34mINFO[0;39m [36mg.service.ubs.OrderLockServiceImpl      [0;39m [35m:60  [0;39m Time: 2025-04-05T11:06:51.265383200
[2025-04-05 11:11:51] [34mINFO[0;39m [36mg.service.ubs.OrderLockServiceImpl      [0;39m [35m:62  [0;39m Unlock orders
[2025-04-05 11:31:06] [31mWARN[0;39m [36mcom.zaxxer.hikari.pool.HikariPool       [0;39m [35m:804 [0;39m HikariPool-1 - Thread starvation or clock leap detected (housekeeper delta=19m2s371ms878µs400ns).
[2025-04-05 11:31:23] [34mINFO[0;39m [36mg.service.ubs.OrderLockServiceImpl      [0;39m [35m:60  [0;39m Time: 2025-04-05T11:26:23.625588600
[2025-04-05 11:31:23] [34mINFO[0;39m [36mg.service.ubs.OrderLockServiceImpl      [0;39m [35m:62  [0;39m Unlock orders
[2025-04-05 11:31:23] [34mINFO[0;39m [36mg.service.ubs.OrderLockServiceImpl      [0;39m [35m:60  [0;39m Time: 2025-04-05T11:26:23.635585400
[2025-04-05 11:31:23] [34mINFO[0;39m [36mg.service.ubs.OrderLockServiceImpl      [0;39m [35m:62  [0;39m Unlock orders
[2025-04-05 11:31:23] [34mINFO[0;39m [36mg.service.ubs.OrderLockServiceImpl      [0;39m [35m:60  [0;39m Time: 2025-04-05T11:26:23.637586500
[2025-04-05 11:31:23] [34mINFO[0;39m [36mg.service.ubs.OrderLockServiceImpl      [0;39m [35m:62  [0;39m Unlock orders
[2025-04-05 11:31:23] [34mINFO[0;39m [36mg.service.ubs.OrderLockServiceImpl      [0;39m [35m:60  [0;39m Time: 2025-04-05T11:26:23.639585800
[2025-04-05 11:31:23] [34mINFO[0;39m [36mg.service.ubs.OrderLockServiceImpl      [0;39m [35m:62  [0;39m Unlock orders
[2025-04-05 11:31:23] [34mINFO[0;39m [36mg.service.ubs.OrderLockServiceImpl      [0;39m [35m:60  [0;39m Time: 2025-04-05T11:26:23.640586900
[2025-04-05 11:31:23] [34mINFO[0;39m [36mg.service.ubs.OrderLockServiceImpl      [0;39m [35m:62  [0;39m Unlock orders
[2025-04-05 11:31:23] [34mINFO[0;39m [36mg.service.ubs.OrderLockServiceImpl      [0;39m [35m:60  [0;39m Time: 2025-04-05T11:26:23.642587400
[2025-04-05 11:31:23] [34mINFO[0;39m [36mg.service.ubs.OrderLockServiceImpl      [0;39m [35m:62  [0;39m Unlock orders
[2025-04-05 11:31:23] [34mINFO[0;39m [36mg.service.ubs.OrderLockServiceImpl      [0;39m [35m:60  [0;39m Time: 2025-04-05T11:26:23.644588400
[2025-04-05 11:31:23] [34mINFO[0;39m [36mg.service.ubs.OrderLockServiceImpl      [0;39m [35m:62  [0;39m Unlock orders
[2025-04-05 11:31:23] [34mINFO[0;39m [36mg.service.ubs.OrderLockServiceImpl      [0;39m [35m:60  [0;39m Time: 2025-04-05T11:26:23.647585800
[2025-04-05 11:31:23] [34mINFO[0;39m [36mg.service.ubs.OrderLockServiceImpl      [0;39m [35m:62  [0;39m Unlock orders
[2025-04-05 11:31:23] [34mINFO[0;39m [36mg.service.ubs.OrderLockServiceImpl      [0;39m [35m:60  [0;39m Time: 2025-04-05T11:26:23.650586200
[2025-04-05 11:31:23] [34mINFO[0;39m [36mg.service.ubs.OrderLockServiceImpl      [0;39m [35m:62  [0;39m Unlock orders
[2025-04-05 11:31:23] [34mINFO[0;39m [36mg.service.ubs.OrderLockServiceImpl      [0;39m [35m:60  [0;39m Time: 2025-04-05T11:26:23.653587300
[2025-04-05 11:31:23] [34mINFO[0;39m [36mg.service.ubs.OrderLockServiceImpl      [0;39m [35m:62  [0;39m Unlock orders
[2025-04-05 11:31:23] [34mINFO[0;39m [36mg.service.ubs.OrderLockServiceImpl      [0;39m [35m:60  [0;39m Time: 2025-04-05T11:26:23.656586400
[2025-04-05 11:31:23] [34mINFO[0;39m [36mg.service.ubs.OrderLockServiceImpl      [0;39m [35m:62  [0;39m Unlock orders
[2025-04-05 11:31:23] [34mINFO[0;39m [36mg.service.ubs.OrderLockServiceImpl      [0;39m [35m:60  [0;39m Time: 2025-04-05T11:26:23.658586200
[2025-04-05 11:31:23] [34mINFO[0;39m [36mg.service.ubs.OrderLockServiceImpl      [0;39m [35m:62  [0;39m Unlock orders
[2025-04-05 11:31:23] [34mINFO[0;39m [36mg.service.ubs.OrderLockServiceImpl      [0;39m [35m:60  [0;39m Time: 2025-04-05T11:26:23.659587700
[2025-04-05 11:31:23] [34mINFO[0;39m [36mg.service.ubs.OrderLockServiceImpl      [0;39m [35m:62  [0;39m Unlock orders
[2025-04-05 11:31:23] [34mINFO[0;39m [36mg.service.ubs.OrderLockServiceImpl      [0;39m [35m:60  [0;39m Time: 2025-04-05T11:26:23.661586200
[2025-04-05 11:31:23] [34mINFO[0;39m [36mg.service.ubs.OrderLockServiceImpl      [0;39m [35m:62  [0;39m Unlock orders
[2025-04-05 11:31:23] [34mINFO[0;39m [36mg.service.ubs.OrderLockServiceImpl      [0;39m [35m:60  [0;39m Time: 2025-04-05T11:26:23.662587800
[2025-04-05 11:31:23] [34mINFO[0;39m [36mg.service.ubs.OrderLockServiceImpl      [0;39m [35m:62  [0;39m Unlock orders
[2025-04-05 11:31:23] [34mINFO[0;39m [36mg.service.ubs.OrderLockServiceImpl      [0;39m [35m:60  [0;39m Time: 2025-04-05T11:26:23.663586300
[2025-04-05 11:31:23] [34mINFO[0;39m [36mg.service.ubs.OrderLockServiceImpl      [0;39m [35m:62  [0;39m Unlock orders
[2025-04-05 11:31:23] [34mINFO[0;39m [36mg.service.ubs.OrderLockServiceImpl      [0;39m [35m:60  [0;39m Time: 2025-04-05T11:26:23.665588300
[2025-04-05 11:31:23] [34mINFO[0;39m [36mg.service.ubs.OrderLockServiceImpl      [0;39m [35m:62  [0;39m Unlock orders
[2025-04-05 11:31:23] [34mINFO[0;39m [36mg.service.ubs.OrderLockServiceImpl      [0;39m [35m:60  [0;39m Time: 2025-04-05T11:26:23.667591500
[2025-04-05 11:31:23] [34mINFO[0;39m [36mg.service.ubs.OrderLockServiceImpl      [0;39m [35m:62  [0;39m Unlock orders
[2025-04-05 11:31:23] [34mINFO[0;39m [36mg.service.ubs.OrderLockServiceImpl      [0;39m [35m:60  [0;39m Time: 2025-04-05T11:26:23.669585800
[2025-04-05 11:31:23] [34mINFO[0;39m [36mg.service.ubs.OrderLockServiceImpl      [0;39m [35m:62  [0;39m Unlock orders
[2025-04-05 11:31:51] [34mINFO[0;39m [36mg.service.ubs.OrderLockServiceImpl      [0;39m [35m:60  [0;39m Time: 2025-04-05T11:26:51.261040100
[2025-04-05 11:31:51] [34mINFO[0;39m [36mg.service.ubs.OrderLockServiceImpl      [0;39m [35m:62  [0;39m Unlock orders
[2025-04-05 11:32:51] [34mINFO[0;39m [36mg.service.ubs.OrderLockServiceImpl      [0;39m [35m:60  [0;39m Time: 2025-04-05T11:27:51.271546100
[2025-04-05 11:32:51] [34mINFO[0;39m [36mg.service.ubs.OrderLockServiceImpl      [0;39m [35m:62  [0;39m Unlock orders
[2025-04-05 11:33:51] [34mINFO[0;39m [36mg.service.ubs.OrderLockServiceImpl      [0;39m [35m:60  [0;39m Time: 2025-04-05T11:28:51.260461800
[2025-04-05 11:33:51] [34mINFO[0;39m [36mg.service.ubs.OrderLockServiceImpl      [0;39m [35m:62  [0;39m Unlock orders
[2025-04-05 11:34:51] [34mINFO[0;39m [36mg.service.ubs.OrderLockServiceImpl      [0;39m [35m:60  [0;39m Time: 2025-04-05T11:29:51.270158600
[2025-04-05 11:34:51] [34mINFO[0;39m [36mg.service.ubs.OrderLockServiceImpl      [0;39m [35m:62  [0;39m Unlock orders
[2025-04-05 11:35:51] [34mINFO[0;39m [36mg.service.ubs.OrderLockServiceImpl      [0;39m [35m:60  [0;39m Time: 2025-04-05T11:30:51.264155300
[2025-04-05 11:35:51] [34mINFO[0;39m [36mg.service.ubs.OrderLockServiceImpl      [0;39m [35m:62  [0;39m Unlock orders
[2025-04-05 11:36:51] [34mINFO[0;39m [36mg.service.ubs.OrderLockServiceImpl      [0;39m [35m:60  [0;39m Time: 2025-04-05T11:31:51.269128800
[2025-04-05 11:36:51] [34mINFO[0;39m [36mg.service.ubs.OrderLockServiceImpl      [0;39m [35m:62  [0;39m Unlock orders
[2025-04-05 11:37:51] [34mINFO[0;39m [36mg.service.ubs.OrderLockServiceImpl      [0;39m [35m:60  [0;39m Time: 2025-04-05T11:32:51.264860400
[2025-04-05 11:37:51] [34mINFO[0;39m [36mg.service.ubs.OrderLockServiceImpl      [0;39m [35m:62  [0;39m Unlock orders
[2025-04-05 11:38:51] [34mINFO[0;39m [36mg.service.ubs.OrderLockServiceImpl      [0;39m [35m:60  [0;39m Time: 2025-04-05T11:33:51.264339900
[2025-04-05 11:38:51] [34mINFO[0;39m [36mg.service.ubs.OrderLockServiceImpl      [0;39m [35m:62  [0;39m Unlock orders
[2025-04-05 11:39:51] [34mINFO[0;39m [36mg.service.ubs.OrderLockServiceImpl      [0;39m [35m:60  [0;39m Time: 2025-04-05T11:34:51.266375900
[2025-04-05 11:39:51] [34mINFO[0;39m [36mg.service.ubs.OrderLockServiceImpl      [0;39m [35m:62  [0;39m Unlock orders
[2025-04-05 11:40:51] [34mINFO[0;39m [36mg.service.ubs.OrderLockServiceImpl      [0;39m [35m:60  [0;39m Time: 2025-04-05T11:35:51.264054600
[2025-04-05 11:40:51] [34mINFO[0;39m [36mg.service.ubs.OrderLockServiceImpl      [0;39m [35m:62  [0;39m Unlock orders
[2025-04-05 11:41:51] [34mINFO[0;39m [36mg.service.ubs.OrderLockServiceImpl      [0;39m [35m:60  [0;39m Time: 2025-04-05T11:36:51.257956900
[2025-04-05 11:41:51] [34mINFO[0;39m [36mg.service.ubs.OrderLockServiceImpl      [0;39m [35m:62  [0;39m Unlock orders
[2025-04-05 11:42:51] [34mINFO[0;39m [36mg.service.ubs.OrderLockServiceImpl      [0;39m [35m:60  [0;39m Time: 2025-04-05T11:37:51.261701400
[2025-04-05 11:42:51] [34mINFO[0;39m [36mg.service.ubs.OrderLockServiceImpl      [0;39m [35m:62  [0;39m Unlock orders
[2025-04-05 11:43:51] [34mINFO[0;39m [36mg.service.ubs.OrderLockServiceImpl      [0;39m [35m:60  [0;39m Time: 2025-04-05T11:38:51.257998200
[2025-04-05 11:43:51] [34mINFO[0;39m [36mg.service.ubs.OrderLockServiceImpl      [0;39m [35m:62  [0;39m Unlock orders
[2025-04-05 11:44:51] [34mINFO[0;39m [36mg.service.ubs.OrderLockServiceImpl      [0;39m [35m:60  [0;39m Time: 2025-04-05T11:39:51.260415500
[2025-04-05 11:44:51] [34mINFO[0;39m [36mg.service.ubs.OrderLockServiceImpl      [0;39m [35m:62  [0;39m Unlock orders
[2025-04-05 11:45:51] [34mINFO[0;39m [36mg.service.ubs.OrderLockServiceImpl      [0;39m [35m:60  [0;39m Time: 2025-04-05T11:40:51.258800900
[2025-04-05 11:45:51] [34mINFO[0;39m [36mg.service.ubs.OrderLockServiceImpl      [0;39m [35m:62  [0;39m Unlock orders
[2025-04-05 11:46:51] [34mINFO[0;39m [36mg.service.ubs.OrderLockServiceImpl      [0;39m [35m:60  [0;39m Time: 2025-04-05T11:41:51.267950
[2025-04-05 11:46:51] [34mINFO[0;39m [36mg.service.ubs.OrderLockServiceImpl      [0;39m [35m:62  [0;39m Unlock orders
[2025-04-05 11:47:51] [34mINFO[0;39m [36mg.service.ubs.OrderLockServiceImpl      [0;39m [35m:60  [0;39m Time: 2025-04-05T11:42:51.270426400
[2025-04-05 11:47:51] [34mINFO[0;39m [36mg.service.ubs.OrderLockServiceImpl      [0;39m [35m:62  [0;39m Unlock orders
[2025-04-05 11:48:51] [34mINFO[0;39m [36mg.service.ubs.OrderLockServiceImpl      [0;39m [35m:60  [0;39m Time: 2025-04-05T11:43:51.263311400
[2025-04-05 11:48:51] [34mINFO[0;39m [36mg.service.ubs.OrderLockServiceImpl      [0;39m [35m:62  [0;39m Unlock orders
[2025-04-05 11:49:51] [34mINFO[0;39m [36mg.service.ubs.OrderLockServiceImpl      [0;39m [35m:60  [0;39m Time: 2025-04-05T11:44:51.271162500
[2025-04-05 11:49:51] [34mINFO[0;39m [36mg.service.ubs.OrderLockServiceImpl      [0;39m [35m:62  [0;39m Unlock orders
[2025-04-05 11:50:51] [34mINFO[0;39m [36mg.service.ubs.OrderLockServiceImpl      [0;39m [35m:60  [0;39m Time: 2025-04-05T11:45:51.269053500
[2025-04-05 11:50:51] [34mINFO[0;39m [36mg.service.ubs.OrderLockServiceImpl      [0;39m [35m:62  [0;39m Unlock orders
[2025-04-05 11:51:51] [34mINFO[0;39m [36mg.service.ubs.OrderLockServiceImpl      [0;39m [35m:60  [0;39m Time: 2025-04-05T11:46:51.270301600
[2025-04-05 11:51:51] [34mINFO[0;39m [36mg.service.ubs.OrderLockServiceImpl      [0;39m [35m:62  [0;39m Unlock orders
[2025-04-05 11:52:51] [34mINFO[0;39m [36mg.service.ubs.OrderLockServiceImpl      [0;39m [35m:60  [0;39m Time: 2025-04-05T11:47:51.273809900
[2025-04-05 11:52:51] [34mINFO[0;39m [36mg.service.ubs.OrderLockServiceImpl      [0;39m [35m:62  [0;39m Unlock orders
[2025-04-05 11:53:51] [34mINFO[0;39m [36mg.service.ubs.OrderLockServiceImpl      [0;39m [35m:60  [0;39m Time: 2025-04-05T11:48:51.260104500
[2025-04-05 11:53:51] [34mINFO[0;39m [36mg.service.ubs.OrderLockServiceImpl      [0;39m [35m:62  [0;39m Unlock orders
[2025-04-05 11:54:51] [34mINFO[0;39m [36mg.service.ubs.OrderLockServiceImpl      [0;39m [35m:60  [0;39m Time: 2025-04-05T11:49:51.269026500
[2025-04-05 11:54:51] [34mINFO[0;39m [36mg.service.ubs.OrderLockServiceImpl      [0;39m [35m:62  [0;39m Unlock orders
[2025-04-05 11:55:51] [34mINFO[0;39m [36mg.service.ubs.OrderLockServiceImpl      [0;39m [35m:60  [0;39m Time: 2025-04-05T11:50:51.269012
[2025-04-05 11:55:51] [34mINFO[0;39m [36mg.service.ubs.OrderLockServiceImpl      [0;39m [35m:62  [0;39m Unlock orders
[2025-04-05 11:56:51] [34mINFO[0;39m [36mg.service.ubs.OrderLockServiceImpl      [0;39m [35m:60  [0;39m Time: 2025-04-05T11:51:51.269516900
[2025-04-05 11:56:51] [34mINFO[0;39m [36mg.service.ubs.OrderLockServiceImpl      [0;39m [35m:62  [0;39m Unlock orders
[2025-04-05 11:57:51] [34mINFO[0;39m [36mg.service.ubs.OrderLockServiceImpl      [0;39m [35m:60  [0;39m Time: 2025-04-05T11:52:51.263734400
[2025-04-05 11:57:51] [34mINFO[0;39m [36mg.service.ubs.OrderLockServiceImpl      [0;39m [35m:62  [0;39m Unlock orders
[2025-04-05 11:58:51] [34mINFO[0;39m [36mg.service.ubs.OrderLockServiceImpl      [0;39m [35m:60  [0;39m Time: 2025-04-05T11:53:51.257872800
[2025-04-05 11:58:51] [34mINFO[0;39m [36mg.service.ubs.OrderLockServiceImpl      [0;39m [35m:62  [0;39m Unlock orders
[2025-04-05 11:59:51] [34mINFO[0;39m [36mg.service.ubs.OrderLockServiceImpl      [0;39m [35m:60  [0;39m Time: 2025-04-05T11:54:51.263857400
[2025-04-05 11:59:51] [34mINFO[0;39m [36mg.service.ubs.OrderLockServiceImpl      [0;39m [35m:62  [0;39m Unlock orders
[2025-04-05 12:00:51] [34mINFO[0;39m [36mg.service.ubs.OrderLockServiceImpl      [0;39m [35m:60  [0;39m Time: 2025-04-05T11:55:51.265997700
[2025-04-05 12:00:51] [34mINFO[0;39m [36mg.service.ubs.OrderLockServiceImpl      [0;39m [35m:62  [0;39m Unlock orders
[2025-04-05 12:01:51] [34mINFO[0;39m [36mg.service.ubs.OrderLockServiceImpl      [0;39m [35m:60  [0;39m Time: 2025-04-05T11:56:51.266015800
[2025-04-05 12:01:51] [34mINFO[0;39m [36mg.service.ubs.OrderLockServiceImpl      [0;39m [35m:62  [0;39m Unlock orders
[2025-04-05 12:02:51] [34mINFO[0;39m [36mg.service.ubs.OrderLockServiceImpl      [0;39m [35m:60  [0;39m Time: 2025-04-05T11:57:51.258264900
[2025-04-05 12:02:51] [34mINFO[0;39m [36mg.service.ubs.OrderLockServiceImpl      [0;39m [35m:62  [0;39m Unlock orders
[2025-04-05 12:03:51] [34mINFO[0;39m [36mg.service.ubs.OrderLockServiceImpl      [0;39m [35m:60  [0;39m Time: 2025-04-05T11:58:51.260418400
[2025-04-05 12:03:51] [34mINFO[0;39m [36mg.service.ubs.OrderLockServiceImpl      [0;39m [35m:62  [0;39m Unlock orders
[2025-04-05 12:04:51] [34mINFO[0;39m [36mg.service.ubs.OrderLockServiceImpl      [0;39m [35m:60  [0;39m Time: 2025-04-05T11:59:51.258261
[2025-04-05 12:04:51] [34mINFO[0;39m [36mg.service.ubs.OrderLockServiceImpl      [0;39m [35m:62  [0;39m Unlock orders
[2025-04-05 12:05:51] [34mINFO[0;39m [36mg.service.ubs.OrderLockServiceImpl      [0;39m [35m:60  [0;39m Time: 2025-04-05T12:00:51.261493400
[2025-04-05 12:05:51] [34mINFO[0;39m [36mg.service.ubs.OrderLockServiceImpl      [0;39m [35m:62  [0;39m Unlock orders
[2025-04-05 12:06:51] [34mINFO[0;39m [36mg.service.ubs.OrderLockServiceImpl      [0;39m [35m:60  [0;39m Time: 2025-04-05T12:01:51.257485500
[2025-04-05 12:06:51] [34mINFO[0;39m [36mg.service.ubs.OrderLockServiceImpl      [0;39m [35m:62  [0;39m Unlock orders
[2025-04-05 12:07:51] [34mINFO[0;39m [36mg.service.ubs.OrderLockServiceImpl      [0;39m [35m:60  [0;39m Time: 2025-04-05T12:02:51.258649200
[2025-04-05 12:07:51] [34mINFO[0;39m [36mg.service.ubs.OrderLockServiceImpl      [0;39m [35m:62  [0;39m Unlock orders
[2025-04-05 12:08:51] [34mINFO[0;39m [36mg.service.ubs.OrderLockServiceImpl      [0;39m [35m:60  [0;39m Time: 2025-04-05T12:03:51.262884400
[2025-04-05 12:08:51] [34mINFO[0;39m [36mg.service.ubs.OrderLockServiceImpl      [0;39m [35m:62  [0;39m Unlock orders
[2025-04-05 12:09:51] [34mINFO[0;39m [36mg.service.ubs.OrderLockServiceImpl      [0;39m [35m:60  [0;39m Time: 2025-04-05T12:04:51.260063200
[2025-04-05 12:09:51] [34mINFO[0;39m [36mg.service.ubs.OrderLockServiceImpl      [0;39m [35m:62  [0;39m Unlock orders
[2025-04-05 12:10:51] [34mINFO[0;39m [36mg.service.ubs.OrderLockServiceImpl      [0;39m [35m:60  [0;39m Time: 2025-04-05T12:05:51.260739100
[2025-04-05 12:10:51] [34mINFO[0;39m [36mg.service.ubs.OrderLockServiceImpl      [0;39m [35m:62  [0;39m Unlock orders
[2025-04-05 12:11:51] [34mINFO[0;39m [36mg.service.ubs.OrderLockServiceImpl      [0;39m [35m:60  [0;39m Time: 2025-04-05T12:06:51.257445500
[2025-04-05 12:11:51] [34mINFO[0;39m [36mg.service.ubs.OrderLockServiceImpl      [0;39m [35m:62  [0;39m Unlock orders
[2025-04-05 12:12:51] [34mINFO[0;39m [36mg.service.ubs.OrderLockServiceImpl      [0;39m [35m:60  [0;39m Time: 2025-04-05T12:07:51.259462800
[2025-04-05 12:12:51] [34mINFO[0;39m [36mg.service.ubs.OrderLockServiceImpl      [0;39m [35m:62  [0;39m Unlock orders
[2025-04-05 12:13:51] [34mINFO[0;39m [36mg.service.ubs.OrderLockServiceImpl      [0;39m [35m:60  [0;39m Time: 2025-04-05T12:08:51.270838
[2025-04-05 12:13:51] [34mINFO[0;39m [36mg.service.ubs.OrderLockServiceImpl      [0;39m [35m:62  [0;39m Unlock orders
[2025-04-05 12:14:51] [34mINFO[0;39m [36mg.service.ubs.OrderLockServiceImpl      [0;39m [35m:60  [0;39m Time: 2025-04-05T12:09:51.266251600
[2025-04-05 12:14:51] [34mINFO[0;39m [36mg.service.ubs.OrderLockServiceImpl      [0;39m [35m:62  [0;39m Unlock orders
[2025-04-05 12:15:51] [34mINFO[0;39m [36mg.service.ubs.OrderLockServiceImpl      [0;39m [35m:60  [0;39m Time: 2025-04-05T12:10:51.260861400
[2025-04-05 12:15:51] [34mINFO[0;39m [36mg.service.ubs.OrderLockServiceImpl      [0;39m [35m:62  [0;39m Unlock orders
[2025-04-05 12:16:51] [34mINFO[0;39m [36mg.service.ubs.OrderLockServiceImpl      [0;39m [35m:60  [0;39m Time: 2025-04-05T12:11:51.267850300
[2025-04-05 12:16:51] [34mINFO[0;39m [36mg.service.ubs.OrderLockServiceImpl      [0;39m [35m:62  [0;39m Unlock orders
[2025-04-05 12:17:51] [34mINFO[0;39m [36mg.service.ubs.OrderLockServiceImpl      [0;39m [35m:60  [0;39m Time: 2025-04-05T12:12:51.262152900
[2025-04-05 12:17:51] [34mINFO[0;39m [36mg.service.ubs.OrderLockServiceImpl      [0;39m [35m:62  [0;39m Unlock orders
[2025-04-05 12:18:51] [34mINFO[0;39m [36mg.service.ubs.OrderLockServiceImpl      [0;39m [35m:60  [0;39m Time: 2025-04-05T12:13:51.260646400
[2025-04-05 12:18:51] [34mINFO[0;39m [36mg.service.ubs.OrderLockServiceImpl      [0;39m [35m:62  [0;39m Unlock orders
[2025-04-05 12:19:51] [34mINFO[0;39m [36mg.service.ubs.OrderLockServiceImpl      [0;39m [35m:60  [0;39m Time: 2025-04-05T12:14:51.259752800
[2025-04-05 12:19:51] [34mINFO[0;39m [36mg.service.ubs.OrderLockServiceImpl      [0;39m [35m:62  [0;39m Unlock orders
[2025-04-05 12:20:51] [34mINFO[0;39m [36mg.service.ubs.OrderLockServiceImpl      [0;39m [35m:60  [0;39m Time: 2025-04-05T12:15:51.264132800
[2025-04-05 12:20:51] [34mINFO[0;39m [36mg.service.ubs.OrderLockServiceImpl      [0;39m [35m:62  [0;39m Unlock orders
[2025-04-05 12:21:51] [34mINFO[0;39m [36mg.service.ubs.OrderLockServiceImpl      [0;39m [35m:60  [0;39m Time: 2025-04-05T12:16:51.273366800
[2025-04-05 12:21:51] [34mINFO[0;39m [36mg.service.ubs.OrderLockServiceImpl      [0;39m [35m:62  [0;39m Unlock orders
[2025-04-05 12:22:51] [34mINFO[0;39m [36mg.service.ubs.OrderLockServiceImpl      [0;39m [35m:60  [0;39m Time: 2025-04-05T12:17:51.269714700
[2025-04-05 12:22:51] [34mINFO[0;39m [36mg.service.ubs.OrderLockServiceImpl      [0;39m [35m:62  [0;39m Unlock orders
[2025-04-05 12:23:51] [34mINFO[0;39m [36mg.service.ubs.OrderLockServiceImpl      [0;39m [35m:60  [0;39m Time: 2025-04-05T12:18:51.259486900
[2025-04-05 12:23:51] [34mINFO[0;39m [36mg.service.ubs.OrderLockServiceImpl      [0;39m [35m:62  [0;39m Unlock orders
[2025-04-05 12:24:51] [34mINFO[0;39m [36mg.service.ubs.OrderLockServiceImpl      [0;39m [35m:60  [0;39m Time: 2025-04-05T12:19:51.264818900
[2025-04-05 12:24:51] [34mINFO[0;39m [36mg.service.ubs.OrderLockServiceImpl      [0;39m [35m:62  [0;39m Unlock orders
[2025-04-05 12:25:51] [34mINFO[0;39m [36mg.service.ubs.OrderLockServiceImpl      [0;39m [35m:60  [0;39m Time: 2025-04-05T12:20:51.263831900
[2025-04-05 12:25:51] [34mINFO[0;39m [36mg.service.ubs.OrderLockServiceImpl      [0;39m [35m:62  [0;39m Unlock orders
[2025-04-05 12:26:51] [34mINFO[0;39m [36mg.service.ubs.OrderLockServiceImpl      [0;39m [35m:60  [0;39m Time: 2025-04-05T12:21:51.273009700
[2025-04-05 12:26:51] [34mINFO[0;39m [36mg.service.ubs.OrderLockServiceImpl      [0;39m [35m:62  [0;39m Unlock orders
[2025-04-05 12:27:51] [34mINFO[0;39m [36mg.service.ubs.OrderLockServiceImpl      [0;39m [35m:60  [0;39m Time: 2025-04-05T12:22:51.261792400
[2025-04-05 12:27:51] [34mINFO[0;39m [36mg.service.ubs.OrderLockServiceImpl      [0;39m [35m:62  [0;39m Unlock orders
[2025-04-05 12:28:51] [34mINFO[0;39m [36mg.service.ubs.OrderLockServiceImpl      [0;39m [35m:60  [0;39m Time: 2025-04-05T12:23:51.267914800
[2025-04-05 12:28:51] [34mINFO[0;39m [36mg.service.ubs.OrderLockServiceImpl      [0;39m [35m:62  [0;39m Unlock orders
[2025-04-05 12:29:51] [34mINFO[0;39m [36mg.service.ubs.OrderLockServiceImpl      [0;39m [35m:60  [0;39m Time: 2025-04-05T12:24:51.264724400
[2025-04-05 12:29:51] [34mINFO[0;39m [36mg.service.ubs.OrderLockServiceImpl      [0;39m [35m:62  [0;39m Unlock orders
[2025-04-05 12:30:51] [34mINFO[0;39m [36mg.service.ubs.OrderLockServiceImpl      [0;39m [35m:60  [0;39m Time: 2025-04-05T12:25:51.261327800
[2025-04-05 12:30:51] [34mINFO[0;39m [36mg.service.ubs.OrderLockServiceImpl      [0;39m [35m:62  [0;39m Unlock orders
[2025-04-05 12:31:51] [34mINFO[0;39m [36mg.service.ubs.OrderLockServiceImpl      [0;39m [35m:60  [0;39m Time: 2025-04-05T12:26:51.267305700
[2025-04-05 12:31:51] [34mINFO[0;39m [36mg.service.ubs.OrderLockServiceImpl      [0;39m [35m:62  [0;39m Unlock orders
[2025-04-05 12:32:51] [34mINFO[0;39m [36mg.service.ubs.OrderLockServiceImpl      [0;39m [35m:60  [0;39m Time: 2025-04-05T12:27:51.268648400
[2025-04-05 12:32:51] [34mINFO[0;39m [36mg.service.ubs.OrderLockServiceImpl      [0;39m [35m:62  [0;39m Unlock orders
[2025-04-05 12:33:51] [34mINFO[0;39m [36mg.service.ubs.OrderLockServiceImpl      [0;39m [35m:60  [0;39m Time: 2025-04-05T12:28:51.266522200
[2025-04-05 12:33:51] [34mINFO[0;39m [36mg.service.ubs.OrderLockServiceImpl      [0;39m [35m:62  [0;39m Unlock orders
[2025-04-05 12:34:51] [34mINFO[0;39m [36mg.service.ubs.OrderLockServiceImpl      [0;39m [35m:60  [0;39m Time: 2025-04-05T12:29:51.257468200
[2025-04-05 12:34:51] [34mINFO[0;39m [36mg.service.ubs.OrderLockServiceImpl      [0;39m [35m:62  [0;39m Unlock orders
[2025-04-05 12:35:51] [34mINFO[0;39m [36mg.service.ubs.OrderLockServiceImpl      [0;39m [35m:60  [0;39m Time: 2025-04-05T12:30:51.261485300
[2025-04-05 12:35:51] [34mINFO[0;39m [36mg.service.ubs.OrderLockServiceImpl      [0;39m [35m:62  [0;39m Unlock orders
[2025-04-05 12:36:51] [34mINFO[0;39m [36mg.service.ubs.OrderLockServiceImpl      [0;39m [35m:60  [0;39m Time: 2025-04-05T12:31:51.267017600
[2025-04-05 12:36:51] [34mINFO[0;39m [36mg.service.ubs.OrderLockServiceImpl      [0;39m [35m:62  [0;39m Unlock orders
[2025-04-05 12:37:51] [34mINFO[0;39m [36mg.service.ubs.OrderLockServiceImpl      [0;39m [35m:60  [0;39m Time: 2025-04-05T12:32:51.266419100
[2025-04-05 12:37:51] [34mINFO[0;39m [36mg.service.ubs.OrderLockServiceImpl      [0;39m [35m:62  [0;39m Unlock orders
[2025-04-05 12:38:51] [34mINFO[0;39m [36mg.service.ubs.OrderLockServiceImpl      [0;39m [35m:60  [0;39m Time: 2025-04-05T12:33:51.263319
[2025-04-05 12:38:51] [34mINFO[0;39m [36mg.service.ubs.OrderLockServiceImpl      [0;39m [35m:62  [0;39m Unlock orders
[2025-04-05 12:39:51] [34mINFO[0;39m [36mg.service.ubs.OrderLockServiceImpl      [0;39m [35m:60  [0;39m Time: 2025-04-05T12:34:51.259455300
[2025-04-05 12:39:51] [34mINFO[0;39m [36mg.service.ubs.OrderLockServiceImpl      [0;39m [35m:62  [0;39m Unlock orders
[2025-04-05 12:40:51] [34mINFO[0;39m [36mg.service.ubs.OrderLockServiceImpl      [0;39m [35m:60  [0;39m Time: 2025-04-05T12:35:51.266769500
[2025-04-05 12:40:51] [34mINFO[0;39m [36mg.service.ubs.OrderLockServiceImpl      [0;39m [35m:62  [0;39m Unlock orders
[2025-04-05 12:41:51] [34mINFO[0;39m [36mg.service.ubs.OrderLockServiceImpl      [0;39m [35m:60  [0;39m Time: 2025-04-05T12:36:51.263628
[2025-04-05 12:41:51] [34mINFO[0;39m [36mg.service.ubs.OrderLockServiceImpl      [0;39m [35m:62  [0;39m Unlock orders
[2025-04-05 12:42:51] [34mINFO[0;39m [36mg.service.ubs.OrderLockServiceImpl      [0;39m [35m:60  [0;39m Time: 2025-04-05T12:37:51.258940400
[2025-04-05 12:42:51] [34mINFO[0;39m [36mg.service.ubs.OrderLockServiceImpl      [0;39m [35m:62  [0;39m Unlock orders
[2025-04-05 12:43:51] [34mINFO[0;39m [36mg.service.ubs.OrderLockServiceImpl      [0;39m [35m:60  [0;39m Time: 2025-04-05T12:38:51.261623500
[2025-04-05 12:43:51] [34mINFO[0;39m [36mg.service.ubs.OrderLockServiceImpl      [0;39m [35m:62  [0;39m Unlock orders
[2025-04-05 12:44:51] [34mINFO[0;39m [36mg.service.ubs.OrderLockServiceImpl      [0;39m [35m:60  [0;39m Time: 2025-04-05T12:39:51.270190200
[2025-04-05 12:44:51] [34mINFO[0;39m [36mg.service.ubs.OrderLockServiceImpl      [0;39m [35m:62  [0;39m Unlock orders
[2025-04-05 12:45:51] [34mINFO[0;39m [36mg.service.ubs.OrderLockServiceImpl      [0;39m [35m:60  [0;39m Time: 2025-04-05T12:40:51.267090800
[2025-04-05 12:45:51] [34mINFO[0;39m [36mg.service.ubs.OrderLockServiceImpl      [0;39m [35m:62  [0;39m Unlock orders
[2025-04-05 12:46:51] [34mINFO[0;39m [36mg.service.ubs.OrderLockServiceImpl      [0;39m [35m:60  [0;39m Time: 2025-04-05T12:41:51.260314200
[2025-04-05 12:46:51] [34mINFO[0;39m [36mg.service.ubs.OrderLockServiceImpl      [0;39m [35m:62  [0;39m Unlock orders
[2025-04-05 12:47:51] [34mINFO[0;39m [36mg.service.ubs.OrderLockServiceImpl      [0;39m [35m:60  [0;39m Time: 2025-04-05T12:42:51.258359600
[2025-04-05 12:47:51] [34mINFO[0;39m [36mg.service.ubs.OrderLockServiceImpl      [0;39m [35m:62  [0;39m Unlock orders
[2025-04-05 12:48:51] [34mINFO[0;39m [36mg.service.ubs.OrderLockServiceImpl      [0;39m [35m:60  [0;39m Time: 2025-04-05T12:43:51.260355300
[2025-04-05 12:48:51] [34mINFO[0;39m [36mg.service.ubs.OrderLockServiceImpl      [0;39m [35m:62  [0;39m Unlock orders
[2025-04-05 12:49:51] [34mINFO[0;39m [36mg.service.ubs.OrderLockServiceImpl      [0;39m [35m:60  [0;39m Time: 2025-04-05T12:44:51.265834700
[2025-04-05 12:49:51] [34mINFO[0;39m [36mg.service.ubs.OrderLockServiceImpl      [0;39m [35m:62  [0;39m Unlock orders
[2025-04-05 12:50:51] [34mINFO[0;39m [36mg.service.ubs.OrderLockServiceImpl      [0;39m [35m:60  [0;39m Time: 2025-04-05T12:45:51.267544400
[2025-04-05 12:50:51] [34mINFO[0;39m [36mg.service.ubs.OrderLockServiceImpl      [0;39m [35m:62  [0;39m Unlock orders
[2025-04-05 12:51:51] [34mINFO[0;39m [36mg.service.ubs.OrderLockServiceImpl      [0;39m [35m:60  [0;39m Time: 2025-04-05T12:46:51.258727700
[2025-04-05 12:51:51] [34mINFO[0;39m [36mg.service.ubs.OrderLockServiceImpl      [0;39m [35m:62  [0;39m Unlock orders
[2025-04-05 12:52:51] [34mINFO[0;39m [36mg.service.ubs.OrderLockServiceImpl      [0;39m [35m:60  [0;39m Time: 2025-04-05T12:47:51.271873900
[2025-04-05 12:52:51] [34mINFO[0;39m [36mg.service.ubs.OrderLockServiceImpl      [0;39m [35m:62  [0;39m Unlock orders
[2025-04-05 12:53:51] [34mINFO[0;39m [36mg.service.ubs.OrderLockServiceImpl      [0;39m [35m:60  [0;39m Time: 2025-04-05T12:48:51.269395800
[2025-04-05 12:53:51] [34mINFO[0;39m [36mg.service.ubs.OrderLockServiceImpl      [0;39m [35m:62  [0;39m Unlock orders
[2025-04-05 12:54:51] [34mINFO[0;39m [36mg.service.ubs.OrderLockServiceImpl      [0;39m [35m:60  [0;39m Time: 2025-04-05T12:49:51.261412200
[2025-04-05 12:54:51] [34mINFO[0;39m [36mg.service.ubs.OrderLockServiceImpl      [0;39m [35m:62  [0;39m Unlock orders
[2025-04-05 12:55:51] [34mINFO[0;39m [36mg.service.ubs.OrderLockServiceImpl      [0;39m [35m:60  [0;39m Time: 2025-04-05T12:50:51.271063900
[2025-04-05 12:55:51] [34mINFO[0;39m [36mg.service.ubs.OrderLockServiceImpl      [0;39m [35m:62  [0;39m Unlock orders
[2025-04-05 12:56:51] [34mINFO[0;39m [36mg.service.ubs.OrderLockServiceImpl      [0;39m [35m:60  [0;39m Time: 2025-04-05T12:51:51.270880800
[2025-04-05 12:56:51] [34mINFO[0;39m [36mg.service.ubs.OrderLockServiceImpl      [0;39m [35m:62  [0;39m Unlock orders
[2025-04-05 12:57:51] [34mINFO[0;39m [36mg.service.ubs.OrderLockServiceImpl      [0;39m [35m:60  [0;39m Time: 2025-04-05T12:52:51.260269200
[2025-04-05 12:57:51] [34mINFO[0;39m [36mg.service.ubs.OrderLockServiceImpl      [0;39m [35m:62  [0;39m Unlock orders
[2025-04-05 12:58:51] [34mINFO[0;39m [36mg.service.ubs.OrderLockServiceImpl      [0;39m [35m:60  [0;39m Time: 2025-04-05T12:53:51.268702
[2025-04-05 12:58:51] [34mINFO[0;39m [36mg.service.ubs.OrderLockServiceImpl      [0;39m [35m:62  [0;39m Unlock orders
[2025-04-05 12:59:51] [34mINFO[0;39m [36mg.service.ubs.OrderLockServiceImpl      [0;39m [35m:60  [0;39m Time: 2025-04-05T12:54:51.267694800
[2025-04-05 12:59:51] [34mINFO[0;39m [36mg.service.ubs.OrderLockServiceImpl      [0;39m [35m:62  [0;39m Unlock orders
[2025-04-05 13:00:51] [34mINFO[0;39m [36mg.service.ubs.OrderLockServiceImpl      [0;39m [35m:60  [0;39m Time: 2025-04-05T12:55:51.272980900
[2025-04-05 13:00:51] [34mINFO[0;39m [36mg.service.ubs.OrderLockServiceImpl      [0;39m [35m:62  [0;39m Unlock orders
[2025-04-05 13:01:51] [34mINFO[0;39m [36mg.service.ubs.OrderLockServiceImpl      [0;39m [35m:60  [0;39m Time: 2025-04-05T12:56:51.268884300
[2025-04-05 13:01:51] [34mINFO[0;39m [36mg.service.ubs.OrderLockServiceImpl      [0;39m [35m:62  [0;39m Unlock orders
[2025-04-05 13:02:51] [34mINFO[0;39m [36mg.service.ubs.OrderLockServiceImpl      [0;39m [35m:60  [0;39m Time: 2025-04-05T12:57:51.267594200
[2025-04-05 13:02:51] [34mINFO[0;39m [36mg.service.ubs.OrderLockServiceImpl      [0;39m [35m:62  [0;39m Unlock orders
[2025-04-05 13:03:51] [34mINFO[0;39m [36mg.service.ubs.OrderLockServiceImpl      [0;39m [35m:60  [0;39m Time: 2025-04-05T12:58:51.267009400
[2025-04-05 13:03:51] [34mINFO[0;39m [36mg.service.ubs.OrderLockServiceImpl      [0;39m [35m:62  [0;39m Unlock orders
[2025-04-05 13:04:51] [34mINFO[0;39m [36mg.service.ubs.OrderLockServiceImpl      [0;39m [35m:60  [0;39m Time: 2025-04-05T12:59:51.262572700
[2025-04-05 13:04:51] [34mINFO[0;39m [36mg.service.ubs.OrderLockServiceImpl      [0;39m [35m:62  [0;39m Unlock orders
[2025-04-05 13:05:51] [34mINFO[0;39m [36mg.service.ubs.OrderLockServiceImpl      [0;39m [35m:60  [0;39m Time: 2025-04-05T13:00:51.268626
[2025-04-05 13:05:51] [34mINFO[0;39m [36mg.service.ubs.OrderLockServiceImpl      [0;39m [35m:62  [0;39m Unlock orders
[2025-04-05 13:06:51] [34mINFO[0;39m [36mg.service.ubs.OrderLockServiceImpl      [0;39m [35m:60  [0;39m Time: 2025-04-05T13:01:51.259164300
[2025-04-05 13:06:51] [34mINFO[0;39m [36mg.service.ubs.OrderLockServiceImpl      [0;39m [35m:62  [0;39m Unlock orders
[2025-04-05 13:07:51] [34mINFO[0;39m [36mg.service.ubs.OrderLockServiceImpl      [0;39m [35m:60  [0;39m Time: 2025-04-05T13:02:51.266448800
[2025-04-05 13:07:51] [34mINFO[0;39m [36mg.service.ubs.OrderLockServiceImpl      [0;39m [35m:62  [0;39m Unlock orders
[2025-04-05 13:08:51] [34mINFO[0;39m [36mg.service.ubs.OrderLockServiceImpl      [0;39m [35m:60  [0;39m Time: 2025-04-05T13:03:51.270714700
[2025-04-05 13:08:51] [34mINFO[0;39m [36mg.service.ubs.OrderLockServiceImpl      [0;39m [35m:62  [0;39m Unlock orders
[2025-04-05 13:09:51] [34mINFO[0;39m [36mg.service.ubs.OrderLockServiceImpl      [0;39m [35m:60  [0;39m Time: 2025-04-05T13:04:51.272032800
[2025-04-05 13:09:51] [34mINFO[0;39m [36mg.service.ubs.OrderLockServiceImpl      [0;39m [35m:62  [0;39m Unlock orders
[2025-04-05 13:10:51] [34mINFO[0;39m [36mg.service.ubs.OrderLockServiceImpl      [0;39m [35m:60  [0;39m Time: 2025-04-05T13:05:51.265849900
[2025-04-05 13:10:51] [34mINFO[0;39m [36mg.service.ubs.OrderLockServiceImpl      [0;39m [35m:62  [0;39m Unlock orders
[2025-04-05 13:11:51] [34mINFO[0;39m [36mg.service.ubs.OrderLockServiceImpl      [0;39m [35m:60  [0;39m Time: 2025-04-05T13:06:51.260493100
[2025-04-05 13:11:51] [34mINFO[0;39m [36mg.service.ubs.OrderLockServiceImpl      [0;39m [35m:62  [0;39m Unlock orders
[2025-04-05 13:12:51] [34mINFO[0;39m [36mg.service.ubs.OrderLockServiceImpl      [0;39m [35m:60  [0;39m Time: 2025-04-05T13:07:51.260623300
[2025-04-05 13:12:51] [34mINFO[0;39m [36mg.service.ubs.OrderLockServiceImpl      [0;39m [35m:62  [0;39m Unlock orders
[2025-04-05 13:13:51] [34mINFO[0;39m [36mg.service.ubs.OrderLockServiceImpl      [0;39m [35m:60  [0;39m Time: 2025-04-05T13:08:51.264132400
[2025-04-05 13:13:51] [34mINFO[0;39m [36mg.service.ubs.OrderLockServiceImpl      [0;39m [35m:62  [0;39m Unlock orders
[2025-04-05 13:14:51] [34mINFO[0;39m [36mg.service.ubs.OrderLockServiceImpl      [0;39m [35m:60  [0;39m Time: 2025-04-05T13:09:51.258219900
[2025-04-05 13:14:51] [34mINFO[0;39m [36mg.service.ubs.OrderLockServiceImpl      [0;39m [35m:62  [0;39m Unlock orders
[2025-04-05 13:15:51] [34mINFO[0;39m [36mg.service.ubs.OrderLockServiceImpl      [0;39m [35m:60  [0;39m Time: 2025-04-05T13:10:51.262051200
[2025-04-05 13:15:51] [34mINFO[0;39m [36mg.service.ubs.OrderLockServiceImpl      [0;39m [35m:62  [0;39m Unlock orders
[2025-04-05 13:16:51] [34mINFO[0;39m [36mg.service.ubs.OrderLockServiceImpl      [0;39m [35m:60  [0;39m Time: 2025-04-05T13:11:51.268003700
[2025-04-05 13:16:51] [34mINFO[0;39m [36mg.service.ubs.OrderLockServiceImpl      [0;39m [35m:62  [0;39m Unlock orders
[2025-04-05 13:17:51] [34mINFO[0;39m [36mg.service.ubs.OrderLockServiceImpl      [0;39m [35m:60  [0;39m Time: 2025-04-05T13:12:51.261935700
[2025-04-05 13:17:51] [34mINFO[0;39m [36mg.service.ubs.OrderLockServiceImpl      [0;39m [35m:62  [0;39m Unlock orders
[2025-04-05 13:18:51] [34mINFO[0;39m [36mg.service.ubs.OrderLockServiceImpl      [0;39m [35m:60  [0;39m Time: 2025-04-05T13:13:51.267702900
[2025-04-05 13:18:51] [34mINFO[0;39m [36mg.service.ubs.OrderLockServiceImpl      [0;39m [35m:62  [0;39m Unlock orders
[2025-04-05 13:19:51] [34mINFO[0;39m [36mg.service.ubs.OrderLockServiceImpl      [0;39m [35m:60  [0;39m Time: 2025-04-05T13:14:51.270840700
[2025-04-05 13:19:51] [34mINFO[0;39m [36mg.service.ubs.OrderLockServiceImpl      [0;39m [35m:62  [0;39m Unlock orders
[2025-04-05 13:20:51] [34mINFO[0;39m [36mg.service.ubs.OrderLockServiceImpl      [0;39m [35m:60  [0;39m Time: 2025-04-05T13:15:51.258348600
[2025-04-05 13:20:51] [34mINFO[0;39m [36mg.service.ubs.OrderLockServiceImpl      [0;39m [35m:62  [0;39m Unlock orders
[2025-04-05 13:21:51] [34mINFO[0;39m [36mg.service.ubs.OrderLockServiceImpl      [0;39m [35m:60  [0;39m Time: 2025-04-05T13:16:51.260850500
[2025-04-05 13:21:51] [34mINFO[0;39m [36mg.service.ubs.OrderLockServiceImpl      [0;39m [35m:62  [0;39m Unlock orders
[2025-04-05 13:22:51] [34mINFO[0;39m [36mg.service.ubs.OrderLockServiceImpl      [0;39m [35m:60  [0;39m Time: 2025-04-05T13:17:51.261606100
[2025-04-05 13:22:51] [34mINFO[0;39m [36mg.service.ubs.OrderLockServiceImpl      [0;39m [35m:62  [0;39m Unlock orders
[2025-04-05 13:23:51] [34mINFO[0;39m [36mg.service.ubs.OrderLockServiceImpl      [0;39m [35m:60  [0;39m Time: 2025-04-05T13:18:51.260125300
[2025-04-05 13:23:51] [34mINFO[0;39m [36mg.service.ubs.OrderLockServiceImpl      [0;39m [35m:62  [0;39m Unlock orders
[2025-04-05 13:24:51] [34mINFO[0;39m [36mg.service.ubs.OrderLockServiceImpl      [0;39m [35m:60  [0;39m Time: 2025-04-05T13:19:51.261520400
[2025-04-05 13:24:51] [34mINFO[0;39m [36mg.service.ubs.OrderLockServiceImpl      [0;39m [35m:62  [0;39m Unlock orders
[2025-04-05 13:25:51] [34mINFO[0;39m [36mg.service.ubs.OrderLockServiceImpl      [0;39m [35m:60  [0;39m Time: 2025-04-05T13:20:51.271792
[2025-04-05 13:25:51] [34mINFO[0;39m [36mg.service.ubs.OrderLockServiceImpl      [0;39m [35m:62  [0;39m Unlock orders
[2025-04-05 13:26:51] [34mINFO[0;39m [36mg.service.ubs.OrderLockServiceImpl      [0;39m [35m:60  [0;39m Time: 2025-04-05T13:21:51.267160300
[2025-04-05 13:26:51] [34mINFO[0;39m [36mg.service.ubs.OrderLockServiceImpl      [0;39m [35m:62  [0;39m Unlock orders
[2025-04-05 13:27:51] [34mINFO[0;39m [36mg.service.ubs.OrderLockServiceImpl      [0;39m [35m:60  [0;39m Time: 2025-04-05T13:22:51.269274300
[2025-04-05 13:27:51] [34mINFO[0;39m [36mg.service.ubs.OrderLockServiceImpl      [0;39m [35m:62  [0;39m Unlock orders
[2025-04-05 13:28:51] [34mINFO[0;39m [36mg.service.ubs.OrderLockServiceImpl      [0;39m [35m:60  [0;39m Time: 2025-04-05T13:23:51.261107900
[2025-04-05 13:28:51] [34mINFO[0;39m [36mg.service.ubs.OrderLockServiceImpl      [0;39m [35m:62  [0;39m Unlock orders
[2025-04-05 13:29:51] [34mINFO[0;39m [36mg.service.ubs.OrderLockServiceImpl      [0;39m [35m:60  [0;39m Time: 2025-04-05T13:24:51.269029400
[2025-04-05 13:29:51] [34mINFO[0;39m [36mg.service.ubs.OrderLockServiceImpl      [0;39m [35m:62  [0;39m Unlock orders
[2025-04-05 13:30:51] [34mINFO[0;39m [36mg.service.ubs.OrderLockServiceImpl      [0;39m [35m:60  [0;39m Time: 2025-04-05T13:25:51.270001300
[2025-04-05 13:30:51] [34mINFO[0;39m [36mg.service.ubs.OrderLockServiceImpl      [0;39m [35m:62  [0;39m Unlock orders
[2025-04-05 13:31:51] [34mINFO[0;39m [36mg.service.ubs.OrderLockServiceImpl      [0;39m [35m:60  [0;39m Time: 2025-04-05T13:26:51.263083700
[2025-04-05 13:31:51] [34mINFO[0;39m [36mg.service.ubs.OrderLockServiceImpl      [0;39m [35m:62  [0;39m Unlock orders
[2025-04-05 13:32:51] [34mINFO[0;39m [36mg.service.ubs.OrderLockServiceImpl      [0;39m [35m:60  [0;39m Time: 2025-04-05T13:27:51.271781200
[2025-04-05 13:32:51] [34mINFO[0;39m [36mg.service.ubs.OrderLockServiceImpl      [0;39m [35m:62  [0;39m Unlock orders
[2025-04-05 13:33:51] [34mINFO[0;39m [36mg.service.ubs.OrderLockServiceImpl      [0;39m [35m:60  [0;39m Time: 2025-04-05T13:28:51.268126200
[2025-04-05 13:33:51] [34mINFO[0;39m [36mg.service.ubs.OrderLockServiceImpl      [0;39m [35m:62  [0;39m Unlock orders
[2025-04-05 13:34:51] [34mINFO[0;39m [36mg.service.ubs.OrderLockServiceImpl      [0;39m [35m:60  [0;39m Time: 2025-04-05T13:29:51.260774300
[2025-04-05 13:34:51] [34mINFO[0;39m [36mg.service.ubs.OrderLockServiceImpl      [0;39m [35m:62  [0;39m Unlock orders
[2025-04-05 13:35:51] [34mINFO[0;39m [36mg.service.ubs.OrderLockServiceImpl      [0;39m [35m:60  [0;39m Time: 2025-04-05T13:30:51.259085
[2025-04-05 13:35:51] [34mINFO[0;39m [36mg.service.ubs.OrderLockServiceImpl      [0;39m [35m:62  [0;39m Unlock orders
[2025-04-05 13:36:51] [34mINFO[0;39m [36mg.service.ubs.OrderLockServiceImpl      [0;39m [35m:60  [0;39m Time: 2025-04-05T13:31:51.271985700
[2025-04-05 13:36:51] [34mINFO[0;39m [36mg.service.ubs.OrderLockServiceImpl      [0;39m [35m:62  [0;39m Unlock orders
[2025-04-05 13:37:51] [34mINFO[0;39m [36mg.service.ubs.OrderLockServiceImpl      [0;39m [35m:60  [0;39m Time: 2025-04-05T13:32:51.270930100
[2025-04-05 13:37:51] [34mINFO[0;39m [36mg.service.ubs.OrderLockServiceImpl      [0;39m [35m:62  [0;39m Unlock orders
[2025-04-05 13:38:51] [34mINFO[0;39m [36mg.service.ubs.OrderLockServiceImpl      [0;39m [35m:60  [0;39m Time: 2025-04-05T13:33:51.259545300
[2025-04-05 13:38:51] [34mINFO[0;39m [36mg.service.ubs.OrderLockServiceImpl      [0;39m [35m:62  [0;39m Unlock orders
[2025-04-05 13:39:51] [34mINFO[0;39m [36mg.service.ubs.OrderLockServiceImpl      [0;39m [35m:60  [0;39m Time: 2025-04-05T13:34:51.261499500
[2025-04-05 13:39:51] [34mINFO[0;39m [36mg.service.ubs.OrderLockServiceImpl      [0;39m [35m:62  [0;39m Unlock orders
[2025-04-05 13:40:51] [34mINFO[0;39m [36mg.service.ubs.OrderLockServiceImpl      [0;39m [35m:60  [0;39m Time: 2025-04-05T13:35:51.262660900
[2025-04-05 13:40:51] [34mINFO[0;39m [36mg.service.ubs.OrderLockServiceImpl      [0;39m [35m:62  [0;39m Unlock orders
[2025-04-05 13:41:51] [34mINFO[0;39m [36mg.service.ubs.OrderLockServiceImpl      [0;39m [35m:60  [0;39m Time: 2025-04-05T13:36:51.268822900
[2025-04-05 13:41:51] [34mINFO[0;39m [36mg.service.ubs.OrderLockServiceImpl      [0;39m [35m:62  [0;39m Unlock orders
[2025-04-05 13:42:51] [34mINFO[0;39m [36mg.service.ubs.OrderLockServiceImpl      [0;39m [35m:60  [0;39m Time: 2025-04-05T13:37:51.266738300
[2025-04-05 13:42:51] [34mINFO[0;39m [36mg.service.ubs.OrderLockServiceImpl      [0;39m [35m:62  [0;39m Unlock orders
[2025-04-05 13:43:51] [34mINFO[0;39m [36mg.service.ubs.OrderLockServiceImpl      [0;39m [35m:60  [0;39m Time: 2025-04-05T13:38:51.262651600
[2025-04-05 13:43:51] [34mINFO[0;39m [36mg.service.ubs.OrderLockServiceImpl      [0;39m [35m:62  [0;39m Unlock orders
[2025-04-05 13:44:51] [34mINFO[0;39m [36mg.service.ubs.OrderLockServiceImpl      [0;39m [35m:60  [0;39m Time: 2025-04-05T13:39:51.262817300
[2025-04-05 13:44:51] [34mINFO[0;39m [36mg.service.ubs.OrderLockServiceImpl      [0;39m [35m:62  [0;39m Unlock orders
[2025-04-05 13:45:51] [34mINFO[0;39m [36mg.service.ubs.OrderLockServiceImpl      [0;39m [35m:60  [0;39m Time: 2025-04-05T13:40:51.273261700
[2025-04-05 13:45:51] [34mINFO[0;39m [36mg.service.ubs.OrderLockServiceImpl      [0;39m [35m:62  [0;39m Unlock orders
[2025-04-05 13:46:51] [34mINFO[0;39m [36mg.service.ubs.OrderLockServiceImpl      [0;39m [35m:60  [0;39m Time: 2025-04-05T13:41:51.269092600
[2025-04-05 13:46:51] [34mINFO[0;39m [36mg.service.ubs.OrderLockServiceImpl      [0;39m [35m:62  [0;39m Unlock orders
[2025-04-05 13:47:51] [34mINFO[0;39m [36mg.service.ubs.OrderLockServiceImpl      [0;39m [35m:60  [0;39m Time: 2025-04-05T13:42:51.261297
[2025-04-05 13:47:51] [34mINFO[0;39m [36mg.service.ubs.OrderLockServiceImpl      [0;39m [35m:62  [0;39m Unlock orders
[2025-04-05 13:48:51] [34mINFO[0;39m [36mg.service.ubs.OrderLockServiceImpl      [0;39m [35m:60  [0;39m Time: 2025-04-05T13:43:51.265117500
[2025-04-05 13:48:51] [34mINFO[0;39m [36mg.service.ubs.OrderLockServiceImpl      [0;39m [35m:62  [0;39m Unlock orders
[2025-04-05 13:49:51] [34mINFO[0;39m [36mg.service.ubs.OrderLockServiceImpl      [0;39m [35m:60  [0;39m Time: 2025-04-05T13:44:51.266375600
[2025-04-05 13:49:51] [34mINFO[0;39m [36mg.service.ubs.OrderLockServiceImpl      [0;39m [35m:62  [0;39m Unlock orders
[2025-04-05 13:50:51] [34mINFO[0;39m [36mg.service.ubs.OrderLockServiceImpl      [0;39m [35m:60  [0;39m Time: 2025-04-05T13:45:51.270374600
[2025-04-05 13:50:51] [34mINFO[0;39m [36mg.service.ubs.OrderLockServiceImpl      [0;39m [35m:62  [0;39m Unlock orders
[2025-04-05 13:51:51] [34mINFO[0;39m [36mg.service.ubs.OrderLockServiceImpl      [0;39m [35m:60  [0;39m Time: 2025-04-05T13:46:51.263672500
[2025-04-05 13:51:51] [34mINFO[0;39m [36mg.service.ubs.OrderLockServiceImpl      [0;39m [35m:62  [0;39m Unlock orders
[2025-04-05 13:52:51] [34mINFO[0;39m [36mg.service.ubs.OrderLockServiceImpl      [0;39m [35m:60  [0;39m Time: 2025-04-05T13:47:51.264926600
[2025-04-05 13:52:51] [34mINFO[0;39m [36mg.service.ubs.OrderLockServiceImpl      [0;39m [35m:62  [0;39m Unlock orders
[2025-04-05 13:53:51] [34mINFO[0;39m [36mg.service.ubs.OrderLockServiceImpl      [0;39m [35m:60  [0;39m Time: 2025-04-05T13:48:51.271514700
[2025-04-05 13:53:51] [34mINFO[0;39m [36mg.service.ubs.OrderLockServiceImpl      [0;39m [35m:62  [0;39m Unlock orders
[2025-04-05 13:54:51] [34mINFO[0;39m [36mg.service.ubs.OrderLockServiceImpl      [0;39m [35m:60  [0;39m Time: 2025-04-05T13:49:51.268610100
[2025-04-05 13:54:51] [34mINFO[0;39m [36mg.service.ubs.OrderLockServiceImpl      [0;39m [35m:62  [0;39m Unlock orders
[2025-04-05 13:55:51] [34mINFO[0;39m [36mg.service.ubs.OrderLockServiceImpl      [0;39m [35m:60  [0;39m Time: 2025-04-05T13:50:51.266675800
[2025-04-05 13:55:51] [34mINFO[0;39m [36mg.service.ubs.OrderLockServiceImpl      [0;39m [35m:62  [0;39m Unlock orders
[2025-04-05 13:56:51] [34mINFO[0;39m [36mg.service.ubs.OrderLockServiceImpl      [0;39m [35m:60  [0;39m Time: 2025-04-05T13:51:51.263849800
[2025-04-05 13:56:51] [34mINFO[0;39m [36mg.service.ubs.OrderLockServiceImpl      [0;39m [35m:62  [0;39m Unlock orders
[2025-04-05 13:57:51] [34mINFO[0;39m [36mg.service.ubs.OrderLockServiceImpl      [0;39m [35m:60  [0;39m Time: 2025-04-05T13:52:51.272487600
[2025-04-05 13:57:51] [34mINFO[0;39m [36mg.service.ubs.OrderLockServiceImpl      [0;39m [35m:62  [0;39m Unlock orders
[2025-04-05 13:58:51] [34mINFO[0;39m [36mg.service.ubs.OrderLockServiceImpl      [0;39m [35m:60  [0;39m Time: 2025-04-05T13:53:51.260655200
[2025-04-05 13:58:51] [34mINFO[0;39m [36mg.service.ubs.OrderLockServiceImpl      [0;39m [35m:62  [0;39m Unlock orders
[2025-04-05 13:59:51] [34mINFO[0;39m [36mg.service.ubs.OrderLockServiceImpl      [0;39m [35m:60  [0;39m Time: 2025-04-05T13:54:51.263595400
[2025-04-05 13:59:51] [34mINFO[0;39m [36mg.service.ubs.OrderLockServiceImpl      [0;39m [35m:62  [0;39m Unlock orders
[2025-04-05 14:00:51] [34mINFO[0;39m [36mg.service.ubs.OrderLockServiceImpl      [0;39m [35m:60  [0;39m Time: 2025-04-05T13:55:51.259900200
[2025-04-05 14:00:51] [34mINFO[0;39m [36mg.service.ubs.OrderLockServiceImpl      [0;39m [35m:62  [0;39m Unlock orders
[2025-04-05 14:01:51] [34mINFO[0;39m [36mg.service.ubs.OrderLockServiceImpl      [0;39m [35m:60  [0;39m Time: 2025-04-05T13:56:51.271755
[2025-04-05 14:01:51] [34mINFO[0;39m [36mg.service.ubs.OrderLockServiceImpl      [0;39m [35m:62  [0;39m Unlock orders
[2025-04-05 14:02:51] [34mINFO[0;39m [36mg.service.ubs.OrderLockServiceImpl      [0;39m [35m:60  [0;39m Time: 2025-04-05T13:57:51.261724900
[2025-04-05 14:02:51] [34mINFO[0;39m [36mg.service.ubs.OrderLockServiceImpl      [0;39m [35m:62  [0;39m Unlock orders
[2025-04-05 14:03:51] [34mINFO[0;39m [36mg.service.ubs.OrderLockServiceImpl      [0;39m [35m:60  [0;39m Time: 2025-04-05T13:58:51.268233900
[2025-04-05 14:03:51] [34mINFO[0;39m [36mg.service.ubs.OrderLockServiceImpl      [0;39m [35m:62  [0;39m Unlock orders
[2025-04-05 14:04:51] [34mINFO[0;39m [36mg.service.ubs.OrderLockServiceImpl      [0;39m [35m:60  [0;39m Time: 2025-04-05T13:59:51.261586400
[2025-04-05 14:04:51] [34mINFO[0;39m [36mg.service.ubs.OrderLockServiceImpl      [0;39m [35m:62  [0;39m Unlock orders
[2025-04-05 14:05:51] [34mINFO[0;39m [36mg.service.ubs.OrderLockServiceImpl      [0;39m [35m:60  [0;39m Time: 2025-04-05T14:00:51.258558300
[2025-04-05 14:05:51] [34mINFO[0;39m [36mg.service.ubs.OrderLockServiceImpl      [0;39m [35m:62  [0;39m Unlock orders
[2025-04-05 14:06:51] [34mINFO[0;39m [36mg.service.ubs.OrderLockServiceImpl      [0;39m [35m:60  [0;39m Time: 2025-04-05T14:01:51.258956500
[2025-04-05 14:06:51] [34mINFO[0;39m [36mg.service.ubs.OrderLockServiceImpl      [0;39m [35m:62  [0;39m Unlock orders
[2025-04-05 14:07:51] [34mINFO[0;39m [36mg.service.ubs.OrderLockServiceImpl      [0;39m [35m:60  [0;39m Time: 2025-04-05T14:02:51.264644900
[2025-04-05 14:07:51] [34mINFO[0;39m [36mg.service.ubs.OrderLockServiceImpl      [0;39m [35m:62  [0;39m Unlock orders
[2025-04-05 14:08:51] [34mINFO[0;39m [36mg.service.ubs.OrderLockServiceImpl      [0;39m [35m:60  [0;39m Time: 2025-04-05T14:03:51.271818900
[2025-04-05 14:08:51] [34mINFO[0;39m [36mg.service.ubs.OrderLockServiceImpl      [0;39m [35m:62  [0;39m Unlock orders
[2025-04-05 14:09:51] [34mINFO[0;39m [36mg.service.ubs.OrderLockServiceImpl      [0;39m [35m:60  [0;39m Time: 2025-04-05T14:04:51.258540800
[2025-04-05 14:09:51] [34mINFO[0;39m [36mg.service.ubs.OrderLockServiceImpl      [0;39m [35m:62  [0;39m Unlock orders
[2025-04-05 14:10:51] [34mINFO[0;39m [36mg.service.ubs.OrderLockServiceImpl      [0;39m [35m:60  [0;39m Time: 2025-04-05T14:05:51.260450
[2025-04-05 14:10:51] [34mINFO[0;39m [36mg.service.ubs.OrderLockServiceImpl      [0;39m [35m:62  [0;39m Unlock orders
[2025-04-05 14:11:51] [34mINFO[0;39m [36mg.service.ubs.OrderLockServiceImpl      [0;39m [35m:60  [0;39m Time: 2025-04-05T14:06:51.268939
[2025-04-05 14:11:51] [34mINFO[0;39m [36mg.service.ubs.OrderLockServiceImpl      [0;39m [35m:62  [0;39m Unlock orders
[2025-04-05 14:12:51] [34mINFO[0;39m [36mg.service.ubs.OrderLockServiceImpl      [0;39m [35m:60  [0;39m Time: 2025-04-05T14:07:51.257669600
[2025-04-05 14:12:51] [34mINFO[0;39m [36mg.service.ubs.OrderLockServiceImpl      [0;39m [35m:62  [0;39m Unlock orders
[2025-04-05 14:13:51] [34mINFO[0;39m [36mg.service.ubs.OrderLockServiceImpl      [0;39m [35m:60  [0;39m Time: 2025-04-05T14:08:51.260034900
[2025-04-05 14:13:51] [34mINFO[0;39m [36mg.service.ubs.OrderLockServiceImpl      [0;39m [35m:62  [0;39m Unlock orders
[2025-04-05 14:14:51] [34mINFO[0;39m [36mg.service.ubs.OrderLockServiceImpl      [0;39m [35m:60  [0;39m Time: 2025-04-05T14:09:51.258708100
[2025-04-05 14:14:51] [34mINFO[0;39m [36mg.service.ubs.OrderLockServiceImpl      [0;39m [35m:62  [0;39m Unlock orders
[2025-04-05 14:15:51] [34mINFO[0;39m [36mg.service.ubs.OrderLockServiceImpl      [0;39m [35m:60  [0;39m Time: 2025-04-05T14:10:51.266114200
[2025-04-05 14:15:51] [34mINFO[0;39m [36mg.service.ubs.OrderLockServiceImpl      [0;39m [35m:62  [0;39m Unlock orders
[2025-04-05 14:16:51] [34mINFO[0;39m [36mg.service.ubs.OrderLockServiceImpl      [0;39m [35m:60  [0;39m Time: 2025-04-05T14:11:51.260185300
[2025-04-05 14:16:51] [34mINFO[0;39m [36mg.service.ubs.OrderLockServiceImpl      [0;39m [35m:62  [0;39m Unlock orders
[2025-04-05 14:17:51] [34mINFO[0;39m [36mg.service.ubs.OrderLockServiceImpl      [0;39m [35m:60  [0;39m Time: 2025-04-05T14:12:51.267426600
[2025-04-05 14:17:51] [34mINFO[0;39m [36mg.service.ubs.OrderLockServiceImpl      [0;39m [35m:62  [0;39m Unlock orders
[2025-04-05 14:18:51] [34mINFO[0;39m [36mg.service.ubs.OrderLockServiceImpl      [0;39m [35m:60  [0;39m Time: 2025-04-05T14:13:51.269954800
[2025-04-05 14:18:51] [34mINFO[0;39m [36mg.service.ubs.OrderLockServiceImpl      [0;39m [35m:62  [0;39m Unlock orders
[2025-04-05 14:19:51] [34mINFO[0;39m [36mg.service.ubs.OrderLockServiceImpl      [0;39m [35m:60  [0;39m Time: 2025-04-05T14:14:51.259537600
[2025-04-05 14:19:51] [34mINFO[0;39m [36mg.service.ubs.OrderLockServiceImpl      [0;39m [35m:62  [0;39m Unlock orders
[2025-04-05 14:20:51] [34mINFO[0;39m [36mg.service.ubs.OrderLockServiceImpl      [0;39m [35m:60  [0;39m Time: 2025-04-05T14:15:51.262874800
[2025-04-05 14:20:51] [34mINFO[0;39m [36mg.service.ubs.OrderLockServiceImpl      [0;39m [35m:62  [0;39m Unlock orders
[2025-04-05 14:21:51] [34mINFO[0;39m [36mg.service.ubs.OrderLockServiceImpl      [0;39m [35m:60  [0;39m Time: 2025-04-05T14:16:51.266098500
[2025-04-05 14:21:51] [34mINFO[0;39m [36mg.service.ubs.OrderLockServiceImpl      [0;39m [35m:62  [0;39m Unlock orders
[2025-04-05 14:22:51] [34mINFO[0;39m [36mg.service.ubs.OrderLockServiceImpl      [0;39m [35m:60  [0;39m Time: 2025-04-05T14:17:51.271982700
[2025-04-05 14:22:51] [34mINFO[0;39m [36mg.service.ubs.OrderLockServiceImpl      [0;39m [35m:62  [0;39m Unlock orders
[2025-04-05 14:23:51] [34mINFO[0;39m [36mg.service.ubs.OrderLockServiceImpl      [0;39m [35m:60  [0;39m Time: 2025-04-05T14:18:51.261858500
[2025-04-05 14:23:51] [34mINFO[0;39m [36mg.service.ubs.OrderLockServiceImpl      [0;39m [35m:62  [0;39m Unlock orders
[2025-04-05 14:24:51] [34mINFO[0;39m [36mg.service.ubs.OrderLockServiceImpl      [0;39m [35m:60  [0;39m Time: 2025-04-05T14:19:51.267232100
[2025-04-05 14:24:51] [34mINFO[0;39m [36mg.service.ubs.OrderLockServiceImpl      [0;39m [35m:62  [0;39m Unlock orders
[2025-04-05 14:25:51] [34mINFO[0;39m [36mg.service.ubs.OrderLockServiceImpl      [0;39m [35m:60  [0;39m Time: 2025-04-05T14:20:51.262477500
[2025-04-05 14:25:51] [34mINFO[0;39m [36mg.service.ubs.OrderLockServiceImpl      [0;39m [35m:62  [0;39m Unlock orders
[2025-04-05 14:26:51] [34mINFO[0;39m [36mg.service.ubs.OrderLockServiceImpl      [0;39m [35m:60  [0;39m Time: 2025-04-05T14:21:51.259570900
[2025-04-05 14:26:51] [34mINFO[0;39m [36mg.service.ubs.OrderLockServiceImpl      [0;39m [35m:62  [0;39m Unlock orders
[2025-04-05 14:27:51] [34mINFO[0;39m [36mg.service.ubs.OrderLockServiceImpl      [0;39m [35m:60  [0;39m Time: 2025-04-05T14:22:51.260912400
[2025-04-05 14:27:51] [34mINFO[0;39m [36mg.service.ubs.OrderLockServiceImpl      [0;39m [35m:62  [0;39m Unlock orders
[2025-04-05 14:28:51] [34mINFO[0;39m [36mg.service.ubs.OrderLockServiceImpl      [0;39m [35m:60  [0;39m Time: 2025-04-05T14:23:51.261727100
[2025-04-05 14:28:51] [34mINFO[0;39m [36mg.service.ubs.OrderLockServiceImpl      [0;39m [35m:62  [0;39m Unlock orders
[2025-04-05 14:29:51] [34mINFO[0;39m [36mg.service.ubs.OrderLockServiceImpl      [0;39m [35m:60  [0;39m Time: 2025-04-05T14:24:51.265273600
[2025-04-05 14:29:51] [34mINFO[0;39m [36mg.service.ubs.OrderLockServiceImpl      [0;39m [35m:62  [0;39m Unlock orders
[2025-04-05 14:30:51] [34mINFO[0;39m [36mg.service.ubs.OrderLockServiceImpl      [0;39m [35m:60  [0;39m Time: 2025-04-05T14:25:51.264304400
[2025-04-05 14:30:51] [34mINFO[0;39m [36mg.service.ubs.OrderLockServiceImpl      [0;39m [35m:62  [0;39m Unlock orders
[2025-04-05 14:31:51] [34mINFO[0;39m [36mg.service.ubs.OrderLockServiceImpl      [0;39m [35m:60  [0;39m Time: 2025-04-05T14:26:51.259212300
[2025-04-05 14:31:51] [34mINFO[0;39m [36mg.service.ubs.OrderLockServiceImpl      [0;39m [35m:62  [0;39m Unlock orders
[2025-04-05 14:32:51] [34mINFO[0;39m [36mg.service.ubs.OrderLockServiceImpl      [0;39m [35m:60  [0;39m Time: 2025-04-05T14:27:51.265304700
[2025-04-05 14:32:51] [34mINFO[0;39m [36mg.service.ubs.OrderLockServiceImpl      [0;39m [35m:62  [0;39m Unlock orders
[2025-04-05 14:33:51] [34mINFO[0;39m [36mg.service.ubs.OrderLockServiceImpl      [0;39m [35m:60  [0;39m Time: 2025-04-05T14:28:51.259402
[2025-04-05 14:33:51] [34mINFO[0;39m [36mg.service.ubs.OrderLockServiceImpl      [0;39m [35m:62  [0;39m Unlock orders
[2025-04-05 14:34:51] [34mINFO[0;39m [36mg.service.ubs.OrderLockServiceImpl      [0;39m [35m:60  [0;39m Time: 2025-04-05T14:29:51.267969500
[2025-04-05 14:34:51] [34mINFO[0;39m [36mg.service.ubs.OrderLockServiceImpl      [0;39m [35m:62  [0;39m Unlock orders
[2025-04-05 14:35:51] [34mINFO[0;39m [36mg.service.ubs.OrderLockServiceImpl      [0;39m [35m:60  [0;39m Time: 2025-04-05T14:30:51.262977
[2025-04-05 14:35:51] [34mINFO[0;39m [36mg.service.ubs.OrderLockServiceImpl      [0;39m [35m:62  [0;39m Unlock orders
[2025-04-05 14:36:51] [34mINFO[0;39m [36mg.service.ubs.OrderLockServiceImpl      [0;39m [35m:60  [0;39m Time: 2025-04-05T14:31:51.272375700
[2025-04-05 14:36:51] [34mINFO[0;39m [36mg.service.ubs.OrderLockServiceImpl      [0;39m [35m:62  [0;39m Unlock orders
[2025-04-05 14:37:51] [34mINFO[0;39m [36mg.service.ubs.OrderLockServiceImpl      [0;39m [35m:60  [0;39m Time: 2025-04-05T14:32:51.261217500
[2025-04-05 14:37:51] [34mINFO[0;39m [36mg.service.ubs.OrderLockServiceImpl      [0;39m [35m:62  [0;39m Unlock orders
[2025-04-05 14:38:51] [34mINFO[0;39m [36mg.service.ubs.OrderLockServiceImpl      [0;39m [35m:60  [0;39m Time: 2025-04-05T14:33:51.265064800
[2025-04-05 14:38:51] [34mINFO[0;39m [36mg.service.ubs.OrderLockServiceImpl      [0;39m [35m:62  [0;39m Unlock orders
[2025-04-05 14:39:51] [34mINFO[0;39m [36mg.service.ubs.OrderLockServiceImpl      [0;39m [35m:60  [0;39m Time: 2025-04-05T14:34:51.274121500
[2025-04-05 14:39:51] [34mINFO[0;39m [36mg.service.ubs.OrderLockServiceImpl      [0;39m [35m:62  [0;39m Unlock orders
[2025-04-05 14:40:51] [34mINFO[0;39m [36mg.service.ubs.OrderLockServiceImpl      [0;39m [35m:60  [0;39m Time: 2025-04-05T14:35:51.261686200
[2025-04-05 14:40:51] [34mINFO[0;39m [36mg.service.ubs.OrderLockServiceImpl      [0;39m [35m:62  [0;39m Unlock orders
[2025-04-05 14:41:51] [34mINFO[0;39m [36mg.service.ubs.OrderLockServiceImpl      [0;39m [35m:60  [0;39m Time: 2025-04-05T14:36:51.261556300
[2025-04-05 14:41:51] [34mINFO[0;39m [36mg.service.ubs.OrderLockServiceImpl      [0;39m [35m:62  [0;39m Unlock orders
[2025-04-05 14:42:51] [34mINFO[0;39m [36mg.service.ubs.OrderLockServiceImpl      [0;39m [35m:60  [0;39m Time: 2025-04-05T14:37:51.265876400
[2025-04-05 14:42:51] [34mINFO[0;39m [36mg.service.ubs.OrderLockServiceImpl      [0;39m [35m:62  [0;39m Unlock orders
[2025-04-05 14:43:51] [34mINFO[0;39m [36mg.service.ubs.OrderLockServiceImpl      [0;39m [35m:60  [0;39m Time: 2025-04-05T14:38:51.261799500
[2025-04-05 14:43:51] [34mINFO[0;39m [36mg.service.ubs.OrderLockServiceImpl      [0;39m [35m:62  [0;39m Unlock orders
[2025-04-05 14:44:51] [34mINFO[0;39m [36mg.service.ubs.OrderLockServiceImpl      [0;39m [35m:60  [0;39m Time: 2025-04-05T14:39:51.274091300
[2025-04-05 14:44:51] [34mINFO[0;39m [36mg.service.ubs.OrderLockServiceImpl      [0;39m [35m:62  [0;39m Unlock orders
[2025-04-05 14:45:51] [34mINFO[0;39m [36mg.service.ubs.OrderLockServiceImpl      [0;39m [35m:60  [0;39m Time: 2025-04-05T14:40:51.259796700
[2025-04-05 14:45:51] [34mINFO[0;39m [36mg.service.ubs.OrderLockServiceImpl      [0;39m [35m:62  [0;39m Unlock orders
[2025-04-05 14:46:51] [34mINFO[0;39m [36mg.service.ubs.OrderLockServiceImpl      [0;39m [35m:60  [0;39m Time: 2025-04-05T14:41:51.266444800
[2025-04-05 14:46:51] [34mINFO[0;39m [36mg.service.ubs.OrderLockServiceImpl      [0;39m [35m:62  [0;39m Unlock orders
[2025-04-05 14:47:51] [34mINFO[0;39m [36mg.service.ubs.OrderLockServiceImpl      [0;39m [35m:60  [0;39m Time: 2025-04-05T14:42:51.260476800
[2025-04-05 14:47:51] [34mINFO[0;39m [36mg.service.ubs.OrderLockServiceImpl      [0;39m [35m:62  [0;39m Unlock orders
[2025-04-05 14:48:51] [34mINFO[0;39m [36mg.service.ubs.OrderLockServiceImpl      [0;39m [35m:60  [0;39m Time: 2025-04-05T14:43:51.265204400
[2025-04-05 14:48:51] [34mINFO[0;39m [36mg.service.ubs.OrderLockServiceImpl      [0;39m [35m:62  [0;39m Unlock orders
[2025-04-05 14:49:51] [34mINFO[0;39m [36mg.service.ubs.OrderLockServiceImpl      [0;39m [35m:60  [0;39m Time: 2025-04-05T14:44:51.263225
[2025-04-05 14:49:51] [34mINFO[0;39m [36mg.service.ubs.OrderLockServiceImpl      [0;39m [35m:62  [0;39m Unlock orders
[2025-04-05 14:50:51] [34mINFO[0;39m [36mg.service.ubs.OrderLockServiceImpl      [0;39m [35m:60  [0;39m Time: 2025-04-05T14:45:51.262963600
[2025-04-05 14:50:51] [34mINFO[0;39m [36mg.service.ubs.OrderLockServiceImpl      [0;39m [35m:62  [0;39m Unlock orders
[2025-04-05 14:51:51] [34mINFO[0;39m [36mg.service.ubs.OrderLockServiceImpl      [0;39m [35m:60  [0;39m Time: 2025-04-05T14:46:51.269172300
[2025-04-05 14:51:51] [34mINFO[0;39m [36mg.service.ubs.OrderLockServiceImpl      [0;39m [35m:62  [0;39m Unlock orders
[2025-04-05 14:52:51] [34mINFO[0;39m [36mg.service.ubs.OrderLockServiceImpl      [0;39m [35m:60  [0;39m Time: 2025-04-05T14:47:51.267701200
[2025-04-05 14:52:51] [34mINFO[0;39m [36mg.service.ubs.OrderLockServiceImpl      [0;39m [35m:62  [0;39m Unlock orders
[2025-04-05 14:53:51] [34mINFO[0;39m [36mg.service.ubs.OrderLockServiceImpl      [0;39m [35m:60  [0;39m Time: 2025-04-05T14:48:51.279201900
[2025-04-05 14:53:51] [34mINFO[0;39m [36mg.service.ubs.OrderLockServiceImpl      [0;39m [35m:62  [0;39m Unlock orders
[2025-04-05 14:54:51] [34mINFO[0;39m [36mg.service.ubs.OrderLockServiceImpl      [0;39m [35m:60  [0;39m Time: 2025-04-05T14:49:51.269617200
[2025-04-05 14:54:51] [34mINFO[0;39m [36mg.service.ubs.OrderLockServiceImpl      [0;39m [35m:62  [0;39m Unlock orders
[2025-04-05 14:55:51] [34mINFO[0;39m [36mg.service.ubs.OrderLockServiceImpl      [0;39m [35m:60  [0;39m Time: 2025-04-05T14:50:51.267567
[2025-04-05 14:55:51] [34mINFO[0;39m [36mg.service.ubs.OrderLockServiceImpl      [0;39m [35m:62  [0;39m Unlock orders
[2025-04-05 14:56:51] [34mINFO[0;39m [36mg.service.ubs.OrderLockServiceImpl      [0;39m [35m:60  [0;39m Time: 2025-04-05T14:51:51.260913200
[2025-04-05 14:56:51] [34mINFO[0;39m [36mg.service.ubs.OrderLockServiceImpl      [0;39m [35m:62  [0;39m Unlock orders
[2025-04-05 14:57:51] [34mINFO[0;39m [36mg.service.ubs.OrderLockServiceImpl      [0;39m [35m:60  [0;39m Time: 2025-04-05T14:52:51.265932300
[2025-04-05 14:57:51] [34mINFO[0;39m [36mg.service.ubs.OrderLockServiceImpl      [0;39m [35m:62  [0;39m Unlock orders
[2025-04-05 14:58:51] [34mINFO[0;39m [36mg.service.ubs.OrderLockServiceImpl      [0;39m [35m:60  [0;39m Time: 2025-04-05T14:53:51.271546100
[2025-04-05 14:58:51] [34mINFO[0;39m [36mg.service.ubs.OrderLockServiceImpl      [0;39m [35m:62  [0;39m Unlock orders
[2025-04-05 14:59:51] [34mINFO[0;39m [36mg.service.ubs.OrderLockServiceImpl      [0;39m [35m:60  [0;39m Time: 2025-04-05T14:54:51.260193800
[2025-04-05 14:59:51] [34mINFO[0;39m [36mg.service.ubs.OrderLockServiceImpl      [0;39m [35m:62  [0;39m Unlock orders
[2025-04-05 15:00:51] [34mINFO[0;39m [36mg.service.ubs.OrderLockServiceImpl      [0;39m [35m:60  [0;39m Time: 2025-04-05T14:55:51.271024900
[2025-04-05 15:00:51] [34mINFO[0;39m [36mg.service.ubs.OrderLockServiceImpl      [0;39m [35m:62  [0;39m Unlock orders
[2025-04-05 15:01:51] [34mINFO[0;39m [36mg.service.ubs.OrderLockServiceImpl      [0;39m [35m:60  [0;39m Time: 2025-04-05T14:56:51.263702600
[2025-04-05 15:01:51] [34mINFO[0;39m [36mg.service.ubs.OrderLockServiceImpl      [0;39m [35m:62  [0;39m Unlock orders
[2025-04-05 15:02:51] [34mINFO[0;39m [36mg.service.ubs.OrderLockServiceImpl      [0;39m [35m:60  [0;39m Time: 2025-04-05T14:57:51.259363200
[2025-04-05 15:02:51] [34mINFO[0;39m [36mg.service.ubs.OrderLockServiceImpl      [0;39m [35m:62  [0;39m Unlock orders
[2025-04-05 15:03:51] [34mINFO[0;39m [36mg.service.ubs.OrderLockServiceImpl      [0;39m [35m:60  [0;39m Time: 2025-04-05T14:58:51.261381400
[2025-04-05 15:03:51] [34mINFO[0;39m [36mg.service.ubs.OrderLockServiceImpl      [0;39m [35m:62  [0;39m Unlock orders
[2025-04-05 15:04:51] [34mINFO[0;39m [36mg.service.ubs.OrderLockServiceImpl      [0;39m [35m:60  [0;39m Time: 2025-04-05T14:59:51.263964600
[2025-04-05 15:04:51] [34mINFO[0;39m [36mg.service.ubs.OrderLockServiceImpl      [0;39m [35m:62  [0;39m Unlock orders
[2025-04-05 15:05:51] [34mINFO[0;39m [36mg.service.ubs.OrderLockServiceImpl      [0;39m [35m:60  [0;39m Time: 2025-04-05T15:00:51.258534100
[2025-04-05 15:05:51] [34mINFO[0;39m [36mg.service.ubs.OrderLockServiceImpl      [0;39m [35m:62  [0;39m Unlock orders
[2025-04-05 15:06:51] [34mINFO[0;39m [36mg.service.ubs.OrderLockServiceImpl      [0;39m [35m:60  [0;39m Time: 2025-04-05T15:01:51.264931400
[2025-04-05 15:06:51] [34mINFO[0;39m [36mg.service.ubs.OrderLockServiceImpl      [0;39m [35m:62  [0;39m Unlock orders
[2025-04-05 15:07:51] [34mINFO[0;39m [36mg.service.ubs.OrderLockServiceImpl      [0;39m [35m:60  [0;39m Time: 2025-04-05T15:02:51.258857200
[2025-04-05 15:07:51] [34mINFO[0;39m [36mg.service.ubs.OrderLockServiceImpl      [0;39m [35m:62  [0;39m Unlock orders
[2025-04-05 15:08:51] [34mINFO[0;39m [36mg.service.ubs.OrderLockServiceImpl      [0;39m [35m:60  [0;39m Time: 2025-04-05T15:03:51.267256200
[2025-04-05 15:08:51] [34mINFO[0;39m [36mg.service.ubs.OrderLockServiceImpl      [0;39m [35m:62  [0;39m Unlock orders
[2025-04-05 15:09:51] [34mINFO[0;39m [36mg.service.ubs.OrderLockServiceImpl      [0;39m [35m:60  [0;39m Time: 2025-04-05T15:04:51.258787600
[2025-04-05 15:09:51] [34mINFO[0;39m [36mg.service.ubs.OrderLockServiceImpl      [0;39m [35m:62  [0;39m Unlock orders
[2025-04-05 15:10:51] [34mINFO[0;39m [36mg.service.ubs.OrderLockServiceImpl      [0;39m [35m:60  [0;39m Time: 2025-04-05T15:05:51.265001800
[2025-04-05 15:10:51] [34mINFO[0;39m [36mg.service.ubs.OrderLockServiceImpl      [0;39m [35m:62  [0;39m Unlock orders
[2025-04-05 15:11:51] [34mINFO[0;39m [36mg.service.ubs.OrderLockServiceImpl      [0;39m [35m:60  [0;39m Time: 2025-04-05T15:06:51.261172300
[2025-04-05 15:11:51] [34mINFO[0;39m [36mg.service.ubs.OrderLockServiceImpl      [0;39m [35m:62  [0;39m Unlock orders
[2025-04-05 15:12:51] [34mINFO[0;39m [36mg.service.ubs.OrderLockServiceImpl      [0;39m [35m:60  [0;39m Time: 2025-04-05T15:07:51.269141900
[2025-04-05 15:12:51] [34mINFO[0;39m [36mg.service.ubs.OrderLockServiceImpl      [0;39m [35m:62  [0;39m Unlock orders
[2025-04-05 15:13:51] [34mINFO[0;39m [36mg.service.ubs.OrderLockServiceImpl      [0;39m [35m:60  [0;39m Time: 2025-04-05T15:08:51.261368900
[2025-04-05 15:13:51] [34mINFO[0;39m [36mg.service.ubs.OrderLockServiceImpl      [0;39m [35m:62  [0;39m Unlock orders
[2025-04-05 15:14:51] [34mINFO[0;39m [36mg.service.ubs.OrderLockServiceImpl      [0;39m [35m:60  [0;39m Time: 2025-04-05T15:09:51.263357500
[2025-04-05 15:14:51] [34mINFO[0;39m [36mg.service.ubs.OrderLockServiceImpl      [0;39m [35m:62  [0;39m Unlock orders
[2025-04-05 15:15:51] [34mINFO[0;39m [36mg.service.ubs.OrderLockServiceImpl      [0;39m [35m:60  [0;39m Time: 2025-04-05T15:10:51.264471300
[2025-04-05 15:15:51] [34mINFO[0;39m [36mg.service.ubs.OrderLockServiceImpl      [0;39m [35m:62  [0;39m Unlock orders
[2025-04-05 15:16:51] [34mINFO[0;39m [36mg.service.ubs.OrderLockServiceImpl      [0;39m [35m:60  [0;39m Time: 2025-04-05T15:11:51.267932500
[2025-04-05 15:16:51] [34mINFO[0;39m [36mg.service.ubs.OrderLockServiceImpl      [0;39m [35m:62  [0;39m Unlock orders
[2025-04-05 15:17:51] [34mINFO[0;39m [36mg.service.ubs.OrderLockServiceImpl      [0;39m [35m:60  [0;39m Time: 2025-04-05T15:12:51.272337400
[2025-04-05 15:17:51] [34mINFO[0;39m [36mg.service.ubs.OrderLockServiceImpl      [0;39m [35m:62  [0;39m Unlock orders
[2025-04-05 15:18:51] [34mINFO[0;39m [36mg.service.ubs.OrderLockServiceImpl      [0;39m [35m:60  [0;39m Time: 2025-04-05T15:13:51.267873200
[2025-04-05 15:18:51] [34mINFO[0;39m [36mg.service.ubs.OrderLockServiceImpl      [0;39m [35m:62  [0;39m Unlock orders
[2025-04-05 15:19:51] [34mINFO[0;39m [36mg.service.ubs.OrderLockServiceImpl      [0;39m [35m:60  [0;39m Time: 2025-04-05T15:14:51.262393900
[2025-04-05 15:19:51] [34mINFO[0;39m [36mg.service.ubs.OrderLockServiceImpl      [0;39m [35m:62  [0;39m Unlock orders
[2025-04-05 15:20:51] [34mINFO[0;39m [36mg.service.ubs.OrderLockServiceImpl      [0;39m [35m:60  [0;39m Time: 2025-04-05T15:15:51.264138300
[2025-04-05 15:20:51] [34mINFO[0;39m [36mg.service.ubs.OrderLockServiceImpl      [0;39m [35m:62  [0;39m Unlock orders
[2025-04-05 15:21:51] [34mINFO[0;39m [36mg.service.ubs.OrderLockServiceImpl      [0;39m [35m:60  [0;39m Time: 2025-04-05T15:16:51.267094
[2025-04-05 15:21:51] [34mINFO[0;39m [36mg.service.ubs.OrderLockServiceImpl      [0;39m [35m:62  [0;39m Unlock orders
[2025-04-05 15:22:51] [34mINFO[0;39m [36mg.service.ubs.OrderLockServiceImpl      [0;39m [35m:60  [0;39m Time: 2025-04-05T15:17:51.272332
[2025-04-05 15:22:51] [34mINFO[0;39m [36mg.service.ubs.OrderLockServiceImpl      [0;39m [35m:62  [0;39m Unlock orders
[2025-04-05 15:23:51] [34mINFO[0;39m [36mg.service.ubs.OrderLockServiceImpl      [0;39m [35m:60  [0;39m Time: 2025-04-05T15:18:51.259759300
[2025-04-05 15:23:51] [34mINFO[0;39m [36mg.service.ubs.OrderLockServiceImpl      [0;39m [35m:62  [0;39m Unlock orders
[2025-04-05 15:24:51] [34mINFO[0;39m [36mg.service.ubs.OrderLockServiceImpl      [0;39m [35m:60  [0;39m Time: 2025-04-05T15:19:51.269102300
[2025-04-05 15:24:51] [34mINFO[0;39m [36mg.service.ubs.OrderLockServiceImpl      [0;39m [35m:62  [0;39m Unlock orders
[2025-04-05 15:25:51] [34mINFO[0;39m [36mg.service.ubs.OrderLockServiceImpl      [0;39m [35m:60  [0;39m Time: 2025-04-05T15:20:51.265932
[2025-04-05 15:25:51] [34mINFO[0;39m [36mg.service.ubs.OrderLockServiceImpl      [0;39m [35m:62  [0;39m Unlock orders
[2025-04-05 15:26:51] [34mINFO[0;39m [36mg.service.ubs.OrderLockServiceImpl      [0;39m [35m:60  [0;39m Time: 2025-04-05T15:21:51.269675800
[2025-04-05 15:26:51] [34mINFO[0;39m [36mg.service.ubs.OrderLockServiceImpl      [0;39m [35m:62  [0;39m Unlock orders
[2025-04-05 15:27:51] [34mINFO[0;39m [36mg.service.ubs.OrderLockServiceImpl      [0;39m [35m:60  [0;39m Time: 2025-04-05T15:22:51.265358700
[2025-04-05 15:27:51] [34mINFO[0;39m [36mg.service.ubs.OrderLockServiceImpl      [0;39m [35m:62  [0;39m Unlock orders
[2025-04-05 15:28:51] [34mINFO[0;39m [36mg.service.ubs.OrderLockServiceImpl      [0;39m [35m:60  [0;39m Time: 2025-04-05T15:23:51.261795800
[2025-04-05 15:28:51] [34mINFO[0;39m [36mg.service.ubs.OrderLockServiceImpl      [0;39m [35m:62  [0;39m Unlock orders
[2025-04-05 15:29:51] [34mINFO[0;39m [36mg.service.ubs.OrderLockServiceImpl      [0;39m [35m:60  [0;39m Time: 2025-04-05T15:24:51.259274400
[2025-04-05 15:29:51] [34mINFO[0;39m [36mg.service.ubs.OrderLockServiceImpl      [0;39m [35m:62  [0;39m Unlock orders
[2025-04-05 15:30:51] [34mINFO[0;39m [36mg.service.ubs.OrderLockServiceImpl      [0;39m [35m:60  [0;39m Time: 2025-04-05T15:25:51.258457700
[2025-04-05 15:30:51] [34mINFO[0;39m [36mg.service.ubs.OrderLockServiceImpl      [0;39m [35m:62  [0;39m Unlock orders
[2025-04-05 15:31:51] [34mINFO[0;39m [36mg.service.ubs.OrderLockServiceImpl      [0;39m [35m:60  [0;39m Time: 2025-04-05T15:26:51.260277800
[2025-04-05 15:31:51] [34mINFO[0;39m [36mg.service.ubs.OrderLockServiceImpl      [0;39m [35m:62  [0;39m Unlock orders
[2025-04-05 15:32:51] [34mINFO[0;39m [36mg.service.ubs.OrderLockServiceImpl      [0;39m [35m:60  [0;39m Time: 2025-04-05T15:27:51.270823700
[2025-04-05 15:32:51] [34mINFO[0;39m [36mg.service.ubs.OrderLockServiceImpl      [0;39m [35m:62  [0;39m Unlock orders
[2025-04-05 15:33:51] [34mINFO[0;39m [36mg.service.ubs.OrderLockServiceImpl      [0;39m [35m:60  [0;39m Time: 2025-04-05T15:28:51.264533900
[2025-04-05 15:33:51] [34mINFO[0;39m [36mg.service.ubs.OrderLockServiceImpl      [0;39m [35m:62  [0;39m Unlock orders
[2025-04-05 15:34:51] [34mINFO[0;39m [36mg.service.ubs.OrderLockServiceImpl      [0;39m [35m:60  [0;39m Time: 2025-04-05T15:29:51.263961200
[2025-04-05 15:34:51] [34mINFO[0;39m [36mg.service.ubs.OrderLockServiceImpl      [0;39m [35m:62  [0;39m Unlock orders
[2025-04-05 15:35:51] [34mINFO[0;39m [36mg.service.ubs.OrderLockServiceImpl      [0;39m [35m:60  [0;39m Time: 2025-04-05T15:30:51.260787300
[2025-04-05 15:35:51] [34mINFO[0;39m [36mg.service.ubs.OrderLockServiceImpl      [0;39m [35m:62  [0;39m Unlock orders
[2025-04-05 15:36:51] [34mINFO[0;39m [36mg.service.ubs.OrderLockServiceImpl      [0;39m [35m:60  [0;39m Time: 2025-04-05T15:31:51.263027900
[2025-04-05 15:36:51] [34mINFO[0;39m [36mg.service.ubs.OrderLockServiceImpl      [0;39m [35m:62  [0;39m Unlock orders
[2025-04-05 15:37:51] [34mINFO[0;39m [36mg.service.ubs.OrderLockServiceImpl      [0;39m [35m:60  [0;39m Time: 2025-04-05T15:32:51.267109
[2025-04-05 15:37:51] [34mINFO[0;39m [36mg.service.ubs.OrderLockServiceImpl      [0;39m [35m:62  [0;39m Unlock orders
[2025-04-05 15:38:51] [34mINFO[0;39m [36mg.service.ubs.OrderLockServiceImpl      [0;39m [35m:60  [0;39m Time: 2025-04-05T15:33:51.261855300
[2025-04-05 15:38:51] [34mINFO[0;39m [36mg.service.ubs.OrderLockServiceImpl      [0;39m [35m:62  [0;39m Unlock orders
[2025-04-05 15:39:51] [34mINFO[0;39m [36mg.service.ubs.OrderLockServiceImpl      [0;39m [35m:60  [0;39m Time: 2025-04-05T15:34:51.259520400
[2025-04-05 15:39:51] [34mINFO[0;39m [36mg.service.ubs.OrderLockServiceImpl      [0;39m [35m:62  [0;39m Unlock orders
[2025-04-05 15:40:51] [34mINFO[0;39m [36mg.service.ubs.OrderLockServiceImpl      [0;39m [35m:60  [0;39m Time: 2025-04-05T15:35:51.272614400
[2025-04-05 15:40:51] [34mINFO[0;39m [36mg.service.ubs.OrderLockServiceImpl      [0;39m [35m:62  [0;39m Unlock orders
[2025-04-05 15:41:51] [34mINFO[0;39m [36mg.service.ubs.OrderLockServiceImpl      [0;39m [35m:60  [0;39m Time: 2025-04-05T15:36:51.263913600
[2025-04-05 15:41:51] [34mINFO[0;39m [36mg.service.ubs.OrderLockServiceImpl      [0;39m [35m:62  [0;39m Unlock orders
[2025-04-05 15:42:51] [34mINFO[0;39m [36mg.service.ubs.OrderLockServiceImpl      [0;39m [35m:60  [0;39m Time: 2025-04-05T15:37:51.261070600
[2025-04-05 15:42:51] [34mINFO[0;39m [36mg.service.ubs.OrderLockServiceImpl      [0;39m [35m:62  [0;39m Unlock orders
[2025-04-05 15:43:51] [34mINFO[0;39m [36mg.service.ubs.OrderLockServiceImpl      [0;39m [35m:60  [0;39m Time: 2025-04-05T15:38:51.266516100
[2025-04-05 15:43:51] [34mINFO[0;39m [36mg.service.ubs.OrderLockServiceImpl      [0;39m [35m:62  [0;39m Unlock orders
[2025-04-05 15:44:51] [34mINFO[0;39m [36mg.service.ubs.OrderLockServiceImpl      [0;39m [35m:60  [0;39m Time: 2025-04-05T15:39:51.270094500
[2025-04-05 15:44:51] [34mINFO[0;39m [36mg.service.ubs.OrderLockServiceImpl      [0;39m [35m:62  [0;39m Unlock orders
[2025-04-05 15:45:51] [34mINFO[0;39m [36mg.service.ubs.OrderLockServiceImpl      [0;39m [35m:60  [0;39m Time: 2025-04-05T15:40:51.264061100
[2025-04-05 15:45:51] [34mINFO[0;39m [36mg.service.ubs.OrderLockServiceImpl      [0;39m [35m:62  [0;39m Unlock orders
[2025-04-05 15:46:51] [34mINFO[0;39m [36mg.service.ubs.OrderLockServiceImpl      [0;39m [35m:60  [0;39m Time: 2025-04-05T15:41:51.264671800
[2025-04-05 15:46:51] [34mINFO[0;39m [36mg.service.ubs.OrderLockServiceImpl      [0;39m [35m:62  [0;39m Unlock orders
[2025-04-05 15:47:51] [34mINFO[0;39m [36mg.service.ubs.OrderLockServiceImpl      [0;39m [35m:60  [0;39m Time: 2025-04-05T15:42:51.273051700
[2025-04-05 15:47:51] [34mINFO[0;39m [36mg.service.ubs.OrderLockServiceImpl      [0;39m [35m:62  [0;39m Unlock orders
[2025-04-05 15:48:51] [34mINFO[0;39m [36mg.service.ubs.OrderLockServiceImpl      [0;39m [35m:60  [0;39m Time: 2025-04-05T15:43:51.261347900
[2025-04-05 15:48:51] [34mINFO[0;39m [36mg.service.ubs.OrderLockServiceImpl      [0;39m [35m:62  [0;39m Unlock orders
[2025-04-05 15:49:51] [34mINFO[0;39m [36mg.service.ubs.OrderLockServiceImpl      [0;39m [35m:60  [0;39m Time: 2025-04-05T15:44:51.264436800
[2025-04-05 15:49:51] [34mINFO[0;39m [36mg.service.ubs.OrderLockServiceImpl      [0;39m [35m:62  [0;39m Unlock orders
[2025-04-05 15:50:51] [34mINFO[0;39m [36mg.service.ubs.OrderLockServiceImpl      [0;39m [35m:60  [0;39m Time: 2025-04-05T15:45:51.263414300
[2025-04-05 15:50:51] [34mINFO[0;39m [36mg.service.ubs.OrderLockServiceImpl      [0;39m [35m:62  [0;39m Unlock orders
[2025-04-05 15:51:51] [34mINFO[0;39m [36mg.service.ubs.OrderLockServiceImpl      [0;39m [35m:60  [0;39m Time: 2025-04-05T15:46:51.269797400
[2025-04-05 15:51:51] [34mINFO[0;39m [36mg.service.ubs.OrderLockServiceImpl      [0;39m [35m:62  [0;39m Unlock orders
[2025-04-05 15:52:51] [34mINFO[0;39m [36mg.service.ubs.OrderLockServiceImpl      [0;39m [35m:60  [0;39m Time: 2025-04-05T15:47:51.266218600
[2025-04-05 15:52:51] [34mINFO[0;39m [36mg.service.ubs.OrderLockServiceImpl      [0;39m [35m:62  [0;39m Unlock orders
[2025-04-05 15:53:51] [34mINFO[0;39m [36mg.service.ubs.OrderLockServiceImpl      [0;39m [35m:60  [0;39m Time: 2025-04-05T15:48:51.264907200
[2025-04-05 15:53:51] [34mINFO[0;39m [36mg.service.ubs.OrderLockServiceImpl      [0;39m [35m:62  [0;39m Unlock orders
[2025-04-05 15:54:51] [34mINFO[0;39m [36mg.service.ubs.OrderLockServiceImpl      [0;39m [35m:60  [0;39m Time: 2025-04-05T15:49:51.259831100
[2025-04-05 15:54:51] [34mINFO[0;39m [36mg.service.ubs.OrderLockServiceImpl      [0;39m [35m:62  [0;39m Unlock orders
[2025-04-05 15:55:51] [34mINFO[0;39m [36mg.service.ubs.OrderLockServiceImpl      [0;39m [35m:60  [0;39m Time: 2025-04-05T15:50:51.268526500
[2025-04-05 15:55:51] [34mINFO[0;39m [36mg.service.ubs.OrderLockServiceImpl      [0;39m [35m:62  [0;39m Unlock orders
[2025-04-05 15:56:51] [34mINFO[0;39m [36mg.service.ubs.OrderLockServiceImpl      [0;39m [35m:60  [0;39m Time: 2025-04-05T15:51:51.264496400
[2025-04-05 15:56:51] [34mINFO[0;39m [36mg.service.ubs.OrderLockServiceImpl      [0;39m [35m:62  [0;39m Unlock orders
[2025-04-05 15:57:51] [34mINFO[0;39m [36mg.service.ubs.OrderLockServiceImpl      [0;39m [35m:60  [0;39m Time: 2025-04-05T15:52:51.271954900
[2025-04-05 15:57:51] [34mINFO[0;39m [36mg.service.ubs.OrderLockServiceImpl      [0;39m [35m:62  [0;39m Unlock orders
[2025-04-05 15:58:51] [34mINFO[0;39m [36mg.service.ubs.OrderLockServiceImpl      [0;39m [35m:60  [0;39m Time: 2025-04-05T15:53:51.268158
[2025-04-05 15:58:51] [34mINFO[0;39m [36mg.service.ubs.OrderLockServiceImpl      [0;39m [35m:62  [0;39m Unlock orders
[2025-04-05 15:59:51] [34mINFO[0;39m [36mg.service.ubs.OrderLockServiceImpl      [0;39m [35m:60  [0;39m Time: 2025-04-05T15:54:51.259296
[2025-04-05 15:59:51] [34mINFO[0;39m [36mg.service.ubs.OrderLockServiceImpl      [0;39m [35m:62  [0;39m Unlock orders
[2025-04-05 16:00:51] [34mINFO[0;39m [36mg.service.ubs.OrderLockServiceImpl      [0;39m [35m:60  [0;39m Time: 2025-04-05T15:55:51.259790200
[2025-04-05 16:00:51] [34mINFO[0;39m [36mg.service.ubs.OrderLockServiceImpl      [0;39m [35m:62  [0;39m Unlock orders
[2025-04-05 16:01:51] [34mINFO[0;39m [36mg.service.ubs.OrderLockServiceImpl      [0;39m [35m:60  [0;39m Time: 2025-04-05T15:56:51.261279800
[2025-04-05 16:01:51] [34mINFO[0;39m [36mg.service.ubs.OrderLockServiceImpl      [0;39m [35m:62  [0;39m Unlock orders
[2025-04-05 16:02:51] [34mINFO[0;39m [36mg.service.ubs.OrderLockServiceImpl      [0;39m [35m:60  [0;39m Time: 2025-04-05T15:57:51.271899
[2025-04-05 16:02:51] [34mINFO[0;39m [36mg.service.ubs.OrderLockServiceImpl      [0;39m [35m:62  [0;39m Unlock orders
[2025-04-05 16:03:51] [34mINFO[0;39m [36mg.service.ubs.OrderLockServiceImpl      [0;39m [35m:60  [0;39m Time: 2025-04-05T15:58:51.261398900
[2025-04-05 16:03:51] [34mINFO[0;39m [36mg.service.ubs.OrderLockServiceImpl      [0;39m [35m:62  [0;39m Unlock orders
[2025-04-05 16:04:51] [34mINFO[0;39m [36mg.service.ubs.OrderLockServiceImpl      [0;39m [35m:60  [0;39m Time: 2025-04-05T15:59:51.266411500
[2025-04-05 16:04:51] [34mINFO[0;39m [36mg.service.ubs.OrderLockServiceImpl      [0;39m [35m:62  [0;39m Unlock orders
[2025-04-05 16:05:51] [34mINFO[0;39m [36mg.service.ubs.OrderLockServiceImpl      [0;39m [35m:60  [0;39m Time: 2025-04-05T16:00:51.265192700
[2025-04-05 16:05:51] [34mINFO[0;39m [36mg.service.ubs.OrderLockServiceImpl      [0;39m [35m:62  [0;39m Unlock orders
[2025-04-05 16:06:51] [34mINFO[0;39m [36mg.service.ubs.OrderLockServiceImpl      [0;39m [35m:60  [0;39m Time: 2025-04-05T16:01:51.264280900
[2025-04-05 16:06:51] [34mINFO[0;39m [36mg.service.ubs.OrderLockServiceImpl      [0;39m [35m:62  [0;39m Unlock orders
[2025-04-05 16:07:51] [34mINFO[0;39m [36mg.service.ubs.OrderLockServiceImpl      [0;39m [35m:60  [0;39m Time: 2025-04-05T16:02:51.263231500
[2025-04-05 16:07:51] [34mINFO[0;39m [36mg.service.ubs.OrderLockServiceImpl      [0;39m [35m:62  [0;39m Unlock orders
[2025-04-05 16:08:51] [34mINFO[0;39m [36mg.service.ubs.OrderLockServiceImpl      [0;39m [35m:60  [0;39m Time: 2025-04-05T16:03:51.265767800
[2025-04-05 16:08:51] [34mINFO[0;39m [36mg.service.ubs.OrderLockServiceImpl      [0;39m [35m:62  [0;39m Unlock orders
[2025-04-05 16:09:51] [34mINFO[0;39m [36mg.service.ubs.OrderLockServiceImpl      [0;39m [35m:60  [0;39m Time: 2025-04-05T16:04:51.268690700
[2025-04-05 16:09:51] [34mINFO[0;39m [36mg.service.ubs.OrderLockServiceImpl      [0;39m [35m:62  [0;39m Unlock orders
[2025-04-05 16:10:51] [34mINFO[0;39m [36mg.service.ubs.OrderLockServiceImpl      [0;39m [35m:60  [0;39m Time: 2025-04-05T16:05:51.272355400
[2025-04-05 16:10:51] [34mINFO[0;39m [36mg.service.ubs.OrderLockServiceImpl      [0;39m [35m:62  [0;39m Unlock orders
[2025-04-05 16:11:51] [34mINFO[0;39m [36mg.service.ubs.OrderLockServiceImpl      [0;39m [35m:60  [0;39m Time: 2025-04-05T16:06:51.259796600
[2025-04-05 16:11:51] [34mINFO[0;39m [36mg.service.ubs.OrderLockServiceImpl      [0;39m [35m:62  [0;39m Unlock orders
[2025-04-05 16:12:51] [34mINFO[0;39m [36mg.service.ubs.OrderLockServiceImpl      [0;39m [35m:60  [0;39m Time: 2025-04-05T16:07:51.264271
[2025-04-05 16:12:51] [34mINFO[0;39m [36mg.service.ubs.OrderLockServiceImpl      [0;39m [35m:62  [0;39m Unlock orders
[2025-04-05 16:13:51] [34mINFO[0;39m [36mg.service.ubs.OrderLockServiceImpl      [0;39m [35m:60  [0;39m Time: 2025-04-05T16:08:51.259525200
[2025-04-05 16:13:51] [34mINFO[0;39m [36mg.service.ubs.OrderLockServiceImpl      [0;39m [35m:62  [0;39m Unlock orders
[2025-04-05 16:14:51] [34mINFO[0;39m [36mg.service.ubs.OrderLockServiceImpl      [0;39m [35m:60  [0;39m Time: 2025-04-05T16:09:51.260117100
[2025-04-05 16:14:51] [34mINFO[0;39m [36mg.service.ubs.OrderLockServiceImpl      [0;39m [35m:62  [0;39m Unlock orders
[2025-04-05 16:15:51] [34mINFO[0;39m [36mg.service.ubs.OrderLockServiceImpl      [0;39m [35m:60  [0;39m Time: 2025-04-05T16:10:51.258987
[2025-04-05 16:15:51] [34mINFO[0;39m [36mg.service.ubs.OrderLockServiceImpl      [0;39m [35m:62  [0;39m Unlock orders
[2025-04-05 16:16:51] [34mINFO[0;39m [36mg.service.ubs.OrderLockServiceImpl      [0;39m [35m:60  [0;39m Time: 2025-04-05T16:11:51.270788800
[2025-04-05 16:16:51] [34mINFO[0;39m [36mg.service.ubs.OrderLockServiceImpl      [0;39m [35m:62  [0;39m Unlock orders
[2025-04-05 16:17:51] [34mINFO[0;39m [36mg.service.ubs.OrderLockServiceImpl      [0;39m [35m:60  [0;39m Time: 2025-04-05T16:12:51.261813300
[2025-04-05 16:17:51] [34mINFO[0;39m [36mg.service.ubs.OrderLockServiceImpl      [0;39m [35m:62  [0;39m Unlock orders
[2025-04-05 16:18:51] [34mINFO[0;39m [36mg.service.ubs.OrderLockServiceImpl      [0;39m [35m:60  [0;39m Time: 2025-04-05T16:13:51.262172800
[2025-04-05 16:18:51] [34mINFO[0;39m [36mg.service.ubs.OrderLockServiceImpl      [0;39m [35m:62  [0;39m Unlock orders
[2025-04-05 16:19:51] [34mINFO[0;39m [36mg.service.ubs.OrderLockServiceImpl      [0;39m [35m:60  [0;39m Time: 2025-04-05T16:14:51.269985700
[2025-04-05 16:19:51] [34mINFO[0;39m [36mg.service.ubs.OrderLockServiceImpl      [0;39m [35m:62  [0;39m Unlock orders
[2025-04-05 16:20:51] [34mINFO[0;39m [36mg.service.ubs.OrderLockServiceImpl      [0;39m [35m:60  [0;39m Time: 2025-04-05T16:15:51.266052700
[2025-04-05 16:20:51] [34mINFO[0;39m [36mg.service.ubs.OrderLockServiceImpl      [0;39m [35m:62  [0;39m Unlock orders
[2025-04-05 16:21:51] [34mINFO[0;39m [36mg.service.ubs.OrderLockServiceImpl      [0;39m [35m:60  [0;39m Time: 2025-04-05T16:16:51.271696200
[2025-04-05 16:21:51] [34mINFO[0;39m [36mg.service.ubs.OrderLockServiceImpl      [0;39m [35m:62  [0;39m Unlock orders
[2025-04-05 16:22:51] [34mINFO[0;39m [36mg.service.ubs.OrderLockServiceImpl      [0;39m [35m:60  [0;39m Time: 2025-04-05T16:17:51.271097900
[2025-04-05 16:22:51] [34mINFO[0;39m [36mg.service.ubs.OrderLockServiceImpl      [0;39m [35m:62  [0;39m Unlock orders
[2025-04-05 16:23:51] [34mINFO[0;39m [36mg.service.ubs.OrderLockServiceImpl      [0;39m [35m:60  [0;39m Time: 2025-04-05T16:18:51.270749500
[2025-04-05 16:23:51] [34mINFO[0;39m [36mg.service.ubs.OrderLockServiceImpl      [0;39m [35m:62  [0;39m Unlock orders
[2025-04-05 16:24:51] [34mINFO[0;39m [36mg.service.ubs.OrderLockServiceImpl      [0;39m [35m:60  [0;39m Time: 2025-04-05T16:19:51.263153700
[2025-04-05 16:24:51] [34mINFO[0;39m [36mg.service.ubs.OrderLockServiceImpl      [0;39m [35m:62  [0;39m Unlock orders
[2025-04-05 16:25:51] [34mINFO[0;39m [36mg.service.ubs.OrderLockServiceImpl      [0;39m [35m:60  [0;39m Time: 2025-04-05T16:20:51.260090200
[2025-04-05 16:25:51] [34mINFO[0;39m [36mg.service.ubs.OrderLockServiceImpl      [0;39m [35m:62  [0;39m Unlock orders
[2025-04-05 16:26:51] [34mINFO[0;39m [36mg.service.ubs.OrderLockServiceImpl      [0;39m [35m:60  [0;39m Time: 2025-04-05T16:21:51.272465500
[2025-04-05 16:26:51] [34mINFO[0;39m [36mg.service.ubs.OrderLockServiceImpl      [0;39m [35m:62  [0;39m Unlock orders
[2025-04-05 16:27:51] [34mINFO[0;39m [36mg.service.ubs.OrderLockServiceImpl      [0;39m [35m:60  [0;39m Time: 2025-04-05T16:22:51.267710300
[2025-04-05 16:27:51] [34mINFO[0;39m [36mg.service.ubs.OrderLockServiceImpl      [0;39m [35m:62  [0;39m Unlock orders
[2025-04-05 16:28:51] [34mINFO[0;39m [36mg.service.ubs.OrderLockServiceImpl      [0;39m [35m:60  [0;39m Time: 2025-04-05T16:23:51.262826600
[2025-04-05 16:28:51] [34mINFO[0;39m [36mg.service.ubs.OrderLockServiceImpl      [0;39m [35m:62  [0;39m Unlock orders
[2025-04-05 16:29:51] [34mINFO[0;39m [36mg.service.ubs.OrderLockServiceImpl      [0;39m [35m:60  [0;39m Time: 2025-04-05T16:24:51.271645300
[2025-04-05 16:29:51] [34mINFO[0;39m [36mg.service.ubs.OrderLockServiceImpl      [0;39m [35m:62  [0;39m Unlock orders
[2025-04-05 16:30:51] [34mINFO[0;39m [36mg.service.ubs.OrderLockServiceImpl      [0;39m [35m:60  [0;39m Time: 2025-04-05T16:25:51.270477700
[2025-04-05 16:30:51] [34mINFO[0;39m [36mg.service.ubs.OrderLockServiceImpl      [0;39m [35m:62  [0;39m Unlock orders
[2025-04-05 16:31:51] [34mINFO[0;39m [36mg.service.ubs.OrderLockServiceImpl      [0;39m [35m:60  [0;39m Time: 2025-04-05T16:26:51.265345600
[2025-04-05 16:31:51] [34mINFO[0;39m [36mg.service.ubs.OrderLockServiceImpl      [0;39m [35m:62  [0;39m Unlock orders
[2025-04-05 16:32:51] [34mINFO[0;39m [36mg.service.ubs.OrderLockServiceImpl      [0;39m [35m:60  [0;39m Time: 2025-04-05T16:27:51.271761300
[2025-04-05 16:32:51] [34mINFO[0;39m [36mg.service.ubs.OrderLockServiceImpl      [0;39m [35m:62  [0;39m Unlock orders
[2025-04-05 16:33:51] [34mINFO[0;39m [36mg.service.ubs.OrderLockServiceImpl      [0;39m [35m:60  [0;39m Time: 2025-04-05T16:28:51.271119900
[2025-04-05 16:33:51] [34mINFO[0;39m [36mg.service.ubs.OrderLockServiceImpl      [0;39m [35m:62  [0;39m Unlock orders
[2025-04-05 16:34:51] [34mINFO[0;39m [36mg.service.ubs.OrderLockServiceImpl      [0;39m [35m:60  [0;39m Time: 2025-04-05T16:29:51.263341600
[2025-04-05 16:34:51] [34mINFO[0;39m [36mg.service.ubs.OrderLockServiceImpl      [0;39m [35m:62  [0;39m Unlock orders
[2025-04-05 16:35:51] [34mINFO[0;39m [36mg.service.ubs.OrderLockServiceImpl      [0;39m [35m:60  [0;39m Time: 2025-04-05T16:30:51.257995
[2025-04-05 16:35:51] [34mINFO[0;39m [36mg.service.ubs.OrderLockServiceImpl      [0;39m [35m:62  [0;39m Unlock orders
[2025-04-05 16:36:51] [34mINFO[0;39m [36mg.service.ubs.OrderLockServiceImpl      [0;39m [35m:60  [0;39m Time: 2025-04-05T16:31:51.265886400
[2025-04-05 16:36:51] [34mINFO[0;39m [36mg.service.ubs.OrderLockServiceImpl      [0;39m [35m:62  [0;39m Unlock orders
[2025-04-05 16:37:51] [34mINFO[0;39m [36mg.service.ubs.OrderLockServiceImpl      [0;39m [35m:60  [0;39m Time: 2025-04-05T16:32:51.266617800
[2025-04-05 16:37:51] [34mINFO[0;39m [36mg.service.ubs.OrderLockServiceImpl      [0;39m [35m:62  [0;39m Unlock orders
[2025-04-05 16:38:51] [34mINFO[0;39m [36mg.service.ubs.OrderLockServiceImpl      [0;39m [35m:60  [0;39m Time: 2025-04-05T16:33:51.266386600
[2025-04-05 16:38:51] [34mINFO[0;39m [36mg.service.ubs.OrderLockServiceImpl      [0;39m [35m:62  [0;39m Unlock orders
[2025-04-05 16:39:51] [34mINFO[0;39m [36mg.service.ubs.OrderLockServiceImpl      [0;39m [35m:60  [0;39m Time: 2025-04-05T16:34:51.257703100
[2025-04-05 16:39:51] [34mINFO[0;39m [36mg.service.ubs.OrderLockServiceImpl      [0;39m [35m:62  [0;39m Unlock orders
[2025-04-05 16:40:51] [34mINFO[0;39m [36mg.service.ubs.OrderLockServiceImpl      [0;39m [35m:60  [0;39m Time: 2025-04-05T16:35:51.265844400
[2025-04-05 16:40:51] [34mINFO[0;39m [36mg.service.ubs.OrderLockServiceImpl      [0;39m [35m:62  [0;39m Unlock orders
[2025-04-05 16:41:51] [34mINFO[0;39m [36mg.service.ubs.OrderLockServiceImpl      [0;39m [35m:60  [0;39m Time: 2025-04-05T16:36:51.267725500
[2025-04-05 16:41:51] [34mINFO[0;39m [36mg.service.ubs.OrderLockServiceImpl      [0;39m [35m:62  [0;39m Unlock orders
[2025-04-05 16:42:51] [34mINFO[0;39m [36mg.service.ubs.OrderLockServiceImpl      [0;39m [35m:60  [0;39m Time: 2025-04-05T16:37:51.264010600
[2025-04-05 16:42:51] [34mINFO[0;39m [36mg.service.ubs.OrderLockServiceImpl      [0;39m [35m:62  [0;39m Unlock orders
[2025-04-05 16:43:51] [34mINFO[0;39m [36mg.service.ubs.OrderLockServiceImpl      [0;39m [35m:60  [0;39m Time: 2025-04-05T16:38:51.267409100
[2025-04-05 16:43:51] [34mINFO[0;39m [36mg.service.ubs.OrderLockServiceImpl      [0;39m [35m:62  [0;39m Unlock orders
[2025-04-05 16:44:51] [34mINFO[0;39m [36mg.service.ubs.OrderLockServiceImpl      [0;39m [35m:60  [0;39m Time: 2025-04-05T16:39:51.257695400
[2025-04-05 16:44:51] [34mINFO[0;39m [36mg.service.ubs.OrderLockServiceImpl      [0;39m [35m:62  [0;39m Unlock orders
[2025-04-05 16:45:51] [34mINFO[0;39m [36mg.service.ubs.OrderLockServiceImpl      [0;39m [35m:60  [0;39m Time: 2025-04-05T16:40:51.259750700
[2025-04-05 16:45:51] [34mINFO[0;39m [36mg.service.ubs.OrderLockServiceImpl      [0;39m [35m:62  [0;39m Unlock orders
[2025-04-05 16:46:51] [34mINFO[0;39m [36mg.service.ubs.OrderLockServiceImpl      [0;39m [35m:60  [0;39m Time: 2025-04-05T16:41:51.270781600
[2025-04-05 16:46:51] [34mINFO[0;39m [36mg.service.ubs.OrderLockServiceImpl      [0;39m [35m:62  [0;39m Unlock orders
[2025-04-05 16:47:51] [34mINFO[0;39m [36mg.service.ubs.OrderLockServiceImpl      [0;39m [35m:60  [0;39m Time: 2025-04-05T16:42:51.267498900
[2025-04-05 16:47:51] [34mINFO[0;39m [36mg.service.ubs.OrderLockServiceImpl      [0;39m [35m:62  [0;39m Unlock orders
[2025-04-05 16:48:51] [34mINFO[0;39m [36mg.service.ubs.OrderLockServiceImpl      [0;39m [35m:60  [0;39m Time: 2025-04-05T16:43:51.262708500
[2025-04-05 16:48:51] [34mINFO[0;39m [36mg.service.ubs.OrderLockServiceImpl      [0;39m [35m:62  [0;39m Unlock orders
[2025-04-05 16:49:51] [34mINFO[0;39m [36mg.service.ubs.OrderLockServiceImpl      [0;39m [35m:60  [0;39m Time: 2025-04-05T16:44:51.258979100
[2025-04-05 16:49:51] [34mINFO[0;39m [36mg.service.ubs.OrderLockServiceImpl      [0;39m [35m:62  [0;39m Unlock orders
[2025-04-05 16:50:51] [34mINFO[0;39m [36mg.service.ubs.OrderLockServiceImpl      [0;39m [35m:60  [0;39m Time: 2025-04-05T16:45:51.258948400
[2025-04-05 16:50:51] [34mINFO[0;39m [36mg.service.ubs.OrderLockServiceImpl      [0;39m [35m:62  [0;39m Unlock orders
[2025-04-05 16:51:51] [34mINFO[0;39m [36mg.service.ubs.OrderLockServiceImpl      [0;39m [35m:60  [0;39m Time: 2025-04-05T16:46:51.258491100
[2025-04-05 16:51:51] [34mINFO[0;39m [36mg.service.ubs.OrderLockServiceImpl      [0;39m [35m:62  [0;39m Unlock orders
[2025-04-05 16:52:51] [34mINFO[0;39m [36mg.service.ubs.OrderLockServiceImpl      [0;39m [35m:60  [0;39m Time: 2025-04-05T16:47:51.258477800
[2025-04-05 16:52:51] [34mINFO[0;39m [36mg.service.ubs.OrderLockServiceImpl      [0;39m [35m:62  [0;39m Unlock orders
[2025-04-05 16:53:51] [34mINFO[0;39m [36mg.service.ubs.OrderLockServiceImpl      [0;39m [35m:60  [0;39m Time: 2025-04-05T16:48:51.271112500
[2025-04-05 16:53:51] [34mINFO[0;39m [36mg.service.ubs.OrderLockServiceImpl      [0;39m [35m:62  [0;39m Unlock orders
[2025-04-05 16:54:51] [34mINFO[0;39m [36mg.service.ubs.OrderLockServiceImpl      [0;39m [35m:60  [0;39m Time: 2025-04-05T16:49:51.260614400
[2025-04-05 16:54:51] [34mINFO[0;39m [36mg.service.ubs.OrderLockServiceImpl      [0;39m [35m:62  [0;39m Unlock orders
[2025-04-05 16:55:51] [34mINFO[0;39m [36mg.service.ubs.OrderLockServiceImpl      [0;39m [35m:60  [0;39m Time: 2025-04-05T16:50:51.265719500
[2025-04-05 16:55:51] [34mINFO[0;39m [36mg.service.ubs.OrderLockServiceImpl      [0;39m [35m:62  [0;39m Unlock orders
[2025-04-05 16:56:51] [34mINFO[0;39m [36mg.service.ubs.OrderLockServiceImpl      [0;39m [35m:60  [0;39m Time: 2025-04-05T16:51:51.269408200
[2025-04-05 16:56:51] [34mINFO[0;39m [36mg.service.ubs.OrderLockServiceImpl      [0;39m [35m:62  [0;39m Unlock orders
[2025-04-05 16:57:51] [34mINFO[0;39m [36mg.service.ubs.OrderLockServiceImpl      [0;39m [35m:60  [0;39m Time: 2025-04-05T16:52:51.273785100
[2025-04-05 16:57:51] [34mINFO[0;39m [36mg.service.ubs.OrderLockServiceImpl      [0;39m [35m:62  [0;39m Unlock orders
[2025-04-05 16:58:51] [34mINFO[0;39m [36mg.service.ubs.OrderLockServiceImpl      [0;39m [35m:60  [0;39m Time: 2025-04-05T16:53:51.270568900
[2025-04-05 16:58:51] [34mINFO[0;39m [36mg.service.ubs.OrderLockServiceImpl      [0;39m [35m:62  [0;39m Unlock orders
[2025-04-05 16:59:51] [34mINFO[0;39m [36mg.service.ubs.OrderLockServiceImpl      [0;39m [35m:60  [0;39m Time: 2025-04-05T16:54:51.258220800
[2025-04-05 16:59:51] [34mINFO[0;39m [36mg.service.ubs.OrderLockServiceImpl      [0;39m [35m:62  [0;39m Unlock orders
[2025-04-05 17:00:51] [34mINFO[0;39m [36mg.service.ubs.OrderLockServiceImpl      [0;39m [35m:60  [0;39m Time: 2025-04-05T16:55:51.262524400
[2025-04-05 17:00:51] [34mINFO[0;39m [36mg.service.ubs.OrderLockServiceImpl      [0;39m [35m:62  [0;39m Unlock orders
[2025-04-05 17:01:51] [34mINFO[0;39m [36mg.service.ubs.OrderLockServiceImpl      [0;39m [35m:60  [0;39m Time: 2025-04-05T16:56:51.264372700
[2025-04-05 17:01:51] [34mINFO[0;39m [36mg.service.ubs.OrderLockServiceImpl      [0;39m [35m:62  [0;39m Unlock orders
[2025-04-05 17:02:51] [34mINFO[0;39m [36mg.service.ubs.OrderLockServiceImpl      [0;39m [35m:60  [0;39m Time: 2025-04-05T16:57:51.265145800
[2025-04-05 17:02:51] [34mINFO[0;39m [36mg.service.ubs.OrderLockServiceImpl      [0;39m [35m:62  [0;39m Unlock orders
[2025-04-05 17:03:51] [34mINFO[0;39m [36mg.service.ubs.OrderLockServiceImpl      [0;39m [35m:60  [0;39m Time: 2025-04-05T16:58:51.266669700
[2025-04-05 17:03:51] [34mINFO[0;39m [36mg.service.ubs.OrderLockServiceImpl      [0;39m [35m:62  [0;39m Unlock orders
[2025-04-05 17:04:51] [34mINFO[0;39m [36mg.service.ubs.OrderLockServiceImpl      [0;39m [35m:60  [0;39m Time: 2025-04-05T16:59:51.261520300
[2025-04-05 17:04:51] [34mINFO[0;39m [36mg.service.ubs.OrderLockServiceImpl      [0;39m [35m:62  [0;39m Unlock orders
[2025-04-05 17:05:51] [34mINFO[0;39m [36mg.service.ubs.OrderLockServiceImpl      [0;39m [35m:60  [0;39m Time: 2025-04-05T17:00:51.267701800
[2025-04-05 17:05:51] [34mINFO[0;39m [36mg.service.ubs.OrderLockServiceImpl      [0;39m [35m:62  [0;39m Unlock orders
[2025-04-05 17:06:51] [34mINFO[0;39m [36mg.service.ubs.OrderLockServiceImpl      [0;39m [35m:60  [0;39m Time: 2025-04-05T17:01:51.258915300
[2025-04-05 17:06:51] [34mINFO[0;39m [36mg.service.ubs.OrderLockServiceImpl      [0;39m [35m:62  [0;39m Unlock orders
[2025-04-05 17:07:51] [34mINFO[0;39m [36mg.service.ubs.OrderLockServiceImpl      [0;39m [35m:60  [0;39m Time: 2025-04-05T17:02:51.261246
[2025-04-05 17:07:51] [34mINFO[0;39m [36mg.service.ubs.OrderLockServiceImpl      [0;39m [35m:62  [0;39m Unlock orders
[2025-04-05 17:08:51] [34mINFO[0;39m [36mg.service.ubs.OrderLockServiceImpl      [0;39m [35m:60  [0;39m Time: 2025-04-05T17:03:51.270349400
[2025-04-05 17:08:51] [34mINFO[0;39m [36mg.service.ubs.OrderLockServiceImpl      [0;39m [35m:62  [0;39m Unlock orders
[2025-04-05 17:09:51] [34mINFO[0;39m [36mg.service.ubs.OrderLockServiceImpl      [0;39m [35m:60  [0;39m Time: 2025-04-05T17:04:51.267303200
[2025-04-05 17:09:51] [34mINFO[0;39m [36mg.service.ubs.OrderLockServiceImpl      [0;39m [35m:62  [0;39m Unlock orders
[2025-04-05 17:10:51] [34mINFO[0;39m [36mg.service.ubs.OrderLockServiceImpl      [0;39m [35m:60  [0;39m Time: 2025-04-05T17:05:51.266963600
[2025-04-05 17:10:51] [34mINFO[0;39m [36mg.service.ubs.OrderLockServiceImpl      [0;39m [35m:62  [0;39m Unlock orders
[2025-04-05 17:11:51] [34mINFO[0;39m [36mg.service.ubs.OrderLockServiceImpl      [0;39m [35m:60  [0;39m Time: 2025-04-05T17:06:51.261962500
[2025-04-05 17:11:51] [34mINFO[0;39m [36mg.service.ubs.OrderLockServiceImpl      [0;39m [35m:62  [0;39m Unlock orders
[2025-04-05 17:12:51] [34mINFO[0;39m [36mg.service.ubs.OrderLockServiceImpl      [0;39m [35m:60  [0;39m Time: 2025-04-05T17:07:51.272800900
[2025-04-05 17:12:51] [34mINFO[0;39m [36mg.service.ubs.OrderLockServiceImpl      [0;39m [35m:62  [0;39m Unlock orders
[2025-04-05 17:13:51] [34mINFO[0;39m [36mg.service.ubs.OrderLockServiceImpl      [0;39m [35m:60  [0;39m Time: 2025-04-05T17:08:51.270573
[2025-04-05 17:13:51] [34mINFO[0;39m [36mg.service.ubs.OrderLockServiceImpl      [0;39m [35m:62  [0;39m Unlock orders
[2025-04-05 17:14:51] [34mINFO[0;39m [36mg.service.ubs.OrderLockServiceImpl      [0;39m [35m:60  [0;39m Time: 2025-04-05T17:09:51.263654300
[2025-04-05 17:14:51] [34mINFO[0;39m [36mg.service.ubs.OrderLockServiceImpl      [0;39m [35m:62  [0;39m Unlock orders
[2025-04-05 17:15:51] [34mINFO[0;39m [36mg.service.ubs.OrderLockServiceImpl      [0;39m [35m:60  [0;39m Time: 2025-04-05T17:10:51.257636100
[2025-04-05 17:15:51] [34mINFO[0;39m [36mg.service.ubs.OrderLockServiceImpl      [0;39m [35m:62  [0;39m Unlock orders
[2025-04-05 17:16:51] [34mINFO[0;39m [36mg.service.ubs.OrderLockServiceImpl      [0;39m [35m:60  [0;39m Time: 2025-04-05T17:11:51.262298900
[2025-04-05 17:16:51] [34mINFO[0;39m [36mg.service.ubs.OrderLockServiceImpl      [0;39m [35m:62  [0;39m Unlock orders
[2025-04-05 17:17:51] [34mINFO[0;39m [36mg.service.ubs.OrderLockServiceImpl      [0;39m [35m:60  [0;39m Time: 2025-04-05T17:12:51.264547500
[2025-04-05 17:17:51] [34mINFO[0;39m [36mg.service.ubs.OrderLockServiceImpl      [0;39m [35m:62  [0;39m Unlock orders
[2025-04-05 17:18:51] [34mINFO[0;39m [36mg.service.ubs.OrderLockServiceImpl      [0;39m [35m:60  [0;39m Time: 2025-04-05T17:13:51.270185400
[2025-04-05 17:18:51] [34mINFO[0;39m [36mg.service.ubs.OrderLockServiceImpl      [0;39m [35m:62  [0;39m Unlock orders
[2025-04-05 17:19:51] [34mINFO[0;39m [36mg.service.ubs.OrderLockServiceImpl      [0;39m [35m:60  [0;39m Time: 2025-04-05T17:14:51.262432700
[2025-04-05 17:19:51] [34mINFO[0;39m [36mg.service.ubs.OrderLockServiceImpl      [0;39m [35m:62  [0;39m Unlock orders
[2025-04-05 17:20:51] [34mINFO[0;39m [36mg.service.ubs.OrderLockServiceImpl      [0;39m [35m:60  [0;39m Time: 2025-04-05T17:15:51.267978700
[2025-04-05 17:20:51] [34mINFO[0;39m [36mg.service.ubs.OrderLockServiceImpl      [0;39m [35m:62  [0;39m Unlock orders
[2025-04-05 17:21:51] [34mINFO[0;39m [36mg.service.ubs.OrderLockServiceImpl      [0;39m [35m:60  [0;39m Time: 2025-04-05T17:16:51.269620600
[2025-04-05 17:21:51] [34mINFO[0;39m [36mg.service.ubs.OrderLockServiceImpl      [0;39m [35m:62  [0;39m Unlock orders
[2025-04-05 17:22:51] [34mINFO[0;39m [36mg.service.ubs.OrderLockServiceImpl      [0;39m [35m:60  [0;39m Time: 2025-04-05T17:17:51.264661200
[2025-04-05 17:22:51] [34mINFO[0;39m [36mg.service.ubs.OrderLockServiceImpl      [0;39m [35m:62  [0;39m Unlock orders
[2025-04-05 17:23:51] [34mINFO[0;39m [36mg.service.ubs.OrderLockServiceImpl      [0;39m [35m:60  [0;39m Time: 2025-04-05T17:18:51.267409800
[2025-04-05 17:23:51] [34mINFO[0;39m [36mg.service.ubs.OrderLockServiceImpl      [0;39m [35m:62  [0;39m Unlock orders
[2025-04-05 17:24:51] [34mINFO[0;39m [36mg.service.ubs.OrderLockServiceImpl      [0;39m [35m:60  [0;39m Time: 2025-04-05T17:19:51.272780
[2025-04-05 17:24:51] [34mINFO[0;39m [36mg.service.ubs.OrderLockServiceImpl      [0;39m [35m:62  [0;39m Unlock orders
[2025-04-05 17:25:51] [34mINFO[0;39m [36mg.service.ubs.OrderLockServiceImpl      [0;39m [35m:60  [0;39m Time: 2025-04-05T17:20:51.273051100
[2025-04-05 17:25:51] [34mINFO[0;39m [36mg.service.ubs.OrderLockServiceImpl      [0;39m [35m:62  [0;39m Unlock orders
[2025-04-05 17:26:51] [34mINFO[0;39m [36mg.service.ubs.OrderLockServiceImpl      [0;39m [35m:60  [0;39m Time: 2025-04-05T17:21:51.272245600
[2025-04-05 17:26:51] [34mINFO[0;39m [36mg.service.ubs.OrderLockServiceImpl      [0;39m [35m:62  [0;39m Unlock orders
[2025-04-05 17:27:51] [34mINFO[0;39m [36mg.service.ubs.OrderLockServiceImpl      [0;39m [35m:60  [0;39m Time: 2025-04-05T17:22:51.266526700
[2025-04-05 17:27:51] [34mINFO[0;39m [36mg.service.ubs.OrderLockServiceImpl      [0;39m [35m:62  [0;39m Unlock orders
[2025-04-05 17:28:51] [34mINFO[0;39m [36mg.service.ubs.OrderLockServiceImpl      [0;39m [35m:60  [0;39m Time: 2025-04-05T17:23:51.259325700
[2025-04-05 17:28:51] [34mINFO[0;39m [36mg.service.ubs.OrderLockServiceImpl      [0;39m [35m:62  [0;39m Unlock orders
[2025-04-05 17:29:51] [34mINFO[0;39m [36mg.service.ubs.OrderLockServiceImpl      [0;39m [35m:60  [0;39m Time: 2025-04-05T17:24:51.263949800
[2025-04-05 17:29:51] [34mINFO[0;39m [36mg.service.ubs.OrderLockServiceImpl      [0;39m [35m:62  [0;39m Unlock orders
[2025-04-05 17:30:51] [34mINFO[0;39m [36mg.service.ubs.OrderLockServiceImpl      [0;39m [35m:60  [0;39m Time: 2025-04-05T17:25:51.264300500
[2025-04-05 17:30:51] [34mINFO[0;39m [36mg.service.ubs.OrderLockServiceImpl      [0;39m [35m:62  [0;39m Unlock orders
[2025-04-05 17:31:51] [34mINFO[0;39m [36mg.service.ubs.OrderLockServiceImpl      [0;39m [35m:60  [0;39m Time: 2025-04-05T17:26:51.261764
[2025-04-05 17:31:51] [34mINFO[0;39m [36mg.service.ubs.OrderLockServiceImpl      [0;39m [35m:62  [0;39m Unlock orders
[2025-04-05 17:32:51] [34mINFO[0;39m [36mg.service.ubs.OrderLockServiceImpl      [0;39m [35m:60  [0;39m Time: 2025-04-05T17:27:51.271104400
[2025-04-05 17:32:51] [34mINFO[0;39m [36mg.service.ubs.OrderLockServiceImpl      [0;39m [35m:62  [0;39m Unlock orders
[2025-04-05 17:33:51] [34mINFO[0;39m [36mg.service.ubs.OrderLockServiceImpl      [0;39m [35m:60  [0;39m Time: 2025-04-05T17:28:51.269306400
[2025-04-05 17:33:51] [34mINFO[0;39m [36mg.service.ubs.OrderLockServiceImpl      [0;39m [35m:62  [0;39m Unlock orders
[2025-04-05 17:34:51] [34mINFO[0;39m [36mg.service.ubs.OrderLockServiceImpl      [0;39m [35m:60  [0;39m Time: 2025-04-05T17:29:51.267369600
[2025-04-05 17:34:51] [34mINFO[0;39m [36mg.service.ubs.OrderLockServiceImpl      [0;39m [35m:62  [0;39m Unlock orders
[2025-04-05 17:35:51] [34mINFO[0;39m [36mg.service.ubs.OrderLockServiceImpl      [0;39m [35m:60  [0;39m Time: 2025-04-05T17:30:51.266772900
[2025-04-05 17:35:51] [34mINFO[0;39m [36mg.service.ubs.OrderLockServiceImpl      [0;39m [35m:62  [0;39m Unlock orders
[2025-04-05 17:36:51] [34mINFO[0;39m [36mg.service.ubs.OrderLockServiceImpl      [0;39m [35m:60  [0;39m Time: 2025-04-05T17:31:51.263265600
[2025-04-05 17:36:51] [34mINFO[0;39m [36mg.service.ubs.OrderLockServiceImpl      [0;39m [35m:62  [0;39m Unlock orders
[2025-04-05 17:37:51] [34mINFO[0;39m [36mg.service.ubs.OrderLockServiceImpl      [0;39m [35m:60  [0;39m Time: 2025-04-05T17:32:51.273761300
[2025-04-05 17:37:51] [34mINFO[0;39m [36mg.service.ubs.OrderLockServiceImpl      [0;39m [35m:62  [0;39m Unlock orders
[2025-04-05 17:38:51] [34mINFO[0;39m [36mg.service.ubs.OrderLockServiceImpl      [0;39m [35m:60  [0;39m Time: 2025-04-05T17:33:51.260258300
[2025-04-05 17:38:51] [34mINFO[0;39m [36mg.service.ubs.OrderLockServiceImpl      [0;39m [35m:62  [0;39m Unlock orders
[2025-04-05 17:39:51] [34mINFO[0;39m [36mg.service.ubs.OrderLockServiceImpl      [0;39m [35m:60  [0;39m Time: 2025-04-05T17:34:51.270603
[2025-04-05 17:39:51] [34mINFO[0;39m [36mg.service.ubs.OrderLockServiceImpl      [0;39m [35m:62  [0;39m Unlock orders
[2025-04-05 17:40:51] [34mINFO[0;39m [36mg.service.ubs.OrderLockServiceImpl      [0;39m [35m:60  [0;39m Time: 2025-04-05T17:35:51.267012700
[2025-04-05 17:40:51] [34mINFO[0;39m [36mg.service.ubs.OrderLockServiceImpl      [0;39m [35m:62  [0;39m Unlock orders
[2025-04-05 17:41:51] [34mINFO[0;39m [36mg.service.ubs.OrderLockServiceImpl      [0;39m [35m:60  [0;39m Time: 2025-04-05T17:36:51.259845900
[2025-04-05 17:41:51] [34mINFO[0;39m [36mg.service.ubs.OrderLockServiceImpl      [0;39m [35m:62  [0;39m Unlock orders
[2025-04-05 17:42:51] [34mINFO[0;39m [36mg.service.ubs.OrderLockServiceImpl      [0;39m [35m:60  [0;39m Time: 2025-04-05T17:37:51.258965
[2025-04-05 17:42:51] [34mINFO[0;39m [36mg.service.ubs.OrderLockServiceImpl      [0;39m [35m:62  [0;39m Unlock orders
[2025-04-05 17:43:51] [34mINFO[0;39m [36mg.service.ubs.OrderLockServiceImpl      [0;39m [35m:60  [0;39m Time: 2025-04-05T17:38:51.261622500
[2025-04-05 17:43:51] [34mINFO[0;39m [36mg.service.ubs.OrderLockServiceImpl      [0;39m [35m:62  [0;39m Unlock orders
[2025-04-05 17:44:51] [34mINFO[0;39m [36mg.service.ubs.OrderLockServiceImpl      [0;39m [35m:60  [0;39m Time: 2025-04-05T17:39:51.273423300
[2025-04-05 17:44:51] [34mINFO[0;39m [36mg.service.ubs.OrderLockServiceImpl      [0;39m [35m:62  [0;39m Unlock orders
[2025-04-05 17:45:51] [34mINFO[0;39m [36mg.service.ubs.OrderLockServiceImpl      [0;39m [35m:60  [0;39m Time: 2025-04-05T17:40:51.273217600
[2025-04-05 17:45:51] [34mINFO[0;39m [36mg.service.ubs.OrderLockServiceImpl      [0;39m [35m:62  [0;39m Unlock orders
[2025-04-05 17:46:51] [34mINFO[0;39m [36mg.service.ubs.OrderLockServiceImpl      [0;39m [35m:60  [0;39m Time: 2025-04-05T17:41:51.261926800
[2025-04-05 17:46:51] [34mINFO[0;39m [36mg.service.ubs.OrderLockServiceImpl      [0;39m [35m:62  [0;39m Unlock orders
[2025-04-05 17:47:51] [34mINFO[0;39m [36mg.service.ubs.OrderLockServiceImpl      [0;39m [35m:60  [0;39m Time: 2025-04-05T17:42:51.261222400
[2025-04-05 17:47:51] [34mINFO[0;39m [36mg.service.ubs.OrderLockServiceImpl      [0;39m [35m:62  [0;39m Unlock orders
[2025-04-05 17:48:51] [34mINFO[0;39m [36mg.service.ubs.OrderLockServiceImpl      [0;39m [35m:60  [0;39m Time: 2025-04-05T17:43:51.270888400
[2025-04-05 17:48:51] [34mINFO[0;39m [36mg.service.ubs.OrderLockServiceImpl      [0;39m [35m:62  [0;39m Unlock orders
[2025-04-05 17:49:51] [34mINFO[0;39m [36mg.service.ubs.OrderLockServiceImpl      [0;39m [35m:60  [0;39m Time: 2025-04-05T17:44:51.259146700
[2025-04-05 17:49:51] [34mINFO[0;39m [36mg.service.ubs.OrderLockServiceImpl      [0;39m [35m:62  [0;39m Unlock orders
[2025-04-05 17:50:51] [34mINFO[0;39m [36mg.service.ubs.OrderLockServiceImpl      [0;39m [35m:60  [0;39m Time: 2025-04-05T17:45:51.257221900
[2025-04-05 17:50:51] [34mINFO[0;39m [36mg.service.ubs.OrderLockServiceImpl      [0;39m [35m:62  [0;39m Unlock orders
[2025-04-05 17:51:51] [34mINFO[0;39m [36mg.service.ubs.OrderLockServiceImpl      [0;39m [35m:60  [0;39m Time: 2025-04-05T17:46:51.270346200
[2025-04-05 17:51:51] [34mINFO[0;39m [36mg.service.ubs.OrderLockServiceImpl      [0;39m [35m:62  [0;39m Unlock orders
[2025-04-05 17:52:51] [34mINFO[0;39m [36mg.service.ubs.OrderLockServiceImpl      [0;39m [35m:60  [0;39m Time: 2025-04-05T17:47:51.259255300
[2025-04-05 17:52:51] [34mINFO[0;39m [36mg.service.ubs.OrderLockServiceImpl      [0;39m [35m:62  [0;39m Unlock orders
[2025-04-05 17:53:51] [34mINFO[0;39m [36mg.service.ubs.OrderLockServiceImpl      [0;39m [35m:60  [0;39m Time: 2025-04-05T17:48:51.264068200
[2025-04-05 17:53:51] [34mINFO[0;39m [36mg.service.ubs.OrderLockServiceImpl      [0;39m [35m:62  [0;39m Unlock orders
[2025-04-05 17:54:51] [34mINFO[0;39m [36mg.service.ubs.OrderLockServiceImpl      [0;39m [35m:60  [0;39m Time: 2025-04-05T17:49:51.258411
[2025-04-05 17:54:51] [34mINFO[0;39m [36mg.service.ubs.OrderLockServiceImpl      [0;39m [35m:62  [0;39m Unlock orders
[2025-04-05 17:55:51] [34mINFO[0;39m [36mg.service.ubs.OrderLockServiceImpl      [0;39m [35m:60  [0;39m Time: 2025-04-05T17:50:51.269085300
[2025-04-05 17:55:51] [34mINFO[0;39m [36mg.service.ubs.OrderLockServiceImpl      [0;39m [35m:62  [0;39m Unlock orders
[2025-04-05 17:56:51] [34mINFO[0;39m [36mg.service.ubs.OrderLockServiceImpl      [0;39m [35m:60  [0;39m Time: 2025-04-05T17:51:51.269009
[2025-04-05 17:56:51] [34mINFO[0;39m [36mg.service.ubs.OrderLockServiceImpl      [0;39m [35m:62  [0;39m Unlock orders
[2025-04-05 17:57:51] [34mINFO[0;39m [36mg.service.ubs.OrderLockServiceImpl      [0;39m [35m:60  [0;39m Time: 2025-04-05T17:52:51.261223800
[2025-04-05 17:57:51] [34mINFO[0;39m [36mg.service.ubs.OrderLockServiceImpl      [0;39m [35m:62  [0;39m Unlock orders
[2025-04-05 17:58:51] [34mINFO[0;39m [36mg.service.ubs.OrderLockServiceImpl      [0;39m [35m:60  [0;39m Time: 2025-04-05T17:53:51.257550
[2025-04-05 17:58:51] [34mINFO[0;39m [36mg.service.ubs.OrderLockServiceImpl      [0;39m [35m:62  [0;39m Unlock orders
[2025-04-05 17:59:51] [34mINFO[0;39m [36mg.service.ubs.OrderLockServiceImpl      [0;39m [35m:60  [0;39m Time: 2025-04-05T17:54:51.270274700
[2025-04-05 17:59:51] [34mINFO[0;39m [36mg.service.ubs.OrderLockServiceImpl      [0;39m [35m:62  [0;39m Unlock orders
[2025-04-05 17:59:58] [34mINFO[0;39m [36mg.s.notification.NotificationServiceImpl[0;39m [35m:731 [0;39m Found 0 inactive users for 2 months 
[2025-04-05 17:59:58] [34mINFO[0;39m [36mg.s.notification.NotificationServiceImpl[0;39m [35m:731 [0;39m Found 0 inactive users for 4 months 
[2025-04-05 17:59:58] [34mINFO[0;39m [36mg.s.notification.NotificationServiceImpl[0;39m [35m:731 [0;39m Found 0 inactive users for 6 months 
[2025-04-05 17:59:58] [34mINFO[0;39m [36mg.s.notification.NotificationServiceImpl[0;39m [35m:731 [0;39m Found 0 inactive users for 8 months 
[2025-04-05 17:59:58] [34mINFO[0;39m [36mg.s.notification.NotificationServiceImpl[0;39m [35m:731 [0;39m Found 0 inactive users for 10 months 
[2025-04-05 17:59:58] [34mINFO[0;39m [36mg.s.notification.NotificationServiceImpl[0;39m [35m:731 [0;39m Found 0 inactive users for 12 months 
[2025-04-05 18:00:51] [34mINFO[0;39m [36mg.service.ubs.OrderLockServiceImpl      [0;39m [35m:60  [0;39m Time: 2025-04-05T17:55:51.263491700
[2025-04-05 18:00:51] [34mINFO[0;39m [36mg.service.ubs.OrderLockServiceImpl      [0;39m [35m:62  [0;39m Unlock orders
[2025-04-05 18:01:51] [34mINFO[0;39m [36mg.service.ubs.OrderLockServiceImpl      [0;39m [35m:60  [0;39m Time: 2025-04-05T17:56:51.268153400
[2025-04-05 18:01:51] [34mINFO[0;39m [36mg.service.ubs.OrderLockServiceImpl      [0;39m [35m:62  [0;39m Unlock orders
[2025-04-05 18:02:51] [34mINFO[0;39m [36mg.service.ubs.OrderLockServiceImpl      [0;39m [35m:60  [0;39m Time: 2025-04-05T17:57:51.265217200
[2025-04-05 18:02:51] [34mINFO[0;39m [36mg.service.ubs.OrderLockServiceImpl      [0;39m [35m:62  [0;39m Unlock orders
[2025-04-05 18:03:51] [34mINFO[0;39m [36mg.service.ubs.OrderLockServiceImpl      [0;39m [35m:60  [0;39m Time: 2025-04-05T17:58:51.270223100
[2025-04-05 18:03:51] [34mINFO[0;39m [36mg.service.ubs.OrderLockServiceImpl      [0;39m [35m:62  [0;39m Unlock orders
[2025-04-05 18:04:51] [34mINFO[0;39m [36mg.service.ubs.OrderLockServiceImpl      [0;39m [35m:60  [0;39m Time: 2025-04-05T17:59:51.260287600
[2025-04-05 18:04:51] [34mINFO[0;39m [36mg.service.ubs.OrderLockServiceImpl      [0;39m [35m:62  [0;39m Unlock orders
[2025-04-05 18:05:51] [34mINFO[0;39m [36mg.service.ubs.OrderLockServiceImpl      [0;39m [35m:60  [0;39m Time: 2025-04-05T18:00:51.266389500
[2025-04-05 18:05:51] [34mINFO[0;39m [36mg.service.ubs.OrderLockServiceImpl      [0;39m [35m:62  [0;39m Unlock orders
[2025-04-05 18:06:51] [34mINFO[0;39m [36mg.service.ubs.OrderLockServiceImpl      [0;39m [35m:60  [0;39m Time: 2025-04-05T18:01:51.271305100
[2025-04-05 18:06:51] [34mINFO[0;39m [36mg.service.ubs.OrderLockServiceImpl      [0;39m [35m:62  [0;39m Unlock orders
[2025-04-05 18:07:51] [34mINFO[0;39m [36mg.service.ubs.OrderLockServiceImpl      [0;39m [35m:60  [0;39m Time: 2025-04-05T18:02:51.264233900
[2025-04-05 18:07:51] [34mINFO[0;39m [36mg.service.ubs.OrderLockServiceImpl      [0;39m [35m:62  [0;39m Unlock orders
[2025-04-05 18:08:51] [34mINFO[0;39m [36mg.service.ubs.OrderLockServiceImpl      [0;39m [35m:60  [0;39m Time: 2025-04-05T18:03:51.272177300
[2025-04-05 18:08:51] [34mINFO[0;39m [36mg.service.ubs.OrderLockServiceImpl      [0;39m [35m:62  [0;39m Unlock orders
[2025-04-05 18:09:51] [34mINFO[0;39m [36mg.service.ubs.OrderLockServiceImpl      [0;39m [35m:60  [0;39m Time: 2025-04-05T18:04:51.273282300
[2025-04-05 18:09:51] [34mINFO[0;39m [36mg.service.ubs.OrderLockServiceImpl      [0;39m [35m:62  [0;39m Unlock orders
[2025-04-05 18:10:51] [34mINFO[0;39m [36mg.service.ubs.OrderLockServiceImpl      [0;39m [35m:60  [0;39m Time: 2025-04-05T18:05:51.267334700
[2025-04-05 18:10:51] [34mINFO[0;39m [36mg.service.ubs.OrderLockServiceImpl      [0;39m [35m:62  [0;39m Unlock orders
[2025-04-05 18:11:51] [34mINFO[0;39m [36mg.service.ubs.OrderLockServiceImpl      [0;39m [35m:60  [0;39m Time: 2025-04-05T18:06:51.259262100
[2025-04-05 18:11:51] [34mINFO[0;39m [36mg.service.ubs.OrderLockServiceImpl      [0;39m [35m:62  [0;39m Unlock orders
[2025-04-05 18:12:51] [34mINFO[0;39m [36mg.service.ubs.OrderLockServiceImpl      [0;39m [35m:60  [0;39m Time: 2025-04-05T18:07:51.264299500
[2025-04-05 18:12:51] [34mINFO[0;39m [36mg.service.ubs.OrderLockServiceImpl      [0;39m [35m:62  [0;39m Unlock orders
[2025-04-05 18:13:51] [34mINFO[0;39m [36mg.service.ubs.OrderLockServiceImpl      [0;39m [35m:60  [0;39m Time: 2025-04-05T18:08:51.266261800
[2025-04-05 18:13:51] [34mINFO[0;39m [36mg.service.ubs.OrderLockServiceImpl      [0;39m [35m:62  [0;39m Unlock orders
[2025-04-05 18:14:51] [34mINFO[0;39m [36mg.service.ubs.OrderLockServiceImpl      [0;39m [35m:60  [0;39m Time: 2025-04-05T18:09:51.269256100
[2025-04-05 18:14:51] [34mINFO[0;39m [36mg.service.ubs.OrderLockServiceImpl      [0;39m [35m:62  [0;39m Unlock orders
[2025-04-05 18:15:51] [34mINFO[0;39m [36mg.service.ubs.OrderLockServiceImpl      [0;39m [35m:60  [0;39m Time: 2025-04-05T18:10:51.258512800
[2025-04-05 18:15:51] [34mINFO[0;39m [36mg.service.ubs.OrderLockServiceImpl      [0;39m [35m:62  [0;39m Unlock orders
[2025-04-05 18:16:51] [34mINFO[0;39m [36mg.service.ubs.OrderLockServiceImpl      [0;39m [35m:60  [0;39m Time: 2025-04-05T18:11:51.270209600
[2025-04-05 18:16:51] [34mINFO[0;39m [36mg.service.ubs.OrderLockServiceImpl      [0;39m [35m:62  [0;39m Unlock orders
[2025-04-05 18:17:51] [34mINFO[0;39m [36mg.service.ubs.OrderLockServiceImpl      [0;39m [35m:60  [0;39m Time: 2025-04-05T18:12:51.264289300
[2025-04-05 18:17:51] [34mINFO[0;39m [36mg.service.ubs.OrderLockServiceImpl      [0;39m [35m:62  [0;39m Unlock orders
[2025-04-05 18:18:51] [34mINFO[0;39m [36mg.service.ubs.OrderLockServiceImpl      [0;39m [35m:60  [0;39m Time: 2025-04-05T18:13:51.273575300
[2025-04-05 18:18:51] [34mINFO[0;39m [36mg.service.ubs.OrderLockServiceImpl      [0;39m [35m:62  [0;39m Unlock orders
[2025-04-05 18:19:51] [34mINFO[0;39m [36mg.service.ubs.OrderLockServiceImpl      [0;39m [35m:60  [0;39m Time: 2025-04-05T18:14:51.271280
[2025-04-05 18:19:51] [34mINFO[0;39m [36mg.service.ubs.OrderLockServiceImpl      [0;39m [35m:62  [0;39m Unlock orders
[2025-04-05 18:20:51] [34mINFO[0;39m [36mg.service.ubs.OrderLockServiceImpl      [0;39m [35m:60  [0;39m Time: 2025-04-05T18:15:51.272264800
[2025-04-05 18:20:51] [34mINFO[0;39m [36mg.service.ubs.OrderLockServiceImpl      [0;39m [35m:62  [0;39m Unlock orders
[2025-04-05 18:21:51] [34mINFO[0;39m [36mg.service.ubs.OrderLockServiceImpl      [0;39m [35m:60  [0;39m Time: 2025-04-05T18:16:51.263348600
[2025-04-05 18:21:51] [34mINFO[0;39m [36mg.service.ubs.OrderLockServiceImpl      [0;39m [35m:62  [0;39m Unlock orders
[2025-04-05 18:22:51] [34mINFO[0;39m [36mg.service.ubs.OrderLockServiceImpl      [0;39m [35m:60  [0;39m Time: 2025-04-05T18:17:51.262265300
[2025-04-05 18:22:51] [34mINFO[0;39m [36mg.service.ubs.OrderLockServiceImpl      [0;39m [35m:62  [0;39m Unlock orders
[2025-04-05 18:23:51] [34mINFO[0;39m [36mg.service.ubs.OrderLockServiceImpl      [0;39m [35m:60  [0;39m Time: 2025-04-05T18:18:51.267192500
[2025-04-05 18:23:51] [34mINFO[0;39m [36mg.service.ubs.OrderLockServiceImpl      [0;39m [35m:62  [0;39m Unlock orders
[2025-04-05 18:24:51] [34mINFO[0;39m [36mg.service.ubs.OrderLockServiceImpl      [0;39m [35m:60  [0;39m Time: 2025-04-05T18:19:51.261140
[2025-04-05 18:24:51] [34mINFO[0;39m [36mg.service.ubs.OrderLockServiceImpl      [0;39m [35m:62  [0;39m Unlock orders
[2025-04-05 18:25:51] [34mINFO[0;39m [36mg.service.ubs.OrderLockServiceImpl      [0;39m [35m:60  [0;39m Time: 2025-04-05T18:20:51.261255800
[2025-04-05 18:25:51] [34mINFO[0;39m [36mg.service.ubs.OrderLockServiceImpl      [0;39m [35m:62  [0;39m Unlock orders
[2025-04-05 18:26:51] [34mINFO[0;39m [36mg.service.ubs.OrderLockServiceImpl      [0;39m [35m:60  [0;39m Time: 2025-04-05T18:21:51.264979800
[2025-04-05 18:26:51] [34mINFO[0;39m [36mg.service.ubs.OrderLockServiceImpl      [0;39m [35m:62  [0;39m Unlock orders
[2025-04-05 18:27:51] [34mINFO[0;39m [36mg.service.ubs.OrderLockServiceImpl      [0;39m [35m:60  [0;39m Time: 2025-04-05T18:22:51.264191200
[2025-04-05 18:27:51] [34mINFO[0;39m [36mg.service.ubs.OrderLockServiceImpl      [0;39m [35m:62  [0;39m Unlock orders
[2025-04-05 18:28:51] [34mINFO[0;39m [36mg.service.ubs.OrderLockServiceImpl      [0;39m [35m:60  [0;39m Time: 2025-04-05T18:23:51.259079200
[2025-04-05 18:28:51] [34mINFO[0;39m [36mg.service.ubs.OrderLockServiceImpl      [0;39m [35m:62  [0;39m Unlock orders
[2025-04-05 18:29:51] [34mINFO[0;39m [36mg.service.ubs.OrderLockServiceImpl      [0;39m [35m:60  [0;39m Time: 2025-04-05T18:24:51.263650400
[2025-04-05 18:29:51] [34mINFO[0;39m [36mg.service.ubs.OrderLockServiceImpl      [0;39m [35m:62  [0;39m Unlock orders
[2025-04-05 18:30:51] [34mINFO[0;39m [36mg.service.ubs.OrderLockServiceImpl      [0;39m [35m:60  [0;39m Time: 2025-04-05T18:25:51.263255100
[2025-04-05 18:30:51] [34mINFO[0;39m [36mg.service.ubs.OrderLockServiceImpl      [0;39m [35m:62  [0;39m Unlock orders
[2025-04-05 18:31:51] [34mINFO[0;39m [36mg.service.ubs.OrderLockServiceImpl      [0;39m [35m:60  [0;39m Time: 2025-04-05T18:26:51.271076600
[2025-04-05 18:31:51] [34mINFO[0;39m [36mg.service.ubs.OrderLockServiceImpl      [0;39m [35m:62  [0;39m Unlock orders
[2025-04-05 18:32:51] [34mINFO[0;39m [36mg.service.ubs.OrderLockServiceImpl      [0;39m [35m:60  [0;39m Time: 2025-04-05T18:27:51.257422
[2025-04-05 18:32:51] [34mINFO[0;39m [36mg.service.ubs.OrderLockServiceImpl      [0;39m [35m:62  [0;39m Unlock orders
[2025-04-05 18:33:51] [34mINFO[0;39m [36mg.service.ubs.OrderLockServiceImpl      [0;39m [35m:60  [0;39m Time: 2025-04-05T18:28:51.258005700
[2025-04-05 18:33:51] [34mINFO[0;39m [36mg.service.ubs.OrderLockServiceImpl      [0;39m [35m:62  [0;39m Unlock orders
[2025-04-05 18:34:51] [34mINFO[0;39m [36mg.service.ubs.OrderLockServiceImpl      [0;39m [35m:60  [0;39m Time: 2025-04-05T18:29:51.272296700
[2025-04-05 18:34:51] [34mINFO[0;39m [36mg.service.ubs.OrderLockServiceImpl      [0;39m [35m:62  [0;39m Unlock orders
[2025-04-05 18:35:51] [34mINFO[0;39m [36mg.service.ubs.OrderLockServiceImpl      [0;39m [35m:60  [0;39m Time: 2025-04-05T18:30:51.260824300
[2025-04-05 18:35:51] [34mINFO[0;39m [36mg.service.ubs.OrderLockServiceImpl      [0;39m [35m:62  [0;39m Unlock orders
[2025-04-05 18:36:51] [34mINFO[0;39m [36mg.service.ubs.OrderLockServiceImpl      [0;39m [35m:60  [0;39m Time: 2025-04-05T18:31:51.272236500
[2025-04-05 18:36:51] [34mINFO[0;39m [36mg.service.ubs.OrderLockServiceImpl      [0;39m [35m:62  [0;39m Unlock orders
[2025-04-05 18:37:51] [34mINFO[0;39m [36mg.service.ubs.OrderLockServiceImpl      [0;39m [35m:60  [0;39m Time: 2025-04-05T18:32:51.269197200
[2025-04-05 18:37:51] [34mINFO[0;39m [36mg.service.ubs.OrderLockServiceImpl      [0;39m [35m:62  [0;39m Unlock orders
[2025-04-05 18:38:51] [34mINFO[0;39m [36mg.service.ubs.OrderLockServiceImpl      [0;39m [35m:60  [0;39m Time: 2025-04-05T18:33:51.260279500
[2025-04-05 18:38:51] [34mINFO[0;39m [36mg.service.ubs.OrderLockServiceImpl      [0;39m [35m:62  [0;39m Unlock orders
[2025-04-05 18:39:51] [34mINFO[0;39m [36mg.service.ubs.OrderLockServiceImpl      [0;39m [35m:60  [0;39m Time: 2025-04-05T18:34:51.273598800
[2025-04-05 18:39:51] [34mINFO[0;39m [36mg.service.ubs.OrderLockServiceImpl      [0;39m [35m:62  [0;39m Unlock orders
[2025-04-05 18:40:51] [34mINFO[0;39m [36mg.service.ubs.OrderLockServiceImpl      [0;39m [35m:60  [0;39m Time: 2025-04-05T18:35:51.257300900
[2025-04-05 18:40:51] [34mINFO[0;39m [36mg.service.ubs.OrderLockServiceImpl      [0;39m [35m:62  [0;39m Unlock orders
[2025-04-05 18:41:51] [34mINFO[0;39m [36mg.service.ubs.OrderLockServiceImpl      [0;39m [35m:60  [0;39m Time: 2025-04-05T18:36:51.263193200
[2025-04-05 18:41:51] [34mINFO[0;39m [36mg.service.ubs.OrderLockServiceImpl      [0;39m [35m:62  [0;39m Unlock orders
[2025-04-05 18:42:51] [34mINFO[0;39m [36mg.service.ubs.OrderLockServiceImpl      [0;39m [35m:60  [0;39m Time: 2025-04-05T18:37:51.266093500
[2025-04-05 18:42:51] [34mINFO[0;39m [36mg.service.ubs.OrderLockServiceImpl      [0;39m [35m:62  [0;39m Unlock orders
[2025-04-05 18:43:51] [34mINFO[0;39m [36mg.service.ubs.OrderLockServiceImpl      [0;39m [35m:60  [0;39m Time: 2025-04-05T18:38:51.259499
[2025-04-05 18:43:51] [34mINFO[0;39m [36mg.service.ubs.OrderLockServiceImpl      [0;39m [35m:62  [0;39m Unlock orders
[2025-04-05 18:44:51] [34mINFO[0;39m [36mg.service.ubs.OrderLockServiceImpl      [0;39m [35m:60  [0;39m Time: 2025-04-05T18:39:51.263200400
[2025-04-05 18:44:51] [34mINFO[0;39m [36mg.service.ubs.OrderLockServiceImpl      [0;39m [35m:62  [0;39m Unlock orders
[2025-04-05 18:45:51] [34mINFO[0;39m [36mg.service.ubs.OrderLockServiceImpl      [0;39m [35m:60  [0;39m Time: 2025-04-05T18:40:51.262114800
[2025-04-05 18:45:51] [34mINFO[0;39m [36mg.service.ubs.OrderLockServiceImpl      [0;39m [35m:62  [0;39m Unlock orders
[2025-04-05 18:46:51] [34mINFO[0;39m [36mg.service.ubs.OrderLockServiceImpl      [0;39m [35m:60  [0;39m Time: 2025-04-05T18:41:51.263167600
[2025-04-05 18:46:51] [34mINFO[0;39m [36mg.service.ubs.OrderLockServiceImpl      [0;39m [35m:62  [0;39m Unlock orders
[2025-04-05 18:47:51] [34mINFO[0;39m [36mg.service.ubs.OrderLockServiceImpl      [0;39m [35m:60  [0;39m Time: 2025-04-05T18:42:51.269513600
[2025-04-05 18:47:51] [34mINFO[0;39m [36mg.service.ubs.OrderLockServiceImpl      [0;39m [35m:62  [0;39m Unlock orders
[2025-04-05 18:48:51] [34mINFO[0;39m [36mg.service.ubs.OrderLockServiceImpl      [0;39m [35m:60  [0;39m Time: 2025-04-05T18:43:51.270089400
[2025-04-05 18:48:51] [34mINFO[0;39m [36mg.service.ubs.OrderLockServiceImpl      [0;39m [35m:62  [0;39m Unlock orders
[2025-04-05 18:49:51] [34mINFO[0;39m [36mg.service.ubs.OrderLockServiceImpl      [0;39m [35m:60  [0;39m Time: 2025-04-05T18:44:51.270853700
[2025-04-05 18:49:51] [34mINFO[0;39m [36mg.service.ubs.OrderLockServiceImpl      [0;39m [35m:62  [0;39m Unlock orders
[2025-04-05 18:50:51] [34mINFO[0;39m [36mg.service.ubs.OrderLockServiceImpl      [0;39m [35m:60  [0;39m Time: 2025-04-05T18:45:51.259228100
[2025-04-05 18:50:51] [34mINFO[0;39m [36mg.service.ubs.OrderLockServiceImpl      [0;39m [35m:62  [0;39m Unlock orders
[2025-04-05 18:51:51] [34mINFO[0;39m [36mg.service.ubs.OrderLockServiceImpl      [0;39m [35m:60  [0;39m Time: 2025-04-05T18:46:51.267159600
[2025-04-05 18:51:51] [34mINFO[0;39m [36mg.service.ubs.OrderLockServiceImpl      [0;39m [35m:62  [0;39m Unlock orders
[2025-04-05 18:52:51] [34mINFO[0;39m [36mg.service.ubs.OrderLockServiceImpl      [0;39m [35m:60  [0;39m Time: 2025-04-05T18:47:51.271435300
[2025-04-05 18:52:51] [34mINFO[0;39m [36mg.service.ubs.OrderLockServiceImpl      [0;39m [35m:62  [0;39m Unlock orders
[2025-04-05 18:53:51] [34mINFO[0;39m [36mg.service.ubs.OrderLockServiceImpl      [0;39m [35m:60  [0;39m Time: 2025-04-05T18:48:51.257238
[2025-04-05 18:53:51] [34mINFO[0;39m [36mg.service.ubs.OrderLockServiceImpl      [0;39m [35m:62  [0;39m Unlock orders
[2025-04-05 18:54:51] [34mINFO[0;39m [36mg.service.ubs.OrderLockServiceImpl      [0;39m [35m:60  [0;39m Time: 2025-04-05T18:49:51.262282400
[2025-04-05 18:54:51] [34mINFO[0;39m [36mg.service.ubs.OrderLockServiceImpl      [0;39m [35m:62  [0;39m Unlock orders
[2025-04-05 18:55:51] [34mINFO[0;39m [36mg.service.ubs.OrderLockServiceImpl      [0;39m [35m:60  [0;39m Time: 2025-04-05T18:50:51.270176600
[2025-04-05 18:55:51] [34mINFO[0;39m [36mg.service.ubs.OrderLockServiceImpl      [0;39m [35m:62  [0;39m Unlock orders
[2025-04-05 18:56:51] [34mINFO[0;39m [36mg.service.ubs.OrderLockServiceImpl      [0;39m [35m:60  [0;39m Time: 2025-04-05T18:51:51.261222
[2025-04-05 18:56:51] [34mINFO[0;39m [36mg.service.ubs.OrderLockServiceImpl      [0;39m [35m:62  [0;39m Unlock orders
[2025-04-05 18:57:51] [34mINFO[0;39m [36mg.service.ubs.OrderLockServiceImpl      [0;39m [35m:60  [0;39m Time: 2025-04-05T18:52:51.257389
[2025-04-05 18:57:51] [34mINFO[0;39m [36mg.service.ubs.OrderLockServiceImpl      [0;39m [35m:62  [0;39m Unlock orders
[2025-04-05 18:58:51] [34mINFO[0;39m [36mg.service.ubs.OrderLockServiceImpl      [0;39m [35m:60  [0;39m Time: 2025-04-05T18:53:51.264194700
[2025-04-05 18:58:51] [34mINFO[0;39m [36mg.service.ubs.OrderLockServiceImpl      [0;39m [35m:62  [0;39m Unlock orders
[2025-04-05 18:59:51] [34mINFO[0;39m [36mg.service.ubs.OrderLockServiceImpl      [0;39m [35m:60  [0;39m Time: 2025-04-05T18:54:51.264735400
[2025-04-05 18:59:51] [34mINFO[0;39m [36mg.service.ubs.OrderLockServiceImpl      [0;39m [35m:62  [0;39m Unlock orders
[2025-04-05 19:00:51] [34mINFO[0;39m [36mg.service.ubs.OrderLockServiceImpl      [0;39m [35m:60  [0;39m Time: 2025-04-05T18:55:51.262352800
[2025-04-05 19:00:51] [34mINFO[0;39m [36mg.service.ubs.OrderLockServiceImpl      [0;39m [35m:62  [0;39m Unlock orders
[2025-04-05 19:01:51] [34mINFO[0;39m [36mg.service.ubs.OrderLockServiceImpl      [0;39m [35m:60  [0;39m Time: 2025-04-05T18:56:51.268563700
[2025-04-05 19:01:51] [34mINFO[0;39m [36mg.service.ubs.OrderLockServiceImpl      [0;39m [35m:62  [0;39m Unlock orders
[2025-04-05 19:02:51] [34mINFO[0;39m [36mg.service.ubs.OrderLockServiceImpl      [0;39m [35m:60  [0;39m Time: 2025-04-05T18:57:51.258354300
[2025-04-05 19:02:51] [34mINFO[0;39m [36mg.service.ubs.OrderLockServiceImpl      [0;39m [35m:62  [0;39m Unlock orders
[2025-04-05 19:03:51] [34mINFO[0;39m [36mg.service.ubs.OrderLockServiceImpl      [0;39m [35m:60  [0;39m Time: 2025-04-05T18:58:51.268764300
[2025-04-05 19:03:51] [34mINFO[0;39m [36mg.service.ubs.OrderLockServiceImpl      [0;39m [35m:62  [0;39m Unlock orders
[2025-04-05 19:04:51] [34mINFO[0;39m [36mg.service.ubs.OrderLockServiceImpl      [0;39m [35m:60  [0;39m Time: 2025-04-05T18:59:51.260582300
[2025-04-05 19:04:51] [34mINFO[0;39m [36mg.service.ubs.OrderLockServiceImpl      [0;39m [35m:62  [0;39m Unlock orders
[2025-04-05 19:05:51] [34mINFO[0;39m [36mg.service.ubs.OrderLockServiceImpl      [0;39m [35m:60  [0;39m Time: 2025-04-05T19:00:51.262978600
[2025-04-05 19:05:51] [34mINFO[0;39m [36mg.service.ubs.OrderLockServiceImpl      [0;39m [35m:62  [0;39m Unlock orders
[2025-04-05 19:06:51] [34mINFO[0;39m [36mg.service.ubs.OrderLockServiceImpl      [0;39m [35m:60  [0;39m Time: 2025-04-05T19:01:51.269698900
[2025-04-05 19:06:51] [34mINFO[0;39m [36mg.service.ubs.OrderLockServiceImpl      [0;39m [35m:62  [0;39m Unlock orders
[2025-04-05 19:07:51] [34mINFO[0;39m [36mg.service.ubs.OrderLockServiceImpl      [0;39m [35m:60  [0;39m Time: 2025-04-05T19:02:51.257980100
[2025-04-05 19:07:51] [34mINFO[0;39m [36mg.service.ubs.OrderLockServiceImpl      [0;39m [35m:62  [0;39m Unlock orders
[2025-04-05 19:08:51] [34mINFO[0;39m [36mg.service.ubs.OrderLockServiceImpl      [0;39m [35m:60  [0;39m Time: 2025-04-05T19:03:51.271630100
[2025-04-05 19:08:51] [34mINFO[0;39m [36mg.service.ubs.OrderLockServiceImpl      [0;39m [35m:62  [0;39m Unlock orders
[2025-04-05 19:09:51] [34mINFO[0;39m [36mg.service.ubs.OrderLockServiceImpl      [0;39m [35m:60  [0;39m Time: 2025-04-05T19:04:51.266099
[2025-04-05 19:09:51] [34mINFO[0;39m [36mg.service.ubs.OrderLockServiceImpl      [0;39m [35m:62  [0;39m Unlock orders
[2025-04-05 19:10:51] [34mINFO[0;39m [36mg.service.ubs.OrderLockServiceImpl      [0;39m [35m:60  [0;39m Time: 2025-04-05T19:05:51.257571100
[2025-04-05 19:10:51] [34mINFO[0;39m [36mg.service.ubs.OrderLockServiceImpl      [0;39m [35m:62  [0;39m Unlock orders
[2025-04-05 19:11:51] [34mINFO[0;39m [36mg.service.ubs.OrderLockServiceImpl      [0;39m [35m:60  [0;39m Time: 2025-04-05T19:06:51.272642600
[2025-04-05 19:11:51] [34mINFO[0;39m [36mg.service.ubs.OrderLockServiceImpl      [0;39m [35m:62  [0;39m Unlock orders
[2025-04-05 19:12:51] [34mINFO[0;39m [36mg.service.ubs.OrderLockServiceImpl      [0;39m [35m:60  [0;39m Time: 2025-04-05T19:07:51.269368700
[2025-04-05 19:12:51] [34mINFO[0;39m [36mg.service.ubs.OrderLockServiceImpl      [0;39m [35m:62  [0;39m Unlock orders
[2025-04-05 19:13:51] [34mINFO[0;39m [36mg.service.ubs.OrderLockServiceImpl      [0;39m [35m:60  [0;39m Time: 2025-04-05T19:08:51.262914400
[2025-04-05 19:13:51] [34mINFO[0;39m [36mg.service.ubs.OrderLockServiceImpl      [0;39m [35m:62  [0;39m Unlock orders
[2025-04-05 19:14:51] [34mINFO[0;39m [36mg.service.ubs.OrderLockServiceImpl      [0;39m [35m:60  [0;39m Time: 2025-04-05T19:09:51.260162500
[2025-04-05 19:14:51] [34mINFO[0;39m [36mg.service.ubs.OrderLockServiceImpl      [0;39m [35m:62  [0;39m Unlock orders
[2025-04-05 19:15:51] [34mINFO[0;39m [36mg.service.ubs.OrderLockServiceImpl      [0;39m [35m:60  [0;39m Time: 2025-04-05T19:10:51.265662900
[2025-04-05 19:15:51] [34mINFO[0;39m [36mg.service.ubs.OrderLockServiceImpl      [0;39m [35m:62  [0;39m Unlock orders
[2025-04-05 19:16:51] [34mINFO[0;39m [36mg.service.ubs.OrderLockServiceImpl      [0;39m [35m:60  [0;39m Time: 2025-04-05T19:11:51.265168300
[2025-04-05 19:16:51] [34mINFO[0;39m [36mg.service.ubs.OrderLockServiceImpl      [0;39m [35m:62  [0;39m Unlock orders
[2025-04-05 19:17:51] [34mINFO[0;39m [36mg.service.ubs.OrderLockServiceImpl      [0;39m [35m:60  [0;39m Time: 2025-04-05T19:12:51.270857200
[2025-04-05 19:17:51] [34mINFO[0;39m [36mg.service.ubs.OrderLockServiceImpl      [0;39m [35m:62  [0;39m Unlock orders
[2025-04-05 19:18:51] [34mINFO[0;39m [36mg.service.ubs.OrderLockServiceImpl      [0;39m [35m:60  [0;39m Time: 2025-04-05T19:13:51.264837
[2025-04-05 19:18:51] [34mINFO[0;39m [36mg.service.ubs.OrderLockServiceImpl      [0;39m [35m:62  [0;39m Unlock orders
[2025-04-05 19:19:51] [34mINFO[0;39m [36mg.service.ubs.OrderLockServiceImpl      [0;39m [35m:60  [0;39m Time: 2025-04-05T19:14:51.258587400
[2025-04-05 19:19:51] [34mINFO[0;39m [36mg.service.ubs.OrderLockServiceImpl      [0;39m [35m:62  [0;39m Unlock orders
[2025-04-05 19:20:51] [34mINFO[0;39m [36mg.service.ubs.OrderLockServiceImpl      [0;39m [35m:60  [0;39m Time: 2025-04-05T19:15:51.270674300
[2025-04-05 19:20:51] [34mINFO[0;39m [36mg.service.ubs.OrderLockServiceImpl      [0;39m [35m:62  [0;39m Unlock orders
[2025-04-05 19:21:51] [34mINFO[0;39m [36mg.service.ubs.OrderLockServiceImpl      [0;39m [35m:60  [0;39m Time: 2025-04-05T19:16:51.261637800
[2025-04-05 19:21:51] [34mINFO[0;39m [36mg.service.ubs.OrderLockServiceImpl      [0;39m [35m:62  [0;39m Unlock orders
[2025-04-05 19:22:51] [34mINFO[0;39m [36mg.service.ubs.OrderLockServiceImpl      [0;39m [35m:60  [0;39m Time: 2025-04-05T19:17:51.265414
[2025-04-05 19:22:51] [34mINFO[0;39m [36mg.service.ubs.OrderLockServiceImpl      [0;39m [35m:62  [0;39m Unlock orders
[2025-04-05 19:23:51] [34mINFO[0;39m [36mg.service.ubs.OrderLockServiceImpl      [0;39m [35m:60  [0;39m Time: 2025-04-05T19:18:51.266085300
[2025-04-05 19:23:51] [34mINFO[0;39m [36mg.service.ubs.OrderLockServiceImpl      [0;39m [35m:62  [0;39m Unlock orders
[2025-04-05 19:24:51] [34mINFO[0;39m [36mg.service.ubs.OrderLockServiceImpl      [0;39m [35m:60  [0;39m Time: 2025-04-05T19:19:51.259900
[2025-04-05 19:24:51] [34mINFO[0;39m [36mg.service.ubs.OrderLockServiceImpl      [0;39m [35m:62  [0;39m Unlock orders
[2025-04-05 19:25:51] [34mINFO[0;39m [36mg.service.ubs.OrderLockServiceImpl      [0;39m [35m:60  [0;39m Time: 2025-04-05T19:20:51.270928300
[2025-04-05 19:25:51] [34mINFO[0;39m [36mg.service.ubs.OrderLockServiceImpl      [0;39m [35m:62  [0;39m Unlock orders
[2025-04-05 19:26:51] [34mINFO[0;39m [36mg.service.ubs.OrderLockServiceImpl      [0;39m [35m:60  [0;39m Time: 2025-04-05T19:21:51.271284300
[2025-04-05 19:26:51] [34mINFO[0;39m [36mg.service.ubs.OrderLockServiceImpl      [0;39m [35m:62  [0;39m Unlock orders
[2025-04-05 19:27:51] [34mINFO[0;39m [36mg.service.ubs.OrderLockServiceImpl      [0;39m [35m:60  [0;39m Time: 2025-04-05T19:22:51.270976700
[2025-04-05 19:27:51] [34mINFO[0;39m [36mg.service.ubs.OrderLockServiceImpl      [0;39m [35m:62  [0;39m Unlock orders
[2025-04-05 19:28:51] [34mINFO[0;39m [36mg.service.ubs.OrderLockServiceImpl      [0;39m [35m:60  [0;39m Time: 2025-04-05T19:23:51.271829600
[2025-04-05 19:28:51] [34mINFO[0;39m [36mg.service.ubs.OrderLockServiceImpl      [0;39m [35m:62  [0;39m Unlock orders
[2025-04-05 19:29:51] [34mINFO[0;39m [36mg.service.ubs.OrderLockServiceImpl      [0;39m [35m:60  [0;39m Time: 2025-04-05T19:24:51.271445800
[2025-04-05 19:29:51] [34mINFO[0;39m [36mg.service.ubs.OrderLockServiceImpl      [0;39m [35m:62  [0;39m Unlock orders
[2025-04-05 19:30:51] [34mINFO[0;39m [36mg.service.ubs.OrderLockServiceImpl      [0;39m [35m:60  [0;39m Time: 2025-04-05T19:25:51.269852
[2025-04-05 19:30:51] [34mINFO[0;39m [36mg.service.ubs.OrderLockServiceImpl      [0;39m [35m:62  [0;39m Unlock orders
[2025-04-05 19:31:51] [34mINFO[0;39m [36mg.service.ubs.OrderLockServiceImpl      [0;39m [35m:60  [0;39m Time: 2025-04-05T19:26:51.267174900
[2025-04-05 19:31:51] [34mINFO[0;39m [36mg.service.ubs.OrderLockServiceImpl      [0;39m [35m:62  [0;39m Unlock orders
[2025-04-05 19:32:51] [34mINFO[0;39m [36mg.service.ubs.OrderLockServiceImpl      [0;39m [35m:60  [0;39m Time: 2025-04-05T19:27:51.261659400
[2025-04-05 19:32:51] [34mINFO[0;39m [36mg.service.ubs.OrderLockServiceImpl      [0;39m [35m:62  [0;39m Unlock orders
[2025-04-05 19:33:51] [34mINFO[0;39m [36mg.service.ubs.OrderLockServiceImpl      [0;39m [35m:60  [0;39m Time: 2025-04-05T19:28:51.270176100
[2025-04-05 19:33:51] [34mINFO[0;39m [36mg.service.ubs.OrderLockServiceImpl      [0;39m [35m:62  [0;39m Unlock orders
[2025-04-05 19:34:51] [34mINFO[0;39m [36mg.service.ubs.OrderLockServiceImpl      [0;39m [35m:60  [0;39m Time: 2025-04-05T19:29:51.272444900
[2025-04-05 19:34:51] [34mINFO[0;39m [36mg.service.ubs.OrderLockServiceImpl      [0;39m [35m:62  [0;39m Unlock orders
[2025-04-05 19:35:51] [34mINFO[0;39m [36mg.service.ubs.OrderLockServiceImpl      [0;39m [35m:60  [0;39m Time: 2025-04-05T19:30:51.260159200
[2025-04-05 19:35:51] [34mINFO[0;39m [36mg.service.ubs.OrderLockServiceImpl      [0;39m [35m:62  [0;39m Unlock orders
[2025-04-05 19:36:51] [34mINFO[0;39m [36mg.service.ubs.OrderLockServiceImpl      [0;39m [35m:60  [0;39m Time: 2025-04-05T19:31:51.271085500
[2025-04-05 19:36:51] [34mINFO[0;39m [36mg.service.ubs.OrderLockServiceImpl      [0;39m [35m:62  [0;39m Unlock orders
[2025-04-05 19:37:51] [34mINFO[0;39m [36mg.service.ubs.OrderLockServiceImpl      [0;39m [35m:60  [0;39m Time: 2025-04-05T19:32:51.260423400
[2025-04-05 19:37:51] [34mINFO[0;39m [36mg.service.ubs.OrderLockServiceImpl      [0;39m [35m:62  [0;39m Unlock orders
[2025-04-05 19:38:51] [34mINFO[0;39m [36mg.service.ubs.OrderLockServiceImpl      [0;39m [35m:60  [0;39m Time: 2025-04-05T19:33:51.267214
[2025-04-05 19:38:51] [34mINFO[0;39m [36mg.service.ubs.OrderLockServiceImpl      [0;39m [35m:62  [0;39m Unlock orders
[2025-04-05 19:39:51] [34mINFO[0;39m [36mg.service.ubs.OrderLockServiceImpl      [0;39m [35m:60  [0;39m Time: 2025-04-05T19:34:51.273782500
[2025-04-05 19:39:51] [34mINFO[0;39m [36mg.service.ubs.OrderLockServiceImpl      [0;39m [35m:62  [0;39m Unlock orders
[2025-04-05 19:40:51] [34mINFO[0;39m [36mg.service.ubs.OrderLockServiceImpl      [0;39m [35m:60  [0;39m Time: 2025-04-05T19:35:51.257833500
[2025-04-05 19:40:51] [34mINFO[0;39m [36mg.service.ubs.OrderLockServiceImpl      [0;39m [35m:62  [0;39m Unlock orders
[2025-04-05 19:41:51] [34mINFO[0;39m [36mg.service.ubs.OrderLockServiceImpl      [0;39m [35m:60  [0;39m Time: 2025-04-05T19:36:51.270077
[2025-04-05 19:41:51] [34mINFO[0;39m [36mg.service.ubs.OrderLockServiceImpl      [0;39m [35m:62  [0;39m Unlock orders
[2025-04-05 19:42:51] [34mINFO[0;39m [36mg.service.ubs.OrderLockServiceImpl      [0;39m [35m:60  [0;39m Time: 2025-04-05T19:37:51.259518800
[2025-04-05 19:42:51] [34mINFO[0;39m [36mg.service.ubs.OrderLockServiceImpl      [0;39m [35m:62  [0;39m Unlock orders
[2025-04-05 19:43:51] [34mINFO[0;39m [36mg.service.ubs.OrderLockServiceImpl      [0;39m [35m:60  [0;39m Time: 2025-04-05T19:38:51.259314300
[2025-04-05 19:43:51] [34mINFO[0;39m [36mg.service.ubs.OrderLockServiceImpl      [0;39m [35m:62  [0;39m Unlock orders
[2025-04-05 19:44:51] [34mINFO[0;39m [36mg.service.ubs.OrderLockServiceImpl      [0;39m [35m:60  [0;39m Time: 2025-04-05T19:39:51.261618
[2025-04-05 19:44:51] [34mINFO[0;39m [36mg.service.ubs.OrderLockServiceImpl      [0;39m [35m:62  [0;39m Unlock orders
[2025-04-05 19:45:51] [34mINFO[0;39m [36mg.service.ubs.OrderLockServiceImpl      [0;39m [35m:60  [0;39m Time: 2025-04-05T19:40:51.263213700
[2025-04-05 19:45:51] [34mINFO[0;39m [36mg.service.ubs.OrderLockServiceImpl      [0;39m [35m:62  [0;39m Unlock orders
[2025-04-05 19:47:02] [34mINFO[0;39m [36mg.service.ubs.OrderLockServiceImpl      [0;39m [35m:60  [0;39m Time: 2025-04-05T19:42:02.024977100
[2025-04-05 19:47:02] [34mINFO[0;39m [36mg.service.ubs.OrderLockServiceImpl      [0;39m [35m:62  [0;39m Unlock orders
[2025-04-05 19:47:51] [34mINFO[0;39m [36mg.service.ubs.OrderLockServiceImpl      [0;39m [35m:60  [0;39m Time: 2025-04-05T19:42:51.266633800
[2025-04-05 19:47:51] [34mINFO[0;39m [36mg.service.ubs.OrderLockServiceImpl      [0;39m [35m:62  [0;39m Unlock orders
[2025-04-05 19:48:51] [34mINFO[0;39m [36mg.service.ubs.OrderLockServiceImpl      [0;39m [35m:60  [0;39m Time: 2025-04-05T19:43:51.261853600
[2025-04-05 19:48:51] [34mINFO[0;39m [36mg.service.ubs.OrderLockServiceImpl      [0;39m [35m:62  [0;39m Unlock orders
[2025-04-05 19:49:51] [34mINFO[0;39m [36mg.service.ubs.OrderLockServiceImpl      [0;39m [35m:60  [0;39m Time: 2025-04-05T19:44:51.265333300
[2025-04-05 19:49:51] [34mINFO[0;39m [36mg.service.ubs.OrderLockServiceImpl      [0;39m [35m:62  [0;39m Unlock orders
[2025-04-05 19:50:51] [34mINFO[0;39m [36mg.service.ubs.OrderLockServiceImpl      [0;39m [35m:60  [0;39m Time: 2025-04-05T19:45:51.259667800
[2025-04-05 19:50:51] [34mINFO[0;39m [36mg.service.ubs.OrderLockServiceImpl      [0;39m [35m:62  [0;39m Unlock orders
[2025-04-05 19:51:51] [34mINFO[0;39m [36mg.service.ubs.OrderLockServiceImpl      [0;39m [35m:60  [0;39m Time: 2025-04-05T19:46:51.267670200
[2025-04-05 19:51:51] [34mINFO[0;39m [36mg.service.ubs.OrderLockServiceImpl      [0;39m [35m:62  [0;39m Unlock orders
[2025-04-05 19:52:51] [34mINFO[0;39m [36mg.service.ubs.OrderLockServiceImpl      [0;39m [35m:60  [0;39m Time: 2025-04-05T19:47:51.257673400
[2025-04-05 19:52:51] [34mINFO[0;39m [36mg.service.ubs.OrderLockServiceImpl      [0;39m [35m:62  [0;39m Unlock orders
[2025-04-05 19:53:51] [34mINFO[0;39m [36mg.service.ubs.OrderLockServiceImpl      [0;39m [35m:60  [0;39m Time: 2025-04-05T19:48:51.271654400
[2025-04-05 19:53:51] [34mINFO[0;39m [36mg.service.ubs.OrderLockServiceImpl      [0;39m [35m:62  [0;39m Unlock orders
[2025-04-05 19:54:51] [34mINFO[0;39m [36mg.service.ubs.OrderLockServiceImpl      [0;39m [35m:60  [0;39m Time: 2025-04-05T19:49:51.265374
[2025-04-05 19:54:51] [34mINFO[0;39m [36mg.service.ubs.OrderLockServiceImpl      [0;39m [35m:62  [0;39m Unlock orders
[2025-04-05 19:55:51] [34mINFO[0;39m [36mg.service.ubs.OrderLockServiceImpl      [0;39m [35m:60  [0;39m Time: 2025-04-05T19:50:51.269604800
[2025-04-05 19:55:51] [34mINFO[0;39m [36mg.service.ubs.OrderLockServiceImpl      [0;39m [35m:62  [0;39m Unlock orders
[2025-04-05 19:56:51] [34mINFO[0;39m [36mg.service.ubs.OrderLockServiceImpl      [0;39m [35m:60  [0;39m Time: 2025-04-05T19:51:51.271482200
[2025-04-05 19:56:51] [34mINFO[0;39m [36mg.service.ubs.OrderLockServiceImpl      [0;39m [35m:62  [0;39m Unlock orders
[2025-04-05 19:57:51] [34mINFO[0;39m [36mg.service.ubs.OrderLockServiceImpl      [0;39m [35m:60  [0;39m Time: 2025-04-05T19:52:51.270241900
[2025-04-05 19:57:51] [34mINFO[0;39m [36mg.service.ubs.OrderLockServiceImpl      [0;39m [35m:62  [0;39m Unlock orders
[2025-04-05 19:58:51] [34mINFO[0;39m [36mg.service.ubs.OrderLockServiceImpl      [0;39m [35m:60  [0;39m Time: 2025-04-05T19:53:51.270062600
[2025-04-05 19:58:51] [34mINFO[0;39m [36mg.service.ubs.OrderLockServiceImpl      [0;39m [35m:62  [0;39m Unlock orders
[2025-04-05 19:59:51] [34mINFO[0;39m [36mg.service.ubs.OrderLockServiceImpl      [0;39m [35m:60  [0;39m Time: 2025-04-05T19:54:51.269632100
[2025-04-05 19:59:51] [34mINFO[0;39m [36mg.service.ubs.OrderLockServiceImpl      [0;39m [35m:62  [0;39m Unlock orders
[2025-04-05 20:00:51] [34mINFO[0;39m [36mg.service.ubs.OrderLockServiceImpl      [0;39m [35m:60  [0;39m Time: 2025-04-05T19:55:51.270580
[2025-04-05 20:00:51] [34mINFO[0;39m [36mg.service.ubs.OrderLockServiceImpl      [0;39m [35m:62  [0;39m Unlock orders
[2025-04-05 20:01:51] [34mINFO[0;39m [36mg.service.ubs.OrderLockServiceImpl      [0;39m [35m:60  [0;39m Time: 2025-04-05T19:56:51.263985100
[2025-04-05 20:01:51] [34mINFO[0;39m [36mg.service.ubs.OrderLockServiceImpl      [0;39m [35m:62  [0;39m Unlock orders
[2025-04-05 20:02:51] [34mINFO[0;39m [36mg.service.ubs.OrderLockServiceImpl      [0;39m [35m:60  [0;39m Time: 2025-04-05T19:57:51.259843
[2025-04-05 20:02:51] [34mINFO[0;39m [36mg.service.ubs.OrderLockServiceImpl      [0;39m [35m:62  [0;39m Unlock orders
[2025-04-05 20:03:51] [34mINFO[0;39m [36mg.service.ubs.OrderLockServiceImpl      [0;39m [35m:60  [0;39m Time: 2025-04-05T19:58:51.259520800
[2025-04-05 20:03:51] [34mINFO[0;39m [36mg.service.ubs.OrderLockServiceImpl      [0;39m [35m:62  [0;39m Unlock orders
[2025-04-05 20:04:51] [34mINFO[0;39m [36mg.service.ubs.OrderLockServiceImpl      [0;39m [35m:60  [0;39m Time: 2025-04-05T19:59:51.257715500
[2025-04-05 20:04:51] [34mINFO[0;39m [36mg.service.ubs.OrderLockServiceImpl      [0;39m [35m:62  [0;39m Unlock orders
[2025-04-05 20:05:51] [34mINFO[0;39m [36mg.service.ubs.OrderLockServiceImpl      [0;39m [35m:60  [0;39m Time: 2025-04-05T20:00:51.257622900
[2025-04-05 20:05:51] [34mINFO[0;39m [36mg.service.ubs.OrderLockServiceImpl      [0;39m [35m:62  [0;39m Unlock orders
[2025-04-05 20:07:03] [34mINFO[0;39m [36mg.service.ubs.OrderLockServiceImpl      [0;39m [35m:60  [0;39m Time: 2025-04-05T20:02:03.924184600
[2025-04-05 20:07:03] [34mINFO[0;39m [36mg.service.ubs.OrderLockServiceImpl      [0;39m [35m:62  [0;39m Unlock orders
[2025-04-05 20:07:51] [34mINFO[0;39m [36mg.service.ubs.OrderLockServiceImpl      [0;39m [35m:60  [0;39m Time: 2025-04-05T20:02:51.272074500
[2025-04-05 20:07:51] [34mINFO[0;39m [36mg.service.ubs.OrderLockServiceImpl      [0;39m [35m:62  [0;39m Unlock orders
[2025-04-05 20:08:51] [34mINFO[0;39m [36mg.service.ubs.OrderLockServiceImpl      [0;39m [35m:60  [0;39m Time: 2025-04-05T20:03:51.266022900
[2025-04-05 20:08:51] [34mINFO[0;39m [36mg.service.ubs.OrderLockServiceImpl      [0;39m [35m:62  [0;39m Unlock orders
[2025-04-05 20:09:51] [34mINFO[0;39m [36mg.service.ubs.OrderLockServiceImpl      [0;39m [35m:60  [0;39m Time: 2025-04-05T20:04:51.267230700
[2025-04-05 20:09:51] [34mINFO[0;39m [36mg.service.ubs.OrderLockServiceImpl      [0;39m [35m:62  [0;39m Unlock orders
[2025-04-05 20:10:51] [34mINFO[0;39m [36mg.service.ubs.OrderLockServiceImpl      [0;39m [35m:60  [0;39m Time: 2025-04-05T20:05:51.268319500
[2025-04-05 20:10:51] [34mINFO[0;39m [36mg.service.ubs.OrderLockServiceImpl      [0;39m [35m:62  [0;39m Unlock orders
[2025-04-05 20:11:51] [34mINFO[0;39m [36mg.service.ubs.OrderLockServiceImpl      [0;39m [35m:60  [0;39m Time: 2025-04-05T20:06:51.262966
[2025-04-05 20:11:51] [34mINFO[0;39m [36mg.service.ubs.OrderLockServiceImpl      [0;39m [35m:62  [0;39m Unlock orders
[2025-04-05 20:12:51] [34mINFO[0;39m [36mg.service.ubs.OrderLockServiceImpl      [0;39m [35m:60  [0;39m Time: 2025-04-05T20:07:51.257529900
[2025-04-05 20:12:51] [34mINFO[0;39m [36mg.service.ubs.OrderLockServiceImpl      [0;39m [35m:62  [0;39m Unlock orders
[2025-04-05 20:13:51] [34mINFO[0;39m [36mg.service.ubs.OrderLockServiceImpl      [0;39m [35m:60  [0;39m Time: 2025-04-05T20:08:51.263064400
[2025-04-05 20:13:51] [34mINFO[0;39m [36mg.service.ubs.OrderLockServiceImpl      [0;39m [35m:62  [0;39m Unlock orders
[2025-04-05 20:14:51] [34mINFO[0;39m [36mg.service.ubs.OrderLockServiceImpl      [0;39m [35m:60  [0;39m Time: 2025-04-05T20:09:51.266957100
[2025-04-05 20:14:51] [34mINFO[0;39m [36mg.service.ubs.OrderLockServiceImpl      [0;39m [35m:62  [0;39m Unlock orders
[2025-04-05 20:15:51] [34mINFO[0;39m [36mg.service.ubs.OrderLockServiceImpl      [0;39m [35m:60  [0;39m Time: 2025-04-05T20:10:51.269504700
[2025-04-05 20:15:51] [34mINFO[0;39m [36mg.service.ubs.OrderLockServiceImpl      [0;39m [35m:62  [0;39m Unlock orders
[2025-04-05 20:16:51] [34mINFO[0;39m [36mg.service.ubs.OrderLockServiceImpl      [0;39m [35m:60  [0;39m Time: 2025-04-05T20:11:51.267017800
[2025-04-05 20:16:51] [34mINFO[0;39m [36mg.service.ubs.OrderLockServiceImpl      [0;39m [35m:62  [0;39m Unlock orders
[2025-04-05 20:17:51] [34mINFO[0;39m [36mg.service.ubs.OrderLockServiceImpl      [0;39m [35m:60  [0;39m Time: 2025-04-05T20:12:51.269741200
[2025-04-05 20:17:51] [34mINFO[0;39m [36mg.service.ubs.OrderLockServiceImpl      [0;39m [35m:62  [0;39m Unlock orders
[2025-04-05 20:18:51] [34mINFO[0;39m [36mg.service.ubs.OrderLockServiceImpl      [0;39m [35m:60  [0;39m Time: 2025-04-05T20:13:51.268180700
[2025-04-05 20:18:51] [34mINFO[0;39m [36mg.service.ubs.OrderLockServiceImpl      [0;39m [35m:62  [0;39m Unlock orders
[2025-04-05 20:19:51] [34mINFO[0;39m [36mg.service.ubs.OrderLockServiceImpl      [0;39m [35m:60  [0;39m Time: 2025-04-05T20:14:51.257298300
[2025-04-05 20:19:51] [34mINFO[0;39m [36mg.service.ubs.OrderLockServiceImpl      [0;39m [35m:62  [0;39m Unlock orders
[2025-04-05 20:20:51] [34mINFO[0;39m [36mg.service.ubs.OrderLockServiceImpl      [0;39m [35m:60  [0;39m Time: 2025-04-05T20:15:51.262446700
[2025-04-05 20:20:51] [34mINFO[0;39m [36mg.service.ubs.OrderLockServiceImpl      [0;39m [35m:62  [0;39m Unlock orders
[2025-04-05 20:21:51] [34mINFO[0;39m [36mg.service.ubs.OrderLockServiceImpl      [0;39m [35m:60  [0;39m Time: 2025-04-05T20:16:51.258494100
[2025-04-05 20:21:51] [34mINFO[0;39m [36mg.service.ubs.OrderLockServiceImpl      [0;39m [35m:62  [0;39m Unlock orders
[2025-04-05 20:22:51] [34mINFO[0;39m [36mg.service.ubs.OrderLockServiceImpl      [0;39m [35m:60  [0;39m Time: 2025-04-05T20:17:51.259467700
[2025-04-05 20:22:51] [34mINFO[0;39m [36mg.service.ubs.OrderLockServiceImpl      [0;39m [35m:62  [0;39m Unlock orders
[2025-04-05 20:23:51] [34mINFO[0;39m [36mg.service.ubs.OrderLockServiceImpl      [0;39m [35m:60  [0;39m Time: 2025-04-05T20:18:51.268064200
[2025-04-05 20:23:51] [34mINFO[0;39m [36mg.service.ubs.OrderLockServiceImpl      [0;39m [35m:62  [0;39m Unlock orders
[2025-04-05 20:24:51] [34mINFO[0;39m [36mg.service.ubs.OrderLockServiceImpl      [0;39m [35m:60  [0;39m Time: 2025-04-05T20:19:51.258768600
[2025-04-05 20:24:51] [34mINFO[0;39m [36mg.service.ubs.OrderLockServiceImpl      [0;39m [35m:62  [0;39m Unlock orders
[2025-04-05 20:25:51] [34mINFO[0;39m [36mg.service.ubs.OrderLockServiceImpl      [0;39m [35m:60  [0;39m Time: 2025-04-05T20:20:51.264906200
[2025-04-05 20:25:51] [34mINFO[0;39m [36mg.service.ubs.OrderLockServiceImpl      [0;39m [35m:62  [0;39m Unlock orders
[2025-04-05 20:26:51] [34mINFO[0;39m [36mg.service.ubs.OrderLockServiceImpl      [0;39m [35m:60  [0;39m Time: 2025-04-05T20:21:51.270949300
[2025-04-05 20:26:51] [34mINFO[0;39m [36mg.service.ubs.OrderLockServiceImpl      [0;39m [35m:62  [0;39m Unlock orders
[2025-04-05 20:27:51] [34mINFO[0;39m [36mg.service.ubs.OrderLockServiceImpl      [0;39m [35m:60  [0;39m Time: 2025-04-05T20:22:51.267291800
[2025-04-05 20:27:51] [34mINFO[0;39m [36mg.service.ubs.OrderLockServiceImpl      [0;39m [35m:62  [0;39m Unlock orders
[2025-04-05 20:28:51] [34mINFO[0;39m [36mg.service.ubs.OrderLockServiceImpl      [0;39m [35m:60  [0;39m Time: 2025-04-05T20:23:51.264020700
[2025-04-05 20:28:51] [34mINFO[0;39m [36mg.service.ubs.OrderLockServiceImpl      [0;39m [35m:62  [0;39m Unlock orders
[2025-04-05 20:44:46] [31mWARN[0;39m [36mcom.zaxxer.hikari.pool.HikariPool       [0;39m [35m:804 [0;39m HikariPool-1 - Thread starvation or clock leap detected (housekeeper delta=16m8s543ms836µs500ns).
[2025-04-05 20:45:29] [34mINFO[0;39m [36mg.service.ubs.OrderLockServiceImpl      [0;39m [35m:60  [0;39m Time: 2025-04-05T20:40:29.801029500
[2025-04-05 20:45:29] [34mINFO[0;39m [36mg.service.ubs.OrderLockServiceImpl      [0;39m [35m:62  [0;39m Unlock orders
[2025-04-05 20:45:29] [34mINFO[0;39m [36mg.service.ubs.OrderLockServiceImpl      [0;39m [35m:60  [0;39m Time: 2025-04-05T20:40:29.811040900
[2025-04-05 20:45:29] [34mINFO[0;39m [36mg.service.ubs.OrderLockServiceImpl      [0;39m [35m:62  [0;39m Unlock orders
[2025-04-05 20:45:29] [34mINFO[0;39m [36mg.service.ubs.OrderLockServiceImpl      [0;39m [35m:60  [0;39m Time: 2025-04-05T20:40:29.812040700
[2025-04-05 20:45:29] [34mINFO[0;39m [36mg.service.ubs.OrderLockServiceImpl      [0;39m [35m:62  [0;39m Unlock orders
[2025-04-05 20:45:29] [34mINFO[0;39m [36mg.service.ubs.OrderLockServiceImpl      [0;39m [35m:60  [0;39m Time: 2025-04-05T20:40:29.813040
[2025-04-05 20:45:29] [34mINFO[0;39m [36mg.service.ubs.OrderLockServiceImpl      [0;39m [35m:62  [0;39m Unlock orders
[2025-04-05 20:45:29] [34mINFO[0;39m [36mg.service.ubs.OrderLockServiceImpl      [0;39m [35m:60  [0;39m Time: 2025-04-05T20:40:29.814040400
[2025-04-05 20:45:29] [34mINFO[0;39m [36mg.service.ubs.OrderLockServiceImpl      [0;39m [35m:62  [0;39m Unlock orders
[2025-04-05 20:45:29] [34mINFO[0;39m [36mg.service.ubs.OrderLockServiceImpl      [0;39m [35m:60  [0;39m Time: 2025-04-05T20:40:29.815040300
[2025-04-05 20:45:29] [34mINFO[0;39m [36mg.service.ubs.OrderLockServiceImpl      [0;39m [35m:62  [0;39m Unlock orders
[2025-04-05 20:45:29] [34mINFO[0;39m [36mg.service.ubs.OrderLockServiceImpl      [0;39m [35m:60  [0;39m Time: 2025-04-05T20:40:29.816039400
[2025-04-05 20:45:29] [34mINFO[0;39m [36mg.service.ubs.OrderLockServiceImpl      [0;39m [35m:62  [0;39m Unlock orders
[2025-04-05 20:45:29] [34mINFO[0;39m [36mg.service.ubs.OrderLockServiceImpl      [0;39m [35m:60  [0;39m Time: 2025-04-05T20:40:29.816039400
[2025-04-05 20:45:29] [34mINFO[0;39m [36mg.service.ubs.OrderLockServiceImpl      [0;39m [35m:62  [0;39m Unlock orders
[2025-04-05 20:45:29] [34mINFO[0;39m [36mg.service.ubs.OrderLockServiceImpl      [0;39m [35m:60  [0;39m Time: 2025-04-05T20:40:29.817039500
[2025-04-05 20:45:29] [34mINFO[0;39m [36mg.service.ubs.OrderLockServiceImpl      [0;39m [35m:62  [0;39m Unlock orders
[2025-04-05 20:45:29] [34mINFO[0;39m [36mg.service.ubs.OrderLockServiceImpl      [0;39m [35m:60  [0;39m Time: 2025-04-05T20:40:29.818039100
[2025-04-05 20:45:29] [34mINFO[0;39m [36mg.service.ubs.OrderLockServiceImpl      [0;39m [35m:62  [0;39m Unlock orders
[2025-04-05 20:45:29] [34mINFO[0;39m [36mg.service.ubs.OrderLockServiceImpl      [0;39m [35m:60  [0;39m Time: 2025-04-05T20:40:29.818039100
[2025-04-05 20:45:29] [34mINFO[0;39m [36mg.service.ubs.OrderLockServiceImpl      [0;39m [35m:62  [0;39m Unlock orders
[2025-04-05 20:45:29] [34mINFO[0;39m [36mg.service.ubs.OrderLockServiceImpl      [0;39m [35m:60  [0;39m Time: 2025-04-05T20:40:29.819038700
[2025-04-05 20:45:29] [34mINFO[0;39m [36mg.service.ubs.OrderLockServiceImpl      [0;39m [35m:62  [0;39m Unlock orders
[2025-04-05 20:45:29] [34mINFO[0;39m [36mg.service.ubs.OrderLockServiceImpl      [0;39m [35m:60  [0;39m Time: 2025-04-05T20:40:29.819038700
[2025-04-05 20:45:29] [34mINFO[0;39m [36mg.service.ubs.OrderLockServiceImpl      [0;39m [35m:62  [0;39m Unlock orders
[2025-04-05 20:45:29] [34mINFO[0;39m [36mg.service.ubs.OrderLockServiceImpl      [0;39m [35m:60  [0;39m Time: 2025-04-05T20:40:29.820038800
[2025-04-05 20:45:29] [34mINFO[0;39m [36mg.service.ubs.OrderLockServiceImpl      [0;39m [35m:62  [0;39m Unlock orders
[2025-04-05 20:45:29] [34mINFO[0;39m [36mg.service.ubs.OrderLockServiceImpl      [0;39m [35m:60  [0;39m Time: 2025-04-05T20:40:29.820038800
[2025-04-05 20:45:29] [34mINFO[0;39m [36mg.service.ubs.OrderLockServiceImpl      [0;39m [35m:62  [0;39m Unlock orders
[2025-04-05 20:45:29] [34mINFO[0;39m [36mg.service.ubs.OrderLockServiceImpl      [0;39m [35m:60  [0;39m Time: 2025-04-05T20:40:29.821038600
[2025-04-05 20:45:29] [34mINFO[0;39m [36mg.service.ubs.OrderLockServiceImpl      [0;39m [35m:62  [0;39m Unlock orders
[2025-04-05 20:45:51] [34mINFO[0;39m [36mg.service.ubs.OrderLockServiceImpl      [0;39m [35m:60  [0;39m Time: 2025-04-05T20:40:51.268035400
[2025-04-05 20:45:51] [34mINFO[0;39m [36mg.service.ubs.OrderLockServiceImpl      [0;39m [35m:62  [0;39m Unlock orders
[2025-04-05 20:46:51] [34mINFO[0;39m [36mg.service.ubs.OrderLockServiceImpl      [0;39m [35m:60  [0;39m Time: 2025-04-05T20:41:51.269257500
[2025-04-05 20:46:51] [34mINFO[0;39m [36mg.service.ubs.OrderLockServiceImpl      [0;39m [35m:62  [0;39m Unlock orders
[2025-04-05 20:47:51] [34mINFO[0;39m [36mg.service.ubs.OrderLockServiceImpl      [0;39m [35m:60  [0;39m Time: 2025-04-05T20:42:51.259614
[2025-04-05 20:47:51] [34mINFO[0;39m [36mg.service.ubs.OrderLockServiceImpl      [0;39m [35m:62  [0;39m Unlock orders
[2025-04-05 20:48:51] [34mINFO[0;39m [36mg.service.ubs.OrderLockServiceImpl      [0;39m [35m:60  [0;39m Time: 2025-04-05T20:43:51.269784500
[2025-04-05 20:48:51] [34mINFO[0;39m [36mg.service.ubs.OrderLockServiceImpl      [0;39m [35m:62  [0;39m Unlock orders
[2025-04-05 20:49:51] [34mINFO[0;39m [36mg.service.ubs.OrderLockServiceImpl      [0;39m [35m:60  [0;39m Time: 2025-04-05T20:44:51.259704300
[2025-04-05 20:49:51] [34mINFO[0;39m [36mg.service.ubs.OrderLockServiceImpl      [0;39m [35m:62  [0;39m Unlock orders
[2025-04-05 20:50:51] [34mINFO[0;39m [36mg.service.ubs.OrderLockServiceImpl      [0;39m [35m:60  [0;39m Time: 2025-04-05T20:45:51.262396600
[2025-04-05 20:50:51] [34mINFO[0;39m [36mg.service.ubs.OrderLockServiceImpl      [0;39m [35m:62  [0;39m Unlock orders
[2025-04-05 20:51:51] [34mINFO[0;39m [36mg.service.ubs.OrderLockServiceImpl      [0;39m [35m:60  [0;39m Time: 2025-04-05T20:46:51.261244600
[2025-04-05 20:51:51] [34mINFO[0;39m [36mg.service.ubs.OrderLockServiceImpl      [0;39m [35m:62  [0;39m Unlock orders
[2025-04-05 20:52:51] [34mINFO[0;39m [36mg.service.ubs.OrderLockServiceImpl      [0;39m [35m:60  [0;39m Time: 2025-04-05T20:47:51.260293700
[2025-04-05 20:52:51] [34mINFO[0;39m [36mg.service.ubs.OrderLockServiceImpl      [0;39m [35m:62  [0;39m Unlock orders
[2025-04-05 20:53:51] [34mINFO[0;39m [36mg.service.ubs.OrderLockServiceImpl      [0;39m [35m:60  [0;39m Time: 2025-04-05T20:48:51.273102600
[2025-04-05 20:53:51] [34mINFO[0;39m [36mg.service.ubs.OrderLockServiceImpl      [0;39m [35m:62  [0;39m Unlock orders
[2025-04-05 20:54:51] [34mINFO[0;39m [36mg.service.ubs.OrderLockServiceImpl      [0;39m [35m:60  [0;39m Time: 2025-04-05T20:49:51.264156600
[2025-04-05 20:54:51] [34mINFO[0;39m [36mg.service.ubs.OrderLockServiceImpl      [0;39m [35m:62  [0;39m Unlock orders
[2025-04-05 20:55:51] [34mINFO[0;39m [36mg.service.ubs.OrderLockServiceImpl      [0;39m [35m:60  [0;39m Time: 2025-04-05T20:50:51.262680800
[2025-04-05 20:55:51] [34mINFO[0;39m [36mg.service.ubs.OrderLockServiceImpl      [0;39m [35m:62  [0;39m Unlock orders
[2025-04-05 20:56:51] [34mINFO[0;39m [36mg.service.ubs.OrderLockServiceImpl      [0;39m [35m:60  [0;39m Time: 2025-04-05T20:51:51.263888500
[2025-04-05 20:56:51] [34mINFO[0;39m [36mg.service.ubs.OrderLockServiceImpl      [0;39m [35m:62  [0;39m Unlock orders
[2025-04-05 20:57:51] [34mINFO[0;39m [36mg.service.ubs.OrderLockServiceImpl      [0;39m [35m:60  [0;39m Time: 2025-04-05T20:52:51.269025800
[2025-04-05 20:57:51] [34mINFO[0;39m [36mg.service.ubs.OrderLockServiceImpl      [0;39m [35m:62  [0;39m Unlock orders
[2025-04-05 20:58:51] [34mINFO[0;39m [36mg.service.ubs.OrderLockServiceImpl      [0;39m [35m:60  [0;39m Time: 2025-04-05T20:53:51.265638
[2025-04-05 20:58:51] [34mINFO[0;39m [36mg.service.ubs.OrderLockServiceImpl      [0;39m [35m:62  [0;39m Unlock orders
[2025-04-05 20:59:51] [34mINFO[0;39m [36mg.service.ubs.OrderLockServiceImpl      [0;39m [35m:60  [0;39m Time: 2025-04-05T20:54:51.266369900
[2025-04-05 20:59:51] [34mINFO[0;39m [36mg.service.ubs.OrderLockServiceImpl      [0;39m [35m:62  [0;39m Unlock orders
[2025-04-05 21:00:51] [34mINFO[0;39m [36mg.service.ubs.OrderLockServiceImpl      [0;39m [35m:60  [0;39m Time: 2025-04-05T20:55:51.261297400
[2025-04-05 21:00:51] [34mINFO[0;39m [36mg.service.ubs.OrderLockServiceImpl      [0;39m [35m:62  [0;39m Unlock orders
[2025-04-05 21:01:51] [34mINFO[0;39m [36mg.service.ubs.OrderLockServiceImpl      [0;39m [35m:60  [0;39m Time: 2025-04-05T20:56:51.270208100
[2025-04-05 21:01:51] [34mINFO[0;39m [36mg.service.ubs.OrderLockServiceImpl      [0;39m [35m:62  [0;39m Unlock orders
[2025-04-05 21:02:51] [34mINFO[0;39m [36mg.service.ubs.OrderLockServiceImpl      [0;39m [35m:60  [0;39m Time: 2025-04-05T20:57:51.267808600
[2025-04-05 21:02:51] [34mINFO[0;39m [36mg.service.ubs.OrderLockServiceImpl      [0;39m [35m:62  [0;39m Unlock orders
[2025-04-05 21:03:51] [34mINFO[0;39m [36mg.service.ubs.OrderLockServiceImpl      [0;39m [35m:60  [0;39m Time: 2025-04-05T20:58:51.261685400
[2025-04-05 21:03:51] [34mINFO[0;39m [36mg.service.ubs.OrderLockServiceImpl      [0;39m [35m:62  [0;39m Unlock orders
[2025-04-05 21:04:51] [34mINFO[0;39m [36mg.service.ubs.OrderLockServiceImpl      [0;39m [35m:60  [0;39m Time: 2025-04-05T20:59:51.262674800
[2025-04-05 21:04:51] [34mINFO[0;39m [36mg.service.ubs.OrderLockServiceImpl      [0;39m [35m:62  [0;39m Unlock orders
[2025-04-05 21:05:51] [34mINFO[0;39m [36mg.service.ubs.OrderLockServiceImpl      [0;39m [35m:60  [0;39m Time: 2025-04-05T21:00:51.271065500
[2025-04-05 21:05:51] [34mINFO[0;39m [36mg.service.ubs.OrderLockServiceImpl      [0;39m [35m:62  [0;39m Unlock orders
[2025-04-05 21:06:51] [34mINFO[0;39m [36mg.service.ubs.OrderLockServiceImpl      [0;39m [35m:60  [0;39m Time: 2025-04-05T21:01:51.268425600
[2025-04-05 21:06:51] [34mINFO[0;39m [36mg.service.ubs.OrderLockServiceImpl      [0;39m [35m:62  [0;39m Unlock orders
[2025-04-05 21:07:51] [34mINFO[0;39m [36mg.service.ubs.OrderLockServiceImpl      [0;39m [35m:60  [0;39m Time: 2025-04-05T21:02:51.267191200
[2025-04-05 21:07:51] [34mINFO[0;39m [36mg.service.ubs.OrderLockServiceImpl      [0;39m [35m:62  [0;39m Unlock orders
[2025-04-05 21:08:51] [34mINFO[0;39m [36mg.service.ubs.OrderLockServiceImpl      [0;39m [35m:60  [0;39m Time: 2025-04-05T21:03:51.270088700
[2025-04-05 21:08:51] [34mINFO[0;39m [36mg.service.ubs.OrderLockServiceImpl      [0;39m [35m:62  [0;39m Unlock orders
[2025-04-05 21:09:51] [34mINFO[0;39m [36mg.service.ubs.OrderLockServiceImpl      [0;39m [35m:60  [0;39m Time: 2025-04-05T21:04:51.261551300
[2025-04-05 21:09:51] [34mINFO[0;39m [36mg.service.ubs.OrderLockServiceImpl      [0;39m [35m:62  [0;39m Unlock orders
[2025-04-05 21:10:51] [34mINFO[0;39m [36mg.service.ubs.OrderLockServiceImpl      [0;39m [35m:60  [0;39m Time: 2025-04-05T21:05:51.262049100
[2025-04-05 21:10:51] [34mINFO[0;39m [36mg.service.ubs.OrderLockServiceImpl      [0;39m [35m:62  [0;39m Unlock orders
[2025-04-05 21:11:51] [34mINFO[0;39m [36mg.service.ubs.OrderLockServiceImpl      [0;39m [35m:60  [0;39m Time: 2025-04-05T21:06:51.265193800
[2025-04-05 21:11:51] [34mINFO[0;39m [36mg.service.ubs.OrderLockServiceImpl      [0;39m [35m:62  [0;39m Unlock orders
[2025-04-05 21:12:51] [34mINFO[0;39m [36mg.service.ubs.OrderLockServiceImpl      [0;39m [35m:60  [0;39m Time: 2025-04-05T21:07:51.261958900
[2025-04-05 21:12:51] [34mINFO[0;39m [36mg.service.ubs.OrderLockServiceImpl      [0;39m [35m:62  [0;39m Unlock orders
[2025-04-05 21:13:51] [34mINFO[0;39m [36mg.service.ubs.OrderLockServiceImpl      [0;39m [35m:60  [0;39m Time: 2025-04-05T21:08:51.265585300
[2025-04-05 21:13:51] [34mINFO[0;39m [36mg.service.ubs.OrderLockServiceImpl      [0;39m [35m:62  [0;39m Unlock orders
[2025-04-05 21:14:51] [34mINFO[0;39m [36mg.service.ubs.OrderLockServiceImpl      [0;39m [35m:60  [0;39m Time: 2025-04-05T21:09:51.263718800
[2025-04-05 21:14:51] [34mINFO[0;39m [36mg.service.ubs.OrderLockServiceImpl      [0;39m [35m:62  [0;39m Unlock orders
[2025-04-05 21:15:51] [34mINFO[0;39m [36mg.service.ubs.OrderLockServiceImpl      [0;39m [35m:60  [0;39m Time: 2025-04-05T21:10:51.269879900
[2025-04-05 21:15:51] [34mINFO[0;39m [36mg.service.ubs.OrderLockServiceImpl      [0;39m [35m:62  [0;39m Unlock orders
[2025-04-05 21:16:51] [34mINFO[0;39m [36mg.service.ubs.OrderLockServiceImpl      [0;39m [35m:60  [0;39m Time: 2025-04-05T21:11:51.269556700
[2025-04-05 21:16:51] [34mINFO[0;39m [36mg.service.ubs.OrderLockServiceImpl      [0;39m [35m:62  [0;39m Unlock orders
[2025-04-05 21:17:51] [34mINFO[0;39m [36mg.service.ubs.OrderLockServiceImpl      [0;39m [35m:60  [0;39m Time: 2025-04-05T21:12:51.260266400
[2025-04-05 21:17:51] [34mINFO[0;39m [36mg.service.ubs.OrderLockServiceImpl      [0;39m [35m:62  [0;39m Unlock orders
[2025-04-05 21:18:51] [34mINFO[0;39m [36mg.service.ubs.OrderLockServiceImpl      [0;39m [35m:60  [0;39m Time: 2025-04-05T21:13:51.270964500
[2025-04-05 21:18:51] [34mINFO[0;39m [36mg.service.ubs.OrderLockServiceImpl      [0;39m [35m:62  [0;39m Unlock orders
[2025-04-05 21:19:51] [34mINFO[0;39m [36mg.service.ubs.OrderLockServiceImpl      [0;39m [35m:60  [0;39m Time: 2025-04-05T21:14:51.265582500
[2025-04-05 21:19:51] [34mINFO[0;39m [36mg.service.ubs.OrderLockServiceImpl      [0;39m [35m:62  [0;39m Unlock orders
[2025-04-05 21:20:51] [34mINFO[0;39m [36mg.service.ubs.OrderLockServiceImpl      [0;39m [35m:60  [0;39m Time: 2025-04-05T21:15:51.269578300
[2025-04-05 21:20:51] [34mINFO[0;39m [36mg.service.ubs.OrderLockServiceImpl      [0;39m [35m:62  [0;39m Unlock orders
[2025-04-05 21:21:51] [34mINFO[0;39m [36mg.service.ubs.OrderLockServiceImpl      [0;39m [35m:60  [0;39m Time: 2025-04-05T21:16:51.259719700
[2025-04-05 21:21:51] [34mINFO[0;39m [36mg.service.ubs.OrderLockServiceImpl      [0;39m [35m:62  [0;39m Unlock orders
[2025-04-05 21:22:51] [34mINFO[0;39m [36mg.service.ubs.OrderLockServiceImpl      [0;39m [35m:60  [0;39m Time: 2025-04-05T21:17:51.258919
[2025-04-05 21:22:51] [34mINFO[0;39m [36mg.service.ubs.OrderLockServiceImpl      [0;39m [35m:62  [0;39m Unlock orders
[2025-04-05 21:23:51] [34mINFO[0;39m [36mg.service.ubs.OrderLockServiceImpl      [0;39m [35m:60  [0;39m Time: 2025-04-05T21:18:51.272071800
[2025-04-05 21:23:51] [34mINFO[0;39m [36mg.service.ubs.OrderLockServiceImpl      [0;39m [35m:62  [0;39m Unlock orders
[2025-04-05 21:24:51] [34mINFO[0;39m [36mg.service.ubs.OrderLockServiceImpl      [0;39m [35m:60  [0;39m Time: 2025-04-05T21:19:51.262891700
[2025-04-05 21:24:51] [34mINFO[0;39m [36mg.service.ubs.OrderLockServiceImpl      [0;39m [35m:62  [0;39m Unlock orders
[2025-04-05 21:25:51] [34mINFO[0;39m [36mg.service.ubs.OrderLockServiceImpl      [0;39m [35m:60  [0;39m Time: 2025-04-05T21:20:51.262864600
[2025-04-05 21:25:51] [34mINFO[0;39m [36mg.service.ubs.OrderLockServiceImpl      [0;39m [35m:62  [0;39m Unlock orders
[2025-04-05 21:26:51] [34mINFO[0;39m [36mg.service.ubs.OrderLockServiceImpl      [0;39m [35m:60  [0;39m Time: 2025-04-05T21:21:51.257961200
[2025-04-05 21:26:51] [34mINFO[0;39m [36mg.service.ubs.OrderLockServiceImpl      [0;39m [35m:62  [0;39m Unlock orders
[2025-04-05 21:27:51] [34mINFO[0;39m [36mg.service.ubs.OrderLockServiceImpl      [0;39m [35m:60  [0;39m Time: 2025-04-05T21:22:51.262791900
[2025-04-05 21:27:51] [34mINFO[0;39m [36mg.service.ubs.OrderLockServiceImpl      [0;39m [35m:62  [0;39m Unlock orders
[2025-04-05 21:28:51] [34mINFO[0;39m [36mg.service.ubs.OrderLockServiceImpl      [0;39m [35m:60  [0;39m Time: 2025-04-05T21:23:51.268867200
[2025-04-05 21:28:51] [34mINFO[0;39m [36mg.service.ubs.OrderLockServiceImpl      [0;39m [35m:62  [0;39m Unlock orders
[2025-04-05 21:29:51] [34mINFO[0;39m [36mg.service.ubs.OrderLockServiceImpl      [0;39m [35m:60  [0;39m Time: 2025-04-05T21:24:51.270239600
[2025-04-05 21:29:51] [34mINFO[0;39m [36mg.service.ubs.OrderLockServiceImpl      [0;39m [35m:62  [0;39m Unlock orders
[2025-04-05 21:30:51] [34mINFO[0;39m [36mg.service.ubs.OrderLockServiceImpl      [0;39m [35m:60  [0;39m Time: 2025-04-05T21:25:51.273495800
[2025-04-05 21:30:51] [34mINFO[0;39m [36mg.service.ubs.OrderLockServiceImpl      [0;39m [35m:62  [0;39m Unlock orders
[2025-04-05 21:31:51] [34mINFO[0;39m [36mg.service.ubs.OrderLockServiceImpl      [0;39m [35m:60  [0;39m Time: 2025-04-05T21:26:51.257793300
[2025-04-05 21:31:51] [34mINFO[0;39m [36mg.service.ubs.OrderLockServiceImpl      [0;39m [35m:62  [0;39m Unlock orders
[2025-04-05 21:32:51] [34mINFO[0;39m [36mg.service.ubs.OrderLockServiceImpl      [0;39m [35m:60  [0;39m Time: 2025-04-05T21:27:51.269547
[2025-04-05 21:32:51] [34mINFO[0;39m [36mg.service.ubs.OrderLockServiceImpl      [0;39m [35m:62  [0;39m Unlock orders
[2025-04-05 21:33:51] [34mINFO[0;39m [36mg.service.ubs.OrderLockServiceImpl      [0;39m [35m:60  [0;39m Time: 2025-04-05T21:28:51.272689100
[2025-04-05 21:33:51] [34mINFO[0;39m [36mg.service.ubs.OrderLockServiceImpl      [0;39m [35m:62  [0;39m Unlock orders
[2025-04-05 21:34:51] [34mINFO[0;39m [36mg.service.ubs.OrderLockServiceImpl      [0;39m [35m:60  [0;39m Time: 2025-04-05T21:29:51.258385200
[2025-04-05 21:34:51] [34mINFO[0;39m [36mg.service.ubs.OrderLockServiceImpl      [0;39m [35m:62  [0;39m Unlock orders
[2025-04-05 21:35:51] [34mINFO[0;39m [36mg.service.ubs.OrderLockServiceImpl      [0;39m [35m:60  [0;39m Time: 2025-04-05T21:30:51.268237600
[2025-04-05 21:35:51] [34mINFO[0;39m [36mg.service.ubs.OrderLockServiceImpl      [0;39m [35m:62  [0;39m Unlock orders
[2025-04-05 21:36:51] [34mINFO[0;39m [36mg.service.ubs.OrderLockServiceImpl      [0;39m [35m:60  [0;39m Time: 2025-04-05T21:31:51.272337400
[2025-04-05 21:36:51] [34mINFO[0;39m [36mg.service.ubs.OrderLockServiceImpl      [0;39m [35m:62  [0;39m Unlock orders
[2025-04-05 21:37:51] [34mINFO[0;39m [36mg.service.ubs.OrderLockServiceImpl      [0;39m [35m:60  [0;39m Time: 2025-04-05T21:32:51.266116800
[2025-04-05 21:37:51] [34mINFO[0;39m [36mg.service.ubs.OrderLockServiceImpl      [0;39m [35m:62  [0;39m Unlock orders
[2025-04-05 21:38:51] [34mINFO[0;39m [36mg.service.ubs.OrderLockServiceImpl      [0;39m [35m:60  [0;39m Time: 2025-04-05T21:33:51.271334100
[2025-04-05 21:38:51] [34mINFO[0;39m [36mg.service.ubs.OrderLockServiceImpl      [0;39m [35m:62  [0;39m Unlock orders
[2025-04-05 21:39:51] [34mINFO[0;39m [36mg.service.ubs.OrderLockServiceImpl      [0;39m [35m:60  [0;39m Time: 2025-04-05T21:34:51.269151100
[2025-04-05 21:39:51] [34mINFO[0;39m [36mg.service.ubs.OrderLockServiceImpl      [0;39m [35m:62  [0;39m Unlock orders
[2025-04-05 21:40:51] [34mINFO[0;39m [36mg.service.ubs.OrderLockServiceImpl      [0;39m [35m:60  [0;39m Time: 2025-04-05T21:35:51.262258500
[2025-04-05 21:40:51] [34mINFO[0;39m [36mg.service.ubs.OrderLockServiceImpl      [0;39m [35m:62  [0;39m Unlock orders
[2025-04-05 21:41:51] [34mINFO[0;39m [36mg.service.ubs.OrderLockServiceImpl      [0;39m [35m:60  [0;39m Time: 2025-04-05T21:36:51.267330
[2025-04-05 21:41:51] [34mINFO[0;39m [36mg.service.ubs.OrderLockServiceImpl      [0;39m [35m:62  [0;39m Unlock orders
[2025-04-05 21:42:51] [34mINFO[0;39m [36mg.service.ubs.OrderLockServiceImpl      [0;39m [35m:60  [0;39m Time: 2025-04-05T21:37:51.272914700
[2025-04-05 21:42:51] [34mINFO[0;39m [36mg.service.ubs.OrderLockServiceImpl      [0;39m [35m:62  [0;39m Unlock orders
[2025-04-05 21:43:51] [34mINFO[0;39m [36mg.service.ubs.OrderLockServiceImpl      [0;39m [35m:60  [0;39m Time: 2025-04-05T21:38:51.261927500
[2025-04-05 21:43:51] [34mINFO[0;39m [36mg.service.ubs.OrderLockServiceImpl      [0;39m [35m:62  [0;39m Unlock orders
[2025-04-05 21:44:51] [34mINFO[0;39m [36mg.service.ubs.OrderLockServiceImpl      [0;39m [35m:60  [0;39m Time: 2025-04-05T21:39:51.270623
[2025-04-05 21:44:51] [34mINFO[0;39m [36mg.service.ubs.OrderLockServiceImpl      [0;39m [35m:62  [0;39m Unlock orders
[2025-04-05 21:45:51] [34mINFO[0;39m [36mg.service.ubs.OrderLockServiceImpl      [0;39m [35m:60  [0;39m Time: 2025-04-05T21:40:51.275117
[2025-04-05 21:45:51] [34mINFO[0;39m [36mg.service.ubs.OrderLockServiceImpl      [0;39m [35m:62  [0;39m Unlock orders
[2025-04-05 21:46:51] [34mINFO[0;39m [36mg.service.ubs.OrderLockServiceImpl      [0;39m [35m:60  [0;39m Time: 2025-04-05T21:41:51.273467500
[2025-04-05 21:46:51] [34mINFO[0;39m [36mg.service.ubs.OrderLockServiceImpl      [0;39m [35m:62  [0;39m Unlock orders
[2025-04-05 21:47:51] [34mINFO[0;39m [36mg.service.ubs.OrderLockServiceImpl      [0;39m [35m:60  [0;39m Time: 2025-04-05T21:42:51.270595300
[2025-04-05 21:47:51] [34mINFO[0;39m [36mg.service.ubs.OrderLockServiceImpl      [0;39m [35m:62  [0;39m Unlock orders
[2025-04-05 21:48:51] [34mINFO[0;39m [36mg.service.ubs.OrderLockServiceImpl      [0;39m [35m:60  [0;39m Time: 2025-04-05T21:43:51.271796500
[2025-04-05 21:48:51] [34mINFO[0;39m [36mg.service.ubs.OrderLockServiceImpl      [0;39m [35m:62  [0;39m Unlock orders
[2025-04-05 21:49:51] [34mINFO[0;39m [36mg.service.ubs.OrderLockServiceImpl      [0;39m [35m:60  [0;39m Time: 2025-04-05T21:44:51.267572100
[2025-04-05 21:49:51] [34mINFO[0;39m [36mg.service.ubs.OrderLockServiceImpl      [0;39m [35m:62  [0;39m Unlock orders
[2025-04-05 21:50:51] [34mINFO[0;39m [36mg.service.ubs.OrderLockServiceImpl      [0;39m [35m:60  [0;39m Time: 2025-04-05T21:45:51.257546700
[2025-04-05 21:50:51] [34mINFO[0;39m [36mg.service.ubs.OrderLockServiceImpl      [0;39m [35m:62  [0;39m Unlock orders
[2025-04-05 21:51:51] [34mINFO[0;39m [36mg.service.ubs.OrderLockServiceImpl      [0;39m [35m:60  [0;39m Time: 2025-04-05T21:46:51.270172400
[2025-04-05 21:51:51] [34mINFO[0;39m [36mg.service.ubs.OrderLockServiceImpl      [0;39m [35m:62  [0;39m Unlock orders
[2025-04-05 21:52:51] [34mINFO[0;39m [36mg.service.ubs.OrderLockServiceImpl      [0;39m [35m:60  [0;39m Time: 2025-04-05T21:47:51.259081700
[2025-04-05 21:52:51] [34mINFO[0;39m [36mg.service.ubs.OrderLockServiceImpl      [0;39m [35m:62  [0;39m Unlock orders
[2025-04-05 21:53:51] [34mINFO[0;39m [36mg.service.ubs.OrderLockServiceImpl      [0;39m [35m:60  [0;39m Time: 2025-04-05T21:48:51.264543
[2025-04-05 21:53:51] [34mINFO[0;39m [36mg.service.ubs.OrderLockServiceImpl      [0;39m [35m:62  [0;39m Unlock orders
[2025-04-05 21:54:51] [34mINFO[0;39m [36mg.service.ubs.OrderLockServiceImpl      [0;39m [35m:60  [0;39m Time: 2025-04-05T21:49:51.261204900
[2025-04-05 21:54:51] [34mINFO[0;39m [36mg.service.ubs.OrderLockServiceImpl      [0;39m [35m:62  [0;39m Unlock orders
[2025-04-05 21:55:51] [34mINFO[0;39m [36mg.service.ubs.OrderLockServiceImpl      [0;39m [35m:60  [0;39m Time: 2025-04-05T21:50:51.271013600
[2025-04-05 21:55:51] [34mINFO[0;39m [36mg.service.ubs.OrderLockServiceImpl      [0;39m [35m:62  [0;39m Unlock orders
[2025-04-05 21:56:51] [34mINFO[0;39m [36mg.service.ubs.OrderLockServiceImpl      [0;39m [35m:60  [0;39m Time: 2025-04-05T21:51:51.259560500
[2025-04-05 21:56:51] [34mINFO[0;39m [36mg.service.ubs.OrderLockServiceImpl      [0;39m [35m:62  [0;39m Unlock orders
[2025-04-05 21:57:51] [34mINFO[0;39m [36mg.service.ubs.OrderLockServiceImpl      [0;39m [35m:60  [0;39m Time: 2025-04-05T21:52:51.263537800
[2025-04-05 21:57:51] [34mINFO[0;39m [36mg.service.ubs.OrderLockServiceImpl      [0;39m [35m:62  [0;39m Unlock orders
[2025-04-05 21:58:51] [34mINFO[0;39m [36mg.service.ubs.OrderLockServiceImpl      [0;39m [35m:60  [0;39m Time: 2025-04-05T21:53:51.263497600
[2025-04-05 21:58:51] [34mINFO[0;39m [36mg.service.ubs.OrderLockServiceImpl      [0;39m [35m:62  [0;39m Unlock orders
[2025-04-05 21:59:51] [34mINFO[0;39m [36mg.service.ubs.OrderLockServiceImpl      [0;39m [35m:60  [0;39m Time: 2025-04-05T21:54:51.263990700
[2025-04-05 21:59:51] [34mINFO[0;39m [36mg.service.ubs.OrderLockServiceImpl      [0;39m [35m:62  [0;39m Unlock orders
[2025-04-05 22:00:51] [34mINFO[0;39m [36mg.service.ubs.OrderLockServiceImpl      [0;39m [35m:60  [0;39m Time: 2025-04-05T21:55:51.257239500
[2025-04-05 22:00:51] [34mINFO[0;39m [36mg.service.ubs.OrderLockServiceImpl      [0;39m [35m:62  [0;39m Unlock orders
[2025-04-05 22:01:51] [34mINFO[0;39m [36mg.service.ubs.OrderLockServiceImpl      [0;39m [35m:60  [0;39m Time: 2025-04-05T21:56:51.273519500
[2025-04-05 22:01:51] [34mINFO[0;39m [36mg.service.ubs.OrderLockServiceImpl      [0;39m [35m:62  [0;39m Unlock orders
[2025-04-05 22:02:51] [34mINFO[0;39m [36mg.service.ubs.OrderLockServiceImpl      [0;39m [35m:60  [0;39m Time: 2025-04-05T21:57:51.258011200
[2025-04-05 22:02:51] [34mINFO[0;39m [36mg.service.ubs.OrderLockServiceImpl      [0;39m [35m:62  [0;39m Unlock orders
[2025-04-05 22:03:51] [34mINFO[0;39m [36mg.service.ubs.OrderLockServiceImpl      [0;39m [35m:60  [0;39m Time: 2025-04-05T21:58:51.257920300
[2025-04-05 22:03:51] [34mINFO[0;39m [36mg.service.ubs.OrderLockServiceImpl      [0;39m [35m:62  [0;39m Unlock orders
[2025-04-05 22:04:51] [34mINFO[0;39m [36mg.service.ubs.OrderLockServiceImpl      [0;39m [35m:60  [0;39m Time: 2025-04-05T21:59:51.258969200
[2025-04-05 22:04:51] [34mINFO[0;39m [36mg.service.ubs.OrderLockServiceImpl      [0;39m [35m:62  [0;39m Unlock orders
[2025-04-05 22:05:51] [34mINFO[0;39m [36mg.service.ubs.OrderLockServiceImpl      [0;39m [35m:60  [0;39m Time: 2025-04-05T22:00:51.263894200
[2025-04-05 22:05:51] [34mINFO[0;39m [36mg.service.ubs.OrderLockServiceImpl      [0;39m [35m:62  [0;39m Unlock orders
[2025-04-05 22:06:51] [34mINFO[0;39m [36mg.service.ubs.OrderLockServiceImpl      [0;39m [35m:60  [0;39m Time: 2025-04-05T22:01:51.276249900
[2025-04-05 22:06:51] [34mINFO[0;39m [36mg.service.ubs.OrderLockServiceImpl      [0;39m [35m:62  [0;39m Unlock orders
[2025-04-05 22:07:51] [34mINFO[0;39m [36mg.service.ubs.OrderLockServiceImpl      [0;39m [35m:60  [0;39m Time: 2025-04-05T22:02:51.270884800
[2025-04-05 22:07:51] [34mINFO[0;39m [36mg.service.ubs.OrderLockServiceImpl      [0;39m [35m:62  [0;39m Unlock orders
[2025-04-05 22:08:51] [34mINFO[0;39m [36mg.service.ubs.OrderLockServiceImpl      [0;39m [35m:60  [0;39m Time: 2025-04-05T22:03:51.268114300
[2025-04-05 22:08:51] [34mINFO[0;39m [36mg.service.ubs.OrderLockServiceImpl      [0;39m [35m:62  [0;39m Unlock orders
[2025-04-05 22:09:51] [34mINFO[0;39m [36mg.service.ubs.OrderLockServiceImpl      [0;39m [35m:60  [0;39m Time: 2025-04-05T22:04:51.270369600
[2025-04-05 22:09:51] [34mINFO[0;39m [36mg.service.ubs.OrderLockServiceImpl      [0;39m [35m:62  [0;39m Unlock orders
[2025-04-05 22:10:51] [34mINFO[0;39m [36mg.service.ubs.OrderLockServiceImpl      [0;39m [35m:60  [0;39m Time: 2025-04-05T22:05:51.265987300
[2025-04-05 22:10:51] [34mINFO[0;39m [36mg.service.ubs.OrderLockServiceImpl      [0;39m [35m:62  [0;39m Unlock orders
[2025-04-05 22:11:51] [34mINFO[0;39m [36mg.service.ubs.OrderLockServiceImpl      [0;39m [35m:60  [0;39m Time: 2025-04-05T22:06:51.257624700
[2025-04-05 22:11:51] [34mINFO[0;39m [36mg.service.ubs.OrderLockServiceImpl      [0;39m [35m:62  [0;39m Unlock orders
[2025-04-05 22:12:51] [34mINFO[0;39m [36mg.service.ubs.OrderLockServiceImpl      [0;39m [35m:60  [0;39m Time: 2025-04-05T22:07:51.263010300
[2025-04-05 22:12:51] [34mINFO[0;39m [36mg.service.ubs.OrderLockServiceImpl      [0;39m [35m:62  [0;39m Unlock orders
[2025-04-05 22:13:51] [34mINFO[0;39m [36mg.service.ubs.OrderLockServiceImpl      [0;39m [35m:60  [0;39m Time: 2025-04-05T22:08:51.270600400
[2025-04-05 22:13:51] [34mINFO[0;39m [36mg.service.ubs.OrderLockServiceImpl      [0;39m [35m:62  [0;39m Unlock orders
[2025-04-05 22:14:51] [34mINFO[0;39m [36mg.service.ubs.OrderLockServiceImpl      [0;39m [35m:60  [0;39m Time: 2025-04-05T22:09:51.264508900
[2025-04-05 22:14:51] [34mINFO[0;39m [36mg.service.ubs.OrderLockServiceImpl      [0;39m [35m:62  [0;39m Unlock orders
[2025-04-05 22:15:51] [34mINFO[0;39m [36mg.service.ubs.OrderLockServiceImpl      [0;39m [35m:60  [0;39m Time: 2025-04-05T22:10:51.270836200
[2025-04-05 22:15:51] [34mINFO[0;39m [36mg.service.ubs.OrderLockServiceImpl      [0;39m [35m:62  [0;39m Unlock orders
[2025-04-05 22:16:51] [34mINFO[0;39m [36mg.service.ubs.OrderLockServiceImpl      [0;39m [35m:60  [0;39m Time: 2025-04-05T22:11:51.261463300
[2025-04-05 22:16:51] [34mINFO[0;39m [36mg.service.ubs.OrderLockServiceImpl      [0;39m [35m:62  [0;39m Unlock orders
[2025-04-05 22:17:51] [34mINFO[0;39m [36mg.service.ubs.OrderLockServiceImpl      [0;39m [35m:60  [0;39m Time: 2025-04-05T22:12:51.259280900
[2025-04-05 22:17:51] [34mINFO[0;39m [36mg.service.ubs.OrderLockServiceImpl      [0;39m [35m:62  [0;39m Unlock orders
[2025-04-05 22:18:51] [34mINFO[0;39m [36mg.service.ubs.OrderLockServiceImpl      [0;39m [35m:60  [0;39m Time: 2025-04-05T22:13:51.258633600
[2025-04-05 22:18:51] [34mINFO[0;39m [36mg.service.ubs.OrderLockServiceImpl      [0;39m [35m:62  [0;39m Unlock orders
[2025-04-05 22:19:51] [34mINFO[0;39m [36mg.service.ubs.OrderLockServiceImpl      [0;39m [35m:60  [0;39m Time: 2025-04-05T22:14:51.265787500
[2025-04-05 22:19:51] [34mINFO[0;39m [36mg.service.ubs.OrderLockServiceImpl      [0;39m [35m:62  [0;39m Unlock orders
[2025-04-05 22:20:51] [34mINFO[0;39m [36mg.service.ubs.OrderLockServiceImpl      [0;39m [35m:60  [0;39m Time: 2025-04-05T22:15:51.270187
[2025-04-05 22:20:51] [34mINFO[0;39m [36mg.service.ubs.OrderLockServiceImpl      [0;39m [35m:62  [0;39m Unlock orders
[2025-04-05 22:21:51] [34mINFO[0;39m [36mg.service.ubs.OrderLockServiceImpl      [0;39m [35m:60  [0;39m Time: 2025-04-05T22:16:51.266932100
[2025-04-05 22:21:51] [34mINFO[0;39m [36mg.service.ubs.OrderLockServiceImpl      [0;39m [35m:62  [0;39m Unlock orders
[2025-04-05 22:22:51] [34mINFO[0;39m [36mg.service.ubs.OrderLockServiceImpl      [0;39m [35m:60  [0;39m Time: 2025-04-05T22:17:51.268347900
[2025-04-05 22:22:51] [34mINFO[0;39m [36mg.service.ubs.OrderLockServiceImpl      [0;39m [35m:62  [0;39m Unlock orders
[2025-04-05 22:23:51] [34mINFO[0;39m [36mg.service.ubs.OrderLockServiceImpl      [0;39m [35m:60  [0;39m Time: 2025-04-05T22:18:51.272036600
[2025-04-05 22:23:51] [34mINFO[0;39m [36mg.service.ubs.OrderLockServiceImpl      [0;39m [35m:62  [0;39m Unlock orders
[2025-04-05 22:24:51] [34mINFO[0;39m [36mg.service.ubs.OrderLockServiceImpl      [0;39m [35m:60  [0;39m Time: 2025-04-05T22:19:51.262786400
[2025-04-05 22:24:51] [34mINFO[0;39m [36mg.service.ubs.OrderLockServiceImpl      [0;39m [35m:62  [0;39m Unlock orders
[2025-04-05 22:25:51] [34mINFO[0;39m [36mg.service.ubs.OrderLockServiceImpl      [0;39m [35m:60  [0;39m Time: 2025-04-05T22:20:51.267208700
[2025-04-05 22:25:51] [34mINFO[0;39m [36mg.service.ubs.OrderLockServiceImpl      [0;39m [35m:62  [0;39m Unlock orders
[2025-04-05 22:26:51] [34mINFO[0;39m [36mg.service.ubs.OrderLockServiceImpl      [0;39m [35m:60  [0;39m Time: 2025-04-05T22:21:51.259501900
[2025-04-05 22:26:51] [34mINFO[0;39m [36mg.service.ubs.OrderLockServiceImpl      [0;39m [35m:62  [0;39m Unlock orders
[2025-04-05 22:27:51] [34mINFO[0;39m [36mg.service.ubs.OrderLockServiceImpl      [0;39m [35m:60  [0;39m Time: 2025-04-05T22:22:51.271455700
[2025-04-05 22:27:51] [34mINFO[0;39m [36mg.service.ubs.OrderLockServiceImpl      [0;39m [35m:62  [0;39m Unlock orders
[2025-04-05 22:28:51] [34mINFO[0;39m [36mg.service.ubs.OrderLockServiceImpl      [0;39m [35m:60  [0;39m Time: 2025-04-05T22:23:51.265256800
[2025-04-05 22:28:51] [34mINFO[0;39m [36mg.service.ubs.OrderLockServiceImpl      [0;39m [35m:62  [0;39m Unlock orders
[2025-04-05 22:29:51] [34mINFO[0;39m [36mg.service.ubs.OrderLockServiceImpl      [0;39m [35m:60  [0;39m Time: 2025-04-05T22:24:51.258998800
[2025-04-05 22:29:51] [34mINFO[0;39m [36mg.service.ubs.OrderLockServiceImpl      [0;39m [35m:62  [0;39m Unlock orders
[2025-04-05 22:30:51] [34mINFO[0;39m [36mg.service.ubs.OrderLockServiceImpl      [0;39m [35m:60  [0;39m Time: 2025-04-05T22:25:51.261592
[2025-04-05 22:30:51] [34mINFO[0;39m [36mg.service.ubs.OrderLockServiceImpl      [0;39m [35m:62  [0;39m Unlock orders
[2025-04-05 22:31:51] [34mINFO[0;39m [36mg.service.ubs.OrderLockServiceImpl      [0;39m [35m:60  [0;39m Time: 2025-04-05T22:26:51.262056600
[2025-04-05 22:31:51] [34mINFO[0;39m [36mg.service.ubs.OrderLockServiceImpl      [0;39m [35m:62  [0;39m Unlock orders
[2025-04-05 22:32:51] [34mINFO[0;39m [36mg.service.ubs.OrderLockServiceImpl      [0;39m [35m:60  [0;39m Time: 2025-04-05T22:27:51.269469800
[2025-04-05 22:32:51] [34mINFO[0;39m [36mg.service.ubs.OrderLockServiceImpl      [0;39m [35m:62  [0;39m Unlock orders
[2025-04-05 22:33:51] [34mINFO[0;39m [36mg.service.ubs.OrderLockServiceImpl      [0;39m [35m:60  [0;39m Time: 2025-04-05T22:28:51.257341100
[2025-04-05 22:33:51] [34mINFO[0;39m [36mg.service.ubs.OrderLockServiceImpl      [0;39m [35m:62  [0;39m Unlock orders
[2025-04-05 22:34:51] [34mINFO[0;39m [36mg.service.ubs.OrderLockServiceImpl      [0;39m [35m:60  [0;39m Time: 2025-04-05T22:29:51.265614900
[2025-04-05 22:34:51] [34mINFO[0;39m [36mg.service.ubs.OrderLockServiceImpl      [0;39m [35m:62  [0;39m Unlock orders
[2025-04-05 22:35:51] [34mINFO[0;39m [36mg.service.ubs.OrderLockServiceImpl      [0;39m [35m:60  [0;39m Time: 2025-04-05T22:30:51.267878100
[2025-04-05 22:35:51] [34mINFO[0;39m [36mg.service.ubs.OrderLockServiceImpl      [0;39m [35m:62  [0;39m Unlock orders
[2025-04-05 22:36:51] [34mINFO[0;39m [36mg.service.ubs.OrderLockServiceImpl      [0;39m [35m:60  [0;39m Time: 2025-04-05T22:31:51.269529500
[2025-04-05 22:36:51] [34mINFO[0;39m [36mg.service.ubs.OrderLockServiceImpl      [0;39m [35m:62  [0;39m Unlock orders
[2025-04-05 22:37:51] [34mINFO[0;39m [36mg.service.ubs.OrderLockServiceImpl      [0;39m [35m:60  [0;39m Time: 2025-04-05T22:32:51.266770400
[2025-04-05 22:37:51] [34mINFO[0;39m [36mg.service.ubs.OrderLockServiceImpl      [0;39m [35m:62  [0;39m Unlock orders
[2025-04-05 22:38:51] [34mINFO[0;39m [36mg.service.ubs.OrderLockServiceImpl      [0;39m [35m:60  [0;39m Time: 2025-04-05T22:33:51.272982300
[2025-04-05 22:38:51] [34mINFO[0;39m [36mg.service.ubs.OrderLockServiceImpl      [0;39m [35m:62  [0;39m Unlock orders
[2025-04-05 22:39:51] [34mINFO[0;39m [36mg.service.ubs.OrderLockServiceImpl      [0;39m [35m:60  [0;39m Time: 2025-04-05T22:34:51.263337700
[2025-04-05 22:39:51] [34mINFO[0;39m [36mg.service.ubs.OrderLockServiceImpl      [0;39m [35m:62  [0;39m Unlock orders
[2025-04-05 22:40:51] [34mINFO[0;39m [36mg.service.ubs.OrderLockServiceImpl      [0;39m [35m:60  [0;39m Time: 2025-04-05T22:35:51.257392
[2025-04-05 22:40:51] [34mINFO[0;39m [36mg.service.ubs.OrderLockServiceImpl      [0;39m [35m:62  [0;39m Unlock orders
[2025-04-05 22:41:51] [34mINFO[0;39m [36mg.service.ubs.OrderLockServiceImpl      [0;39m [35m:60  [0;39m Time: 2025-04-05T22:36:51.270953700
[2025-04-05 22:41:51] [34mINFO[0;39m [36mg.service.ubs.OrderLockServiceImpl      [0;39m [35m:62  [0;39m Unlock orders
[2025-04-05 22:42:51] [34mINFO[0;39m [36mg.service.ubs.OrderLockServiceImpl      [0;39m [35m:60  [0;39m Time: 2025-04-05T22:37:51.258675
[2025-04-05 22:42:51] [34mINFO[0;39m [36mg.service.ubs.OrderLockServiceImpl      [0;39m [35m:62  [0;39m Unlock orders
[2025-04-05 22:43:51] [34mINFO[0;39m [36mg.service.ubs.OrderLockServiceImpl      [0;39m [35m:60  [0;39m Time: 2025-04-05T22:38:51.260429
[2025-04-05 22:43:51] [34mINFO[0;39m [36mg.service.ubs.OrderLockServiceImpl      [0;39m [35m:62  [0;39m Unlock orders
[2025-04-05 22:44:51] [34mINFO[0;39m [36mg.service.ubs.OrderLockServiceImpl      [0;39m [35m:60  [0;39m Time: 2025-04-05T22:39:51.259834500
[2025-04-05 22:44:51] [34mINFO[0;39m [36mg.service.ubs.OrderLockServiceImpl      [0;39m [35m:62  [0;39m Unlock orders
[2025-04-05 22:45:51] [34mINFO[0;39m [36mg.service.ubs.OrderLockServiceImpl      [0;39m [35m:60  [0;39m Time: 2025-04-05T22:40:51.260288700
[2025-04-05 22:45:51] [34mINFO[0;39m [36mg.service.ubs.OrderLockServiceImpl      [0;39m [35m:62  [0;39m Unlock orders
[2025-04-05 22:46:51] [34mINFO[0;39m [36mg.service.ubs.OrderLockServiceImpl      [0;39m [35m:60  [0;39m Time: 2025-04-05T22:41:51.257777700
[2025-04-05 22:46:51] [34mINFO[0;39m [36mg.service.ubs.OrderLockServiceImpl      [0;39m [35m:62  [0;39m Unlock orders
[2025-04-05 22:47:51] [34mINFO[0;39m [36mg.service.ubs.OrderLockServiceImpl      [0;39m [35m:60  [0;39m Time: 2025-04-05T22:42:51.270403100
[2025-04-05 22:47:51] [34mINFO[0;39m [36mg.service.ubs.OrderLockServiceImpl      [0;39m [35m:62  [0;39m Unlock orders
[2025-04-05 22:48:51] [34mINFO[0;39m [36mg.service.ubs.OrderLockServiceImpl      [0;39m [35m:60  [0;39m Time: 2025-04-05T22:43:51.261317600
[2025-04-05 22:48:51] [34mINFO[0;39m [36mg.service.ubs.OrderLockServiceImpl      [0;39m [35m:62  [0;39m Unlock orders
[2025-04-05 22:49:51] [34mINFO[0;39m [36mg.service.ubs.OrderLockServiceImpl      [0;39m [35m:60  [0;39m Time: 2025-04-05T22:44:51.259496200
[2025-04-05 22:49:51] [34mINFO[0;39m [36mg.service.ubs.OrderLockServiceImpl      [0;39m [35m:62  [0;39m Unlock orders
[2025-04-05 22:50:51] [34mINFO[0;39m [36mg.service.ubs.OrderLockServiceImpl      [0;39m [35m:60  [0;39m Time: 2025-04-05T22:45:51.260769400
[2025-04-05 22:50:51] [34mINFO[0;39m [36mg.service.ubs.OrderLockServiceImpl      [0;39m [35m:62  [0;39m Unlock orders
[2025-04-05 22:51:51] [34mINFO[0;39m [36mg.service.ubs.OrderLockServiceImpl      [0;39m [35m:60  [0;39m Time: 2025-04-05T22:46:51.259603700
[2025-04-05 22:51:51] [34mINFO[0;39m [36mg.service.ubs.OrderLockServiceImpl      [0;39m [35m:62  [0;39m Unlock orders
[2025-04-05 22:52:51] [34mINFO[0;39m [36mg.service.ubs.OrderLockServiceImpl      [0;39m [35m:60  [0;39m Time: 2025-04-05T22:47:51.263572
[2025-04-05 22:52:51] [34mINFO[0;39m [36mg.service.ubs.OrderLockServiceImpl      [0;39m [35m:62  [0;39m Unlock orders
[2025-04-05 22:53:51] [34mINFO[0;39m [36mg.service.ubs.OrderLockServiceImpl      [0;39m [35m:60  [0;39m Time: 2025-04-05T22:48:51.266123800
[2025-04-05 22:53:51] [34mINFO[0;39m [36mg.service.ubs.OrderLockServiceImpl      [0;39m [35m:62  [0;39m Unlock orders
[2025-04-05 22:54:51] [34mINFO[0;39m [36mg.service.ubs.OrderLockServiceImpl      [0;39m [35m:60  [0;39m Time: 2025-04-05T22:49:51.263260300
[2025-04-05 22:54:51] [34mINFO[0;39m [36mg.service.ubs.OrderLockServiceImpl      [0;39m [35m:62  [0;39m Unlock orders
[2025-04-05 22:55:51] [34mINFO[0;39m [36mg.service.ubs.OrderLockServiceImpl      [0;39m [35m:60  [0;39m Time: 2025-04-05T22:50:51.258140900
[2025-04-05 22:55:51] [34mINFO[0;39m [36mg.service.ubs.OrderLockServiceImpl      [0;39m [35m:62  [0;39m Unlock orders
[2025-04-05 22:56:51] [34mINFO[0;39m [36mg.service.ubs.OrderLockServiceImpl      [0;39m [35m:60  [0;39m Time: 2025-04-05T22:51:51.259729400
[2025-04-05 22:56:51] [34mINFO[0;39m [36mg.service.ubs.OrderLockServiceImpl      [0;39m [35m:62  [0;39m Unlock orders
[2025-04-05 22:57:51] [34mINFO[0;39m [36mg.service.ubs.OrderLockServiceImpl      [0;39m [35m:60  [0;39m Time: 2025-04-05T22:52:51.270085600
[2025-04-05 22:57:51] [34mINFO[0;39m [36mg.service.ubs.OrderLockServiceImpl      [0;39m [35m:62  [0;39m Unlock orders
[2025-04-05 22:58:51] [34mINFO[0;39m [36mg.service.ubs.OrderLockServiceImpl      [0;39m [35m:60  [0;39m Time: 2025-04-05T22:53:51.262811900
[2025-04-05 22:58:51] [34mINFO[0;39m [36mg.service.ubs.OrderLockServiceImpl      [0;39m [35m:62  [0;39m Unlock orders
[2025-04-05 22:59:51] [34mINFO[0;39m [36mg.service.ubs.OrderLockServiceImpl      [0;39m [35m:60  [0;39m Time: 2025-04-05T22:54:51.264124500
[2025-04-05 22:59:51] [34mINFO[0;39m [36mg.service.ubs.OrderLockServiceImpl      [0;39m [35m:62  [0;39m Unlock orders
[2025-04-05 23:00:51] [34mINFO[0;39m [36mg.service.ubs.OrderLockServiceImpl      [0;39m [35m:60  [0;39m Time: 2025-04-05T22:55:51.259091300
[2025-04-05 23:00:51] [34mINFO[0;39m [36mg.service.ubs.OrderLockServiceImpl      [0;39m [35m:62  [0;39m Unlock orders
[2025-04-05 23:01:51] [34mINFO[0;39m [36mg.service.ubs.OrderLockServiceImpl      [0;39m [35m:60  [0;39m Time: 2025-04-05T22:56:51.269634200
[2025-04-05 23:01:51] [34mINFO[0;39m [36mg.service.ubs.OrderLockServiceImpl      [0;39m [35m:62  [0;39m Unlock orders
[2025-04-05 23:02:51] [34mINFO[0;39m [36mg.service.ubs.OrderLockServiceImpl      [0;39m [35m:60  [0;39m Time: 2025-04-05T22:57:51.260800
[2025-04-05 23:02:51] [34mINFO[0;39m [36mg.service.ubs.OrderLockServiceImpl      [0;39m [35m:62  [0;39m Unlock orders
[2025-04-05 23:03:51] [34mINFO[0;39m [36mg.service.ubs.OrderLockServiceImpl      [0;39m [35m:60  [0;39m Time: 2025-04-05T22:58:51.268634900
[2025-04-05 23:03:51] [34mINFO[0;39m [36mg.service.ubs.OrderLockServiceImpl      [0;39m [35m:62  [0;39m Unlock orders
[2025-04-05 23:04:51] [34mINFO[0;39m [36mg.service.ubs.OrderLockServiceImpl      [0;39m [35m:60  [0;39m Time: 2025-04-05T22:59:51.262793800
[2025-04-05 23:04:51] [34mINFO[0;39m [36mg.service.ubs.OrderLockServiceImpl      [0;39m [35m:62  [0;39m Unlock orders
[2025-04-05 23:05:51] [34mINFO[0;39m [36mg.service.ubs.OrderLockServiceImpl      [0;39m [35m:60  [0;39m Time: 2025-04-05T23:00:51.268964
[2025-04-05 23:05:51] [34mINFO[0;39m [36mg.service.ubs.OrderLockServiceImpl      [0;39m [35m:62  [0;39m Unlock orders
[2025-04-05 23:06:51] [34mINFO[0;39m [36mg.service.ubs.OrderLockServiceImpl      [0;39m [35m:60  [0;39m Time: 2025-04-05T23:01:51.260994200
[2025-04-05 23:06:51] [34mINFO[0;39m [36mg.service.ubs.OrderLockServiceImpl      [0;39m [35m:62  [0;39m Unlock orders
[2025-04-05 23:07:51] [34mINFO[0;39m [36mg.service.ubs.OrderLockServiceImpl      [0;39m [35m:60  [0;39m Time: 2025-04-05T23:02:51.259112900
[2025-04-05 23:07:51] [34mINFO[0;39m [36mg.service.ubs.OrderLockServiceImpl      [0;39m [35m:62  [0;39m Unlock orders
[2025-04-05 23:08:51] [34mINFO[0;39m [36mg.service.ubs.OrderLockServiceImpl      [0;39m [35m:60  [0;39m Time: 2025-04-05T23:03:51.265430700
[2025-04-05 23:08:51] [34mINFO[0;39m [36mg.service.ubs.OrderLockServiceImpl      [0;39m [35m:62  [0;39m Unlock orders
[2025-04-05 23:09:51] [34mINFO[0;39m [36mg.service.ubs.OrderLockServiceImpl      [0;39m [35m:60  [0;39m Time: 2025-04-05T23:04:51.268121400
[2025-04-05 23:09:51] [34mINFO[0;39m [36mg.service.ubs.OrderLockServiceImpl      [0;39m [35m:62  [0;39m Unlock orders
[2025-04-05 23:10:51] [34mINFO[0;39m [36mg.service.ubs.OrderLockServiceImpl      [0;39m [35m:60  [0;39m Time: 2025-04-05T23:05:51.263705900
[2025-04-05 23:10:51] [34mINFO[0;39m [36mg.service.ubs.OrderLockServiceImpl      [0;39m [35m:62  [0;39m Unlock orders
[2025-04-05 23:11:51] [34mINFO[0;39m [36mg.service.ubs.OrderLockServiceImpl      [0;39m [35m:60  [0;39m Time: 2025-04-05T23:06:51.262726200
[2025-04-05 23:11:51] [34mINFO[0;39m [36mg.service.ubs.OrderLockServiceImpl      [0;39m [35m:62  [0;39m Unlock orders
[2025-04-05 23:12:51] [34mINFO[0;39m [36mg.service.ubs.OrderLockServiceImpl      [0;39m [35m:60  [0;39m Time: 2025-04-05T23:07:51.269114200
[2025-04-05 23:12:51] [34mINFO[0;39m [36mg.service.ubs.OrderLockServiceImpl      [0;39m [35m:62  [0;39m Unlock orders
[2025-04-05 23:13:51] [34mINFO[0;39m [36mg.service.ubs.OrderLockServiceImpl      [0;39m [35m:60  [0;39m Time: 2025-04-05T23:08:51.261209200
[2025-04-05 23:13:51] [34mINFO[0;39m [36mg.service.ubs.OrderLockServiceImpl      [0;39m [35m:62  [0;39m Unlock orders
[2025-04-05 23:14:51] [34mINFO[0;39m [36mg.service.ubs.OrderLockServiceImpl      [0;39m [35m:60  [0;39m Time: 2025-04-05T23:09:51.264668300
[2025-04-05 23:14:51] [34mINFO[0;39m [36mg.service.ubs.OrderLockServiceImpl      [0;39m [35m:62  [0;39m Unlock orders
[2025-04-05 23:15:51] [34mINFO[0;39m [36mg.service.ubs.OrderLockServiceImpl      [0;39m [35m:60  [0;39m Time: 2025-04-05T23:10:51.262718500
[2025-04-05 23:15:51] [34mINFO[0;39m [36mg.service.ubs.OrderLockServiceImpl      [0;39m [35m:62  [0;39m Unlock orders
[2025-04-05 23:16:51] [34mINFO[0;39m [36mg.service.ubs.OrderLockServiceImpl      [0;39m [35m:60  [0;39m Time: 2025-04-05T23:11:51.261724400
[2025-04-05 23:16:51] [34mINFO[0;39m [36mg.service.ubs.OrderLockServiceImpl      [0;39m [35m:62  [0;39m Unlock orders
[2025-04-05 23:17:51] [34mINFO[0;39m [36mg.service.ubs.OrderLockServiceImpl      [0;39m [35m:60  [0;39m Time: 2025-04-05T23:12:51.258616
[2025-04-05 23:17:51] [34mINFO[0;39m [36mg.service.ubs.OrderLockServiceImpl      [0;39m [35m:62  [0;39m Unlock orders
[2025-04-05 23:18:51] [34mINFO[0;39m [36mg.service.ubs.OrderLockServiceImpl      [0;39m [35m:60  [0;39m Time: 2025-04-05T23:13:51.261810500
[2025-04-05 23:18:51] [34mINFO[0;39m [36mg.service.ubs.OrderLockServiceImpl      [0;39m [35m:62  [0;39m Unlock orders
[2025-04-05 23:19:51] [34mINFO[0;39m [36mg.service.ubs.OrderLockServiceImpl      [0;39m [35m:60  [0;39m Time: 2025-04-05T23:14:51.257245900
[2025-04-05 23:19:51] [34mINFO[0;39m [36mg.service.ubs.OrderLockServiceImpl      [0;39m [35m:62  [0;39m Unlock orders
[2025-04-05 23:20:51] [34mINFO[0;39m [36mg.service.ubs.OrderLockServiceImpl      [0;39m [35m:60  [0;39m Time: 2025-04-05T23:15:51.268709
[2025-04-05 23:20:51] [34mINFO[0;39m [36mg.service.ubs.OrderLockServiceImpl      [0;39m [35m:62  [0;39m Unlock orders
[2025-04-05 23:21:51] [34mINFO[0;39m [36mg.service.ubs.OrderLockServiceImpl      [0;39m [35m:60  [0;39m Time: 2025-04-05T23:16:51.272824300
[2025-04-05 23:21:51] [34mINFO[0;39m [36mg.service.ubs.OrderLockServiceImpl      [0;39m [35m:62  [0;39m Unlock orders
[2025-04-05 23:22:51] [34mINFO[0;39m [36mg.service.ubs.OrderLockServiceImpl      [0;39m [35m:60  [0;39m Time: 2025-04-05T23:17:51.260945800
[2025-04-05 23:22:51] [34mINFO[0;39m [36mg.service.ubs.OrderLockServiceImpl      [0;39m [35m:62  [0;39m Unlock orders
[2025-04-05 23:23:51] [34mINFO[0;39m [36mg.service.ubs.OrderLockServiceImpl      [0;39m [35m:60  [0;39m Time: 2025-04-05T23:18:51.267779600
[2025-04-05 23:23:51] [34mINFO[0;39m [36mg.service.ubs.OrderLockServiceImpl      [0;39m [35m:62  [0;39m Unlock orders
[2025-04-05 23:24:51] [34mINFO[0;39m [36mg.service.ubs.OrderLockServiceImpl      [0;39m [35m:60  [0;39m Time: 2025-04-05T23:19:51.258662200
[2025-04-05 23:24:51] [34mINFO[0;39m [36mg.service.ubs.OrderLockServiceImpl      [0;39m [35m:62  [0;39m Unlock orders
[2025-04-05 23:25:51] [34mINFO[0;39m [36mg.service.ubs.OrderLockServiceImpl      [0;39m [35m:60  [0;39m Time: 2025-04-05T23:20:51.270673800
[2025-04-05 23:25:51] [34mINFO[0;39m [36mg.service.ubs.OrderLockServiceImpl      [0;39m [35m:62  [0;39m Unlock orders
[2025-04-05 23:26:51] [34mINFO[0;39m [36mg.service.ubs.OrderLockServiceImpl      [0;39m [35m:60  [0;39m Time: 2025-04-05T23:21:51.268916500
[2025-04-05 23:26:51] [34mINFO[0;39m [36mg.service.ubs.OrderLockServiceImpl      [0;39m [35m:62  [0;39m Unlock orders
[2025-04-05 23:27:51] [34mINFO[0;39m [36mg.service.ubs.OrderLockServiceImpl      [0;39m [35m:60  [0;39m Time: 2025-04-05T23:22:51.260837900
[2025-04-05 23:27:51] [34mINFO[0;39m [36mg.service.ubs.OrderLockServiceImpl      [0;39m [35m:62  [0;39m Unlock orders
[2025-04-05 23:28:51] [34mINFO[0;39m [36mg.service.ubs.OrderLockServiceImpl      [0;39m [35m:60  [0;39m Time: 2025-04-05T23:23:51.262764900
[2025-04-05 23:28:51] [34mINFO[0;39m [36mg.service.ubs.OrderLockServiceImpl      [0;39m [35m:62  [0;39m Unlock orders
[2025-04-05 23:29:51] [34mINFO[0;39m [36mg.service.ubs.OrderLockServiceImpl      [0;39m [35m:60  [0;39m Time: 2025-04-05T23:24:51.261838500
[2025-04-05 23:29:51] [34mINFO[0;39m [36mg.service.ubs.OrderLockServiceImpl      [0;39m [35m:62  [0;39m Unlock orders
[2025-04-05 23:30:51] [34mINFO[0;39m [36mg.service.ubs.OrderLockServiceImpl      [0;39m [35m:60  [0;39m Time: 2025-04-05T23:25:51.270633700
[2025-04-05 23:30:51] [34mINFO[0;39m [36mg.service.ubs.OrderLockServiceImpl      [0;39m [35m:62  [0;39m Unlock orders
[2025-04-05 23:31:51] [34mINFO[0;39m [36mg.service.ubs.OrderLockServiceImpl      [0;39m [35m:60  [0;39m Time: 2025-04-05T23:26:51.261895200
[2025-04-05 23:31:51] [34mINFO[0;39m [36mg.service.ubs.OrderLockServiceImpl      [0;39m [35m:62  [0;39m Unlock orders
[2025-04-05 23:32:51] [34mINFO[0;39m [36mg.service.ubs.OrderLockServiceImpl      [0;39m [35m:60  [0;39m Time: 2025-04-05T23:27:51.258128800
[2025-04-05 23:32:51] [34mINFO[0;39m [36mg.service.ubs.OrderLockServiceImpl      [0;39m [35m:62  [0;39m Unlock orders
[2025-04-05 23:33:51] [34mINFO[0;39m [36mg.service.ubs.OrderLockServiceImpl      [0;39m [35m:60  [0;39m Time: 2025-04-05T23:28:51.266300300
[2025-04-05 23:33:51] [34mINFO[0;39m [36mg.service.ubs.OrderLockServiceImpl      [0;39m [35m:62  [0;39m Unlock orders
[2025-04-05 23:34:51] [34mINFO[0;39m [36mg.service.ubs.OrderLockServiceImpl      [0;39m [35m:60  [0;39m Time: 2025-04-05T23:29:51.257938400
[2025-04-05 23:34:51] [34mINFO[0;39m [36mg.service.ubs.OrderLockServiceImpl      [0;39m [35m:62  [0;39m Unlock orders
[2025-04-05 23:35:51] [34mINFO[0;39m [36mg.service.ubs.OrderLockServiceImpl      [0;39m [35m:60  [0;39m Time: 2025-04-05T23:30:51.266651300
[2025-04-05 23:35:51] [34mINFO[0;39m [36mg.service.ubs.OrderLockServiceImpl      [0;39m [35m:62  [0;39m Unlock orders
[2025-04-05 23:36:51] [34mINFO[0;39m [36mg.service.ubs.OrderLockServiceImpl      [0;39m [35m:60  [0;39m Time: 2025-04-05T23:31:51.270117100
[2025-04-05 23:36:51] [34mINFO[0;39m [36mg.service.ubs.OrderLockServiceImpl      [0;39m [35m:62  [0;39m Unlock orders
[2025-04-05 23:37:51] [34mINFO[0;39m [36mg.service.ubs.OrderLockServiceImpl      [0;39m [35m:60  [0;39m Time: 2025-04-05T23:32:51.269548700
[2025-04-05 23:37:51] [34mINFO[0;39m [36mg.service.ubs.OrderLockServiceImpl      [0;39m [35m:62  [0;39m Unlock orders
[2025-04-05 23:38:51] [34mINFO[0;39m [36mg.service.ubs.OrderLockServiceImpl      [0;39m [35m:60  [0;39m Time: 2025-04-05T23:33:51.261212
[2025-04-05 23:38:51] [34mINFO[0;39m [36mg.service.ubs.OrderLockServiceImpl      [0;39m [35m:62  [0;39m Unlock orders
[2025-04-05 23:39:51] [34mINFO[0;39m [36mg.service.ubs.OrderLockServiceImpl      [0;39m [35m:60  [0;39m Time: 2025-04-05T23:34:51.269011100
[2025-04-05 23:39:51] [34mINFO[0;39m [36mg.service.ubs.OrderLockServiceImpl      [0;39m [35m:62  [0;39m Unlock orders
[2025-04-05 23:40:51] [34mINFO[0;39m [36mg.service.ubs.OrderLockServiceImpl      [0;39m [35m:60  [0;39m Time: 2025-04-05T23:35:51.263127900
[2025-04-05 23:40:51] [34mINFO[0;39m [36mg.service.ubs.OrderLockServiceImpl      [0;39m [35m:62  [0;39m Unlock orders
