[2025-04-06 00:13:46] [31mWARN[0;39m [36mcom.zaxxer.hikari.pool.HikariPool       [0;39m [35m:804 [0;39m HikariPool-1 - Thread starvation or clock leap detected (housekeeper delta=32m56s953ms526µs).
[2025-04-06 00:14:18] [34mINFO[0;39m [36mg.service.ubs.OrderLockServiceImpl      [0;39m [35m:60  [0;39m Time: 2025-04-06T00:09:18.211260600
[2025-04-06 00:14:18] [34mINFO[0;39m [36mgreencity.config.CertificatesScheduler  [0;39m [35m:26  [0;39m Changing certificates status if expiration date has expired
[2025-04-06 00:14:18] [34mINFO[0;39m [36mgreencity.config.OrderStatusScheduler   [0;39m [35m:23  [0;39m Update order status from actual status to expected status by the day of export
[2025-04-06 00:14:18] [34mINFO[0;39m [36mg.service.ubs.OrderLockServiceImpl      [0;39m [35m:62  [0;39m Unlock orders
[2025-04-06 00:14:18] [34mINFO[0;39m [36mg.service.ubs.OrderLockServiceImpl      [0;39m [35m:60  [0;39m Time: 2025-04-06T00:09:18.221261300
[2025-04-06 00:14:18] [34mINFO[0;39m [36mg.service.ubs.OrderLockServiceImpl      [0;39m [35m:62  [0;39m Unlock orders
[2025-04-06 00:14:18] [34mINFO[0;39m [36mg.service.ubs.OrderLockServiceImpl      [0;39m [35m:60  [0;39m Time: 2025-04-06T00:09:18.222261600
[2025-04-06 00:14:18] [34mINFO[0;39m [36mg.service.ubs.OrderLockServiceImpl      [0;39m [35m:62  [0;39m Unlock orders
[2025-04-06 00:14:18] [34mINFO[0;39m [36mg.service.ubs.OrderLockServiceImpl      [0;39m [35m:60  [0;39m Time: 2025-04-06T00:09:18.223258500
[2025-04-06 00:14:18] [34mINFO[0;39m [36mg.service.ubs.OrderLockServiceImpl      [0;39m [35m:62  [0;39m Unlock orders
[2025-04-06 00:14:18] [34mINFO[0;39m [36mg.service.ubs.OrderLockServiceImpl      [0;39m [35m:60  [0;39m Time: 2025-04-06T00:09:18.224261900
[2025-04-06 00:14:18] [34mINFO[0;39m [36mg.service.ubs.OrderLockServiceImpl      [0;39m [35m:62  [0;39m Unlock orders
[2025-04-06 00:14:18] [34mINFO[0;39m [36mg.service.ubs.OrderLockServiceImpl      [0;39m [35m:60  [0;39m Time: 2025-04-06T00:09:18.225257800
[2025-04-06 00:14:18] [34mINFO[0;39m [36mg.service.ubs.OrderLockServiceImpl      [0;39m [35m:62  [0;39m Unlock orders
[2025-04-06 00:14:18] [34mINFO[0;39m [36mg.service.ubs.OrderLockServiceImpl      [0;39m [35m:60  [0;39m Time: 2025-04-06T00:09:18.225257800
[2025-04-06 00:14:18] [34mINFO[0;39m [36mg.service.ubs.OrderLockServiceImpl      [0;39m [35m:62  [0;39m Unlock orders
[2025-04-06 00:14:18] [34mINFO[0;39m [36mg.service.ubs.OrderLockServiceImpl      [0;39m [35m:60  [0;39m Time: 2025-04-06T00:09:18.226265500
[2025-04-06 00:14:18] [34mINFO[0;39m [36mg.service.ubs.OrderLockServiceImpl      [0;39m [35m:62  [0;39m Unlock orders
[2025-04-06 00:14:18] [34mINFO[0;39m [36mg.service.ubs.OrderLockServiceImpl      [0;39m [35m:60  [0;39m Time: 2025-04-06T00:09:18.227262200
[2025-04-06 00:14:18] [34mINFO[0;39m [36mg.service.ubs.OrderLockServiceImpl      [0;39m [35m:62  [0;39m Unlock orders
[2025-04-06 00:14:18] [34mINFO[0;39m [36mg.service.ubs.OrderLockServiceImpl      [0;39m [35m:60  [0;39m Time: 2025-04-06T00:09:18.228263500
[2025-04-06 00:14:18] [34mINFO[0;39m [36mg.service.ubs.OrderLockServiceImpl      [0;39m [35m:62  [0;39m Unlock orders
[2025-04-06 00:14:18] [34mINFO[0;39m [36mg.service.ubs.OrderLockServiceImpl      [0;39m [35m:60  [0;39m Time: 2025-04-06T00:09:18.229264200
[2025-04-06 00:14:18] [34mINFO[0;39m [36mg.service.ubs.OrderLockServiceImpl      [0;39m [35m:62  [0;39m Unlock orders
[2025-04-06 00:14:18] [34mINFO[0;39m [36mg.service.ubs.OrderLockServiceImpl      [0;39m [35m:60  [0;39m Time: 2025-04-06T00:09:18.230262200
[2025-04-06 00:14:18] [34mINFO[0;39m [36mg.service.ubs.OrderLockServiceImpl      [0;39m [35m:62  [0;39m Unlock orders
[2025-04-06 00:14:18] [34mINFO[0;39m [36mg.service.ubs.OrderLockServiceImpl      [0;39m [35m:60  [0;39m Time: 2025-04-06T00:09:18.231262
[2025-04-06 00:14:18] [34mINFO[0;39m [36mg.service.ubs.OrderLockServiceImpl      [0;39m [35m:62  [0;39m Unlock orders
[2025-04-06 00:14:18] [34mINFO[0;39m [36mg.service.ubs.OrderLockServiceImpl      [0;39m [35m:60  [0;39m Time: 2025-04-06T00:09:18.231262
[2025-04-06 00:14:18] [34mINFO[0;39m [36mg.service.ubs.OrderLockServiceImpl      [0;39m [35m:62  [0;39m Unlock orders
[2025-04-06 00:14:18] [34mINFO[0;39m [36mg.service.ubs.OrderLockServiceImpl      [0;39m [35m:60  [0;39m Time: 2025-04-06T00:09:18.232263600
[2025-04-06 00:14:18] [34mINFO[0;39m [36mg.service.ubs.OrderLockServiceImpl      [0;39m [35m:62  [0;39m Unlock orders
[2025-04-06 00:14:18] [34mINFO[0;39m [36mg.service.ubs.OrderLockServiceImpl      [0;39m [35m:60  [0;39m Time: 2025-04-06T00:09:18.233263
[2025-04-06 00:14:18] [34mINFO[0;39m [36mg.service.ubs.OrderLockServiceImpl      [0;39m [35m:62  [0;39m Unlock orders
[2025-04-06 00:14:18] [34mINFO[0;39m [36mg.service.ubs.OrderLockServiceImpl      [0;39m [35m:60  [0;39m Time: 2025-04-06T00:09:18.234260
[2025-04-06 00:14:18] [34mINFO[0;39m [36mg.service.ubs.OrderLockServiceImpl      [0;39m [35m:62  [0;39m Unlock orders
[2025-04-06 00:14:18] [34mINFO[0;39m [36mg.service.ubs.OrderLockServiceImpl      [0;39m [35m:60  [0;39m Time: 2025-04-06T00:09:18.234260
[2025-04-06 00:14:18] [34mINFO[0;39m [36mg.service.ubs.OrderLockServiceImpl      [0;39m [35m:62  [0;39m Unlock orders
[2025-04-06 00:14:18] [34mINFO[0;39m [36mg.service.ubs.OrderLockServiceImpl      [0;39m [35m:60  [0;39m Time: 2025-04-06T00:09:18.235259900
[2025-04-06 00:14:18] [34mINFO[0;39m [36mg.service.ubs.OrderLockServiceImpl      [0;39m [35m:62  [0;39m Unlock orders
[2025-04-06 00:14:18] [34mINFO[0;39m [36mg.service.ubs.OrderLockServiceImpl      [0;39m [35m:60  [0;39m Time: 2025-04-06T00:09:18.235259900
[2025-04-06 00:14:18] [34mINFO[0;39m [36mg.service.ubs.OrderLockServiceImpl      [0;39m [35m:62  [0;39m Unlock orders
[2025-04-06 00:14:18] [34mINFO[0;39m [36mg.service.ubs.OrderLockServiceImpl      [0;39m [35m:60  [0;39m Time: 2025-04-06T00:09:18.236260900
[2025-04-06 00:14:18] [34mINFO[0;39m [36mg.service.ubs.OrderLockServiceImpl      [0;39m [35m:62  [0;39m Unlock orders
[2025-04-06 00:14:18] [34mINFO[0;39m [36mg.service.ubs.OrderLockServiceImpl      [0;39m [35m:60  [0;39m Time: 2025-04-06T00:09:18.236260900
[2025-04-06 00:14:18] [34mINFO[0;39m [36mg.service.ubs.OrderLockServiceImpl      [0;39m [35m:62  [0;39m Unlock orders
[2025-04-06 00:14:18] [34mINFO[0;39m [36mg.service.ubs.OrderLockServiceImpl      [0;39m [35m:60  [0;39m Time: 2025-04-06T00:09:18.237259600
[2025-04-06 00:14:18] [34mINFO[0;39m [36mg.service.ubs.OrderLockServiceImpl      [0;39m [35m:62  [0;39m Unlock orders
[2025-04-06 00:14:18] [34mINFO[0;39m [36mg.service.ubs.OrderLockServiceImpl      [0;39m [35m:60  [0;39m Time: 2025-04-06T00:09:18.237259600
[2025-04-06 00:14:18] [34mINFO[0;39m [36mg.service.ubs.OrderLockServiceImpl      [0;39m [35m:62  [0;39m Unlock orders
[2025-04-06 00:14:18] [34mINFO[0;39m [36mg.service.ubs.OrderLockServiceImpl      [0;39m [35m:60  [0;39m Time: 2025-04-06T00:09:18.238257400
[2025-04-06 00:14:18] [34mINFO[0;39m [36mg.service.ubs.OrderLockServiceImpl      [0;39m [35m:62  [0;39m Unlock orders
[2025-04-06 00:14:18] [34mINFO[0;39m [36mg.service.ubs.OrderLockServiceImpl      [0;39m [35m:60  [0;39m Time: 2025-04-06T00:09:18.239259200
[2025-04-06 00:14:18] [34mINFO[0;39m [36mg.service.ubs.OrderLockServiceImpl      [0;39m [35m:62  [0;39m Unlock orders
[2025-04-06 00:14:18] [34mINFO[0;39m [36mg.service.ubs.OrderLockServiceImpl      [0;39m [35m:60  [0;39m Time: 2025-04-06T00:09:18.239259200
[2025-04-06 00:14:18] [34mINFO[0;39m [36mg.service.ubs.OrderLockServiceImpl      [0;39m [35m:62  [0;39m Unlock orders
[2025-04-06 00:14:18] [34mINFO[0;39m [36mg.service.ubs.OrderLockServiceImpl      [0;39m [35m:60  [0;39m Time: 2025-04-06T00:09:18.240258500
[2025-04-06 00:14:18] [34mINFO[0;39m [36mg.service.ubs.OrderLockServiceImpl      [0;39m [35m:62  [0;39m Unlock orders
[2025-04-06 00:14:18] [34mINFO[0;39m [36mg.service.ubs.OrderLockServiceImpl      [0;39m [35m:60  [0;39m Time: 2025-04-06T00:09:18.240258500
[2025-04-06 00:14:18] [34mINFO[0;39m [36mg.service.ubs.OrderLockServiceImpl      [0;39m [35m:62  [0;39m Unlock orders
[2025-04-06 00:14:18] [34mINFO[0;39m [36mg.service.ubs.OrderLockServiceImpl      [0;39m [35m:60  [0;39m Time: 2025-04-06T00:09:18.241259300
[2025-04-06 00:14:18] [34mINFO[0;39m [36mg.service.ubs.OrderLockServiceImpl      [0;39m [35m:62  [0;39m Unlock orders
[2025-04-06 00:14:18] [34mINFO[0;39m [36mg.service.ubs.OrderLockServiceImpl      [0;39m [35m:60  [0;39m Time: 2025-04-06T00:09:18.241259300
[2025-04-06 00:14:18] [34mINFO[0;39m [36mg.service.ubs.OrderLockServiceImpl      [0;39m [35m:62  [0;39m Unlock orders
[2025-04-06 00:14:18] [34mINFO[0;39m [36mg.service.ubs.OrderLockServiceImpl      [0;39m [35m:60  [0;39m Time: 2025-04-06T00:09:18.242259600
[2025-04-06 00:14:18] [34mINFO[0;39m [36mg.service.ubs.OrderLockServiceImpl      [0;39m [35m:62  [0;39m Unlock orders
[2025-04-06 00:14:18] [34mINFO[0;39m [36mg.service.ubs.OrderLockServiceImpl      [0;39m [35m:60  [0;39m Time: 2025-04-06T00:09:18.242259600
[2025-04-06 00:14:18] [34mINFO[0;39m [36mg.service.ubs.OrderLockServiceImpl      [0;39m [35m:62  [0;39m Unlock orders
[2025-04-06 00:14:51] [34mINFO[0;39m [36mg.service.ubs.OrderLockServiceImpl      [0;39m [35m:60  [0;39m Time: 2025-04-06T00:09:51.264914800
[2025-04-06 00:14:51] [34mINFO[0;39m [36mg.service.ubs.OrderLockServiceImpl      [0;39m [35m:62  [0;39m Unlock orders
[2025-04-06 00:15:51] [34mINFO[0;39m [36mg.service.ubs.OrderLockServiceImpl      [0;39m [35m:60  [0;39m Time: 2025-04-06T00:10:51.261435700
[2025-04-06 00:15:51] [34mINFO[0;39m [36mg.service.ubs.OrderLockServiceImpl      [0;39m [35m:62  [0;39m Unlock orders
[2025-04-06 00:16:51] [34mINFO[0;39m [36mg.service.ubs.OrderLockServiceImpl      [0;39m [35m:60  [0;39m Time: 2025-04-06T00:11:51.266677300
[2025-04-06 00:16:51] [34mINFO[0;39m [36mg.service.ubs.OrderLockServiceImpl      [0;39m [35m:62  [0;39m Unlock orders
[2025-04-06 00:17:51] [34mINFO[0;39m [36mg.service.ubs.OrderLockServiceImpl      [0;39m [35m:60  [0;39m Time: 2025-04-06T00:12:51.261322400
[2025-04-06 00:17:51] [34mINFO[0;39m [36mg.service.ubs.OrderLockServiceImpl      [0;39m [35m:62  [0;39m Unlock orders
[2025-04-06 00:18:51] [34mINFO[0;39m [36mg.service.ubs.OrderLockServiceImpl      [0;39m [35m:60  [0;39m Time: 2025-04-06T00:13:51.259798200
[2025-04-06 00:18:51] [34mINFO[0;39m [36mg.service.ubs.OrderLockServiceImpl      [0;39m [35m:62  [0;39m Unlock orders
[2025-04-06 00:19:51] [34mINFO[0;39m [36mg.service.ubs.OrderLockServiceImpl      [0;39m [35m:60  [0;39m Time: 2025-04-06T00:14:51.259783700
[2025-04-06 00:19:51] [34mINFO[0;39m [36mg.service.ubs.OrderLockServiceImpl      [0;39m [35m:62  [0;39m Unlock orders
[2025-04-06 00:20:51] [34mINFO[0;39m [36mg.service.ubs.OrderLockServiceImpl      [0;39m [35m:60  [0;39m Time: 2025-04-06T00:15:51.265130700
[2025-04-06 00:20:51] [34mINFO[0;39m [36mg.service.ubs.OrderLockServiceImpl      [0;39m [35m:62  [0;39m Unlock orders
[2025-04-06 00:21:51] [34mINFO[0;39m [36mg.service.ubs.OrderLockServiceImpl      [0;39m [35m:60  [0;39m Time: 2025-04-06T00:16:51.270596900
[2025-04-06 00:21:51] [34mINFO[0;39m [36mg.service.ubs.OrderLockServiceImpl      [0;39m [35m:62  [0;39m Unlock orders
[2025-04-06 00:22:51] [34mINFO[0;39m [36mg.service.ubs.OrderLockServiceImpl      [0;39m [35m:60  [0;39m Time: 2025-04-06T00:17:51.259732500
[2025-04-06 00:22:51] [34mINFO[0;39m [36mg.service.ubs.OrderLockServiceImpl      [0;39m [35m:62  [0;39m Unlock orders
[2025-04-06 00:23:51] [34mINFO[0;39m [36mg.service.ubs.OrderLockServiceImpl      [0;39m [35m:60  [0;39m Time: 2025-04-06T00:18:51.267650900
[2025-04-06 00:23:51] [34mINFO[0;39m [36mg.service.ubs.OrderLockServiceImpl      [0;39m [35m:62  [0;39m Unlock orders
[2025-04-06 00:24:51] [34mINFO[0;39m [36mg.service.ubs.OrderLockServiceImpl      [0;39m [35m:60  [0;39m Time: 2025-04-06T00:19:51.266563600
[2025-04-06 00:24:51] [34mINFO[0;39m [36mg.service.ubs.OrderLockServiceImpl      [0;39m [35m:62  [0;39m Unlock orders
[2025-04-06 00:25:51] [34mINFO[0;39m [36mg.service.ubs.OrderLockServiceImpl      [0;39m [35m:60  [0;39m Time: 2025-04-06T00:20:51.261734700
[2025-04-06 00:25:51] [34mINFO[0;39m [36mg.service.ubs.OrderLockServiceImpl      [0;39m [35m:62  [0;39m Unlock orders
[2025-04-06 00:26:51] [34mINFO[0;39m [36mg.service.ubs.OrderLockServiceImpl      [0;39m [35m:60  [0;39m Time: 2025-04-06T00:21:51.261672700
[2025-04-06 00:26:51] [34mINFO[0;39m [36mg.service.ubs.OrderLockServiceImpl      [0;39m [35m:62  [0;39m Unlock orders
[2025-04-06 00:27:51] [34mINFO[0;39m [36mg.service.ubs.OrderLockServiceImpl      [0;39m [35m:60  [0;39m Time: 2025-04-06T00:22:51.265025500
[2025-04-06 00:27:51] [34mINFO[0;39m [36mg.service.ubs.OrderLockServiceImpl      [0;39m [35m:62  [0;39m Unlock orders
[2025-04-06 00:28:51] [34mINFO[0;39m [36mg.service.ubs.OrderLockServiceImpl      [0;39m [35m:60  [0;39m Time: 2025-04-06T00:23:51.271582300
[2025-04-06 00:28:51] [34mINFO[0;39m [36mg.service.ubs.OrderLockServiceImpl      [0;39m [35m:62  [0;39m Unlock orders
[2025-04-06 00:29:51] [34mINFO[0;39m [36mg.service.ubs.OrderLockServiceImpl      [0;39m [35m:60  [0;39m Time: 2025-04-06T00:24:51.261891200
[2025-04-06 00:29:51] [34mINFO[0;39m [36mg.service.ubs.OrderLockServiceImpl      [0;39m [35m:62  [0;39m Unlock orders
[2025-04-06 00:30:51] [34mINFO[0;39m [36mg.service.ubs.OrderLockServiceImpl      [0;39m [35m:60  [0;39m Time: 2025-04-06T00:25:51.269371700
[2025-04-06 00:30:51] [34mINFO[0;39m [36mg.service.ubs.OrderLockServiceImpl      [0;39m [35m:62  [0;39m Unlock orders
[2025-04-06 00:31:51] [34mINFO[0;39m [36mg.service.ubs.OrderLockServiceImpl      [0;39m [35m:60  [0;39m Time: 2025-04-06T00:26:51.265070800
[2025-04-06 00:31:51] [34mINFO[0;39m [36mg.service.ubs.OrderLockServiceImpl      [0;39m [35m:62  [0;39m Unlock orders
[2025-04-06 00:32:51] [34mINFO[0;39m [36mg.service.ubs.OrderLockServiceImpl      [0;39m [35m:60  [0;39m Time: 2025-04-06T00:27:51.269514800
[2025-04-06 00:32:51] [34mINFO[0;39m [36mg.service.ubs.OrderLockServiceImpl      [0;39m [35m:62  [0;39m Unlock orders
[2025-04-06 00:33:51] [34mINFO[0;39m [36mg.service.ubs.OrderLockServiceImpl      [0;39m [35m:60  [0;39m Time: 2025-04-06T00:28:51.257562400
[2025-04-06 00:33:51] [34mINFO[0;39m [36mg.service.ubs.OrderLockServiceImpl      [0;39m [35m:62  [0;39m Unlock orders
[2025-04-06 00:34:51] [34mINFO[0;39m [36mg.service.ubs.OrderLockServiceImpl      [0;39m [35m:60  [0;39m Time: 2025-04-06T00:29:51.261496400
[2025-04-06 00:34:51] [34mINFO[0;39m [36mg.service.ubs.OrderLockServiceImpl      [0;39m [35m:62  [0;39m Unlock orders
[2025-04-06 00:35:51] [34mINFO[0;39m [36mg.service.ubs.OrderLockServiceImpl      [0;39m [35m:60  [0;39m Time: 2025-04-06T00:30:51.270714900
[2025-04-06 00:35:51] [34mINFO[0;39m [36mg.service.ubs.OrderLockServiceImpl      [0;39m [35m:62  [0;39m Unlock orders
[2025-04-06 00:36:51] [34mINFO[0;39m [36mg.service.ubs.OrderLockServiceImpl      [0;39m [35m:60  [0;39m Time: 2025-04-06T00:31:51.259794700
[2025-04-06 00:36:51] [34mINFO[0;39m [36mg.service.ubs.OrderLockServiceImpl      [0;39m [35m:62  [0;39m Unlock orders
[2025-04-06 00:37:51] [34mINFO[0;39m [36mg.service.ubs.OrderLockServiceImpl      [0;39m [35m:60  [0;39m Time: 2025-04-06T00:32:51.269346500
[2025-04-06 00:37:51] [34mINFO[0;39m [36mg.service.ubs.OrderLockServiceImpl      [0;39m [35m:62  [0;39m Unlock orders
[2025-04-06 00:38:51] [34mINFO[0;39m [36mg.service.ubs.OrderLockServiceImpl      [0;39m [35m:60  [0;39m Time: 2025-04-06T00:33:51.265319900
[2025-04-06 00:38:51] [34mINFO[0;39m [36mg.service.ubs.OrderLockServiceImpl      [0;39m [35m:62  [0;39m Unlock orders
[2025-04-06 00:39:51] [34mINFO[0;39m [36mg.service.ubs.OrderLockServiceImpl      [0;39m [35m:60  [0;39m Time: 2025-04-06T00:34:51.267444900
[2025-04-06 00:39:51] [34mINFO[0;39m [36mg.service.ubs.OrderLockServiceImpl      [0;39m [35m:62  [0;39m Unlock orders
[2025-04-06 00:40:51] [34mINFO[0;39m [36mg.service.ubs.OrderLockServiceImpl      [0;39m [35m:60  [0;39m Time: 2025-04-06T00:35:51.260752
[2025-04-06 00:40:51] [34mINFO[0;39m [36mg.service.ubs.OrderLockServiceImpl      [0;39m [35m:62  [0;39m Unlock orders
[2025-04-06 00:41:51] [34mINFO[0;39m [36mg.service.ubs.OrderLockServiceImpl      [0;39m [35m:60  [0;39m Time: 2025-04-06T00:36:51.261991400
[2025-04-06 00:41:51] [34mINFO[0;39m [36mg.service.ubs.OrderLockServiceImpl      [0;39m [35m:62  [0;39m Unlock orders
[2025-04-06 00:42:51] [34mINFO[0;39m [36mg.service.ubs.OrderLockServiceImpl      [0;39m [35m:60  [0;39m Time: 2025-04-06T00:37:51.260478700
[2025-04-06 00:42:51] [34mINFO[0;39m [36mg.service.ubs.OrderLockServiceImpl      [0;39m [35m:62  [0;39m Unlock orders
[2025-04-06 00:43:51] [34mINFO[0;39m [36mg.service.ubs.OrderLockServiceImpl      [0;39m [35m:60  [0;39m Time: 2025-04-06T00:38:51.258469400
[2025-04-06 00:43:51] [34mINFO[0;39m [36mg.service.ubs.OrderLockServiceImpl      [0;39m [35m:62  [0;39m Unlock orders
[2025-04-06 00:44:51] [34mINFO[0;39m [36mg.service.ubs.OrderLockServiceImpl      [0;39m [35m:60  [0;39m Time: 2025-04-06T00:39:51.270369800
[2025-04-06 00:44:51] [34mINFO[0;39m [36mg.service.ubs.OrderLockServiceImpl      [0;39m [35m:62  [0;39m Unlock orders
[2025-04-06 00:45:51] [34mINFO[0;39m [36mg.service.ubs.OrderLockServiceImpl      [0;39m [35m:60  [0;39m Time: 2025-04-06T00:40:51.271446300
[2025-04-06 00:45:51] [34mINFO[0;39m [36mg.service.ubs.OrderLockServiceImpl      [0;39m [35m:62  [0;39m Unlock orders
[2025-04-06 00:46:51] [34mINFO[0;39m [36mg.service.ubs.OrderLockServiceImpl      [0;39m [35m:60  [0;39m Time: 2025-04-06T00:41:51.257315100
[2025-04-06 00:46:51] [34mINFO[0;39m [36mg.service.ubs.OrderLockServiceImpl      [0;39m [35m:62  [0;39m Unlock orders
[2025-04-06 00:47:51] [34mINFO[0;39m [36mg.service.ubs.OrderLockServiceImpl      [0;39m [35m:60  [0;39m Time: 2025-04-06T00:42:51.271027300
[2025-04-06 00:47:51] [34mINFO[0;39m [36mg.service.ubs.OrderLockServiceImpl      [0;39m [35m:62  [0;39m Unlock orders
[2025-04-06 00:48:51] [34mINFO[0;39m [36mg.service.ubs.OrderLockServiceImpl      [0;39m [35m:60  [0;39m Time: 2025-04-06T00:43:51.272498400
[2025-04-06 00:48:51] [34mINFO[0;39m [36mg.service.ubs.OrderLockServiceImpl      [0;39m [35m:62  [0;39m Unlock orders
[2025-04-06 00:49:51] [34mINFO[0;39m [36mg.service.ubs.OrderLockServiceImpl      [0;39m [35m:60  [0;39m Time: 2025-04-06T00:44:51.266984
[2025-04-06 00:49:51] [34mINFO[0;39m [36mg.service.ubs.OrderLockServiceImpl      [0;39m [35m:62  [0;39m Unlock orders
[2025-04-06 00:50:51] [34mINFO[0;39m [36mg.service.ubs.OrderLockServiceImpl      [0;39m [35m:60  [0;39m Time: 2025-04-06T00:45:51.261609100
[2025-04-06 00:50:51] [34mINFO[0;39m [36mg.service.ubs.OrderLockServiceImpl      [0;39m [35m:62  [0;39m Unlock orders
[2025-04-06 00:51:51] [34mINFO[0;39m [36mg.service.ubs.OrderLockServiceImpl      [0;39m [35m:60  [0;39m Time: 2025-04-06T00:46:51.261375800
[2025-04-06 00:51:51] [34mINFO[0;39m [36mg.service.ubs.OrderLockServiceImpl      [0;39m [35m:62  [0;39m Unlock orders
[2025-04-06 00:52:51] [34mINFO[0;39m [36mg.service.ubs.OrderLockServiceImpl      [0;39m [35m:60  [0;39m Time: 2025-04-06T00:47:51.259095700
[2025-04-06 00:52:51] [34mINFO[0;39m [36mg.service.ubs.OrderLockServiceImpl      [0;39m [35m:62  [0;39m Unlock orders
[2025-04-06 00:53:51] [34mINFO[0;39m [36mg.service.ubs.OrderLockServiceImpl      [0;39m [35m:60  [0;39m Time: 2025-04-06T00:48:51.260634500
[2025-04-06 00:53:51] [34mINFO[0;39m [36mg.service.ubs.OrderLockServiceImpl      [0;39m [35m:62  [0;39m Unlock orders
[2025-04-06 00:54:51] [34mINFO[0;39m [36mg.service.ubs.OrderLockServiceImpl      [0;39m [35m:60  [0;39m Time: 2025-04-06T00:49:51.265624300
[2025-04-06 00:54:51] [34mINFO[0;39m [36mg.service.ubs.OrderLockServiceImpl      [0;39m [35m:62  [0;39m Unlock orders
[2025-04-06 00:55:51] [34mINFO[0;39m [36mg.service.ubs.OrderLockServiceImpl      [0;39m [35m:60  [0;39m Time: 2025-04-06T00:50:51.264960300
[2025-04-06 00:55:51] [34mINFO[0;39m [36mg.service.ubs.OrderLockServiceImpl      [0;39m [35m:62  [0;39m Unlock orders
[2025-04-06 00:56:51] [34mINFO[0;39m [36mg.service.ubs.OrderLockServiceImpl      [0;39m [35m:60  [0;39m Time: 2025-04-06T00:51:51.257520600
[2025-04-06 00:56:51] [34mINFO[0;39m [36mg.service.ubs.OrderLockServiceImpl      [0;39m [35m:62  [0;39m Unlock orders
[2025-04-06 00:57:51] [34mINFO[0;39m [36mg.service.ubs.OrderLockServiceImpl      [0;39m [35m:60  [0;39m Time: 2025-04-06T00:52:51.269607300
[2025-04-06 00:57:51] [34mINFO[0;39m [36mg.service.ubs.OrderLockServiceImpl      [0;39m [35m:62  [0;39m Unlock orders
[2025-04-06 00:58:51] [34mINFO[0;39m [36mg.service.ubs.OrderLockServiceImpl      [0;39m [35m:60  [0;39m Time: 2025-04-06T00:53:51.270479500
[2025-04-06 00:58:51] [34mINFO[0;39m [36mg.service.ubs.OrderLockServiceImpl      [0;39m [35m:62  [0;39m Unlock orders
[2025-04-06 00:59:51] [34mINFO[0;39m [36mg.service.ubs.OrderLockServiceImpl      [0;39m [35m:60  [0;39m Time: 2025-04-06T00:54:51.260688100
[2025-04-06 00:59:51] [34mINFO[0;39m [36mg.service.ubs.OrderLockServiceImpl      [0;39m [35m:62  [0;39m Unlock orders
[2025-04-06 01:00:51] [34mINFO[0;39m [36mg.service.ubs.OrderLockServiceImpl      [0;39m [35m:60  [0;39m Time: 2025-04-06T00:55:51.263817600
[2025-04-06 01:00:51] [34mINFO[0;39m [36mg.service.ubs.OrderLockServiceImpl      [0;39m [35m:62  [0;39m Unlock orders
[2025-04-06 01:01:51] [34mINFO[0;39m [36mg.service.ubs.OrderLockServiceImpl      [0;39m [35m:60  [0;39m Time: 2025-04-06T00:56:51.268626900
[2025-04-06 01:01:51] [34mINFO[0;39m [36mg.service.ubs.OrderLockServiceImpl      [0;39m [35m:62  [0;39m Unlock orders
[2025-04-06 01:02:51] [34mINFO[0;39m [36mg.service.ubs.OrderLockServiceImpl      [0;39m [35m:60  [0;39m Time: 2025-04-06T00:57:51.266476400
[2025-04-06 01:02:51] [34mINFO[0;39m [36mg.service.ubs.OrderLockServiceImpl      [0;39m [35m:62  [0;39m Unlock orders
[2025-04-06 01:03:51] [34mINFO[0;39m [36mg.service.ubs.OrderLockServiceImpl      [0;39m [35m:60  [0;39m Time: 2025-04-06T00:58:51.262349200
[2025-04-06 01:03:51] [34mINFO[0;39m [36mg.service.ubs.OrderLockServiceImpl      [0;39m [35m:62  [0;39m Unlock orders
[2025-04-06 01:04:51] [34mINFO[0;39m [36mg.service.ubs.OrderLockServiceImpl      [0;39m [35m:60  [0;39m Time: 2025-04-06T00:59:51.259367500
[2025-04-06 01:04:51] [34mINFO[0;39m [36mg.service.ubs.OrderLockServiceImpl      [0;39m [35m:62  [0;39m Unlock orders
[2025-04-06 01:05:51] [34mINFO[0;39m [36mg.service.ubs.OrderLockServiceImpl      [0;39m [35m:60  [0;39m Time: 2025-04-06T01:00:51.257614400
[2025-04-06 01:05:51] [34mINFO[0;39m [36mg.service.ubs.OrderLockServiceImpl      [0;39m [35m:62  [0;39m Unlock orders
[2025-04-06 01:06:51] [34mINFO[0;39m [36mg.service.ubs.OrderLockServiceImpl      [0;39m [35m:60  [0;39m Time: 2025-04-06T01:01:51.260067
[2025-04-06 01:06:51] [34mINFO[0;39m [36mg.service.ubs.OrderLockServiceImpl      [0;39m [35m:62  [0;39m Unlock orders
[2025-04-06 01:07:51] [34mINFO[0;39m [36mg.service.ubs.OrderLockServiceImpl      [0;39m [35m:60  [0;39m Time: 2025-04-06T01:02:51.268666
[2025-04-06 01:07:51] [34mINFO[0;39m [36mg.service.ubs.OrderLockServiceImpl      [0;39m [35m:62  [0;39m Unlock orders
[2025-04-06 01:08:51] [34mINFO[0;39m [36mg.service.ubs.OrderLockServiceImpl      [0;39m [35m:60  [0;39m Time: 2025-04-06T01:03:51.267871200
[2025-04-06 01:08:51] [34mINFO[0;39m [36mg.service.ubs.OrderLockServiceImpl      [0;39m [35m:62  [0;39m Unlock orders
[2025-04-06 01:09:51] [34mINFO[0;39m [36mg.service.ubs.OrderLockServiceImpl      [0;39m [35m:60  [0;39m Time: 2025-04-06T01:04:51.262359700
[2025-04-06 01:09:51] [34mINFO[0;39m [36mg.service.ubs.OrderLockServiceImpl      [0;39m [35m:62  [0;39m Unlock orders
[2025-04-06 01:10:51] [34mINFO[0;39m [36mg.service.ubs.OrderLockServiceImpl      [0;39m [35m:60  [0;39m Time: 2025-04-06T01:05:51.272070700
[2025-04-06 01:10:51] [34mINFO[0;39m [36mg.service.ubs.OrderLockServiceImpl      [0;39m [35m:62  [0;39m Unlock orders
[2025-04-06 01:11:51] [34mINFO[0;39m [36mg.service.ubs.OrderLockServiceImpl      [0;39m [35m:60  [0;39m Time: 2025-04-06T01:06:51.268043900
[2025-04-06 01:11:51] [34mINFO[0;39m [36mg.service.ubs.OrderLockServiceImpl      [0;39m [35m:62  [0;39m Unlock orders
[2025-04-06 01:12:51] [34mINFO[0;39m [36mg.service.ubs.OrderLockServiceImpl      [0;39m [35m:60  [0;39m Time: 2025-04-06T01:07:51.261997700
[2025-04-06 01:12:51] [34mINFO[0;39m [36mg.service.ubs.OrderLockServiceImpl      [0;39m [35m:62  [0;39m Unlock orders
[2025-04-06 01:13:51] [34mINFO[0;39m [36mg.service.ubs.OrderLockServiceImpl      [0;39m [35m:60  [0;39m Time: 2025-04-06T01:08:51.262814700
[2025-04-06 01:13:51] [34mINFO[0;39m [36mg.service.ubs.OrderLockServiceImpl      [0;39m [35m:62  [0;39m Unlock orders
[2025-04-06 01:14:51] [34mINFO[0;39m [36mg.service.ubs.OrderLockServiceImpl      [0;39m [35m:60  [0;39m Time: 2025-04-06T01:09:51.264920300
[2025-04-06 01:14:51] [34mINFO[0;39m [36mg.service.ubs.OrderLockServiceImpl      [0;39m [35m:62  [0;39m Unlock orders
[2025-04-06 01:15:51] [34mINFO[0;39m [36mg.service.ubs.OrderLockServiceImpl      [0;39m [35m:60  [0;39m Time: 2025-04-06T01:10:51.267091300
[2025-04-06 01:15:51] [34mINFO[0;39m [36mg.service.ubs.OrderLockServiceImpl      [0;39m [35m:62  [0;39m Unlock orders
[2025-04-06 01:16:51] [34mINFO[0;39m [36mg.service.ubs.OrderLockServiceImpl      [0;39m [35m:60  [0;39m Time: 2025-04-06T01:11:51.258190300
[2025-04-06 01:16:51] [34mINFO[0;39m [36mg.service.ubs.OrderLockServiceImpl      [0;39m [35m:62  [0;39m Unlock orders
[2025-04-06 01:17:51] [34mINFO[0;39m [36mg.service.ubs.OrderLockServiceImpl      [0;39m [35m:60  [0;39m Time: 2025-04-06T01:12:51.263415400
[2025-04-06 01:17:51] [34mINFO[0;39m [36mg.service.ubs.OrderLockServiceImpl      [0;39m [35m:62  [0;39m Unlock orders
[2025-04-06 01:18:51] [34mINFO[0;39m [36mg.service.ubs.OrderLockServiceImpl      [0;39m [35m:60  [0;39m Time: 2025-04-06T01:13:51.259505
[2025-04-06 01:18:51] [34mINFO[0;39m [36mg.service.ubs.OrderLockServiceImpl      [0;39m [35m:62  [0;39m Unlock orders
[2025-04-06 01:19:51] [34mINFO[0;39m [36mg.service.ubs.OrderLockServiceImpl      [0;39m [35m:60  [0;39m Time: 2025-04-06T01:14:51.265901700
[2025-04-06 01:19:51] [34mINFO[0;39m [36mg.service.ubs.OrderLockServiceImpl      [0;39m [35m:62  [0;39m Unlock orders
[2025-04-06 01:20:51] [34mINFO[0;39m [36mg.service.ubs.OrderLockServiceImpl      [0;39m [35m:60  [0;39m Time: 2025-04-06T01:15:51.272060400
[2025-04-06 01:20:51] [34mINFO[0;39m [36mg.service.ubs.OrderLockServiceImpl      [0;39m [35m:62  [0;39m Unlock orders
[2025-04-06 01:21:51] [34mINFO[0;39m [36mg.service.ubs.OrderLockServiceImpl      [0;39m [35m:60  [0;39m Time: 2025-04-06T01:16:51.271465300
[2025-04-06 01:21:51] [34mINFO[0;39m [36mg.service.ubs.OrderLockServiceImpl      [0;39m [35m:62  [0;39m Unlock orders
[2025-04-06 01:22:51] [34mINFO[0;39m [36mg.service.ubs.OrderLockServiceImpl      [0;39m [35m:60  [0;39m Time: 2025-04-06T01:17:51.267877
[2025-04-06 01:22:51] [34mINFO[0;39m [36mg.service.ubs.OrderLockServiceImpl      [0;39m [35m:62  [0;39m Unlock orders
[2025-04-06 01:23:51] [34mINFO[0;39m [36mg.service.ubs.OrderLockServiceImpl      [0;39m [35m:60  [0;39m Time: 2025-04-06T01:18:51.271868100
[2025-04-06 01:23:51] [34mINFO[0;39m [36mg.service.ubs.OrderLockServiceImpl      [0;39m [35m:62  [0;39m Unlock orders
[2025-04-06 01:24:51] [34mINFO[0;39m [36mg.service.ubs.OrderLockServiceImpl      [0;39m [35m:60  [0;39m Time: 2025-04-06T01:19:51.264655
[2025-04-06 01:24:51] [34mINFO[0;39m [36mg.service.ubs.OrderLockServiceImpl      [0;39m [35m:62  [0;39m Unlock orders
[2025-04-06 01:25:51] [34mINFO[0;39m [36mg.service.ubs.OrderLockServiceImpl      [0;39m [35m:60  [0;39m Time: 2025-04-06T01:20:51.258571
[2025-04-06 01:25:51] [34mINFO[0;39m [36mg.service.ubs.OrderLockServiceImpl      [0;39m [35m:62  [0;39m Unlock orders
[2025-04-06 01:26:51] [34mINFO[0;39m [36mg.service.ubs.OrderLockServiceImpl      [0;39m [35m:60  [0;39m Time: 2025-04-06T01:21:51.259841600
[2025-04-06 01:26:51] [34mINFO[0;39m [36mg.service.ubs.OrderLockServiceImpl      [0;39m [35m:62  [0;39m Unlock orders
[2025-04-06 01:27:51] [34mINFO[0;39m [36mg.service.ubs.OrderLockServiceImpl      [0;39m [35m:60  [0;39m Time: 2025-04-06T01:22:51.261915100
[2025-04-06 01:27:51] [34mINFO[0;39m [36mg.service.ubs.OrderLockServiceImpl      [0;39m [35m:62  [0;39m Unlock orders
[2025-04-06 01:28:51] [34mINFO[0;39m [36mg.service.ubs.OrderLockServiceImpl      [0;39m [35m:60  [0;39m Time: 2025-04-06T01:23:51.260719700
[2025-04-06 01:28:51] [34mINFO[0;39m [36mg.service.ubs.OrderLockServiceImpl      [0;39m [35m:62  [0;39m Unlock orders
[2025-04-06 01:29:51] [34mINFO[0;39m [36mg.service.ubs.OrderLockServiceImpl      [0;39m [35m:60  [0;39m Time: 2025-04-06T01:24:51.260834700
[2025-04-06 01:29:51] [34mINFO[0;39m [36mg.service.ubs.OrderLockServiceImpl      [0;39m [35m:62  [0;39m Unlock orders
[2025-04-06 01:30:51] [34mINFO[0;39m [36mg.service.ubs.OrderLockServiceImpl      [0;39m [35m:60  [0;39m Time: 2025-04-06T01:25:51.261994800
[2025-04-06 01:30:51] [34mINFO[0;39m [36mg.service.ubs.OrderLockServiceImpl      [0;39m [35m:62  [0;39m Unlock orders
[2025-04-06 01:31:51] [34mINFO[0;39m [36mg.service.ubs.OrderLockServiceImpl      [0;39m [35m:60  [0;39m Time: 2025-04-06T01:26:51.273214700
[2025-04-06 01:31:51] [34mINFO[0;39m [36mg.service.ubs.OrderLockServiceImpl      [0;39m [35m:62  [0;39m Unlock orders
[2025-04-06 01:32:51] [34mINFO[0;39m [36mg.service.ubs.OrderLockServiceImpl      [0;39m [35m:60  [0;39m Time: 2025-04-06T01:27:51.261293300
[2025-04-06 01:32:51] [34mINFO[0;39m [36mg.service.ubs.OrderLockServiceImpl      [0;39m [35m:62  [0;39m Unlock orders
[2025-04-06 01:33:51] [34mINFO[0;39m [36mg.service.ubs.OrderLockServiceImpl      [0;39m [35m:60  [0;39m Time: 2025-04-06T01:28:51.278754100
[2025-04-06 01:33:51] [34mINFO[0;39m [36mg.service.ubs.OrderLockServiceImpl      [0;39m [35m:62  [0;39m Unlock orders
[2025-04-06 01:34:51] [34mINFO[0;39m [36mg.service.ubs.OrderLockServiceImpl      [0;39m [35m:60  [0;39m Time: 2025-04-06T01:29:51.259526800
[2025-04-06 01:34:51] [34mINFO[0;39m [36mg.service.ubs.OrderLockServiceImpl      [0;39m [35m:62  [0;39m Unlock orders
[2025-04-06 01:35:51] [34mINFO[0;39m [36mg.service.ubs.OrderLockServiceImpl      [0;39m [35m:60  [0;39m Time: 2025-04-06T01:30:51.257209200
[2025-04-06 01:35:51] [34mINFO[0;39m [36mg.service.ubs.OrderLockServiceImpl      [0;39m [35m:62  [0;39m Unlock orders
[2025-04-06 01:36:51] [34mINFO[0;39m [36mg.service.ubs.OrderLockServiceImpl      [0;39m [35m:60  [0;39m Time: 2025-04-06T01:31:51.268743900
[2025-04-06 01:36:51] [34mINFO[0;39m [36mg.service.ubs.OrderLockServiceImpl      [0;39m [35m:62  [0;39m Unlock orders
[2025-04-06 01:37:51] [34mINFO[0;39m [36mg.service.ubs.OrderLockServiceImpl      [0;39m [35m:60  [0;39m Time: 2025-04-06T01:32:51.258682700
[2025-04-06 01:37:51] [34mINFO[0;39m [36mg.service.ubs.OrderLockServiceImpl      [0;39m [35m:62  [0;39m Unlock orders
[2025-04-06 01:38:51] [34mINFO[0;39m [36mg.service.ubs.OrderLockServiceImpl      [0;39m [35m:60  [0;39m Time: 2025-04-06T01:33:51.262953500
[2025-04-06 01:38:51] [34mINFO[0;39m [36mg.service.ubs.OrderLockServiceImpl      [0;39m [35m:62  [0;39m Unlock orders
[2025-04-06 01:39:51] [34mINFO[0;39m [36mg.service.ubs.OrderLockServiceImpl      [0;39m [35m:60  [0;39m Time: 2025-04-06T01:34:51.267347600
[2025-04-06 01:39:51] [34mINFO[0;39m [36mg.service.ubs.OrderLockServiceImpl      [0;39m [35m:62  [0;39m Unlock orders
[2025-04-06 01:40:51] [34mINFO[0;39m [36mg.service.ubs.OrderLockServiceImpl      [0;39m [35m:60  [0;39m Time: 2025-04-06T01:35:51.261200100
[2025-04-06 01:40:51] [34mINFO[0;39m [36mg.service.ubs.OrderLockServiceImpl      [0;39m [35m:62  [0;39m Unlock orders
[2025-04-06 01:41:51] [34mINFO[0;39m [36mg.service.ubs.OrderLockServiceImpl      [0;39m [35m:60  [0;39m Time: 2025-04-06T01:36:51.265212700
[2025-04-06 01:41:51] [34mINFO[0;39m [36mg.service.ubs.OrderLockServiceImpl      [0;39m [35m:62  [0;39m Unlock orders
[2025-04-06 01:42:51] [34mINFO[0;39m [36mg.service.ubs.OrderLockServiceImpl      [0;39m [35m:60  [0;39m Time: 2025-04-06T01:37:51.260259800
[2025-04-06 01:42:51] [34mINFO[0;39m [36mg.service.ubs.OrderLockServiceImpl      [0;39m [35m:62  [0;39m Unlock orders
[2025-04-06 01:43:51] [34mINFO[0;39m [36mg.service.ubs.OrderLockServiceImpl      [0;39m [35m:60  [0;39m Time: 2025-04-06T01:38:51.264948100
[2025-04-06 01:43:51] [34mINFO[0;39m [36mg.service.ubs.OrderLockServiceImpl      [0;39m [35m:62  [0;39m Unlock orders
[2025-04-06 01:44:51] [34mINFO[0;39m [36mg.service.ubs.OrderLockServiceImpl      [0;39m [35m:60  [0;39m Time: 2025-04-06T01:39:51.266791600
[2025-04-06 01:44:51] [34mINFO[0;39m [36mg.service.ubs.OrderLockServiceImpl      [0;39m [35m:62  [0;39m Unlock orders
[2025-04-06 01:45:51] [34mINFO[0;39m [36mg.service.ubs.OrderLockServiceImpl      [0;39m [35m:60  [0;39m Time: 2025-04-06T01:40:51.263036500
[2025-04-06 01:45:51] [34mINFO[0;39m [36mg.service.ubs.OrderLockServiceImpl      [0;39m [35m:62  [0;39m Unlock orders
[2025-04-06 01:46:51] [34mINFO[0;39m [36mg.service.ubs.OrderLockServiceImpl      [0;39m [35m:60  [0;39m Time: 2025-04-06T01:41:51.260285700
[2025-04-06 01:46:51] [34mINFO[0;39m [36mg.service.ubs.OrderLockServiceImpl      [0;39m [35m:62  [0;39m Unlock orders
[2025-04-06 01:47:51] [34mINFO[0;39m [36mg.service.ubs.OrderLockServiceImpl      [0;39m [35m:60  [0;39m Time: 2025-04-06T01:42:51.257386500
[2025-04-06 01:47:51] [34mINFO[0;39m [36mg.service.ubs.OrderLockServiceImpl      [0;39m [35m:62  [0;39m Unlock orders
[2025-04-06 01:48:51] [34mINFO[0;39m [36mg.service.ubs.OrderLockServiceImpl      [0;39m [35m:60  [0;39m Time: 2025-04-06T01:43:51.259471200
[2025-04-06 01:48:51] [34mINFO[0;39m [36mg.service.ubs.OrderLockServiceImpl      [0;39m [35m:62  [0;39m Unlock orders
[2025-04-06 01:49:51] [34mINFO[0;39m [36mg.service.ubs.OrderLockServiceImpl      [0;39m [35m:60  [0;39m Time: 2025-04-06T01:44:51.272055300
[2025-04-06 01:49:51] [34mINFO[0;39m [36mg.service.ubs.OrderLockServiceImpl      [0;39m [35m:62  [0;39m Unlock orders
[2025-04-06 01:50:51] [34mINFO[0;39m [36mg.service.ubs.OrderLockServiceImpl      [0;39m [35m:60  [0;39m Time: 2025-04-06T01:45:51.258949100
[2025-04-06 01:50:51] [34mINFO[0;39m [36mg.service.ubs.OrderLockServiceImpl      [0;39m [35m:62  [0;39m Unlock orders
[2025-04-06 01:51:51] [34mINFO[0;39m [36mg.service.ubs.OrderLockServiceImpl      [0;39m [35m:60  [0;39m Time: 2025-04-06T01:46:51.258839900
[2025-04-06 01:51:51] [34mINFO[0;39m [36mg.service.ubs.OrderLockServiceImpl      [0;39m [35m:62  [0;39m Unlock orders
[2025-04-06 01:52:51] [34mINFO[0;39m [36mg.service.ubs.OrderLockServiceImpl      [0;39m [35m:60  [0;39m Time: 2025-04-06T01:47:51.258731200
[2025-04-06 01:52:51] [34mINFO[0;39m [36mg.service.ubs.OrderLockServiceImpl      [0;39m [35m:62  [0;39m Unlock orders
[2025-04-06 01:53:51] [34mINFO[0;39m [36mg.service.ubs.OrderLockServiceImpl      [0;39m [35m:60  [0;39m Time: 2025-04-06T01:48:51.271045300
[2025-04-06 01:53:51] [34mINFO[0;39m [36mg.service.ubs.OrderLockServiceImpl      [0;39m [35m:62  [0;39m Unlock orders
[2025-04-06 01:54:51] [34mINFO[0;39m [36mg.service.ubs.OrderLockServiceImpl      [0;39m [35m:60  [0;39m Time: 2025-04-06T01:49:51.260132300
[2025-04-06 01:54:51] [34mINFO[0;39m [36mg.service.ubs.OrderLockServiceImpl      [0;39m [35m:62  [0;39m Unlock orders
[2025-04-06 01:55:51] [34mINFO[0;39m [36mg.service.ubs.OrderLockServiceImpl      [0;39m [35m:60  [0;39m Time: 2025-04-06T01:50:51.262651700
[2025-04-06 01:55:51] [34mINFO[0;39m [36mg.service.ubs.OrderLockServiceImpl      [0;39m [35m:62  [0;39m Unlock orders
[2025-04-06 01:56:51] [34mINFO[0;39m [36mg.service.ubs.OrderLockServiceImpl      [0;39m [35m:60  [0;39m Time: 2025-04-06T01:51:51.266597600
[2025-04-06 01:56:51] [34mINFO[0;39m [36mg.service.ubs.OrderLockServiceImpl      [0;39m [35m:62  [0;39m Unlock orders
[2025-04-06 01:57:51] [34mINFO[0;39m [36mg.service.ubs.OrderLockServiceImpl      [0;39m [35m:60  [0;39m Time: 2025-04-06T01:52:51.266303600
[2025-04-06 01:57:51] [34mINFO[0;39m [36mg.service.ubs.OrderLockServiceImpl      [0;39m [35m:62  [0;39m Unlock orders
[2025-04-06 01:58:51] [34mINFO[0;39m [36mg.service.ubs.OrderLockServiceImpl      [0;39m [35m:60  [0;39m Time: 2025-04-06T01:53:51.273048400
[2025-04-06 01:58:51] [34mINFO[0;39m [36mg.service.ubs.OrderLockServiceImpl      [0;39m [35m:62  [0;39m Unlock orders
[2025-04-06 01:59:51] [34mINFO[0;39m [36mg.service.ubs.OrderLockServiceImpl      [0;39m [35m:60  [0;39m Time: 2025-04-06T01:54:51.268486400
[2025-04-06 01:59:51] [34mINFO[0;39m [36mg.service.ubs.OrderLockServiceImpl      [0;39m [35m:62  [0;39m Unlock orders
[2025-04-06 02:00:51] [34mINFO[0;39m [36mg.service.ubs.OrderLockServiceImpl      [0;39m [35m:60  [0;39m Time: 2025-04-06T01:55:51.260525300
[2025-04-06 02:00:51] [34mINFO[0;39m [36mg.service.ubs.OrderLockServiceImpl      [0;39m [35m:62  [0;39m Unlock orders
[2025-04-06 02:01:51] [34mINFO[0;39m [36mg.service.ubs.OrderLockServiceImpl      [0;39m [35m:60  [0;39m Time: 2025-04-06T01:56:51.258953100
[2025-04-06 02:01:51] [34mINFO[0;39m [36mg.service.ubs.OrderLockServiceImpl      [0;39m [35m:62  [0;39m Unlock orders
[2025-04-06 02:02:51] [34mINFO[0;39m [36mg.service.ubs.OrderLockServiceImpl      [0;39m [35m:60  [0;39m Time: 2025-04-06T01:57:51.258902300
[2025-04-06 02:02:51] [34mINFO[0;39m [36mg.service.ubs.OrderLockServiceImpl      [0;39m [35m:62  [0;39m Unlock orders
[2025-04-06 02:03:51] [34mINFO[0;39m [36mg.service.ubs.OrderLockServiceImpl      [0;39m [35m:60  [0;39m Time: 2025-04-06T01:58:51.268105300
[2025-04-06 02:03:51] [34mINFO[0;39m [36mg.service.ubs.OrderLockServiceImpl      [0;39m [35m:62  [0;39m Unlock orders
[2025-04-06 02:04:51] [34mINFO[0;39m [36mg.service.ubs.OrderLockServiceImpl      [0;39m [35m:60  [0;39m Time: 2025-04-06T01:59:51.262769500
[2025-04-06 02:04:51] [34mINFO[0;39m [36mg.service.ubs.OrderLockServiceImpl      [0;39m [35m:62  [0;39m Unlock orders
[2025-04-06 02:05:51] [34mINFO[0;39m [36mg.service.ubs.OrderLockServiceImpl      [0;39m [35m:60  [0;39m Time: 2025-04-06T02:00:51.268736
[2025-04-06 02:05:51] [34mINFO[0;39m [36mg.service.ubs.OrderLockServiceImpl      [0;39m [35m:62  [0;39m Unlock orders
[2025-04-06 02:06:51] [34mINFO[0;39m [36mg.service.ubs.OrderLockServiceImpl      [0;39m [35m:60  [0;39m Time: 2025-04-06T02:01:51.271003
[2025-04-06 02:06:51] [34mINFO[0;39m [36mg.service.ubs.OrderLockServiceImpl      [0;39m [35m:62  [0;39m Unlock orders
[2025-04-06 02:07:51] [34mINFO[0;39m [36mg.service.ubs.OrderLockServiceImpl      [0;39m [35m:60  [0;39m Time: 2025-04-06T02:02:51.262758100
[2025-04-06 02:07:51] [34mINFO[0;39m [36mg.service.ubs.OrderLockServiceImpl      [0;39m [35m:62  [0;39m Unlock orders
[2025-04-06 02:08:51] [34mINFO[0;39m [36mg.service.ubs.OrderLockServiceImpl      [0;39m [35m:60  [0;39m Time: 2025-04-06T02:03:51.265591100
[2025-04-06 02:08:51] [34mINFO[0;39m [36mg.service.ubs.OrderLockServiceImpl      [0;39m [35m:62  [0;39m Unlock orders
[2025-04-06 02:09:51] [34mINFO[0;39m [36mg.service.ubs.OrderLockServiceImpl      [0;39m [35m:60  [0;39m Time: 2025-04-06T02:04:51.273441200
[2025-04-06 02:09:51] [34mINFO[0;39m [36mg.service.ubs.OrderLockServiceImpl      [0;39m [35m:62  [0;39m Unlock orders
[2025-04-06 02:10:51] [34mINFO[0;39m [36mg.service.ubs.OrderLockServiceImpl      [0;39m [35m:60  [0;39m Time: 2025-04-06T02:05:51.269127500
[2025-04-06 02:10:51] [34mINFO[0;39m [36mg.service.ubs.OrderLockServiceImpl      [0;39m [35m:62  [0;39m Unlock orders
[2025-04-06 02:11:51] [34mINFO[0;39m [36mg.service.ubs.OrderLockServiceImpl      [0;39m [35m:60  [0;39m Time: 2025-04-06T02:06:51.266043700
[2025-04-06 02:11:51] [34mINFO[0;39m [36mg.service.ubs.OrderLockServiceImpl      [0;39m [35m:62  [0;39m Unlock orders
[2025-04-06 02:12:51] [34mINFO[0;39m [36mg.service.ubs.OrderLockServiceImpl      [0;39m [35m:60  [0;39m Time: 2025-04-06T02:07:51.270151300
[2025-04-06 02:12:51] [34mINFO[0;39m [36mg.service.ubs.OrderLockServiceImpl      [0;39m [35m:62  [0;39m Unlock orders
[2025-04-06 02:13:51] [34mINFO[0;39m [36mg.service.ubs.OrderLockServiceImpl      [0;39m [35m:60  [0;39m Time: 2025-04-06T02:08:51.271938400
[2025-04-06 02:13:51] [34mINFO[0;39m [36mg.service.ubs.OrderLockServiceImpl      [0;39m [35m:62  [0;39m Unlock orders
[2025-04-06 02:14:51] [34mINFO[0;39m [36mg.service.ubs.OrderLockServiceImpl      [0;39m [35m:60  [0;39m Time: 2025-04-06T02:09:51.263290600
[2025-04-06 02:14:51] [34mINFO[0;39m [36mg.service.ubs.OrderLockServiceImpl      [0;39m [35m:62  [0;39m Unlock orders
[2025-04-06 02:15:51] [34mINFO[0;39m [36mg.service.ubs.OrderLockServiceImpl      [0;39m [35m:60  [0;39m Time: 2025-04-06T02:10:51.258158900
[2025-04-06 02:15:51] [34mINFO[0;39m [36mg.service.ubs.OrderLockServiceImpl      [0;39m [35m:62  [0;39m Unlock orders
[2025-04-06 02:16:51] [34mINFO[0;39m [36mg.service.ubs.OrderLockServiceImpl      [0;39m [35m:60  [0;39m Time: 2025-04-06T02:11:51.268869300
[2025-04-06 02:16:51] [34mINFO[0;39m [36mg.service.ubs.OrderLockServiceImpl      [0;39m [35m:62  [0;39m Unlock orders
[2025-04-06 02:17:51] [34mINFO[0;39m [36mg.service.ubs.OrderLockServiceImpl      [0;39m [35m:60  [0;39m Time: 2025-04-06T02:12:51.262588600
[2025-04-06 02:17:51] [34mINFO[0;39m [36mg.service.ubs.OrderLockServiceImpl      [0;39m [35m:62  [0;39m Unlock orders
[2025-04-06 02:18:51] [34mINFO[0;39m [36mg.service.ubs.OrderLockServiceImpl      [0;39m [35m:60  [0;39m Time: 2025-04-06T02:13:51.273175600
[2025-04-06 02:18:51] [34mINFO[0;39m [36mg.service.ubs.OrderLockServiceImpl      [0;39m [35m:62  [0;39m Unlock orders
[2025-04-06 02:19:51] [34mINFO[0;39m [36mg.service.ubs.OrderLockServiceImpl      [0;39m [35m:60  [0;39m Time: 2025-04-06T02:14:51.262615700
[2025-04-06 02:19:51] [34mINFO[0;39m [36mg.service.ubs.OrderLockServiceImpl      [0;39m [35m:62  [0;39m Unlock orders
[2025-04-06 02:20:51] [34mINFO[0;39m [36mg.service.ubs.OrderLockServiceImpl      [0;39m [35m:60  [0;39m Time: 2025-04-06T02:15:51.264776300
[2025-04-06 02:20:51] [34mINFO[0;39m [36mg.service.ubs.OrderLockServiceImpl      [0;39m [35m:62  [0;39m Unlock orders
[2025-04-06 02:21:51] [34mINFO[0;39m [36mg.service.ubs.OrderLockServiceImpl      [0;39m [35m:60  [0;39m Time: 2025-04-06T02:16:51.259586
[2025-04-06 02:21:51] [34mINFO[0;39m [36mg.service.ubs.OrderLockServiceImpl      [0;39m [35m:62  [0;39m Unlock orders
[2025-04-06 02:22:51] [34mINFO[0;39m [36mg.service.ubs.OrderLockServiceImpl      [0;39m [35m:60  [0;39m Time: 2025-04-06T02:17:51.268930400
[2025-04-06 02:22:51] [34mINFO[0;39m [36mg.service.ubs.OrderLockServiceImpl      [0;39m [35m:62  [0;39m Unlock orders
[2025-04-06 02:23:51] [34mINFO[0;39m [36mg.service.ubs.OrderLockServiceImpl      [0;39m [35m:60  [0;39m Time: 2025-04-06T02:18:51.267962900
[2025-04-06 02:23:51] [34mINFO[0;39m [36mg.service.ubs.OrderLockServiceImpl      [0;39m [35m:62  [0;39m Unlock orders
[2025-04-06 02:24:51] [34mINFO[0;39m [36mg.service.ubs.OrderLockServiceImpl      [0;39m [35m:60  [0;39m Time: 2025-04-06T02:19:51.270682100
[2025-04-06 02:24:51] [34mINFO[0;39m [36mg.service.ubs.OrderLockServiceImpl      [0;39m [35m:62  [0;39m Unlock orders
[2025-04-06 02:25:51] [34mINFO[0;39m [36mg.service.ubs.OrderLockServiceImpl      [0;39m [35m:60  [0;39m Time: 2025-04-06T02:20:51.270770
[2025-04-06 02:25:51] [34mINFO[0;39m [36mg.service.ubs.OrderLockServiceImpl      [0;39m [35m:62  [0;39m Unlock orders
[2025-04-06 02:26:51] [34mINFO[0;39m [36mg.service.ubs.OrderLockServiceImpl      [0;39m [35m:60  [0;39m Time: 2025-04-06T02:21:51.272828800
[2025-04-06 02:26:51] [34mINFO[0;39m [36mg.service.ubs.OrderLockServiceImpl      [0;39m [35m:62  [0;39m Unlock orders
[2025-04-06 02:27:51] [34mINFO[0;39m [36mg.service.ubs.OrderLockServiceImpl      [0;39m [35m:60  [0;39m Time: 2025-04-06T02:22:51.261484500
[2025-04-06 02:27:51] [34mINFO[0;39m [36mg.service.ubs.OrderLockServiceImpl      [0;39m [35m:62  [0;39m Unlock orders
[2025-04-06 02:28:51] [34mINFO[0;39m [36mg.service.ubs.OrderLockServiceImpl      [0;39m [35m:60  [0;39m Time: 2025-04-06T02:23:51.263229600
[2025-04-06 02:28:51] [34mINFO[0;39m [36mg.service.ubs.OrderLockServiceImpl      [0;39m [35m:62  [0;39m Unlock orders
[2025-04-06 02:29:51] [34mINFO[0;39m [36mg.service.ubs.OrderLockServiceImpl      [0;39m [35m:60  [0;39m Time: 2025-04-06T02:24:51.258941300
[2025-04-06 02:29:51] [34mINFO[0;39m [36mg.service.ubs.OrderLockServiceImpl      [0;39m [35m:62  [0;39m Unlock orders
[2025-04-06 02:30:51] [34mINFO[0;39m [36mg.service.ubs.OrderLockServiceImpl      [0;39m [35m:60  [0;39m Time: 2025-04-06T02:25:51.261070700
[2025-04-06 02:30:51] [34mINFO[0;39m [36mg.service.ubs.OrderLockServiceImpl      [0;39m [35m:62  [0;39m Unlock orders
[2025-04-06 02:31:51] [34mINFO[0;39m [36mg.service.ubs.OrderLockServiceImpl      [0;39m [35m:60  [0;39m Time: 2025-04-06T02:26:51.260202700
[2025-04-06 02:31:51] [34mINFO[0;39m [36mg.service.ubs.OrderLockServiceImpl      [0;39m [35m:62  [0;39m Unlock orders
[2025-04-06 02:32:51] [34mINFO[0;39m [36mg.service.ubs.OrderLockServiceImpl      [0;39m [35m:60  [0;39m Time: 2025-04-06T02:27:51.266077200
[2025-04-06 02:32:51] [34mINFO[0;39m [36mg.service.ubs.OrderLockServiceImpl      [0;39m [35m:62  [0;39m Unlock orders
[2025-04-06 02:33:51] [34mINFO[0;39m [36mg.service.ubs.OrderLockServiceImpl      [0;39m [35m:60  [0;39m Time: 2025-04-06T02:28:51.271569800
[2025-04-06 02:33:51] [34mINFO[0;39m [36mg.service.ubs.OrderLockServiceImpl      [0;39m [35m:62  [0;39m Unlock orders
[2025-04-06 02:34:51] [34mINFO[0;39m [36mg.service.ubs.OrderLockServiceImpl      [0;39m [35m:60  [0;39m Time: 2025-04-06T02:29:51.266917200
[2025-04-06 02:34:51] [34mINFO[0;39m [36mg.service.ubs.OrderLockServiceImpl      [0;39m [35m:62  [0;39m Unlock orders
[2025-04-06 02:35:51] [34mINFO[0;39m [36mg.service.ubs.OrderLockServiceImpl      [0;39m [35m:60  [0;39m Time: 2025-04-06T02:30:51.265111900
[2025-04-06 02:35:51] [34mINFO[0;39m [36mg.service.ubs.OrderLockServiceImpl      [0;39m [35m:62  [0;39m Unlock orders
[2025-04-06 02:36:51] [34mINFO[0;39m [36mg.service.ubs.OrderLockServiceImpl      [0;39m [35m:60  [0;39m Time: 2025-04-06T02:31:51.259437200
[2025-04-06 02:36:51] [34mINFO[0;39m [36mg.service.ubs.OrderLockServiceImpl      [0;39m [35m:62  [0;39m Unlock orders
[2025-04-06 02:37:51] [34mINFO[0;39m [36mg.service.ubs.OrderLockServiceImpl      [0;39m [35m:60  [0;39m Time: 2025-04-06T02:32:51.279193100
[2025-04-06 02:37:51] [34mINFO[0;39m [36mg.service.ubs.OrderLockServiceImpl      [0;39m [35m:62  [0;39m Unlock orders
[2025-04-06 09:23:32] [31mWARN[0;39m [36mcom.zaxxer.hikari.pool.HikariPool       [0;39m [35m:804 [0;39m HikariPool-1 - Thread starvation or clock leap detected (housekeeper delta=6h45m13s751ms745µs600ns).
[2025-04-06 09:23:35] [34mINFO[0;39m [36mg.service.ubs.OrderLockServiceImpl      [0;39m [35m:60  [0;39m Time: 2025-04-06T09:18:35.026788500
[2025-04-06 09:23:35] [34mINFO[0;39m [36mg.service.ubs.OrderLockServiceImpl      [0;39m [35m:62  [0;39m Unlock orders
[2025-04-06 09:23:35] [34mINFO[0;39m [36mg.service.ubs.OrderLockServiceImpl      [0;39m [35m:60  [0;39m Time: 2025-04-06T09:18:35.098786800
[2025-04-06 09:23:35] [34mINFO[0;39m [36mg.service.ubs.OrderLockServiceImpl      [0;39m [35m:62  [0;39m Unlock orders
[2025-04-06 09:23:35] [34mINFO[0;39m [36mg.service.ubs.OrderLockServiceImpl      [0;39m [35m:60  [0;39m Time: 2025-04-06T09:18:35.100787500
[2025-04-06 09:23:35] [34mINFO[0;39m [36mg.service.ubs.OrderLockServiceImpl      [0;39m [35m:62  [0;39m Unlock orders
[2025-04-06 09:23:35] [34mINFO[0;39m [36mg.service.ubs.OrderLockServiceImpl      [0;39m [35m:60  [0;39m Time: 2025-04-06T09:18:35.104789600
[2025-04-06 09:23:35] [34mINFO[0;39m [36mg.service.ubs.OrderLockServiceImpl      [0;39m [35m:62  [0;39m Unlock orders
[2025-04-06 09:23:35] [34mINFO[0;39m [36mg.service.ubs.OrderLockServiceImpl      [0;39m [35m:60  [0;39m Time: 2025-04-06T09:18:35.106790400
[2025-04-06 09:23:35] [34mINFO[0;39m [36mg.service.ubs.OrderLockServiceImpl      [0;39m [35m:62  [0;39m Unlock orders
[2025-04-06 09:23:35] [34mINFO[0;39m [36mg.service.ubs.OrderLockServiceImpl      [0;39m [35m:60  [0;39m Time: 2025-04-06T09:18:35.108787900
[2025-04-06 09:23:35] [34mINFO[0;39m [36mg.service.ubs.OrderLockServiceImpl      [0;39m [35m:62  [0;39m Unlock orders
[2025-04-06 09:23:35] [34mINFO[0;39m [36mg.service.ubs.OrderLockServiceImpl      [0;39m [35m:60  [0;39m Time: 2025-04-06T09:18:35.109789200
[2025-04-06 09:23:35] [34mINFO[0;39m [36mg.service.ubs.OrderLockServiceImpl      [0;39m [35m:62  [0;39m Unlock orders
[2025-04-06 09:23:35] [34mINFO[0;39m [36mg.service.ubs.OrderLockServiceImpl      [0;39m [35m:60  [0;39m Time: 2025-04-06T09:18:35.111789100
[2025-04-06 09:23:35] [34mINFO[0;39m [36mg.service.ubs.OrderLockServiceImpl      [0;39m [35m:62  [0;39m Unlock orders
[2025-04-06 09:23:35] [34mINFO[0;39m [36mg.service.ubs.OrderLockServiceImpl      [0;39m [35m:60  [0;39m Time: 2025-04-06T09:18:35.113789900
[2025-04-06 09:23:35] [34mINFO[0;39m [36mg.service.ubs.OrderLockServiceImpl      [0;39m [35m:62  [0;39m Unlock orders
[2025-04-06 09:23:35] [34mINFO[0;39m [36mg.service.ubs.OrderLockServiceImpl      [0;39m [35m:60  [0;39m Time: 2025-04-06T09:18:35.114786800
[2025-04-06 09:23:35] [34mINFO[0;39m [36mg.service.ubs.OrderLockServiceImpl      [0;39m [35m:62  [0;39m Unlock orders
[2025-04-06 09:23:35] [34mINFO[0;39m [36mg.service.ubs.OrderLockServiceImpl      [0;39m [35m:60  [0;39m Time: 2025-04-06T09:18:35.116787800
[2025-04-06 09:23:35] [34mINFO[0;39m [36mg.service.ubs.OrderLockServiceImpl      [0;39m [35m:62  [0;39m Unlock orders
[2025-04-06 09:23:35] [34mINFO[0;39m [36mg.service.ubs.OrderLockServiceImpl      [0;39m [35m:60  [0;39m Time: 2025-04-06T09:18:35.117787
[2025-04-06 09:23:35] [34mINFO[0;39m [36mg.service.ubs.OrderLockServiceImpl      [0;39m [35m:62  [0;39m Unlock orders
[2025-04-06 09:23:35] [34mINFO[0;39m [36mg.service.ubs.OrderLockServiceImpl      [0;39m [35m:60  [0;39m Time: 2025-04-06T09:18:35.119789800
[2025-04-06 09:23:35] [34mINFO[0;39m [36mg.service.ubs.OrderLockServiceImpl      [0;39m [35m:62  [0;39m Unlock orders
[2025-04-06 09:23:35] [34mINFO[0;39m [36mg.service.ubs.OrderLockServiceImpl      [0;39m [35m:60  [0;39m Time: 2025-04-06T09:18:35.120789200
[2025-04-06 09:23:35] [34mINFO[0;39m [36mg.service.ubs.OrderLockServiceImpl      [0;39m [35m:62  [0;39m Unlock orders
[2025-04-06 09:23:35] [34mINFO[0;39m [36mg.service.ubs.OrderLockServiceImpl      [0;39m [35m:60  [0;39m Time: 2025-04-06T09:18:35.122788900
[2025-04-06 09:23:35] [34mINFO[0;39m [36mg.service.ubs.OrderLockServiceImpl      [0;39m [35m:62  [0;39m Unlock orders
[2025-04-06 09:23:35] [34mINFO[0;39m [36mg.service.ubs.OrderLockServiceImpl      [0;39m [35m:60  [0;39m Time: 2025-04-06T09:18:35.124791200
[2025-04-06 09:23:35] [34mINFO[0;39m [36mg.service.ubs.OrderLockServiceImpl      [0;39m [35m:62  [0;39m Unlock orders
[2025-04-06 09:23:35] [34mINFO[0;39m [36mg.service.ubs.OrderLockServiceImpl      [0;39m [35m:60  [0;39m Time: 2025-04-06T09:18:35.126791
[2025-04-06 09:23:35] [34mINFO[0;39m [36mg.service.ubs.OrderLockServiceImpl      [0;39m [35m:62  [0;39m Unlock orders
[2025-04-06 09:23:35] [34mINFO[0;39m [36mg.service.ubs.OrderLockServiceImpl      [0;39m [35m:60  [0;39m Time: 2025-04-06T09:18:35.128790600
[2025-04-06 09:23:35] [34mINFO[0;39m [36mg.service.ubs.OrderLockServiceImpl      [0;39m [35m:62  [0;39m Unlock orders
[2025-04-06 09:23:35] [34mINFO[0;39m [36mg.service.ubs.OrderLockServiceImpl      [0;39m [35m:60  [0;39m Time: 2025-04-06T09:18:35.131789900
[2025-04-06 09:23:35] [34mINFO[0;39m [36mg.service.ubs.OrderLockServiceImpl      [0;39m [35m:62  [0;39m Unlock orders
[2025-04-06 09:23:35] [34mINFO[0;39m [36mg.service.ubs.OrderLockServiceImpl      [0;39m [35m:60  [0;39m Time: 2025-04-06T09:18:35.134790300
[2025-04-06 09:23:35] [34mINFO[0;39m [36mg.service.ubs.OrderLockServiceImpl      [0;39m [35m:62  [0;39m Unlock orders
[2025-04-06 09:23:35] [34mINFO[0;39m [36mg.service.ubs.OrderLockServiceImpl      [0;39m [35m:60  [0;39m Time: 2025-04-06T09:18:35.137791500
[2025-04-06 09:23:35] [34mINFO[0;39m [36mg.service.ubs.OrderLockServiceImpl      [0;39m [35m:62  [0;39m Unlock orders
[2025-04-06 09:23:35] [34mINFO[0;39m [36mg.service.ubs.OrderLockServiceImpl      [0;39m [35m:60  [0;39m Time: 2025-04-06T09:18:35.140790900
[2025-04-06 09:23:35] [34mINFO[0;39m [36mg.service.ubs.OrderLockServiceImpl      [0;39m [35m:62  [0;39m Unlock orders
[2025-04-06 09:23:35] [34mINFO[0;39m [36mg.service.ubs.OrderLockServiceImpl      [0;39m [35m:60  [0;39m Time: 2025-04-06T09:18:35.143787500
[2025-04-06 09:23:35] [34mINFO[0;39m [36mg.service.ubs.OrderLockServiceImpl      [0;39m [35m:62  [0;39m Unlock orders
[2025-04-06 09:23:35] [34mINFO[0;39m [36mg.service.ubs.OrderLockServiceImpl      [0;39m [35m:60  [0;39m Time: 2025-04-06T09:18:35.145786800
[2025-04-06 09:23:35] [34mINFO[0;39m [36mg.service.ubs.OrderLockServiceImpl      [0;39m [35m:62  [0;39m Unlock orders
[2025-04-06 09:23:35] [34mINFO[0;39m [36mg.service.ubs.OrderLockServiceImpl      [0;39m [35m:60  [0;39m Time: 2025-04-06T09:18:35.147794400
[2025-04-06 09:23:35] [34mINFO[0;39m [36mg.service.ubs.OrderLockServiceImpl      [0;39m [35m:62  [0;39m Unlock orders
[2025-04-06 09:23:35] [34mINFO[0;39m [36mg.service.ubs.OrderLockServiceImpl      [0;39m [35m:60  [0;39m Time: 2025-04-06T09:18:35.149804400
[2025-04-06 09:23:35] [34mINFO[0;39m [36mg.service.ubs.OrderLockServiceImpl      [0;39m [35m:62  [0;39m Unlock orders
[2025-04-06 09:23:35] [34mINFO[0;39m [36mg.service.ubs.OrderLockServiceImpl      [0;39m [35m:60  [0;39m Time: 2025-04-06T09:18:35.153790
[2025-04-06 09:23:35] [34mINFO[0;39m [36mg.service.ubs.OrderLockServiceImpl      [0;39m [35m:62  [0;39m Unlock orders
[2025-04-06 09:23:35] [34mINFO[0;39m [36mg.service.ubs.OrderLockServiceImpl      [0;39m [35m:60  [0;39m Time: 2025-04-06T09:18:35.157792600
[2025-04-06 09:23:35] [34mINFO[0;39m [36mg.service.ubs.OrderLockServiceImpl      [0;39m [35m:62  [0;39m Unlock orders
[2025-04-06 09:23:35] [34mINFO[0;39m [36mg.service.ubs.OrderLockServiceImpl      [0;39m [35m:60  [0;39m Time: 2025-04-06T09:18:35.160788100
[2025-04-06 09:23:35] [34mINFO[0;39m [36mg.service.ubs.OrderLockServiceImpl      [0;39m [35m:62  [0;39m Unlock orders
[2025-04-06 09:23:35] [34mINFO[0;39m [36mg.service.ubs.OrderLockServiceImpl      [0;39m [35m:60  [0;39m Time: 2025-04-06T09:18:35.162788
[2025-04-06 09:23:35] [34mINFO[0;39m [36mg.service.ubs.OrderLockServiceImpl      [0;39m [35m:62  [0;39m Unlock orders
[2025-04-06 09:23:35] [34mINFO[0;39m [36mg.service.ubs.OrderLockServiceImpl      [0;39m [35m:60  [0;39m Time: 2025-04-06T09:18:35.165792200
[2025-04-06 09:23:35] [34mINFO[0;39m [36mg.service.ubs.OrderLockServiceImpl      [0;39m [35m:62  [0;39m Unlock orders
[2025-04-06 09:23:35] [34mINFO[0;39m [36mg.service.ubs.OrderLockServiceImpl      [0;39m [35m:60  [0;39m Time: 2025-04-06T09:18:35.167792600
[2025-04-06 09:23:35] [34mINFO[0;39m [36mg.service.ubs.OrderLockServiceImpl      [0;39m [35m:62  [0;39m Unlock orders
[2025-04-06 09:23:35] [34mINFO[0;39m [36mg.service.ubs.OrderLockServiceImpl      [0;39m [35m:60  [0;39m Time: 2025-04-06T09:18:35.171788500
[2025-04-06 09:23:35] [34mINFO[0;39m [36mg.service.ubs.OrderLockServiceImpl      [0;39m [35m:62  [0;39m Unlock orders
[2025-04-06 09:23:35] [34mINFO[0;39m [36mg.service.ubs.OrderLockServiceImpl      [0;39m [35m:60  [0;39m Time: 2025-04-06T09:18:35.172790100
[2025-04-06 09:23:35] [34mINFO[0;39m [36mg.service.ubs.OrderLockServiceImpl      [0;39m [35m:62  [0;39m Unlock orders
[2025-04-06 09:23:35] [34mINFO[0;39m [36mg.service.ubs.OrderLockServiceImpl      [0;39m [35m:60  [0;39m Time: 2025-04-06T09:18:35.174789700
[2025-04-06 09:23:35] [34mINFO[0;39m [36mg.service.ubs.OrderLockServiceImpl      [0;39m [35m:62  [0;39m Unlock orders
[2025-04-06 09:23:35] [34mINFO[0;39m [36mg.service.ubs.OrderLockServiceImpl      [0;39m [35m:60  [0;39m Time: 2025-04-06T09:18:35.176789700
[2025-04-06 09:23:35] [34mINFO[0;39m [36mg.service.ubs.OrderLockServiceImpl      [0;39m [35m:62  [0;39m Unlock orders
[2025-04-06 09:23:35] [34mINFO[0;39m [36mg.service.ubs.OrderLockServiceImpl      [0;39m [35m:60  [0;39m Time: 2025-04-06T09:18:35.178788900
[2025-04-06 09:23:35] [34mINFO[0;39m [36mg.service.ubs.OrderLockServiceImpl      [0;39m [35m:62  [0;39m Unlock orders
[2025-04-06 09:23:35] [34mINFO[0;39m [36mg.service.ubs.OrderLockServiceImpl      [0;39m [35m:60  [0;39m Time: 2025-04-06T09:18:35.181788700
[2025-04-06 09:23:35] [34mINFO[0;39m [36mg.service.ubs.OrderLockServiceImpl      [0;39m [35m:62  [0;39m Unlock orders
[2025-04-06 09:23:35] [34mINFO[0;39m [36mg.service.ubs.OrderLockServiceImpl      [0;39m [35m:60  [0;39m Time: 2025-04-06T09:18:35.185789100
[2025-04-06 09:23:35] [34mINFO[0;39m [36mg.service.ubs.OrderLockServiceImpl      [0;39m [35m:62  [0;39m Unlock orders
[2025-04-06 09:23:35] [34mINFO[0;39m [36mg.service.ubs.OrderLockServiceImpl      [0;39m [35m:60  [0;39m Time: 2025-04-06T09:18:35.189789400
[2025-04-06 09:23:35] [34mINFO[0;39m [36mg.service.ubs.OrderLockServiceImpl      [0;39m [35m:62  [0;39m Unlock orders
[2025-04-06 09:23:35] [34mINFO[0;39m [36mg.service.ubs.OrderLockServiceImpl      [0;39m [35m:60  [0;39m Time: 2025-04-06T09:18:35.191790100
[2025-04-06 09:23:35] [34mINFO[0;39m [36mg.service.ubs.OrderLockServiceImpl      [0;39m [35m:62  [0;39m Unlock orders
[2025-04-06 09:23:35] [34mINFO[0;39m [36mg.service.ubs.OrderLockServiceImpl      [0;39m [35m:60  [0;39m Time: 2025-04-06T09:18:35.192791
[2025-04-06 09:23:35] [34mINFO[0;39m [36mg.service.ubs.OrderLockServiceImpl      [0;39m [35m:62  [0;39m Unlock orders
[2025-04-06 09:23:35] [34mINFO[0;39m [36mg.service.ubs.OrderLockServiceImpl      [0;39m [35m:60  [0;39m Time: 2025-04-06T09:18:35.195788700
[2025-04-06 09:23:35] [34mINFO[0;39m [36mg.service.ubs.OrderLockServiceImpl      [0;39m [35m:62  [0;39m Unlock orders
[2025-04-06 09:23:35] [34mINFO[0;39m [36mg.service.ubs.OrderLockServiceImpl      [0;39m [35m:60  [0;39m Time: 2025-04-06T09:18:35.197791
[2025-04-06 09:23:35] [34mINFO[0;39m [36mg.service.ubs.OrderLockServiceImpl      [0;39m [35m:62  [0;39m Unlock orders
[2025-04-06 09:23:35] [34mINFO[0;39m [36mg.service.ubs.OrderLockServiceImpl      [0;39m [35m:60  [0;39m Time: 2025-04-06T09:18:35.199798
[2025-04-06 09:23:35] [34mINFO[0;39m [36mg.service.ubs.OrderLockServiceImpl      [0;39m [35m:62  [0;39m Unlock orders
[2025-04-06 09:23:35] [34mINFO[0;39m [36mg.service.ubs.OrderLockServiceImpl      [0;39m [35m:60  [0;39m Time: 2025-04-06T09:18:35.202791700
[2025-04-06 09:23:35] [34mINFO[0;39m [36mg.service.ubs.OrderLockServiceImpl      [0;39m [35m:62  [0;39m Unlock orders
[2025-04-06 09:23:35] [34mINFO[0;39m [36mg.service.ubs.OrderLockServiceImpl      [0;39m [35m:60  [0;39m Time: 2025-04-06T09:18:35.205789600
[2025-04-06 09:23:35] [34mINFO[0;39m [36mg.service.ubs.OrderLockServiceImpl      [0;39m [35m:62  [0;39m Unlock orders
[2025-04-06 09:23:35] [34mINFO[0;39m [36mg.service.ubs.OrderLockServiceImpl      [0;39m [35m:60  [0;39m Time: 2025-04-06T09:18:35.211788200
[2025-04-06 09:23:35] [34mINFO[0;39m [36mg.service.ubs.OrderLockServiceImpl      [0;39m [35m:62  [0;39m Unlock orders
[2025-04-06 09:23:35] [34mINFO[0;39m [36mg.service.ubs.OrderLockServiceImpl      [0;39m [35m:60  [0;39m Time: 2025-04-06T09:18:35.213791800
[2025-04-06 09:23:35] [34mINFO[0;39m [36mg.service.ubs.OrderLockServiceImpl      [0;39m [35m:62  [0;39m Unlock orders
[2025-04-06 09:23:35] [34mINFO[0;39m [36mg.service.ubs.OrderLockServiceImpl      [0;39m [35m:60  [0;39m Time: 2025-04-06T09:18:35.215790300
[2025-04-06 09:23:35] [34mINFO[0;39m [36mg.service.ubs.OrderLockServiceImpl      [0;39m [35m:62  [0;39m Unlock orders
[2025-04-06 09:23:35] [34mINFO[0;39m [36mg.service.ubs.OrderLockServiceImpl      [0;39m [35m:60  [0;39m Time: 2025-04-06T09:18:35.218790
[2025-04-06 09:23:35] [34mINFO[0;39m [36mg.service.ubs.OrderLockServiceImpl      [0;39m [35m:62  [0;39m Unlock orders
[2025-04-06 09:23:35] [34mINFO[0;39m [36mg.service.ubs.OrderLockServiceImpl      [0;39m [35m:60  [0;39m Time: 2025-04-06T09:18:35.220787200
[2025-04-06 09:23:35] [34mINFO[0;39m [36mg.service.ubs.OrderLockServiceImpl      [0;39m [35m:62  [0;39m Unlock orders
[2025-04-06 09:23:35] [34mINFO[0;39m [36mg.service.ubs.OrderLockServiceImpl      [0;39m [35m:60  [0;39m Time: 2025-04-06T09:18:35.222790900
[2025-04-06 09:23:35] [34mINFO[0;39m [36mg.service.ubs.OrderLockServiceImpl      [0;39m [35m:62  [0;39m Unlock orders
[2025-04-06 09:23:35] [34mINFO[0;39m [36mg.service.ubs.OrderLockServiceImpl      [0;39m [35m:60  [0;39m Time: 2025-04-06T09:18:35.223790
[2025-04-06 09:23:35] [34mINFO[0;39m [36mg.service.ubs.OrderLockServiceImpl      [0;39m [35m:62  [0;39m Unlock orders
[2025-04-06 09:23:35] [34mINFO[0;39m [36mg.service.ubs.OrderLockServiceImpl      [0;39m [35m:60  [0;39m Time: 2025-04-06T09:18:35.225788600
[2025-04-06 09:23:35] [34mINFO[0;39m [36mg.service.ubs.OrderLockServiceImpl      [0;39m [35m:62  [0;39m Unlock orders
[2025-04-06 09:23:35] [34mINFO[0;39m [36mg.service.ubs.OrderLockServiceImpl      [0;39m [35m:60  [0;39m Time: 2025-04-06T09:18:35.227791
[2025-04-06 09:23:35] [34mINFO[0;39m [36mg.service.ubs.OrderLockServiceImpl      [0;39m [35m:62  [0;39m Unlock orders
[2025-04-06 09:23:35] [34mINFO[0;39m [36mg.service.ubs.OrderLockServiceImpl      [0;39m [35m:60  [0;39m Time: 2025-04-06T09:18:35.229792700
[2025-04-06 09:23:35] [34mINFO[0;39m [36mg.service.ubs.OrderLockServiceImpl      [0;39m [35m:62  [0;39m Unlock orders
[2025-04-06 09:23:35] [34mINFO[0;39m [36mg.service.ubs.OrderLockServiceImpl      [0;39m [35m:60  [0;39m Time: 2025-04-06T09:18:35.232793300
[2025-04-06 09:23:35] [34mINFO[0;39m [36mg.service.ubs.OrderLockServiceImpl      [0;39m [35m:62  [0;39m Unlock orders
[2025-04-06 09:23:35] [34mINFO[0;39m [36mg.service.ubs.OrderLockServiceImpl      [0;39m [35m:60  [0;39m Time: 2025-04-06T09:18:35.235792200
[2025-04-06 09:23:35] [34mINFO[0;39m [36mg.service.ubs.OrderLockServiceImpl      [0;39m [35m:62  [0;39m Unlock orders
[2025-04-06 09:23:35] [34mINFO[0;39m [36mg.service.ubs.OrderLockServiceImpl      [0;39m [35m:60  [0;39m Time: 2025-04-06T09:18:35.237794700
[2025-04-06 09:23:35] [34mINFO[0;39m [36mg.service.ubs.OrderLockServiceImpl      [0;39m [35m:62  [0;39m Unlock orders
[2025-04-06 09:23:35] [34mINFO[0;39m [36mg.service.ubs.OrderLockServiceImpl      [0;39m [35m:60  [0;39m Time: 2025-04-06T09:18:35.239791200
[2025-04-06 09:23:35] [34mINFO[0;39m [36mg.service.ubs.OrderLockServiceImpl      [0;39m [35m:62  [0;39m Unlock orders
[2025-04-06 09:23:35] [34mINFO[0;39m [36mg.service.ubs.OrderLockServiceImpl      [0;39m [35m:60  [0;39m Time: 2025-04-06T09:18:35.241797600
[2025-04-06 09:23:35] [34mINFO[0;39m [36mg.service.ubs.OrderLockServiceImpl      [0;39m [35m:62  [0;39m Unlock orders
[2025-04-06 09:23:35] [34mINFO[0;39m [36mg.service.ubs.OrderLockServiceImpl      [0;39m [35m:60  [0;39m Time: 2025-04-06T09:18:35.242797300
[2025-04-06 09:23:35] [34mINFO[0;39m [36mg.service.ubs.OrderLockServiceImpl      [0;39m [35m:62  [0;39m Unlock orders
[2025-04-06 09:23:35] [34mINFO[0;39m [36mg.service.ubs.OrderLockServiceImpl      [0;39m [35m:60  [0;39m Time: 2025-04-06T09:18:35.244792900
[2025-04-06 09:23:35] [34mINFO[0;39m [36mg.service.ubs.OrderLockServiceImpl      [0;39m [35m:62  [0;39m Unlock orders
[2025-04-06 09:23:35] [34mINFO[0;39m [36mg.service.ubs.OrderLockServiceImpl      [0;39m [35m:60  [0;39m Time: 2025-04-06T09:18:35.246790400
[2025-04-06 09:23:35] [34mINFO[0;39m [36mg.service.ubs.OrderLockServiceImpl      [0;39m [35m:62  [0;39m Unlock orders
[2025-04-06 09:23:35] [34mINFO[0;39m [36mg.service.ubs.OrderLockServiceImpl      [0;39m [35m:60  [0;39m Time: 2025-04-06T09:18:35.247789100
[2025-04-06 09:23:35] [34mINFO[0;39m [36mg.service.ubs.OrderLockServiceImpl      [0;39m [35m:62  [0;39m Unlock orders
[2025-04-06 09:23:35] [34mINFO[0;39m [36mg.service.ubs.OrderLockServiceImpl      [0;39m [35m:60  [0;39m Time: 2025-04-06T09:18:35.249790600
[2025-04-06 09:23:35] [34mINFO[0;39m [36mg.service.ubs.OrderLockServiceImpl      [0;39m [35m:62  [0;39m Unlock orders
[2025-04-06 09:23:35] [34mINFO[0;39m [36mg.service.ubs.OrderLockServiceImpl      [0;39m [35m:60  [0;39m Time: 2025-04-06T09:18:35.250788600
[2025-04-06 09:23:35] [34mINFO[0;39m [36mg.service.ubs.OrderLockServiceImpl      [0;39m [35m:62  [0;39m Unlock orders
[2025-04-06 09:23:35] [34mINFO[0;39m [36mg.service.ubs.OrderLockServiceImpl      [0;39m [35m:60  [0;39m Time: 2025-04-06T09:18:35.252790100
[2025-04-06 09:23:35] [34mINFO[0;39m [36mg.service.ubs.OrderLockServiceImpl      [0;39m [35m:62  [0;39m Unlock orders
[2025-04-06 09:23:35] [34mINFO[0;39m [36mg.service.ubs.OrderLockServiceImpl      [0;39m [35m:60  [0;39m Time: 2025-04-06T09:18:35.254789100
[2025-04-06 09:23:35] [34mINFO[0;39m [36mg.service.ubs.OrderLockServiceImpl      [0;39m [35m:62  [0;39m Unlock orders
[2025-04-06 09:23:35] [34mINFO[0;39m [36mg.service.ubs.OrderLockServiceImpl      [0;39m [35m:60  [0;39m Time: 2025-04-06T09:18:35.255789200
[2025-04-06 09:23:35] [34mINFO[0;39m [36mg.service.ubs.OrderLockServiceImpl      [0;39m [35m:62  [0;39m Unlock orders
[2025-04-06 09:23:35] [34mINFO[0;39m [36mg.service.ubs.OrderLockServiceImpl      [0;39m [35m:60  [0;39m Time: 2025-04-06T09:18:35.257788600
[2025-04-06 09:23:35] [34mINFO[0;39m [36mg.service.ubs.OrderLockServiceImpl      [0;39m [35m:62  [0;39m Unlock orders
[2025-04-06 09:23:35] [34mINFO[0;39m [36mg.service.ubs.OrderLockServiceImpl      [0;39m [35m:60  [0;39m Time: 2025-04-06T09:18:35.258788300
[2025-04-06 09:23:35] [34mINFO[0;39m [36mg.service.ubs.OrderLockServiceImpl      [0;39m [35m:62  [0;39m Unlock orders
[2025-04-06 09:23:35] [34mINFO[0;39m [36mg.service.ubs.OrderLockServiceImpl      [0;39m [35m:60  [0;39m Time: 2025-04-06T09:18:35.259788400
[2025-04-06 09:23:35] [34mINFO[0;39m [36mg.service.ubs.OrderLockServiceImpl      [0;39m [35m:62  [0;39m Unlock orders
[2025-04-06 09:23:35] [34mINFO[0;39m [36mg.service.ubs.OrderLockServiceImpl      [0;39m [35m:60  [0;39m Time: 2025-04-06T09:18:35.260789800
[2025-04-06 09:23:35] [34mINFO[0;39m [36mg.service.ubs.OrderLockServiceImpl      [0;39m [35m:62  [0;39m Unlock orders
[2025-04-06 09:23:35] [34mINFO[0;39m [36mg.service.ubs.OrderLockServiceImpl      [0;39m [35m:60  [0;39m Time: 2025-04-06T09:18:35.262789400
[2025-04-06 09:23:35] [34mINFO[0;39m [36mg.service.ubs.OrderLockServiceImpl      [0;39m [35m:62  [0;39m Unlock orders
[2025-04-06 09:23:35] [34mINFO[0;39m [36mg.service.ubs.OrderLockServiceImpl      [0;39m [35m:60  [0;39m Time: 2025-04-06T09:18:35.263789
[2025-04-06 09:23:35] [34mINFO[0;39m [36mg.service.ubs.OrderLockServiceImpl      [0;39m [35m:62  [0;39m Unlock orders
[2025-04-06 09:23:35] [34mINFO[0;39m [36mg.service.ubs.OrderLockServiceImpl      [0;39m [35m:60  [0;39m Time: 2025-04-06T09:18:35.264789200
[2025-04-06 09:23:35] [34mINFO[0;39m [36mg.service.ubs.OrderLockServiceImpl      [0;39m [35m:62  [0;39m Unlock orders
[2025-04-06 09:23:35] [34mINFO[0;39m [36mg.service.ubs.OrderLockServiceImpl      [0;39m [35m:60  [0;39m Time: 2025-04-06T09:18:35.265790
[2025-04-06 09:23:35] [34mINFO[0;39m [36mg.service.ubs.OrderLockServiceImpl      [0;39m [35m:62  [0;39m Unlock orders
[2025-04-06 09:23:35] [34mINFO[0;39m [36mg.service.ubs.OrderLockServiceImpl      [0;39m [35m:60  [0;39m Time: 2025-04-06T09:18:35.267787700
[2025-04-06 09:23:35] [34mINFO[0;39m [36mg.service.ubs.OrderLockServiceImpl      [0;39m [35m:62  [0;39m Unlock orders
[2025-04-06 09:23:35] [34mINFO[0;39m [36mg.service.ubs.OrderLockServiceImpl      [0;39m [35m:60  [0;39m Time: 2025-04-06T09:18:35.269791900
[2025-04-06 09:23:35] [34mINFO[0;39m [36mg.service.ubs.OrderLockServiceImpl      [0;39m [35m:62  [0;39m Unlock orders
[2025-04-06 09:23:35] [34mINFO[0;39m [36mg.service.ubs.OrderLockServiceImpl      [0;39m [35m:60  [0;39m Time: 2025-04-06T09:18:35.271789900
[2025-04-06 09:23:35] [34mINFO[0;39m [36mg.service.ubs.OrderLockServiceImpl      [0;39m [35m:62  [0;39m Unlock orders
[2025-04-06 09:23:35] [34mINFO[0;39m [36mg.service.ubs.OrderLockServiceImpl      [0;39m [35m:60  [0;39m Time: 2025-04-06T09:18:35.273790500
[2025-04-06 09:23:35] [34mINFO[0;39m [36mg.service.ubs.OrderLockServiceImpl      [0;39m [35m:62  [0;39m Unlock orders
[2025-04-06 09:23:35] [34mINFO[0;39m [36mg.service.ubs.OrderLockServiceImpl      [0;39m [35m:60  [0;39m Time: 2025-04-06T09:18:35.274789500
[2025-04-06 09:23:35] [34mINFO[0;39m [36mg.service.ubs.OrderLockServiceImpl      [0;39m [35m:62  [0;39m Unlock orders
[2025-04-06 09:23:35] [34mINFO[0;39m [36mg.service.ubs.OrderLockServiceImpl      [0;39m [35m:60  [0;39m Time: 2025-04-06T09:18:35.275790700
[2025-04-06 09:23:35] [34mINFO[0;39m [36mg.service.ubs.OrderLockServiceImpl      [0;39m [35m:62  [0;39m Unlock orders
[2025-04-06 09:23:35] [34mINFO[0;39m [36mg.service.ubs.OrderLockServiceImpl      [0;39m [35m:60  [0;39m Time: 2025-04-06T09:18:35.277789500
[2025-04-06 09:23:35] [34mINFO[0;39m [36mg.service.ubs.OrderLockServiceImpl      [0;39m [35m:62  [0;39m Unlock orders
[2025-04-06 09:23:35] [34mINFO[0;39m [36mg.service.ubs.OrderLockServiceImpl      [0;39m [35m:60  [0;39m Time: 2025-04-06T09:18:35.278789700
[2025-04-06 09:23:35] [34mINFO[0;39m [36mg.service.ubs.OrderLockServiceImpl      [0;39m [35m:62  [0;39m Unlock orders
[2025-04-06 09:23:35] [34mINFO[0;39m [36mg.service.ubs.OrderLockServiceImpl      [0;39m [35m:60  [0;39m Time: 2025-04-06T09:18:35.279788300
[2025-04-06 09:23:35] [34mINFO[0;39m [36mg.service.ubs.OrderLockServiceImpl      [0;39m [35m:62  [0;39m Unlock orders
[2025-04-06 09:23:35] [34mINFO[0;39m [36mg.service.ubs.OrderLockServiceImpl      [0;39m [35m:60  [0;39m Time: 2025-04-06T09:18:35.281790200
[2025-04-06 09:23:35] [34mINFO[0;39m [36mg.service.ubs.OrderLockServiceImpl      [0;39m [35m:62  [0;39m Unlock orders
[2025-04-06 09:23:35] [34mINFO[0;39m [36mg.service.ubs.OrderLockServiceImpl      [0;39m [35m:60  [0;39m Time: 2025-04-06T09:18:35.282790
[2025-04-06 09:23:35] [34mINFO[0;39m [36mg.service.ubs.OrderLockServiceImpl      [0;39m [35m:62  [0;39m Unlock orders
[2025-04-06 09:23:35] [34mINFO[0;39m [36mg.service.ubs.OrderLockServiceImpl      [0;39m [35m:60  [0;39m Time: 2025-04-06T09:18:35.283791200
[2025-04-06 09:23:35] [34mINFO[0;39m [36mg.service.ubs.OrderLockServiceImpl      [0;39m [35m:62  [0;39m Unlock orders
[2025-04-06 09:23:35] [34mINFO[0;39m [36mg.service.ubs.OrderLockServiceImpl      [0;39m [35m:60  [0;39m Time: 2025-04-06T09:18:35.285794100
[2025-04-06 09:23:35] [34mINFO[0;39m [36mg.service.ubs.OrderLockServiceImpl      [0;39m [35m:62  [0;39m Unlock orders
[2025-04-06 09:23:35] [34mINFO[0;39m [36mg.service.ubs.OrderLockServiceImpl      [0;39m [35m:60  [0;39m Time: 2025-04-06T09:18:35.287789700
[2025-04-06 09:23:35] [34mINFO[0;39m [36mg.service.ubs.OrderLockServiceImpl      [0;39m [35m:62  [0;39m Unlock orders
[2025-04-06 09:23:35] [34mINFO[0;39m [36mg.service.ubs.OrderLockServiceImpl      [0;39m [35m:60  [0;39m Time: 2025-04-06T09:18:35.288791200
[2025-04-06 09:23:35] [34mINFO[0;39m [36mg.service.ubs.OrderLockServiceImpl      [0;39m [35m:62  [0;39m Unlock orders
[2025-04-06 09:23:35] [34mINFO[0;39m [36mg.service.ubs.OrderLockServiceImpl      [0;39m [35m:60  [0;39m Time: 2025-04-06T09:18:35.290797700
[2025-04-06 09:23:35] [34mINFO[0;39m [36mg.service.ubs.OrderLockServiceImpl      [0;39m [35m:62  [0;39m Unlock orders
[2025-04-06 09:23:35] [34mINFO[0;39m [36mg.service.ubs.OrderLockServiceImpl      [0;39m [35m:60  [0;39m Time: 2025-04-06T09:18:35.291796600
[2025-04-06 09:23:35] [34mINFO[0;39m [36mg.service.ubs.OrderLockServiceImpl      [0;39m [35m:62  [0;39m Unlock orders
[2025-04-06 09:23:35] [34mINFO[0;39m [36mg.service.ubs.OrderLockServiceImpl      [0;39m [35m:60  [0;39m Time: 2025-04-06T09:18:35.293793200
[2025-04-06 09:23:35] [34mINFO[0;39m [36mg.service.ubs.OrderLockServiceImpl      [0;39m [35m:62  [0;39m Unlock orders
[2025-04-06 09:23:35] [34mINFO[0;39m [36mg.service.ubs.OrderLockServiceImpl      [0;39m [35m:60  [0;39m Time: 2025-04-06T09:18:35.294792400
[2025-04-06 09:23:35] [34mINFO[0;39m [36mg.service.ubs.OrderLockServiceImpl      [0;39m [35m:62  [0;39m Unlock orders
[2025-04-06 09:23:35] [34mINFO[0;39m [36mg.service.ubs.OrderLockServiceImpl      [0;39m [35m:60  [0;39m Time: 2025-04-06T09:18:35.295793700
[2025-04-06 09:23:35] [34mINFO[0;39m [36mg.service.ubs.OrderLockServiceImpl      [0;39m [35m:62  [0;39m Unlock orders
[2025-04-06 09:23:35] [34mINFO[0;39m [36mg.service.ubs.OrderLockServiceImpl      [0;39m [35m:60  [0;39m Time: 2025-04-06T09:18:35.297800900
[2025-04-06 09:23:35] [34mINFO[0;39m [36mg.service.ubs.OrderLockServiceImpl      [0;39m [35m:62  [0;39m Unlock orders
[2025-04-06 09:23:35] [34mINFO[0;39m [36mg.service.ubs.OrderLockServiceImpl      [0;39m [35m:60  [0;39m Time: 2025-04-06T09:18:35.299797200
[2025-04-06 09:23:35] [34mINFO[0;39m [36mg.service.ubs.OrderLockServiceImpl      [0;39m [35m:62  [0;39m Unlock orders
[2025-04-06 09:23:35] [34mINFO[0;39m [36mg.service.ubs.OrderLockServiceImpl      [0;39m [35m:60  [0;39m Time: 2025-04-06T09:18:35.302792300
[2025-04-06 09:23:35] [34mINFO[0;39m [36mg.service.ubs.OrderLockServiceImpl      [0;39m [35m:62  [0;39m Unlock orders
[2025-04-06 09:23:35] [34mINFO[0;39m [36mg.service.ubs.OrderLockServiceImpl      [0;39m [35m:60  [0;39m Time: 2025-04-06T09:18:35.304792100
[2025-04-06 09:23:35] [34mINFO[0;39m [36mg.service.ubs.OrderLockServiceImpl      [0;39m [35m:62  [0;39m Unlock orders
[2025-04-06 09:23:35] [34mINFO[0;39m [36mg.service.ubs.OrderLockServiceImpl      [0;39m [35m:60  [0;39m Time: 2025-04-06T09:18:35.305789900
[2025-04-06 09:23:35] [34mINFO[0;39m [36mg.service.ubs.OrderLockServiceImpl      [0;39m [35m:62  [0;39m Unlock orders
[2025-04-06 09:23:35] [34mINFO[0;39m [36mg.service.ubs.OrderLockServiceImpl      [0;39m [35m:60  [0;39m Time: 2025-04-06T09:18:35.307790500
[2025-04-06 09:23:35] [34mINFO[0;39m [36mg.service.ubs.OrderLockServiceImpl      [0;39m [35m:62  [0;39m Unlock orders
[2025-04-06 09:23:35] [34mINFO[0;39m [36mg.service.ubs.OrderLockServiceImpl      [0;39m [35m:60  [0;39m Time: 2025-04-06T09:18:35.308790400
[2025-04-06 09:23:35] [34mINFO[0;39m [36mg.service.ubs.OrderLockServiceImpl      [0;39m [35m:62  [0;39m Unlock orders
[2025-04-06 09:23:35] [34mINFO[0;39m [36mg.service.ubs.OrderLockServiceImpl      [0;39m [35m:60  [0;39m Time: 2025-04-06T09:18:35.309790700
[2025-04-06 09:23:35] [34mINFO[0;39m [36mg.service.ubs.OrderLockServiceImpl      [0;39m [35m:62  [0;39m Unlock orders
[2025-04-06 09:23:35] [34mINFO[0;39m [36mg.service.ubs.OrderLockServiceImpl      [0;39m [35m:60  [0;39m Time: 2025-04-06T09:18:35.311795800
[2025-04-06 09:23:35] [34mINFO[0;39m [36mg.service.ubs.OrderLockServiceImpl      [0;39m [35m:62  [0;39m Unlock orders
[2025-04-06 09:23:35] [34mINFO[0;39m [36mg.service.ubs.OrderLockServiceImpl      [0;39m [35m:60  [0;39m Time: 2025-04-06T09:18:35.312794700
[2025-04-06 09:23:35] [34mINFO[0;39m [36mg.service.ubs.OrderLockServiceImpl      [0;39m [35m:62  [0;39m Unlock orders
[2025-04-06 09:23:35] [34mINFO[0;39m [36mg.service.ubs.OrderLockServiceImpl      [0;39m [35m:60  [0;39m Time: 2025-04-06T09:18:35.313794400
[2025-04-06 09:23:35] [34mINFO[0;39m [36mg.service.ubs.OrderLockServiceImpl      [0;39m [35m:62  [0;39m Unlock orders
[2025-04-06 09:23:35] [34mINFO[0;39m [36mg.service.ubs.OrderLockServiceImpl      [0;39m [35m:60  [0;39m Time: 2025-04-06T09:18:35.314793600
[2025-04-06 09:23:35] [34mINFO[0;39m [36mg.service.ubs.OrderLockServiceImpl      [0;39m [35m:62  [0;39m Unlock orders
[2025-04-06 09:23:35] [34mINFO[0;39m [36mg.service.ubs.OrderLockServiceImpl      [0;39m [35m:60  [0;39m Time: 2025-04-06T09:18:35.315797100
[2025-04-06 09:23:35] [34mINFO[0;39m [36mg.service.ubs.OrderLockServiceImpl      [0;39m [35m:62  [0;39m Unlock orders
[2025-04-06 09:23:35] [34mINFO[0;39m [36mg.service.ubs.OrderLockServiceImpl      [0;39m [35m:60  [0;39m Time: 2025-04-06T09:18:35.317790600
[2025-04-06 09:23:35] [34mINFO[0;39m [36mg.service.ubs.OrderLockServiceImpl      [0;39m [35m:62  [0;39m Unlock orders
[2025-04-06 09:23:35] [34mINFO[0;39m [36mg.service.ubs.OrderLockServiceImpl      [0;39m [35m:60  [0;39m Time: 2025-04-06T09:18:35.318789300
[2025-04-06 09:23:35] [34mINFO[0;39m [36mg.service.ubs.OrderLockServiceImpl      [0;39m [35m:62  [0;39m Unlock orders
[2025-04-06 09:23:35] [34mINFO[0;39m [36mg.service.ubs.OrderLockServiceImpl      [0;39m [35m:60  [0;39m Time: 2025-04-06T09:18:35.319790900
[2025-04-06 09:23:35] [34mINFO[0;39m [36mg.service.ubs.OrderLockServiceImpl      [0;39m [35m:62  [0;39m Unlock orders
[2025-04-06 09:23:35] [34mINFO[0;39m [36mg.service.ubs.OrderLockServiceImpl      [0;39m [35m:60  [0;39m Time: 2025-04-06T09:18:35.321790100
[2025-04-06 09:23:35] [34mINFO[0;39m [36mg.service.ubs.OrderLockServiceImpl      [0;39m [35m:62  [0;39m Unlock orders
[2025-04-06 09:23:35] [34mINFO[0;39m [36mg.service.ubs.OrderLockServiceImpl      [0;39m [35m:60  [0;39m Time: 2025-04-06T09:18:35.322789400
[2025-04-06 09:23:35] [34mINFO[0;39m [36mg.service.ubs.OrderLockServiceImpl      [0;39m [35m:62  [0;39m Unlock orders
[2025-04-06 09:23:35] [34mINFO[0;39m [36mg.service.ubs.OrderLockServiceImpl      [0;39m [35m:60  [0;39m Time: 2025-04-06T09:18:35.323788600
[2025-04-06 09:23:35] [34mINFO[0;39m [36mg.service.ubs.OrderLockServiceImpl      [0;39m [35m:62  [0;39m Unlock orders
[2025-04-06 09:23:35] [34mINFO[0;39m [36mg.service.ubs.OrderLockServiceImpl      [0;39m [35m:60  [0;39m Time: 2025-04-06T09:18:35.324787800
[2025-04-06 09:23:35] [34mINFO[0;39m [36mg.service.ubs.OrderLockServiceImpl      [0;39m [35m:62  [0;39m Unlock orders
[2025-04-06 09:23:35] [34mINFO[0;39m [36mg.service.ubs.OrderLockServiceImpl      [0;39m [35m:60  [0;39m Time: 2025-04-06T09:18:35.325788100
[2025-04-06 09:23:35] [34mINFO[0;39m [36mg.service.ubs.OrderLockServiceImpl      [0;39m [35m:62  [0;39m Unlock orders
[2025-04-06 09:23:35] [34mINFO[0;39m [36mg.service.ubs.OrderLockServiceImpl      [0;39m [35m:60  [0;39m Time: 2025-04-06T09:18:35.327797500
[2025-04-06 09:23:35] [34mINFO[0;39m [36mg.service.ubs.OrderLockServiceImpl      [0;39m [35m:62  [0;39m Unlock orders
[2025-04-06 09:23:35] [34mINFO[0;39m [36mg.service.ubs.OrderLockServiceImpl      [0;39m [35m:60  [0;39m Time: 2025-04-06T09:18:35.328794300
[2025-04-06 09:23:35] [34mINFO[0;39m [36mg.service.ubs.OrderLockServiceImpl      [0;39m [35m:62  [0;39m Unlock orders
[2025-04-06 09:23:35] [34mINFO[0;39m [36mg.service.ubs.OrderLockServiceImpl      [0;39m [35m:60  [0;39m Time: 2025-04-06T09:18:35.329796400
[2025-04-06 09:23:35] [34mINFO[0;39m [36mg.service.ubs.OrderLockServiceImpl      [0;39m [35m:62  [0;39m Unlock orders
[2025-04-06 09:23:35] [34mINFO[0;39m [36mg.service.ubs.OrderLockServiceImpl      [0;39m [35m:60  [0;39m Time: 2025-04-06T09:18:35.330795200
[2025-04-06 09:23:35] [34mINFO[0;39m [36mg.service.ubs.OrderLockServiceImpl      [0;39m [35m:62  [0;39m Unlock orders
[2025-04-06 09:23:35] [34mINFO[0;39m [36mg.service.ubs.OrderLockServiceImpl      [0;39m [35m:60  [0;39m Time: 2025-04-06T09:18:35.332795
[2025-04-06 09:23:35] [34mINFO[0;39m [36mg.service.ubs.OrderLockServiceImpl      [0;39m [35m:62  [0;39m Unlock orders
[2025-04-06 09:23:35] [34mINFO[0;39m [36mg.service.ubs.OrderLockServiceImpl      [0;39m [35m:60  [0;39m Time: 2025-04-06T09:18:35.333796900
[2025-04-06 09:23:35] [34mINFO[0;39m [36mg.service.ubs.OrderLockServiceImpl      [0;39m [35m:62  [0;39m Unlock orders
[2025-04-06 09:23:35] [34mINFO[0;39m [36mg.service.ubs.OrderLockServiceImpl      [0;39m [35m:60  [0;39m Time: 2025-04-06T09:18:35.334798
[2025-04-06 09:23:35] [34mINFO[0;39m [36mg.service.ubs.OrderLockServiceImpl      [0;39m [35m:62  [0;39m Unlock orders
[2025-04-06 09:23:35] [34mINFO[0;39m [36mg.service.ubs.OrderLockServiceImpl      [0;39m [35m:60  [0;39m Time: 2025-04-06T09:18:35.336798300
[2025-04-06 09:23:35] [34mINFO[0;39m [36mg.service.ubs.OrderLockServiceImpl      [0;39m [35m:62  [0;39m Unlock orders
[2025-04-06 09:23:35] [34mINFO[0;39m [36mg.service.ubs.OrderLockServiceImpl      [0;39m [35m:60  [0;39m Time: 2025-04-06T09:18:35.337795700
[2025-04-06 09:23:35] [34mINFO[0;39m [36mg.service.ubs.OrderLockServiceImpl      [0;39m [35m:62  [0;39m Unlock orders
[2025-04-06 09:23:35] [34mINFO[0;39m [36mg.service.ubs.OrderLockServiceImpl      [0;39m [35m:60  [0;39m Time: 2025-04-06T09:18:35.338789600
[2025-04-06 09:23:35] [34mINFO[0;39m [36mg.service.ubs.OrderLockServiceImpl      [0;39m [35m:62  [0;39m Unlock orders
[2025-04-06 09:23:35] [34mINFO[0;39m [36mg.service.ubs.OrderLockServiceImpl      [0;39m [35m:60  [0;39m Time: 2025-04-06T09:18:35.340788600
[2025-04-06 09:23:35] [34mINFO[0;39m [36mg.service.ubs.OrderLockServiceImpl      [0;39m [35m:62  [0;39m Unlock orders
[2025-04-06 09:23:35] [34mINFO[0;39m [36mg.service.ubs.OrderLockServiceImpl      [0;39m [35m:60  [0;39m Time: 2025-04-06T09:18:35.341789800
[2025-04-06 09:23:35] [34mINFO[0;39m [36mg.service.ubs.OrderLockServiceImpl      [0;39m [35m:62  [0;39m Unlock orders
[2025-04-06 09:23:35] [34mINFO[0;39m [36mg.service.ubs.OrderLockServiceImpl      [0;39m [35m:60  [0;39m Time: 2025-04-06T09:18:35.342788
[2025-04-06 09:23:35] [34mINFO[0;39m [36mg.service.ubs.OrderLockServiceImpl      [0;39m [35m:62  [0;39m Unlock orders
[2025-04-06 09:23:35] [34mINFO[0;39m [36mg.service.ubs.OrderLockServiceImpl      [0;39m [35m:60  [0;39m Time: 2025-04-06T09:18:35.344792100
[2025-04-06 09:23:35] [34mINFO[0;39m [36mg.service.ubs.OrderLockServiceImpl      [0;39m [35m:62  [0;39m Unlock orders
[2025-04-06 09:23:35] [34mINFO[0;39m [36mg.service.ubs.OrderLockServiceImpl      [0;39m [35m:60  [0;39m Time: 2025-04-06T09:18:35.346789900
[2025-04-06 09:23:35] [34mINFO[0;39m [36mg.service.ubs.OrderLockServiceImpl      [0;39m [35m:62  [0;39m Unlock orders
[2025-04-06 09:23:35] [34mINFO[0;39m [36mg.service.ubs.OrderLockServiceImpl      [0;39m [35m:60  [0;39m Time: 2025-04-06T09:18:35.348787300
[2025-04-06 09:23:35] [34mINFO[0;39m [36mg.service.ubs.OrderLockServiceImpl      [0;39m [35m:62  [0;39m Unlock orders
[2025-04-06 09:23:35] [34mINFO[0;39m [36mg.service.ubs.OrderLockServiceImpl      [0;39m [35m:60  [0;39m Time: 2025-04-06T09:18:35.349787
[2025-04-06 09:23:35] [34mINFO[0;39m [36mg.service.ubs.OrderLockServiceImpl      [0;39m [35m:62  [0;39m Unlock orders
[2025-04-06 09:23:35] [34mINFO[0;39m [36mg.service.ubs.OrderLockServiceImpl      [0;39m [35m:60  [0;39m Time: 2025-04-06T09:18:35.353787800
[2025-04-06 09:23:35] [34mINFO[0;39m [36mg.service.ubs.OrderLockServiceImpl      [0;39m [35m:62  [0;39m Unlock orders
[2025-04-06 09:23:35] [34mINFO[0;39m [36mg.service.ubs.OrderLockServiceImpl      [0;39m [35m:60  [0;39m Time: 2025-04-06T09:18:35.355788500
[2025-04-06 09:23:35] [34mINFO[0;39m [36mg.service.ubs.OrderLockServiceImpl      [0;39m [35m:62  [0;39m Unlock orders
[2025-04-06 09:23:35] [34mINFO[0;39m [36mg.service.ubs.OrderLockServiceImpl      [0;39m [35m:60  [0;39m Time: 2025-04-06T09:18:35.356787300
[2025-04-06 09:23:35] [34mINFO[0;39m [36mg.service.ubs.OrderLockServiceImpl      [0;39m [35m:62  [0;39m Unlock orders
[2025-04-06 09:23:35] [34mINFO[0;39m [36mg.service.ubs.OrderLockServiceImpl      [0;39m [35m:60  [0;39m Time: 2025-04-06T09:18:35.357788500
[2025-04-06 09:23:35] [34mINFO[0;39m [36mg.service.ubs.OrderLockServiceImpl      [0;39m [35m:62  [0;39m Unlock orders
[2025-04-06 09:23:35] [34mINFO[0;39m [36mg.service.ubs.OrderLockServiceImpl      [0;39m [35m:60  [0;39m Time: 2025-04-06T09:18:35.359788200
[2025-04-06 09:23:35] [34mINFO[0;39m [36mg.service.ubs.OrderLockServiceImpl      [0;39m [35m:62  [0;39m Unlock orders
[2025-04-06 09:23:35] [34mINFO[0;39m [36mg.service.ubs.OrderLockServiceImpl      [0;39m [35m:60  [0;39m Time: 2025-04-06T09:18:35.360788
[2025-04-06 09:23:35] [34mINFO[0;39m [36mg.service.ubs.OrderLockServiceImpl      [0;39m [35m:62  [0;39m Unlock orders
[2025-04-06 09:23:35] [34mINFO[0;39m [36mg.service.ubs.OrderLockServiceImpl      [0;39m [35m:60  [0;39m Time: 2025-04-06T09:18:35.361788800
[2025-04-06 09:23:35] [34mINFO[0;39m [36mg.service.ubs.OrderLockServiceImpl      [0;39m [35m:62  [0;39m Unlock orders
[2025-04-06 09:23:35] [34mINFO[0;39m [36mg.service.ubs.OrderLockServiceImpl      [0;39m [35m:60  [0;39m Time: 2025-04-06T09:18:35.362787900
[2025-04-06 09:23:35] [34mINFO[0;39m [36mg.service.ubs.OrderLockServiceImpl      [0;39m [35m:62  [0;39m Unlock orders
[2025-04-06 09:23:35] [34mINFO[0;39m [36mg.service.ubs.OrderLockServiceImpl      [0;39m [35m:60  [0;39m Time: 2025-04-06T09:18:35.364788900
[2025-04-06 09:23:35] [34mINFO[0;39m [36mg.service.ubs.OrderLockServiceImpl      [0;39m [35m:62  [0;39m Unlock orders
[2025-04-06 09:23:35] [34mINFO[0;39m [36mg.service.ubs.OrderLockServiceImpl      [0;39m [35m:60  [0;39m Time: 2025-04-06T09:18:35.365787200
[2025-04-06 09:23:35] [34mINFO[0;39m [36mg.service.ubs.OrderLockServiceImpl      [0;39m [35m:62  [0;39m Unlock orders
[2025-04-06 09:23:35] [34mINFO[0;39m [36mg.service.ubs.OrderLockServiceImpl      [0;39m [35m:60  [0;39m Time: 2025-04-06T09:18:35.366789200
[2025-04-06 09:23:35] [34mINFO[0;39m [36mg.service.ubs.OrderLockServiceImpl      [0;39m [35m:62  [0;39m Unlock orders
[2025-04-06 09:23:35] [34mINFO[0;39m [36mg.service.ubs.OrderLockServiceImpl      [0;39m [35m:60  [0;39m Time: 2025-04-06T09:18:35.367787800
[2025-04-06 09:23:35] [34mINFO[0;39m [36mg.service.ubs.OrderLockServiceImpl      [0;39m [35m:62  [0;39m Unlock orders
[2025-04-06 09:23:35] [34mINFO[0;39m [36mg.service.ubs.OrderLockServiceImpl      [0;39m [35m:60  [0;39m Time: 2025-04-06T09:18:35.369790400
[2025-04-06 09:23:35] [34mINFO[0;39m [36mg.service.ubs.OrderLockServiceImpl      [0;39m [35m:62  [0;39m Unlock orders
[2025-04-06 09:23:35] [34mINFO[0;39m [36mg.service.ubs.OrderLockServiceImpl      [0;39m [35m:60  [0;39m Time: 2025-04-06T09:18:35.371788100
[2025-04-06 09:23:35] [34mINFO[0;39m [36mg.service.ubs.OrderLockServiceImpl      [0;39m [35m:62  [0;39m Unlock orders
[2025-04-06 09:23:35] [34mINFO[0;39m [36mg.service.ubs.OrderLockServiceImpl      [0;39m [35m:60  [0;39m Time: 2025-04-06T09:18:35.372787800
[2025-04-06 09:23:35] [34mINFO[0;39m [36mg.service.ubs.OrderLockServiceImpl      [0;39m [35m:62  [0;39m Unlock orders
[2025-04-06 09:23:35] [34mINFO[0;39m [36mg.service.ubs.OrderLockServiceImpl      [0;39m [35m:60  [0;39m Time: 2025-04-06T09:18:35.373789700
[2025-04-06 09:23:35] [34mINFO[0;39m [36mg.service.ubs.OrderLockServiceImpl      [0;39m [35m:62  [0;39m Unlock orders
[2025-04-06 09:23:35] [34mINFO[0;39m [36mg.service.ubs.OrderLockServiceImpl      [0;39m [35m:60  [0;39m Time: 2025-04-06T09:18:35.375790500
[2025-04-06 09:23:35] [34mINFO[0;39m [36mg.service.ubs.OrderLockServiceImpl      [0;39m [35m:62  [0;39m Unlock orders
[2025-04-06 09:23:35] [34mINFO[0;39m [36mg.service.ubs.OrderLockServiceImpl      [0;39m [35m:60  [0;39m Time: 2025-04-06T09:18:35.377789600
[2025-04-06 09:23:35] [34mINFO[0;39m [36mg.service.ubs.OrderLockServiceImpl      [0;39m [35m:62  [0;39m Unlock orders
[2025-04-06 09:23:35] [34mINFO[0;39m [36mg.service.ubs.OrderLockServiceImpl      [0;39m [35m:60  [0;39m Time: 2025-04-06T09:18:35.379788200
[2025-04-06 09:23:35] [34mINFO[0;39m [36mg.service.ubs.OrderLockServiceImpl      [0;39m [35m:62  [0;39m Unlock orders
[2025-04-06 09:23:35] [34mINFO[0;39m [36mg.service.ubs.OrderLockServiceImpl      [0;39m [35m:60  [0;39m Time: 2025-04-06T09:18:35.380789100
[2025-04-06 09:23:35] [34mINFO[0;39m [36mg.service.ubs.OrderLockServiceImpl      [0;39m [35m:62  [0;39m Unlock orders
[2025-04-06 09:23:35] [34mINFO[0;39m [36mg.service.ubs.OrderLockServiceImpl      [0;39m [35m:60  [0;39m Time: 2025-04-06T09:18:35.382788800
[2025-04-06 09:23:35] [34mINFO[0;39m [36mg.service.ubs.OrderLockServiceImpl      [0;39m [35m:62  [0;39m Unlock orders
[2025-04-06 09:23:35] [34mINFO[0;39m [36mg.service.ubs.OrderLockServiceImpl      [0;39m [35m:60  [0;39m Time: 2025-04-06T09:18:35.384792400
[2025-04-06 09:23:35] [34mINFO[0;39m [36mg.service.ubs.OrderLockServiceImpl      [0;39m [35m:62  [0;39m Unlock orders
[2025-04-06 09:23:35] [34mINFO[0;39m [36mg.service.ubs.OrderLockServiceImpl      [0;39m [35m:60  [0;39m Time: 2025-04-06T09:18:35.385789
[2025-04-06 09:23:35] [34mINFO[0;39m [36mg.service.ubs.OrderLockServiceImpl      [0;39m [35m:62  [0;39m Unlock orders
[2025-04-06 09:23:35] [34mINFO[0;39m [36mg.service.ubs.OrderLockServiceImpl      [0;39m [35m:60  [0;39m Time: 2025-04-06T09:18:35.387789100
[2025-04-06 09:23:35] [34mINFO[0;39m [36mg.service.ubs.OrderLockServiceImpl      [0;39m [35m:62  [0;39m Unlock orders
[2025-04-06 09:23:35] [34mINFO[0;39m [36mg.service.ubs.OrderLockServiceImpl      [0;39m [35m:60  [0;39m Time: 2025-04-06T09:18:35.389789
[2025-04-06 09:23:35] [34mINFO[0;39m [36mg.service.ubs.OrderLockServiceImpl      [0;39m [35m:62  [0;39m Unlock orders
[2025-04-06 09:23:35] [34mINFO[0;39m [36mg.service.ubs.OrderLockServiceImpl      [0;39m [35m:60  [0;39m Time: 2025-04-06T09:18:35.391323400
[2025-04-06 09:23:35] [34mINFO[0;39m [36mg.service.ubs.OrderLockServiceImpl      [0;39m [35m:62  [0;39m Unlock orders
[2025-04-06 09:23:35] [34mINFO[0;39m [36mg.service.ubs.OrderLockServiceImpl      [0;39m [35m:60  [0;39m Time: 2025-04-06T09:18:35.393313200
[2025-04-06 09:23:35] [34mINFO[0;39m [36mg.service.ubs.OrderLockServiceImpl      [0;39m [35m:62  [0;39m Unlock orders
[2025-04-06 09:23:35] [34mINFO[0;39m [36mg.service.ubs.OrderLockServiceImpl      [0;39m [35m:60  [0;39m Time: 2025-04-06T09:18:35.394316700
[2025-04-06 09:23:35] [34mINFO[0;39m [36mg.service.ubs.OrderLockServiceImpl      [0;39m [35m:62  [0;39m Unlock orders
[2025-04-06 09:23:35] [34mINFO[0;39m [36mg.service.ubs.OrderLockServiceImpl      [0;39m [35m:60  [0;39m Time: 2025-04-06T09:18:35.396323600
[2025-04-06 09:23:35] [34mINFO[0;39m [36mg.service.ubs.OrderLockServiceImpl      [0;39m [35m:62  [0;39m Unlock orders
[2025-04-06 09:23:35] [34mINFO[0;39m [36mg.service.ubs.OrderLockServiceImpl      [0;39m [35m:60  [0;39m Time: 2025-04-06T09:18:35.397311800
[2025-04-06 09:23:35] [34mINFO[0;39m [36mg.service.ubs.OrderLockServiceImpl      [0;39m [35m:62  [0;39m Unlock orders
[2025-04-06 09:23:35] [34mINFO[0;39m [36mg.service.ubs.OrderLockServiceImpl      [0;39m [35m:60  [0;39m Time: 2025-04-06T09:18:35.399313500
[2025-04-06 09:23:35] [34mINFO[0;39m [36mg.service.ubs.OrderLockServiceImpl      [0;39m [35m:62  [0;39m Unlock orders
[2025-04-06 09:23:35] [34mINFO[0;39m [36mg.service.ubs.OrderLockServiceImpl      [0;39m [35m:60  [0;39m Time: 2025-04-06T09:18:35.401315
[2025-04-06 09:23:35] [34mINFO[0;39m [36mg.service.ubs.OrderLockServiceImpl      [0;39m [35m:62  [0;39m Unlock orders
[2025-04-06 09:23:35] [34mINFO[0;39m [36mg.service.ubs.OrderLockServiceImpl      [0;39m [35m:60  [0;39m Time: 2025-04-06T09:18:35.402324600
[2025-04-06 09:23:35] [34mINFO[0;39m [36mg.service.ubs.OrderLockServiceImpl      [0;39m [35m:62  [0;39m Unlock orders
[2025-04-06 09:23:35] [34mINFO[0;39m [36mg.service.ubs.OrderLockServiceImpl      [0;39m [35m:60  [0;39m Time: 2025-04-06T09:18:35.404314
[2025-04-06 09:23:35] [34mINFO[0;39m [36mg.service.ubs.OrderLockServiceImpl      [0;39m [35m:62  [0;39m Unlock orders
[2025-04-06 09:23:35] [34mINFO[0;39m [36mg.service.ubs.OrderLockServiceImpl      [0;39m [35m:60  [0;39m Time: 2025-04-06T09:18:35.407314700
[2025-04-06 09:23:35] [34mINFO[0;39m [36mg.service.ubs.OrderLockServiceImpl      [0;39m [35m:62  [0;39m Unlock orders
[2025-04-06 09:23:35] [34mINFO[0;39m [36mg.service.ubs.OrderLockServiceImpl      [0;39m [35m:60  [0;39m Time: 2025-04-06T09:18:35.408313800
[2025-04-06 09:23:35] [34mINFO[0;39m [36mg.service.ubs.OrderLockServiceImpl      [0;39m [35m:62  [0;39m Unlock orders
[2025-04-06 09:23:35] [34mINFO[0;39m [36mg.service.ubs.OrderLockServiceImpl      [0;39m [35m:60  [0;39m Time: 2025-04-06T09:18:35.410312200
[2025-04-06 09:23:35] [34mINFO[0;39m [36mg.service.ubs.OrderLockServiceImpl      [0;39m [35m:62  [0;39m Unlock orders
[2025-04-06 09:23:35] [34mINFO[0;39m [36mg.service.ubs.OrderLockServiceImpl      [0;39m [35m:60  [0;39m Time: 2025-04-06T09:18:35.411313500
[2025-04-06 09:23:35] [34mINFO[0;39m [36mg.service.ubs.OrderLockServiceImpl      [0;39m [35m:62  [0;39m Unlock orders
[2025-04-06 09:23:35] [34mINFO[0;39m [36mg.service.ubs.OrderLockServiceImpl      [0;39m [35m:60  [0;39m Time: 2025-04-06T09:18:35.413312400
[2025-04-06 09:23:35] [34mINFO[0;39m [36mg.service.ubs.OrderLockServiceImpl      [0;39m [35m:62  [0;39m Unlock orders
[2025-04-06 09:23:35] [34mINFO[0;39m [36mg.service.ubs.OrderLockServiceImpl      [0;39m [35m:60  [0;39m Time: 2025-04-06T09:18:35.414314900
[2025-04-06 09:23:35] [34mINFO[0;39m [36mg.service.ubs.OrderLockServiceImpl      [0;39m [35m:62  [0;39m Unlock orders
[2025-04-06 09:23:35] [34mINFO[0;39m [36mg.service.ubs.OrderLockServiceImpl      [0;39m [35m:60  [0;39m Time: 2025-04-06T09:18:35.416313600
[2025-04-06 09:23:35] [34mINFO[0;39m [36mg.service.ubs.OrderLockServiceImpl      [0;39m [35m:62  [0;39m Unlock orders
[2025-04-06 09:23:35] [34mINFO[0;39m [36mg.service.ubs.OrderLockServiceImpl      [0;39m [35m:60  [0;39m Time: 2025-04-06T09:18:35.417314500
[2025-04-06 09:23:35] [34mINFO[0;39m [36mg.service.ubs.OrderLockServiceImpl      [0;39m [35m:62  [0;39m Unlock orders
[2025-04-06 09:23:35] [34mINFO[0;39m [36mg.service.ubs.OrderLockServiceImpl      [0;39m [35m:60  [0;39m Time: 2025-04-06T09:18:35.420312500
[2025-04-06 09:23:35] [34mINFO[0;39m [36mg.service.ubs.OrderLockServiceImpl      [0;39m [35m:62  [0;39m Unlock orders
[2025-04-06 09:23:35] [34mINFO[0;39m [36mg.service.ubs.OrderLockServiceImpl      [0;39m [35m:60  [0;39m Time: 2025-04-06T09:18:35.421311200
[2025-04-06 09:23:35] [34mINFO[0;39m [36mg.service.ubs.OrderLockServiceImpl      [0;39m [35m:62  [0;39m Unlock orders
[2025-04-06 09:23:35] [34mINFO[0;39m [36mg.service.ubs.OrderLockServiceImpl      [0;39m [35m:60  [0;39m Time: 2025-04-06T09:18:35.422311400
[2025-04-06 09:23:35] [34mINFO[0;39m [36mg.service.ubs.OrderLockServiceImpl      [0;39m [35m:62  [0;39m Unlock orders
[2025-04-06 09:23:35] [34mINFO[0;39m [36mg.service.ubs.OrderLockServiceImpl      [0;39m [35m:60  [0;39m Time: 2025-04-06T09:18:35.424312900
[2025-04-06 09:23:35] [34mINFO[0;39m [36mg.service.ubs.OrderLockServiceImpl      [0;39m [35m:62  [0;39m Unlock orders
[2025-04-06 09:23:35] [34mINFO[0;39m [36mg.service.ubs.OrderLockServiceImpl      [0;39m [35m:60  [0;39m Time: 2025-04-06T09:18:35.426312100
[2025-04-06 09:23:35] [34mINFO[0;39m [36mg.service.ubs.OrderLockServiceImpl      [0;39m [35m:62  [0;39m Unlock orders
[2025-04-06 09:23:35] [34mINFO[0;39m [36mg.service.ubs.OrderLockServiceImpl      [0;39m [35m:60  [0;39m Time: 2025-04-06T09:18:35.428314100
[2025-04-06 09:23:35] [34mINFO[0;39m [36mg.service.ubs.OrderLockServiceImpl      [0;39m [35m:62  [0;39m Unlock orders
[2025-04-06 09:23:35] [34mINFO[0;39m [36mg.service.ubs.OrderLockServiceImpl      [0;39m [35m:60  [0;39m Time: 2025-04-06T09:18:35.430313400
[2025-04-06 09:23:35] [34mINFO[0;39m [36mg.service.ubs.OrderLockServiceImpl      [0;39m [35m:62  [0;39m Unlock orders
[2025-04-06 09:23:35] [34mINFO[0;39m [36mg.service.ubs.OrderLockServiceImpl      [0;39m [35m:60  [0;39m Time: 2025-04-06T09:18:35.431313600
[2025-04-06 09:23:35] [34mINFO[0;39m [36mg.service.ubs.OrderLockServiceImpl      [0;39m [35m:62  [0;39m Unlock orders
[2025-04-06 09:23:35] [34mINFO[0;39m [36mg.service.ubs.OrderLockServiceImpl      [0;39m [35m:60  [0;39m Time: 2025-04-06T09:18:35.433312600
[2025-04-06 09:23:35] [34mINFO[0;39m [36mg.service.ubs.OrderLockServiceImpl      [0;39m [35m:62  [0;39m Unlock orders
[2025-04-06 09:23:35] [34mINFO[0;39m [36mg.service.ubs.OrderLockServiceImpl      [0;39m [35m:60  [0;39m Time: 2025-04-06T09:18:35.436314300
[2025-04-06 09:23:35] [34mINFO[0;39m [36mg.service.ubs.OrderLockServiceImpl      [0;39m [35m:62  [0;39m Unlock orders
[2025-04-06 09:23:35] [34mINFO[0;39m [36mg.service.ubs.OrderLockServiceImpl      [0;39m [35m:60  [0;39m Time: 2025-04-06T09:18:35.439322
[2025-04-06 09:23:35] [34mINFO[0;39m [36mg.service.ubs.OrderLockServiceImpl      [0;39m [35m:62  [0;39m Unlock orders
[2025-04-06 09:23:35] [34mINFO[0;39m [36mg.service.ubs.OrderLockServiceImpl      [0;39m [35m:60  [0;39m Time: 2025-04-06T09:18:35.442317500
[2025-04-06 09:23:35] [34mINFO[0;39m [36mg.service.ubs.OrderLockServiceImpl      [0;39m [35m:62  [0;39m Unlock orders
[2025-04-06 09:23:35] [34mINFO[0;39m [36mg.service.ubs.OrderLockServiceImpl      [0;39m [35m:60  [0;39m Time: 2025-04-06T09:18:35.444322300
[2025-04-06 09:23:35] [34mINFO[0;39m [36mg.service.ubs.OrderLockServiceImpl      [0;39m [35m:62  [0;39m Unlock orders
[2025-04-06 09:23:35] [34mINFO[0;39m [36mg.service.ubs.OrderLockServiceImpl      [0;39m [35m:60  [0;39m Time: 2025-04-06T09:18:35.447325900
[2025-04-06 09:23:35] [34mINFO[0;39m [36mg.service.ubs.OrderLockServiceImpl      [0;39m [35m:62  [0;39m Unlock orders
[2025-04-06 09:23:35] [34mINFO[0;39m [36mg.service.ubs.OrderLockServiceImpl      [0;39m [35m:60  [0;39m Time: 2025-04-06T09:18:35.449325400
[2025-04-06 09:23:35] [34mINFO[0;39m [36mg.service.ubs.OrderLockServiceImpl      [0;39m [35m:62  [0;39m Unlock orders
[2025-04-06 09:23:35] [34mINFO[0;39m [36mg.service.ubs.OrderLockServiceImpl      [0;39m [35m:60  [0;39m Time: 2025-04-06T09:18:35.452314400
[2025-04-06 09:23:35] [34mINFO[0;39m [36mg.service.ubs.OrderLockServiceImpl      [0;39m [35m:62  [0;39m Unlock orders
[2025-04-06 09:23:35] [34mINFO[0;39m [36mg.service.ubs.OrderLockServiceImpl      [0;39m [35m:60  [0;39m Time: 2025-04-06T09:18:35.454314
[2025-04-06 09:23:35] [34mINFO[0;39m [36mg.service.ubs.OrderLockServiceImpl      [0;39m [35m:62  [0;39m Unlock orders
[2025-04-06 09:23:35] [34mINFO[0;39m [36mg.service.ubs.OrderLockServiceImpl      [0;39m [35m:60  [0;39m Time: 2025-04-06T09:18:35.456314300
[2025-04-06 09:23:35] [34mINFO[0;39m [36mg.service.ubs.OrderLockServiceImpl      [0;39m [35m:62  [0;39m Unlock orders
[2025-04-06 09:23:35] [34mINFO[0;39m [36mg.service.ubs.OrderLockServiceImpl      [0;39m [35m:60  [0;39m Time: 2025-04-06T09:18:35.457313800
[2025-04-06 09:23:35] [34mINFO[0;39m [36mg.service.ubs.OrderLockServiceImpl      [0;39m [35m:62  [0;39m Unlock orders
[2025-04-06 09:23:35] [34mINFO[0;39m [36mg.service.ubs.OrderLockServiceImpl      [0;39m [35m:60  [0;39m Time: 2025-04-06T09:18:35.459313500
[2025-04-06 09:23:35] [34mINFO[0;39m [36mg.service.ubs.OrderLockServiceImpl      [0;39m [35m:62  [0;39m Unlock orders
[2025-04-06 09:23:35] [34mINFO[0;39m [36mg.service.ubs.OrderLockServiceImpl      [0;39m [35m:60  [0;39m Time: 2025-04-06T09:18:35.462322900
[2025-04-06 09:23:35] [34mINFO[0;39m [36mg.service.ubs.OrderLockServiceImpl      [0;39m [35m:62  [0;39m Unlock orders
[2025-04-06 09:23:35] [34mINFO[0;39m [36mg.service.ubs.OrderLockServiceImpl      [0;39m [35m:60  [0;39m Time: 2025-04-06T09:18:35.465318
[2025-04-06 09:23:35] [34mINFO[0;39m [36mg.service.ubs.OrderLockServiceImpl      [0;39m [35m:62  [0;39m Unlock orders
[2025-04-06 09:23:35] [34mINFO[0;39m [36mg.service.ubs.OrderLockServiceImpl      [0;39m [35m:60  [0;39m Time: 2025-04-06T09:18:35.466319400
[2025-04-06 09:23:35] [34mINFO[0;39m [36mg.service.ubs.OrderLockServiceImpl      [0;39m [35m:62  [0;39m Unlock orders
[2025-04-06 09:23:35] [34mINFO[0;39m [36mg.service.ubs.OrderLockServiceImpl      [0;39m [35m:60  [0;39m Time: 2025-04-06T09:18:35.468322900
[2025-04-06 09:23:35] [34mINFO[0;39m [36mg.service.ubs.OrderLockServiceImpl      [0;39m [35m:62  [0;39m Unlock orders
[2025-04-06 09:23:35] [34mINFO[0;39m [36mg.service.ubs.OrderLockServiceImpl      [0;39m [35m:60  [0;39m Time: 2025-04-06T09:18:35.470323900
[2025-04-06 09:23:35] [34mINFO[0;39m [36mg.service.ubs.OrderLockServiceImpl      [0;39m [35m:62  [0;39m Unlock orders
[2025-04-06 09:23:35] [34mINFO[0;39m [36mg.service.ubs.OrderLockServiceImpl      [0;39m [35m:60  [0;39m Time: 2025-04-06T09:18:35.472322600
[2025-04-06 09:23:35] [34mINFO[0;39m [36mg.service.ubs.OrderLockServiceImpl      [0;39m [35m:62  [0;39m Unlock orders
[2025-04-06 09:23:35] [34mINFO[0;39m [36mg.service.ubs.OrderLockServiceImpl      [0;39m [35m:60  [0;39m Time: 2025-04-06T09:18:35.473324400
[2025-04-06 09:23:35] [34mINFO[0;39m [36mg.service.ubs.OrderLockServiceImpl      [0;39m [35m:62  [0;39m Unlock orders
[2025-04-06 09:23:35] [34mINFO[0;39m [36mg.service.ubs.OrderLockServiceImpl      [0;39m [35m:60  [0;39m Time: 2025-04-06T09:18:35.475315400
[2025-04-06 09:23:35] [34mINFO[0;39m [36mg.service.ubs.OrderLockServiceImpl      [0;39m [35m:62  [0;39m Unlock orders
[2025-04-06 09:23:35] [34mINFO[0;39m [36mg.service.ubs.OrderLockServiceImpl      [0;39m [35m:60  [0;39m Time: 2025-04-06T09:18:35.476314700
[2025-04-06 09:23:35] [34mINFO[0;39m [36mg.service.ubs.OrderLockServiceImpl      [0;39m [35m:62  [0;39m Unlock orders
[2025-04-06 09:23:35] [34mINFO[0;39m [36mg.service.ubs.OrderLockServiceImpl      [0;39m [35m:60  [0;39m Time: 2025-04-06T09:18:35.478325100
[2025-04-06 09:23:35] [34mINFO[0;39m [36mg.service.ubs.OrderLockServiceImpl      [0;39m [35m:62  [0;39m Unlock orders
[2025-04-06 09:23:35] [34mINFO[0;39m [36mg.service.ubs.OrderLockServiceImpl      [0;39m [35m:60  [0;39m Time: 2025-04-06T09:18:35.480313100
[2025-04-06 09:23:35] [34mINFO[0;39m [36mg.service.ubs.OrderLockServiceImpl      [0;39m [35m:62  [0;39m Unlock orders
[2025-04-06 09:23:35] [34mINFO[0;39m [36mg.service.ubs.OrderLockServiceImpl      [0;39m [35m:60  [0;39m Time: 2025-04-06T09:18:35.481315100
[2025-04-06 09:23:35] [34mINFO[0;39m [36mg.service.ubs.OrderLockServiceImpl      [0;39m [35m:62  [0;39m Unlock orders
[2025-04-06 09:23:35] [34mINFO[0;39m [36mg.service.ubs.OrderLockServiceImpl      [0;39m [35m:60  [0;39m Time: 2025-04-06T09:18:35.483312600
[2025-04-06 09:23:35] [34mINFO[0;39m [36mg.service.ubs.OrderLockServiceImpl      [0;39m [35m:62  [0;39m Unlock orders
[2025-04-06 09:23:35] [34mINFO[0;39m [36mg.service.ubs.OrderLockServiceImpl      [0;39m [35m:60  [0;39m Time: 2025-04-06T09:18:35.487313100
[2025-04-06 09:23:35] [34mINFO[0;39m [36mg.service.ubs.OrderLockServiceImpl      [0;39m [35m:62  [0;39m Unlock orders
[2025-04-06 09:23:35] [34mINFO[0;39m [36mg.service.ubs.OrderLockServiceImpl      [0;39m [35m:60  [0;39m Time: 2025-04-06T09:18:35.489313100
[2025-04-06 09:23:35] [34mINFO[0;39m [36mg.service.ubs.OrderLockServiceImpl      [0;39m [35m:62  [0;39m Unlock orders
[2025-04-06 09:23:35] [34mINFO[0;39m [36mg.service.ubs.OrderLockServiceImpl      [0;39m [35m:60  [0;39m Time: 2025-04-06T09:18:35.490314900
[2025-04-06 09:23:35] [34mINFO[0;39m [36mg.service.ubs.OrderLockServiceImpl      [0;39m [35m:62  [0;39m Unlock orders
[2025-04-06 09:23:35] [34mINFO[0;39m [36mg.service.ubs.OrderLockServiceImpl      [0;39m [35m:60  [0;39m Time: 2025-04-06T09:18:35.492312700
[2025-04-06 09:23:35] [34mINFO[0;39m [36mg.service.ubs.OrderLockServiceImpl      [0;39m [35m:62  [0;39m Unlock orders
[2025-04-06 09:23:35] [34mINFO[0;39m [36mg.service.ubs.OrderLockServiceImpl      [0;39m [35m:60  [0;39m Time: 2025-04-06T09:18:35.493313100
[2025-04-06 09:23:35] [34mINFO[0;39m [36mg.service.ubs.OrderLockServiceImpl      [0;39m [35m:62  [0;39m Unlock orders
[2025-04-06 09:23:35] [34mINFO[0;39m [36mg.service.ubs.OrderLockServiceImpl      [0;39m [35m:60  [0;39m Time: 2025-04-06T09:18:35.495313200
[2025-04-06 09:23:35] [34mINFO[0;39m [36mg.service.ubs.OrderLockServiceImpl      [0;39m [35m:62  [0;39m Unlock orders
[2025-04-06 09:23:35] [34mINFO[0;39m [36mg.service.ubs.OrderLockServiceImpl      [0;39m [35m:60  [0;39m Time: 2025-04-06T09:18:35.497313900
[2025-04-06 09:23:35] [34mINFO[0;39m [36mg.service.ubs.OrderLockServiceImpl      [0;39m [35m:62  [0;39m Unlock orders
[2025-04-06 09:23:35] [34mINFO[0;39m [36mg.service.ubs.OrderLockServiceImpl      [0;39m [35m:60  [0;39m Time: 2025-04-06T09:18:35.499313500
[2025-04-06 09:23:35] [34mINFO[0;39m [36mg.service.ubs.OrderLockServiceImpl      [0;39m [35m:62  [0;39m Unlock orders
[2025-04-06 09:23:35] [34mINFO[0;39m [36mg.service.ubs.OrderLockServiceImpl      [0;39m [35m:60  [0;39m Time: 2025-04-06T09:18:35.500313400
[2025-04-06 09:23:35] [34mINFO[0;39m [36mg.service.ubs.OrderLockServiceImpl      [0;39m [35m:62  [0;39m Unlock orders
[2025-04-06 09:23:35] [34mINFO[0;39m [36mg.service.ubs.OrderLockServiceImpl      [0;39m [35m:60  [0;39m Time: 2025-04-06T09:18:35.503314300
[2025-04-06 09:23:35] [34mINFO[0;39m [36mg.service.ubs.OrderLockServiceImpl      [0;39m [35m:62  [0;39m Unlock orders
[2025-04-06 09:23:35] [34mINFO[0;39m [36mg.service.ubs.OrderLockServiceImpl      [0;39m [35m:60  [0;39m Time: 2025-04-06T09:18:35.505313
[2025-04-06 09:23:35] [34mINFO[0;39m [36mg.service.ubs.OrderLockServiceImpl      [0;39m [35m:62  [0;39m Unlock orders
[2025-04-06 09:23:35] [34mINFO[0;39m [36mg.service.ubs.OrderLockServiceImpl      [0;39m [35m:60  [0;39m Time: 2025-04-06T09:18:35.507315100
[2025-04-06 09:23:35] [34mINFO[0;39m [36mg.service.ubs.OrderLockServiceImpl      [0;39m [35m:62  [0;39m Unlock orders
[2025-04-06 09:23:35] [34mINFO[0;39m [36mg.service.ubs.OrderLockServiceImpl      [0;39m [35m:60  [0;39m Time: 2025-04-06T09:18:35.509315800
[2025-04-06 09:23:35] [34mINFO[0;39m [36mg.service.ubs.OrderLockServiceImpl      [0;39m [35m:62  [0;39m Unlock orders
[2025-04-06 09:23:35] [34mINFO[0;39m [36mg.service.ubs.OrderLockServiceImpl      [0;39m [35m:60  [0;39m Time: 2025-04-06T09:18:35.510313
[2025-04-06 09:23:35] [34mINFO[0;39m [36mg.service.ubs.OrderLockServiceImpl      [0;39m [35m:62  [0;39m Unlock orders
[2025-04-06 09:23:35] [34mINFO[0;39m [36mg.service.ubs.OrderLockServiceImpl      [0;39m [35m:60  [0;39m Time: 2025-04-06T09:18:35.512313200
[2025-04-06 09:23:35] [34mINFO[0;39m [36mg.service.ubs.OrderLockServiceImpl      [0;39m [35m:62  [0;39m Unlock orders
[2025-04-06 09:23:35] [34mINFO[0;39m [36mg.service.ubs.OrderLockServiceImpl      [0;39m [35m:60  [0;39m Time: 2025-04-06T09:18:35.513311600
[2025-04-06 09:23:35] [34mINFO[0;39m [36mg.service.ubs.OrderLockServiceImpl      [0;39m [35m:62  [0;39m Unlock orders
[2025-04-06 09:23:35] [34mINFO[0;39m [36mg.service.ubs.OrderLockServiceImpl      [0;39m [35m:60  [0;39m Time: 2025-04-06T09:18:35.516312500
[2025-04-06 09:23:35] [34mINFO[0;39m [36mg.service.ubs.OrderLockServiceImpl      [0;39m [35m:62  [0;39m Unlock orders
[2025-04-06 09:23:35] [34mINFO[0;39m [36mg.service.ubs.OrderLockServiceImpl      [0;39m [35m:60  [0;39m Time: 2025-04-06T09:18:35.517312900
[2025-04-06 09:23:35] [34mINFO[0;39m [36mg.service.ubs.OrderLockServiceImpl      [0;39m [35m:62  [0;39m Unlock orders
[2025-04-06 09:23:35] [34mINFO[0;39m [36mg.service.ubs.OrderLockServiceImpl      [0;39m [35m:60  [0;39m Time: 2025-04-06T09:18:35.519312900
[2025-04-06 09:23:35] [34mINFO[0;39m [36mg.service.ubs.OrderLockServiceImpl      [0;39m [35m:62  [0;39m Unlock orders
[2025-04-06 09:23:35] [34mINFO[0;39m [36mg.service.ubs.OrderLockServiceImpl      [0;39m [35m:60  [0;39m Time: 2025-04-06T09:18:35.521317100
[2025-04-06 09:23:35] [34mINFO[0;39m [36mg.service.ubs.OrderLockServiceImpl      [0;39m [35m:62  [0;39m Unlock orders
[2025-04-06 09:23:35] [34mINFO[0;39m [36mg.service.ubs.OrderLockServiceImpl      [0;39m [35m:60  [0;39m Time: 2025-04-06T09:18:35.523313200
[2025-04-06 09:23:35] [34mINFO[0;39m [36mg.service.ubs.OrderLockServiceImpl      [0;39m [35m:62  [0;39m Unlock orders
[2025-04-06 09:23:35] [34mINFO[0;39m [36mg.service.ubs.OrderLockServiceImpl      [0;39m [35m:60  [0;39m Time: 2025-04-06T09:18:35.525312500
[2025-04-06 09:23:35] [34mINFO[0;39m [36mg.service.ubs.OrderLockServiceImpl      [0;39m [35m:62  [0;39m Unlock orders
[2025-04-06 09:23:35] [34mINFO[0;39m [36mg.service.ubs.OrderLockServiceImpl      [0;39m [35m:60  [0;39m Time: 2025-04-06T09:18:35.526311600
[2025-04-06 09:23:35] [34mINFO[0;39m [36mg.service.ubs.OrderLockServiceImpl      [0;39m [35m:62  [0;39m Unlock orders
[2025-04-06 09:23:35] [34mINFO[0;39m [36mg.service.ubs.OrderLockServiceImpl      [0;39m [35m:60  [0;39m Time: 2025-04-06T09:18:35.528313500
[2025-04-06 09:23:35] [34mINFO[0;39m [36mg.service.ubs.OrderLockServiceImpl      [0;39m [35m:62  [0;39m Unlock orders
[2025-04-06 09:23:35] [34mINFO[0;39m [36mg.service.ubs.OrderLockServiceImpl      [0;39m [35m:60  [0;39m Time: 2025-04-06T09:18:35.530314100
[2025-04-06 09:23:35] [34mINFO[0;39m [36mg.service.ubs.OrderLockServiceImpl      [0;39m [35m:62  [0;39m Unlock orders
[2025-04-06 09:23:35] [34mINFO[0;39m [36mg.service.ubs.OrderLockServiceImpl      [0;39m [35m:60  [0;39m Time: 2025-04-06T09:18:35.532312800
[2025-04-06 09:23:35] [34mINFO[0;39m [36mg.service.ubs.OrderLockServiceImpl      [0;39m [35m:62  [0;39m Unlock orders
[2025-04-06 09:23:35] [34mINFO[0;39m [36mg.service.ubs.OrderLockServiceImpl      [0;39m [35m:60  [0;39m Time: 2025-04-06T09:18:35.534311400
[2025-04-06 09:23:35] [34mINFO[0;39m [36mg.service.ubs.OrderLockServiceImpl      [0;39m [35m:62  [0;39m Unlock orders
[2025-04-06 09:23:35] [34mINFO[0;39m [36mg.service.ubs.OrderLockServiceImpl      [0;39m [35m:60  [0;39m Time: 2025-04-06T09:18:35.536314
[2025-04-06 09:23:35] [34mINFO[0;39m [36mg.service.ubs.OrderLockServiceImpl      [0;39m [35m:62  [0;39m Unlock orders
[2025-04-06 09:23:35] [34mINFO[0;39m [36mg.service.ubs.OrderLockServiceImpl      [0;39m [35m:60  [0;39m Time: 2025-04-06T09:18:35.538312600
[2025-04-06 09:23:35] [34mINFO[0;39m [36mg.service.ubs.OrderLockServiceImpl      [0;39m [35m:62  [0;39m Unlock orders
[2025-04-06 09:23:35] [34mINFO[0;39m [36mg.service.ubs.OrderLockServiceImpl      [0;39m [35m:60  [0;39m Time: 2025-04-06T09:18:35.540347200
[2025-04-06 09:23:35] [34mINFO[0;39m [36mg.service.ubs.OrderLockServiceImpl      [0;39m [35m:62  [0;39m Unlock orders
[2025-04-06 09:23:35] [34mINFO[0;39m [36mg.service.ubs.OrderLockServiceImpl      [0;39m [35m:60  [0;39m Time: 2025-04-06T09:18:35.541355300
[2025-04-06 09:23:35] [34mINFO[0;39m [36mg.service.ubs.OrderLockServiceImpl      [0;39m [35m:62  [0;39m Unlock orders
[2025-04-06 09:23:35] [34mINFO[0;39m [36mg.service.ubs.OrderLockServiceImpl      [0;39m [35m:60  [0;39m Time: 2025-04-06T09:18:35.543314900
[2025-04-06 09:23:35] [34mINFO[0;39m [36mg.service.ubs.OrderLockServiceImpl      [0;39m [35m:62  [0;39m Unlock orders
[2025-04-06 09:23:35] [34mINFO[0;39m [36mg.service.ubs.OrderLockServiceImpl      [0;39m [35m:60  [0;39m Time: 2025-04-06T09:18:35.545314700
[2025-04-06 09:23:35] [34mINFO[0;39m [36mg.service.ubs.OrderLockServiceImpl      [0;39m [35m:62  [0;39m Unlock orders
[2025-04-06 09:23:35] [34mINFO[0;39m [36mg.service.ubs.OrderLockServiceImpl      [0;39m [35m:60  [0;39m Time: 2025-04-06T09:18:35.547314500
[2025-04-06 09:23:35] [34mINFO[0;39m [36mg.service.ubs.OrderLockServiceImpl      [0;39m [35m:62  [0;39m Unlock orders
[2025-04-06 09:23:35] [34mINFO[0;39m [36mg.service.ubs.OrderLockServiceImpl      [0;39m [35m:60  [0;39m Time: 2025-04-06T09:18:35.549313700
[2025-04-06 09:23:35] [34mINFO[0;39m [36mg.service.ubs.OrderLockServiceImpl      [0;39m [35m:62  [0;39m Unlock orders
[2025-04-06 09:23:35] [34mINFO[0;39m [36mg.service.ubs.OrderLockServiceImpl      [0;39m [35m:60  [0;39m Time: 2025-04-06T09:18:35.551313
[2025-04-06 09:23:35] [34mINFO[0;39m [36mg.service.ubs.OrderLockServiceImpl      [0;39m [35m:62  [0;39m Unlock orders
[2025-04-06 09:23:35] [34mINFO[0;39m [36mg.service.ubs.OrderLockServiceImpl      [0;39m [35m:60  [0;39m Time: 2025-04-06T09:18:35.554314900
[2025-04-06 09:23:35] [34mINFO[0;39m [36mg.service.ubs.OrderLockServiceImpl      [0;39m [35m:62  [0;39m Unlock orders
[2025-04-06 09:23:35] [34mINFO[0;39m [36mg.service.ubs.OrderLockServiceImpl      [0;39m [35m:60  [0;39m Time: 2025-04-06T09:18:35.556317100
[2025-04-06 09:23:35] [34mINFO[0;39m [36mg.service.ubs.OrderLockServiceImpl      [0;39m [35m:62  [0;39m Unlock orders
[2025-04-06 09:23:35] [34mINFO[0;39m [36mg.service.ubs.OrderLockServiceImpl      [0;39m [35m:60  [0;39m Time: 2025-04-06T09:18:35.558314600
[2025-04-06 09:23:35] [34mINFO[0;39m [36mg.service.ubs.OrderLockServiceImpl      [0;39m [35m:62  [0;39m Unlock orders
[2025-04-06 09:23:35] [34mINFO[0;39m [36mg.service.ubs.OrderLockServiceImpl      [0;39m [35m:60  [0;39m Time: 2025-04-06T09:18:35.561310900
[2025-04-06 09:23:35] [34mINFO[0;39m [36mg.service.ubs.OrderLockServiceImpl      [0;39m [35m:62  [0;39m Unlock orders
[2025-04-06 09:23:35] [34mINFO[0;39m [36mg.service.ubs.OrderLockServiceImpl      [0;39m [35m:60  [0;39m Time: 2025-04-06T09:18:35.563312600
[2025-04-06 09:23:35] [34mINFO[0;39m [36mg.service.ubs.OrderLockServiceImpl      [0;39m [35m:62  [0;39m Unlock orders
[2025-04-06 09:23:35] [34mINFO[0;39m [36mg.service.ubs.OrderLockServiceImpl      [0;39m [35m:60  [0;39m Time: 2025-04-06T09:18:35.565312800
[2025-04-06 09:23:35] [34mINFO[0;39m [36mg.service.ubs.OrderLockServiceImpl      [0;39m [35m:62  [0;39m Unlock orders
[2025-04-06 09:23:35] [34mINFO[0;39m [36mg.service.ubs.OrderLockServiceImpl      [0;39m [35m:60  [0;39m Time: 2025-04-06T09:18:35.567313400
[2025-04-06 09:23:35] [34mINFO[0;39m [36mg.service.ubs.OrderLockServiceImpl      [0;39m [35m:62  [0;39m Unlock orders
[2025-04-06 09:23:35] [34mINFO[0;39m [36mg.service.ubs.OrderLockServiceImpl      [0;39m [35m:60  [0;39m Time: 2025-04-06T09:18:35.569311100
[2025-04-06 09:23:35] [34mINFO[0;39m [36mg.service.ubs.OrderLockServiceImpl      [0;39m [35m:62  [0;39m Unlock orders
[2025-04-06 09:23:35] [34mINFO[0;39m [36mg.service.ubs.OrderLockServiceImpl      [0;39m [35m:60  [0;39m Time: 2025-04-06T09:18:35.571311600
[2025-04-06 09:23:35] [34mINFO[0;39m [36mg.service.ubs.OrderLockServiceImpl      [0;39m [35m:62  [0;39m Unlock orders
[2025-04-06 09:23:35] [34mINFO[0;39m [36mg.service.ubs.OrderLockServiceImpl      [0;39m [35m:60  [0;39m Time: 2025-04-06T09:18:35.575312400
[2025-04-06 09:23:35] [34mINFO[0;39m [36mg.service.ubs.OrderLockServiceImpl      [0;39m [35m:62  [0;39m Unlock orders
[2025-04-06 09:23:35] [34mINFO[0;39m [36mg.service.ubs.OrderLockServiceImpl      [0;39m [35m:60  [0;39m Time: 2025-04-06T09:18:35.577313
[2025-04-06 09:23:35] [34mINFO[0;39m [36mg.service.ubs.OrderLockServiceImpl      [0;39m [35m:62  [0;39m Unlock orders
[2025-04-06 09:23:35] [34mINFO[0;39m [36mg.service.ubs.OrderLockServiceImpl      [0;39m [35m:60  [0;39m Time: 2025-04-06T09:18:35.579316500
[2025-04-06 09:23:35] [34mINFO[0;39m [36mg.service.ubs.OrderLockServiceImpl      [0;39m [35m:62  [0;39m Unlock orders
[2025-04-06 09:23:35] [34mINFO[0;39m [36mg.service.ubs.OrderLockServiceImpl      [0;39m [35m:60  [0;39m Time: 2025-04-06T09:18:35.580316900
[2025-04-06 09:23:35] [34mINFO[0;39m [36mg.service.ubs.OrderLockServiceImpl      [0;39m [35m:62  [0;39m Unlock orders
[2025-04-06 09:23:35] [34mINFO[0;39m [36mg.service.ubs.OrderLockServiceImpl      [0;39m [35m:60  [0;39m Time: 2025-04-06T09:18:35.581312200
[2025-04-06 09:23:35] [34mINFO[0;39m [36mg.service.ubs.OrderLockServiceImpl      [0;39m [35m:62  [0;39m Unlock orders
[2025-04-06 09:23:35] [34mINFO[0;39m [36mg.service.ubs.OrderLockServiceImpl      [0;39m [35m:60  [0;39m Time: 2025-04-06T09:18:35.583313700
[2025-04-06 09:23:35] [34mINFO[0;39m [36mg.service.ubs.OrderLockServiceImpl      [0;39m [35m:62  [0;39m Unlock orders
[2025-04-06 09:23:35] [34mINFO[0;39m [36mg.service.ubs.OrderLockServiceImpl      [0;39m [35m:60  [0;39m Time: 2025-04-06T09:18:35.584312800
[2025-04-06 09:23:35] [34mINFO[0;39m [36mg.service.ubs.OrderLockServiceImpl      [0;39m [35m:62  [0;39m Unlock orders
[2025-04-06 09:23:35] [34mINFO[0;39m [36mg.service.ubs.OrderLockServiceImpl      [0;39m [35m:60  [0;39m Time: 2025-04-06T09:18:35.587316100
[2025-04-06 09:23:35] [34mINFO[0;39m [36mg.service.ubs.OrderLockServiceImpl      [0;39m [35m:62  [0;39m Unlock orders
[2025-04-06 09:23:35] [34mINFO[0;39m [36mg.service.ubs.OrderLockServiceImpl      [0;39m [35m:60  [0;39m Time: 2025-04-06T09:18:35.589315900
[2025-04-06 09:23:35] [34mINFO[0;39m [36mg.service.ubs.OrderLockServiceImpl      [0;39m [35m:62  [0;39m Unlock orders
[2025-04-06 09:23:35] [34mINFO[0;39m [36mg.service.ubs.OrderLockServiceImpl      [0;39m [35m:60  [0;39m Time: 2025-04-06T09:18:35.591321400
[2025-04-06 09:23:35] [34mINFO[0;39m [36mg.service.ubs.OrderLockServiceImpl      [0;39m [35m:62  [0;39m Unlock orders
[2025-04-06 09:23:35] [34mINFO[0;39m [36mg.service.ubs.OrderLockServiceImpl      [0;39m [35m:60  [0;39m Time: 2025-04-06T09:18:35.592321700
[2025-04-06 09:23:35] [34mINFO[0;39m [36mg.service.ubs.OrderLockServiceImpl      [0;39m [35m:62  [0;39m Unlock orders
[2025-04-06 09:23:35] [34mINFO[0;39m [36mg.service.ubs.OrderLockServiceImpl      [0;39m [35m:60  [0;39m Time: 2025-04-06T09:18:35.594318
[2025-04-06 09:23:35] [34mINFO[0;39m [36mg.service.ubs.OrderLockServiceImpl      [0;39m [35m:62  [0;39m Unlock orders
[2025-04-06 09:23:35] [34mINFO[0;39m [36mg.service.ubs.OrderLockServiceImpl      [0;39m [35m:60  [0;39m Time: 2025-04-06T09:18:35.595318700
[2025-04-06 09:23:35] [34mINFO[0;39m [36mg.service.ubs.OrderLockServiceImpl      [0;39m [35m:62  [0;39m Unlock orders
[2025-04-06 09:23:35] [34mINFO[0;39m [36mg.service.ubs.OrderLockServiceImpl      [0;39m [35m:60  [0;39m Time: 2025-04-06T09:18:35.597324900
[2025-04-06 09:23:35] [34mINFO[0;39m [36mg.service.ubs.OrderLockServiceImpl      [0;39m [35m:62  [0;39m Unlock orders
[2025-04-06 09:23:35] [34mINFO[0;39m [36mg.service.ubs.OrderLockServiceImpl      [0;39m [35m:60  [0;39m Time: 2025-04-06T09:18:35.598317200
[2025-04-06 09:23:35] [34mINFO[0;39m [36mg.service.ubs.OrderLockServiceImpl      [0;39m [35m:62  [0;39m Unlock orders
[2025-04-06 09:23:35] [34mINFO[0;39m [36mg.service.ubs.OrderLockServiceImpl      [0;39m [35m:60  [0;39m Time: 2025-04-06T09:18:35.602316
[2025-04-06 09:23:35] [34mINFO[0;39m [36mg.service.ubs.OrderLockServiceImpl      [0;39m [35m:62  [0;39m Unlock orders
[2025-04-06 09:23:35] [34mINFO[0;39m [36mg.service.ubs.OrderLockServiceImpl      [0;39m [35m:60  [0;39m Time: 2025-04-06T09:18:35.604317700
[2025-04-06 09:23:35] [34mINFO[0;39m [36mg.service.ubs.OrderLockServiceImpl      [0;39m [35m:62  [0;39m Unlock orders
[2025-04-06 09:23:35] [34mINFO[0;39m [36mg.service.ubs.OrderLockServiceImpl      [0;39m [35m:60  [0;39m Time: 2025-04-06T09:18:35.606312500
[2025-04-06 09:23:35] [34mINFO[0;39m [36mg.service.ubs.OrderLockServiceImpl      [0;39m [35m:62  [0;39m Unlock orders
[2025-04-06 09:23:35] [34mINFO[0;39m [36mg.service.ubs.OrderLockServiceImpl      [0;39m [35m:60  [0;39m Time: 2025-04-06T09:18:35.607313900
[2025-04-06 09:23:35] [34mINFO[0;39m [36mg.service.ubs.OrderLockServiceImpl      [0;39m [35m:62  [0;39m Unlock orders
[2025-04-06 09:23:35] [34mINFO[0;39m [36mg.service.ubs.OrderLockServiceImpl      [0;39m [35m:60  [0;39m Time: 2025-04-06T09:18:35.609312600
[2025-04-06 09:23:35] [34mINFO[0;39m [36mg.service.ubs.OrderLockServiceImpl      [0;39m [35m:62  [0;39m Unlock orders
[2025-04-06 09:23:35] [34mINFO[0;39m [36mg.service.ubs.OrderLockServiceImpl      [0;39m [35m:60  [0;39m Time: 2025-04-06T09:18:35.610312600
[2025-04-06 09:23:35] [34mINFO[0;39m [36mg.service.ubs.OrderLockServiceImpl      [0;39m [35m:62  [0;39m Unlock orders
[2025-04-06 09:23:35] [34mINFO[0;39m [36mg.service.ubs.OrderLockServiceImpl      [0;39m [35m:60  [0;39m Time: 2025-04-06T09:18:35.612311500
[2025-04-06 09:23:35] [34mINFO[0;39m [36mg.service.ubs.OrderLockServiceImpl      [0;39m [35m:62  [0;39m Unlock orders
[2025-04-06 09:23:35] [34mINFO[0;39m [36mg.service.ubs.OrderLockServiceImpl      [0;39m [35m:60  [0;39m Time: 2025-04-06T09:18:35.613313900
[2025-04-06 09:23:35] [34mINFO[0;39m [36mg.service.ubs.OrderLockServiceImpl      [0;39m [35m:62  [0;39m Unlock orders
[2025-04-06 09:23:35] [34mINFO[0;39m [36mg.service.ubs.OrderLockServiceImpl      [0;39m [35m:60  [0;39m Time: 2025-04-06T09:18:35.614312100
[2025-04-06 09:23:35] [34mINFO[0;39m [36mg.service.ubs.OrderLockServiceImpl      [0;39m [35m:62  [0;39m Unlock orders
[2025-04-06 09:23:35] [34mINFO[0;39m [36mg.service.ubs.OrderLockServiceImpl      [0;39m [35m:60  [0;39m Time: 2025-04-06T09:18:35.616312600
[2025-04-06 09:23:35] [34mINFO[0;39m [36mg.service.ubs.OrderLockServiceImpl      [0;39m [35m:62  [0;39m Unlock orders
[2025-04-06 09:23:35] [34mINFO[0;39m [36mg.service.ubs.OrderLockServiceImpl      [0;39m [35m:60  [0;39m Time: 2025-04-06T09:18:35.618312900
[2025-04-06 09:23:35] [34mINFO[0;39m [36mg.service.ubs.OrderLockServiceImpl      [0;39m [35m:62  [0;39m Unlock orders
[2025-04-06 09:23:35] [34mINFO[0;39m [36mg.service.ubs.OrderLockServiceImpl      [0;39m [35m:60  [0;39m Time: 2025-04-06T09:18:35.620316700
[2025-04-06 09:23:35] [34mINFO[0;39m [36mg.service.ubs.OrderLockServiceImpl      [0;39m [35m:62  [0;39m Unlock orders
[2025-04-06 09:23:35] [34mINFO[0;39m [36mg.service.ubs.OrderLockServiceImpl      [0;39m [35m:60  [0;39m Time: 2025-04-06T09:18:35.621315300
[2025-04-06 09:23:35] [34mINFO[0;39m [36mg.service.ubs.OrderLockServiceImpl      [0;39m [35m:62  [0;39m Unlock orders
[2025-04-06 09:23:35] [34mINFO[0;39m [36mg.service.ubs.OrderLockServiceImpl      [0;39m [35m:60  [0;39m Time: 2025-04-06T09:18:35.623315500
[2025-04-06 09:23:35] [34mINFO[0;39m [36mg.service.ubs.OrderLockServiceImpl      [0;39m [35m:62  [0;39m Unlock orders
[2025-04-06 09:23:35] [34mINFO[0;39m [36mg.service.ubs.OrderLockServiceImpl      [0;39m [35m:60  [0;39m Time: 2025-04-06T09:18:35.624313800
[2025-04-06 09:23:35] [34mINFO[0;39m [36mg.service.ubs.OrderLockServiceImpl      [0;39m [35m:62  [0;39m Unlock orders
[2025-04-06 09:23:35] [34mINFO[0;39m [36mg.service.ubs.OrderLockServiceImpl      [0;39m [35m:60  [0;39m Time: 2025-04-06T09:18:35.626315200
[2025-04-06 09:23:35] [34mINFO[0;39m [36mg.service.ubs.OrderLockServiceImpl      [0;39m [35m:62  [0;39m Unlock orders
[2025-04-06 09:23:35] [34mINFO[0;39m [36mg.service.ubs.OrderLockServiceImpl      [0;39m [35m:60  [0;39m Time: 2025-04-06T09:18:35.627314200
[2025-04-06 09:23:35] [34mINFO[0;39m [36mg.service.ubs.OrderLockServiceImpl      [0;39m [35m:62  [0;39m Unlock orders
[2025-04-06 09:23:35] [34mINFO[0;39m [36mg.service.ubs.OrderLockServiceImpl      [0;39m [35m:60  [0;39m Time: 2025-04-06T09:18:35.629862600
[2025-04-06 09:23:35] [34mINFO[0;39m [36mg.service.ubs.OrderLockServiceImpl      [0;39m [35m:62  [0;39m Unlock orders
[2025-04-06 09:23:35] [34mINFO[0;39m [36mg.service.ubs.OrderLockServiceImpl      [0;39m [35m:60  [0;39m Time: 2025-04-06T09:18:35.632401400
[2025-04-06 09:23:35] [34mINFO[0;39m [36mg.service.ubs.OrderLockServiceImpl      [0;39m [35m:62  [0;39m Unlock orders
[2025-04-06 09:23:35] [34mINFO[0;39m [36mg.service.ubs.OrderLockServiceImpl      [0;39m [35m:60  [0;39m Time: 2025-04-06T09:18:35.635406600
[2025-04-06 09:23:35] [34mINFO[0;39m [36mg.service.ubs.OrderLockServiceImpl      [0;39m [35m:62  [0;39m Unlock orders
[2025-04-06 09:23:35] [34mINFO[0;39m [36mg.service.ubs.OrderLockServiceImpl      [0;39m [35m:60  [0;39m Time: 2025-04-06T09:18:35.638395200
[2025-04-06 09:23:35] [34mINFO[0;39m [36mg.service.ubs.OrderLockServiceImpl      [0;39m [35m:62  [0;39m Unlock orders
[2025-04-06 09:23:35] [34mINFO[0;39m [36mg.service.ubs.OrderLockServiceImpl      [0;39m [35m:60  [0;39m Time: 2025-04-06T09:18:35.640395900
[2025-04-06 09:23:35] [34mINFO[0;39m [36mg.service.ubs.OrderLockServiceImpl      [0;39m [35m:62  [0;39m Unlock orders
[2025-04-06 09:23:35] [34mINFO[0;39m [36mg.service.ubs.OrderLockServiceImpl      [0;39m [35m:60  [0;39m Time: 2025-04-06T09:18:35.641395
[2025-04-06 09:23:35] [34mINFO[0;39m [36mg.service.ubs.OrderLockServiceImpl      [0;39m [35m:62  [0;39m Unlock orders
[2025-04-06 09:23:35] [34mINFO[0;39m [36mg.service.ubs.OrderLockServiceImpl      [0;39m [35m:60  [0;39m Time: 2025-04-06T09:18:35.643394600
[2025-04-06 09:23:35] [34mINFO[0;39m [36mg.service.ubs.OrderLockServiceImpl      [0;39m [35m:62  [0;39m Unlock orders
[2025-04-06 09:23:35] [34mINFO[0;39m [36mg.service.ubs.OrderLockServiceImpl      [0;39m [35m:60  [0;39m Time: 2025-04-06T09:18:35.644394100
[2025-04-06 09:23:35] [34mINFO[0;39m [36mg.service.ubs.OrderLockServiceImpl      [0;39m [35m:62  [0;39m Unlock orders
[2025-04-06 09:23:35] [34mINFO[0;39m [36mg.service.ubs.OrderLockServiceImpl      [0;39m [35m:60  [0;39m Time: 2025-04-06T09:18:35.645393
[2025-04-06 09:23:35] [34mINFO[0;39m [36mg.service.ubs.OrderLockServiceImpl      [0;39m [35m:62  [0;39m Unlock orders
[2025-04-06 09:23:35] [34mINFO[0;39m [36mg.service.ubs.OrderLockServiceImpl      [0;39m [35m:60  [0;39m Time: 2025-04-06T09:18:35.646392900
[2025-04-06 09:23:35] [34mINFO[0;39m [36mg.service.ubs.OrderLockServiceImpl      [0;39m [35m:62  [0;39m Unlock orders
[2025-04-06 09:23:35] [34mINFO[0;39m [36mg.service.ubs.OrderLockServiceImpl      [0;39m [35m:60  [0;39m Time: 2025-04-06T09:18:35.647393900
[2025-04-06 09:23:35] [34mINFO[0;39m [36mg.service.ubs.OrderLockServiceImpl      [0;39m [35m:62  [0;39m Unlock orders
[2025-04-06 09:23:35] [34mINFO[0;39m [36mg.service.ubs.OrderLockServiceImpl      [0;39m [35m:60  [0;39m Time: 2025-04-06T09:18:35.649394700
[2025-04-06 09:23:35] [34mINFO[0;39m [36mg.service.ubs.OrderLockServiceImpl      [0;39m [35m:62  [0;39m Unlock orders
[2025-04-06 09:23:35] [34mINFO[0;39m [36mg.service.ubs.OrderLockServiceImpl      [0;39m [35m:60  [0;39m Time: 2025-04-06T09:18:35.650396200
[2025-04-06 09:23:35] [34mINFO[0;39m [36mg.service.ubs.OrderLockServiceImpl      [0;39m [35m:62  [0;39m Unlock orders
[2025-04-06 09:23:35] [34mINFO[0;39m [36mg.service.ubs.OrderLockServiceImpl      [0;39m [35m:60  [0;39m Time: 2025-04-06T09:18:35.652395200
[2025-04-06 09:23:35] [34mINFO[0;39m [36mg.service.ubs.OrderLockServiceImpl      [0;39m [35m:62  [0;39m Unlock orders
[2025-04-06 09:23:35] [34mINFO[0;39m [36mg.service.ubs.OrderLockServiceImpl      [0;39m [35m:60  [0;39m Time: 2025-04-06T09:18:35.653395200
[2025-04-06 09:23:35] [34mINFO[0;39m [36mg.service.ubs.OrderLockServiceImpl      [0;39m [35m:62  [0;39m Unlock orders
[2025-04-06 09:23:35] [34mINFO[0;39m [36mg.service.ubs.OrderLockServiceImpl      [0;39m [35m:60  [0;39m Time: 2025-04-06T09:18:35.655393200
[2025-04-06 09:23:35] [34mINFO[0;39m [36mg.service.ubs.OrderLockServiceImpl      [0;39m [35m:62  [0;39m Unlock orders
[2025-04-06 09:23:35] [34mINFO[0;39m [36mg.service.ubs.OrderLockServiceImpl      [0;39m [35m:60  [0;39m Time: 2025-04-06T09:18:35.656394600
[2025-04-06 09:23:35] [34mINFO[0;39m [36mg.service.ubs.OrderLockServiceImpl      [0;39m [35m:62  [0;39m Unlock orders
[2025-04-06 09:23:35] [34mINFO[0;39m [36mg.service.ubs.OrderLockServiceImpl      [0;39m [35m:60  [0;39m Time: 2025-04-06T09:18:35.658395200
[2025-04-06 09:23:35] [34mINFO[0;39m [36mg.service.ubs.OrderLockServiceImpl      [0;39m [35m:62  [0;39m Unlock orders
[2025-04-06 09:23:35] [34mINFO[0;39m [36mg.service.ubs.OrderLockServiceImpl      [0;39m [35m:60  [0;39m Time: 2025-04-06T09:18:35.659395
[2025-04-06 09:23:35] [34mINFO[0;39m [36mg.service.ubs.OrderLockServiceImpl      [0;39m [35m:62  [0;39m Unlock orders
[2025-04-06 09:23:35] [34mINFO[0;39m [36mg.service.ubs.OrderLockServiceImpl      [0;39m [35m:60  [0;39m Time: 2025-04-06T09:18:35.661395200
[2025-04-06 09:23:35] [34mINFO[0;39m [36mg.service.ubs.OrderLockServiceImpl      [0;39m [35m:62  [0;39m Unlock orders
[2025-04-06 09:23:35] [34mINFO[0;39m [36mg.service.ubs.OrderLockServiceImpl      [0;39m [35m:60  [0;39m Time: 2025-04-06T09:18:35.663394100
[2025-04-06 09:23:35] [34mINFO[0;39m [36mg.service.ubs.OrderLockServiceImpl      [0;39m [35m:62  [0;39m Unlock orders
[2025-04-06 09:23:35] [34mINFO[0;39m [36mg.service.ubs.OrderLockServiceImpl      [0;39m [35m:60  [0;39m Time: 2025-04-06T09:18:35.664397900
[2025-04-06 09:23:35] [34mINFO[0;39m [36mg.service.ubs.OrderLockServiceImpl      [0;39m [35m:62  [0;39m Unlock orders
[2025-04-06 09:23:35] [34mINFO[0;39m [36mg.service.ubs.OrderLockServiceImpl      [0;39m [35m:60  [0;39m Time: 2025-04-06T09:18:35.665393200
[2025-04-06 09:23:35] [34mINFO[0;39m [36mg.service.ubs.OrderLockServiceImpl      [0;39m [35m:62  [0;39m Unlock orders
[2025-04-06 09:23:35] [34mINFO[0;39m [36mg.service.ubs.OrderLockServiceImpl      [0;39m [35m:60  [0;39m Time: 2025-04-06T09:18:35.667396200
[2025-04-06 09:23:35] [34mINFO[0;39m [36mg.service.ubs.OrderLockServiceImpl      [0;39m [35m:62  [0;39m Unlock orders
[2025-04-06 09:23:35] [34mINFO[0;39m [36mg.service.ubs.OrderLockServiceImpl      [0;39m [35m:60  [0;39m Time: 2025-04-06T09:18:35.668394100
[2025-04-06 09:23:35] [34mINFO[0;39m [36mg.service.ubs.OrderLockServiceImpl      [0;39m [35m:62  [0;39m Unlock orders
[2025-04-06 09:23:35] [34mINFO[0;39m [36mg.service.ubs.OrderLockServiceImpl      [0;39m [35m:60  [0;39m Time: 2025-04-06T09:18:35.671452400
[2025-04-06 09:23:35] [34mINFO[0;39m [36mg.service.ubs.OrderLockServiceImpl      [0;39m [35m:62  [0;39m Unlock orders
[2025-04-06 09:23:35] [34mINFO[0;39m [36mg.service.ubs.OrderLockServiceImpl      [0;39m [35m:60  [0;39m Time: 2025-04-06T09:18:35.672453300
[2025-04-06 09:23:35] [34mINFO[0;39m [36mg.service.ubs.OrderLockServiceImpl      [0;39m [35m:62  [0;39m Unlock orders
[2025-04-06 09:23:35] [34mINFO[0;39m [36mg.service.ubs.OrderLockServiceImpl      [0;39m [35m:60  [0;39m Time: 2025-04-06T09:18:35.674451
[2025-04-06 09:23:35] [34mINFO[0;39m [36mg.service.ubs.OrderLockServiceImpl      [0;39m [35m:62  [0;39m Unlock orders
[2025-04-06 09:23:35] [34mINFO[0;39m [36mg.service.ubs.OrderLockServiceImpl      [0;39m [35m:60  [0;39m Time: 2025-04-06T09:18:35.677453
[2025-04-06 09:23:35] [34mINFO[0;39m [36mg.service.ubs.OrderLockServiceImpl      [0;39m [35m:62  [0;39m Unlock orders
[2025-04-06 09:23:35] [34mINFO[0;39m [36mg.service.ubs.OrderLockServiceImpl      [0;39m [35m:60  [0;39m Time: 2025-04-06T09:18:35.679457
[2025-04-06 09:23:35] [34mINFO[0;39m [36mg.service.ubs.OrderLockServiceImpl      [0;39m [35m:62  [0;39m Unlock orders
[2025-04-06 09:23:35] [34mINFO[0;39m [36mg.service.ubs.OrderLockServiceImpl      [0;39m [35m:60  [0;39m Time: 2025-04-06T09:18:35.682452900
[2025-04-06 09:23:35] [34mINFO[0;39m [36mg.service.ubs.OrderLockServiceImpl      [0;39m [35m:62  [0;39m Unlock orders
[2025-04-06 09:23:35] [34mINFO[0;39m [36mg.service.ubs.OrderLockServiceImpl      [0;39m [35m:60  [0;39m Time: 2025-04-06T09:18:35.684451800
[2025-04-06 09:23:35] [34mINFO[0;39m [36mg.service.ubs.OrderLockServiceImpl      [0;39m [35m:62  [0;39m Unlock orders
[2025-04-06 09:23:35] [34mINFO[0;39m [36mg.service.ubs.OrderLockServiceImpl      [0;39m [35m:60  [0;39m Time: 2025-04-06T09:18:35.686456400
[2025-04-06 09:23:35] [34mINFO[0;39m [36mg.service.ubs.OrderLockServiceImpl      [0;39m [35m:62  [0;39m Unlock orders
[2025-04-06 09:23:35] [34mINFO[0;39m [36mg.service.ubs.OrderLockServiceImpl      [0;39m [35m:60  [0;39m Time: 2025-04-06T09:18:35.688455200
[2025-04-06 09:23:35] [34mINFO[0;39m [36mg.service.ubs.OrderLockServiceImpl      [0;39m [35m:62  [0;39m Unlock orders
[2025-04-06 09:23:35] [34mINFO[0;39m [36mg.service.ubs.OrderLockServiceImpl      [0;39m [35m:60  [0;39m Time: 2025-04-06T09:18:35.689986400
[2025-04-06 09:23:35] [34mINFO[0;39m [36mg.service.ubs.OrderLockServiceImpl      [0;39m [35m:62  [0;39m Unlock orders
[2025-04-06 09:23:35] [34mINFO[0;39m [36mg.service.ubs.OrderLockServiceImpl      [0;39m [35m:60  [0;39m Time: 2025-04-06T09:18:35.691506
[2025-04-06 09:23:35] [34mINFO[0;39m [36mg.service.ubs.OrderLockServiceImpl      [0;39m [35m:62  [0;39m Unlock orders
[2025-04-06 09:23:35] [34mINFO[0;39m [36mg.service.ubs.OrderLockServiceImpl      [0;39m [35m:60  [0;39m Time: 2025-04-06T09:18:35.692505800
[2025-04-06 09:23:35] [34mINFO[0;39m [36mg.service.ubs.OrderLockServiceImpl      [0;39m [35m:62  [0;39m Unlock orders
[2025-04-06 09:23:35] [34mINFO[0;39m [36mg.service.ubs.OrderLockServiceImpl      [0;39m [35m:60  [0;39m Time: 2025-04-06T09:18:35.693507400
[2025-04-06 09:23:35] [34mINFO[0;39m [36mg.service.ubs.OrderLockServiceImpl      [0;39m [35m:62  [0;39m Unlock orders
[2025-04-06 09:23:35] [34mINFO[0;39m [36mg.service.ubs.OrderLockServiceImpl      [0;39m [35m:60  [0;39m Time: 2025-04-06T09:18:35.694508700
[2025-04-06 09:23:35] [34mINFO[0;39m [36mg.service.ubs.OrderLockServiceImpl      [0;39m [35m:62  [0;39m Unlock orders
[2025-04-06 09:23:35] [34mINFO[0;39m [36mg.service.ubs.OrderLockServiceImpl      [0;39m [35m:60  [0;39m Time: 2025-04-06T09:18:35.696506300
[2025-04-06 09:23:35] [34mINFO[0;39m [36mg.service.ubs.OrderLockServiceImpl      [0;39m [35m:62  [0;39m Unlock orders
[2025-04-06 09:23:35] [34mINFO[0;39m [36mg.service.ubs.OrderLockServiceImpl      [0;39m [35m:60  [0;39m Time: 2025-04-06T09:18:35.697507
[2025-04-06 09:23:35] [34mINFO[0;39m [36mg.service.ubs.OrderLockServiceImpl      [0;39m [35m:62  [0;39m Unlock orders
[2025-04-06 09:23:35] [34mINFO[0;39m [36mg.service.ubs.OrderLockServiceImpl      [0;39m [35m:60  [0;39m Time: 2025-04-06T09:18:35.698507900
[2025-04-06 09:23:35] [34mINFO[0;39m [36mg.service.ubs.OrderLockServiceImpl      [0;39m [35m:62  [0;39m Unlock orders
[2025-04-06 09:23:35] [34mINFO[0;39m [36mg.service.ubs.OrderLockServiceImpl      [0;39m [35m:60  [0;39m Time: 2025-04-06T09:18:35.700508500
[2025-04-06 09:23:35] [34mINFO[0;39m [36mg.service.ubs.OrderLockServiceImpl      [0;39m [35m:62  [0;39m Unlock orders
[2025-04-06 09:23:35] [34mINFO[0;39m [36mg.service.ubs.OrderLockServiceImpl      [0;39m [35m:60  [0;39m Time: 2025-04-06T09:18:35.702507100
[2025-04-06 09:23:35] [34mINFO[0;39m [36mg.service.ubs.OrderLockServiceImpl      [0;39m [35m:62  [0;39m Unlock orders
[2025-04-06 09:23:35] [34mINFO[0;39m [36mg.service.ubs.OrderLockServiceImpl      [0;39m [35m:60  [0;39m Time: 2025-04-06T09:18:35.704507200
[2025-04-06 09:23:35] [34mINFO[0;39m [36mg.service.ubs.OrderLockServiceImpl      [0;39m [35m:62  [0;39m Unlock orders
[2025-04-06 09:23:35] [34mINFO[0;39m [36mg.service.ubs.OrderLockServiceImpl      [0;39m [35m:60  [0;39m Time: 2025-04-06T09:18:35.708508100
[2025-04-06 09:23:35] [34mINFO[0;39m [36mg.service.ubs.OrderLockServiceImpl      [0;39m [35m:62  [0;39m Unlock orders
[2025-04-06 09:23:35] [34mINFO[0;39m [36mg.service.ubs.OrderLockServiceImpl      [0;39m [35m:60  [0;39m Time: 2025-04-06T09:18:35.711506700
[2025-04-06 09:23:35] [34mINFO[0;39m [36mg.service.ubs.OrderLockServiceImpl      [0;39m [35m:62  [0;39m Unlock orders
[2025-04-06 09:23:35] [34mINFO[0;39m [36mg.service.ubs.OrderLockServiceImpl      [0;39m [35m:60  [0;39m Time: 2025-04-06T09:18:35.714513
[2025-04-06 09:23:35] [34mINFO[0;39m [36mg.service.ubs.OrderLockServiceImpl      [0;39m [35m:62  [0;39m Unlock orders
[2025-04-06 09:23:35] [34mINFO[0;39m [36mg.service.ubs.OrderLockServiceImpl      [0;39m [35m:60  [0;39m Time: 2025-04-06T09:18:35.720510200
[2025-04-06 09:23:35] [34mINFO[0;39m [36mg.service.ubs.OrderLockServiceImpl      [0;39m [35m:62  [0;39m Unlock orders
[2025-04-06 09:23:35] [34mINFO[0;39m [36mg.service.ubs.OrderLockServiceImpl      [0;39m [35m:60  [0;39m Time: 2025-04-06T09:18:35.724507300
[2025-04-06 09:23:35] [34mINFO[0;39m [36mg.service.ubs.OrderLockServiceImpl      [0;39m [35m:62  [0;39m Unlock orders
[2025-04-06 09:23:35] [34mINFO[0;39m [36mg.service.ubs.OrderLockServiceImpl      [0;39m [35m:60  [0;39m Time: 2025-04-06T09:18:35.725507100
[2025-04-06 09:23:35] [34mINFO[0;39m [36mg.service.ubs.OrderLockServiceImpl      [0;39m [35m:62  [0;39m Unlock orders
[2025-04-06 09:23:35] [34mINFO[0;39m [36mg.service.ubs.OrderLockServiceImpl      [0;39m [35m:60  [0;39m Time: 2025-04-06T09:18:35.728507600
[2025-04-06 09:23:35] [34mINFO[0;39m [36mg.service.ubs.OrderLockServiceImpl      [0;39m [35m:62  [0;39m Unlock orders
[2025-04-06 09:23:35] [34mINFO[0;39m [36mg.service.ubs.OrderLockServiceImpl      [0;39m [35m:60  [0;39m Time: 2025-04-06T09:18:35.730507100
[2025-04-06 09:23:35] [34mINFO[0;39m [36mg.service.ubs.OrderLockServiceImpl      [0;39m [35m:62  [0;39m Unlock orders
[2025-04-06 09:23:35] [34mINFO[0;39m [36mg.service.ubs.OrderLockServiceImpl      [0;39m [35m:60  [0;39m Time: 2025-04-06T09:18:35.731508
[2025-04-06 09:23:35] [34mINFO[0;39m [36mg.service.ubs.OrderLockServiceImpl      [0;39m [35m:62  [0;39m Unlock orders
[2025-04-06 09:23:35] [34mINFO[0;39m [36mg.service.ubs.OrderLockServiceImpl      [0;39m [35m:60  [0;39m Time: 2025-04-06T09:18:35.733508100
[2025-04-06 09:23:35] [34mINFO[0;39m [36mg.service.ubs.OrderLockServiceImpl      [0;39m [35m:62  [0;39m Unlock orders
[2025-04-06 09:23:35] [34mINFO[0;39m [36mg.service.ubs.OrderLockServiceImpl      [0;39m [35m:60  [0;39m Time: 2025-04-06T09:18:35.737507
[2025-04-06 09:23:35] [34mINFO[0;39m [36mg.service.ubs.OrderLockServiceImpl      [0;39m [35m:62  [0;39m Unlock orders
[2025-04-06 09:23:35] [34mINFO[0;39m [36mg.service.ubs.OrderLockServiceImpl      [0;39m [35m:60  [0;39m Time: 2025-04-06T09:18:35.739507800
[2025-04-06 09:23:35] [34mINFO[0;39m [36mg.service.ubs.OrderLockServiceImpl      [0;39m [35m:62  [0;39m Unlock orders
[2025-04-06 09:23:35] [34mINFO[0;39m [36mg.service.ubs.OrderLockServiceImpl      [0;39m [35m:60  [0;39m Time: 2025-04-06T09:18:35.742511400
[2025-04-06 09:23:35] [34mINFO[0;39m [36mg.service.ubs.OrderLockServiceImpl      [0;39m [35m:62  [0;39m Unlock orders
[2025-04-06 09:23:35] [34mINFO[0;39m [36mg.service.ubs.OrderLockServiceImpl      [0;39m [35m:60  [0;39m Time: 2025-04-06T09:18:35.744505900
[2025-04-06 09:23:35] [34mINFO[0;39m [36mg.service.ubs.OrderLockServiceImpl      [0;39m [35m:62  [0;39m Unlock orders
[2025-04-06 09:23:35] [34mINFO[0;39m [36mg.service.ubs.OrderLockServiceImpl      [0;39m [35m:60  [0;39m Time: 2025-04-06T09:18:35.745505400
[2025-04-06 09:23:35] [34mINFO[0;39m [36mg.service.ubs.OrderLockServiceImpl      [0;39m [35m:62  [0;39m Unlock orders
[2025-04-06 09:23:35] [34mINFO[0;39m [36mg.service.ubs.OrderLockServiceImpl      [0;39m [35m:60  [0;39m Time: 2025-04-06T09:18:35.746506500
[2025-04-06 09:23:35] [34mINFO[0;39m [36mg.service.ubs.OrderLockServiceImpl      [0;39m [35m:62  [0;39m Unlock orders
[2025-04-06 09:23:35] [34mINFO[0;39m [36mg.service.ubs.OrderLockServiceImpl      [0;39m [35m:60  [0;39m Time: 2025-04-06T09:18:35.747507300
[2025-04-06 09:23:35] [34mINFO[0;39m [36mg.service.ubs.OrderLockServiceImpl      [0;39m [35m:62  [0;39m Unlock orders
[2025-04-06 09:23:35] [34mINFO[0;39m [36mg.service.ubs.OrderLockServiceImpl      [0;39m [35m:60  [0;39m Time: 2025-04-06T09:18:35.748506900
[2025-04-06 09:23:35] [34mINFO[0;39m [36mg.service.ubs.OrderLockServiceImpl      [0;39m [35m:62  [0;39m Unlock orders
[2025-04-06 09:23:35] [34mINFO[0;39m [36mg.service.ubs.OrderLockServiceImpl      [0;39m [35m:60  [0;39m Time: 2025-04-06T09:18:35.749507800
[2025-04-06 09:23:35] [34mINFO[0;39m [36mg.service.ubs.OrderLockServiceImpl      [0;39m [35m:62  [0;39m Unlock orders
[2025-04-06 09:23:35] [34mINFO[0;39m [36mg.service.ubs.OrderLockServiceImpl      [0;39m [35m:60  [0;39m Time: 2025-04-06T09:18:35.753506500
[2025-04-06 09:23:35] [34mINFO[0;39m [36mg.service.ubs.OrderLockServiceImpl      [0;39m [35m:62  [0;39m Unlock orders
[2025-04-06 09:23:35] [34mINFO[0;39m [36mg.service.ubs.OrderLockServiceImpl      [0;39m [35m:60  [0;39m Time: 2025-04-06T09:18:35.756513900
[2025-04-06 09:23:35] [34mINFO[0;39m [36mg.service.ubs.OrderLockServiceImpl      [0;39m [35m:62  [0;39m Unlock orders
[2025-04-06 09:23:35] [34mINFO[0;39m [36mg.service.ubs.OrderLockServiceImpl      [0;39m [35m:60  [0;39m Time: 2025-04-06T09:18:35.757508400
[2025-04-06 09:23:35] [34mINFO[0;39m [36mg.service.ubs.OrderLockServiceImpl      [0;39m [35m:62  [0;39m Unlock orders
[2025-04-06 09:23:35] [34mINFO[0;39m [36mg.service.ubs.OrderLockServiceImpl      [0;39m [35m:60  [0;39m Time: 2025-04-06T09:18:35.759506400
[2025-04-06 09:23:35] [34mINFO[0;39m [36mg.service.ubs.OrderLockServiceImpl      [0;39m [35m:62  [0;39m Unlock orders
[2025-04-06 09:23:35] [34mINFO[0;39m [36mg.service.ubs.OrderLockServiceImpl      [0;39m [35m:60  [0;39m Time: 2025-04-06T09:18:35.760506300
[2025-04-06 09:23:35] [34mINFO[0;39m [36mg.service.ubs.OrderLockServiceImpl      [0;39m [35m:62  [0;39m Unlock orders
[2025-04-06 09:23:35] [34mINFO[0;39m [36mg.service.ubs.OrderLockServiceImpl      [0;39m [35m:60  [0;39m Time: 2025-04-06T09:18:35.761506100
[2025-04-06 09:23:35] [34mINFO[0;39m [36mg.service.ubs.OrderLockServiceImpl      [0;39m [35m:62  [0;39m Unlock orders
[2025-04-06 09:23:35] [34mINFO[0;39m [36mg.service.ubs.OrderLockServiceImpl      [0;39m [35m:60  [0;39m Time: 2025-04-06T09:18:35.762505700
[2025-04-06 09:23:35] [34mINFO[0;39m [36mg.service.ubs.OrderLockServiceImpl      [0;39m [35m:62  [0;39m Unlock orders
[2025-04-06 09:23:35] [34mINFO[0;39m [36mg.service.ubs.OrderLockServiceImpl      [0;39m [35m:60  [0;39m Time: 2025-04-06T09:18:35.763504600
[2025-04-06 09:23:35] [34mINFO[0;39m [36mg.service.ubs.OrderLockServiceImpl      [0;39m [35m:62  [0;39m Unlock orders
[2025-04-06 09:23:35] [34mINFO[0;39m [36mg.service.ubs.OrderLockServiceImpl      [0;39m [35m:60  [0;39m Time: 2025-04-06T09:18:35.764506500
[2025-04-06 09:23:35] [34mINFO[0;39m [36mg.service.ubs.OrderLockServiceImpl      [0;39m [35m:62  [0;39m Unlock orders
[2025-04-06 09:23:35] [34mINFO[0;39m [36mg.service.ubs.OrderLockServiceImpl      [0;39m [35m:60  [0;39m Time: 2025-04-06T09:18:35.764506500
[2025-04-06 09:23:35] [34mINFO[0;39m [36mg.service.ubs.OrderLockServiceImpl      [0;39m [35m:62  [0;39m Unlock orders
[2025-04-06 09:23:35] [34mINFO[0;39m [36mg.service.ubs.OrderLockServiceImpl      [0;39m [35m:60  [0;39m Time: 2025-04-06T09:18:35.765505700
[2025-04-06 09:23:35] [34mINFO[0;39m [36mg.service.ubs.OrderLockServiceImpl      [0;39m [35m:62  [0;39m Unlock orders
[2025-04-06 09:23:35] [34mINFO[0;39m [36mg.service.ubs.OrderLockServiceImpl      [0;39m [35m:60  [0;39m Time: 2025-04-06T09:18:35.766507
[2025-04-06 09:23:35] [34mINFO[0;39m [36mg.service.ubs.OrderLockServiceImpl      [0;39m [35m:62  [0;39m Unlock orders
[2025-04-06 09:23:35] [34mINFO[0;39m [36mg.service.ubs.OrderLockServiceImpl      [0;39m [35m:60  [0;39m Time: 2025-04-06T09:18:35.769508900
[2025-04-06 09:23:35] [34mINFO[0;39m [36mg.service.ubs.OrderLockServiceImpl      [0;39m [35m:62  [0;39m Unlock orders
[2025-04-06 09:23:35] [34mINFO[0;39m [36mg.service.ubs.OrderLockServiceImpl      [0;39m [35m:60  [0;39m Time: 2025-04-06T09:18:35.771508400
[2025-04-06 09:23:35] [34mINFO[0;39m [36mg.service.ubs.OrderLockServiceImpl      [0;39m [35m:62  [0;39m Unlock orders
[2025-04-06 09:23:35] [34mINFO[0;39m [36mg.service.ubs.OrderLockServiceImpl      [0;39m [35m:60  [0;39m Time: 2025-04-06T09:18:35.772507800
[2025-04-06 09:23:35] [34mINFO[0;39m [36mg.service.ubs.OrderLockServiceImpl      [0;39m [35m:62  [0;39m Unlock orders
[2025-04-06 09:23:35] [34mINFO[0;39m [36mg.service.ubs.OrderLockServiceImpl      [0;39m [35m:60  [0;39m Time: 2025-04-06T09:18:35.774506100
[2025-04-06 09:23:35] [34mINFO[0;39m [36mg.service.ubs.OrderLockServiceImpl      [0;39m [35m:62  [0;39m Unlock orders
[2025-04-06 09:23:35] [34mINFO[0;39m [36mg.service.ubs.OrderLockServiceImpl      [0;39m [35m:60  [0;39m Time: 2025-04-06T09:18:35.775508
[2025-04-06 09:23:35] [34mINFO[0;39m [36mg.service.ubs.OrderLockServiceImpl      [0;39m [35m:62  [0;39m Unlock orders
[2025-04-06 09:23:35] [34mINFO[0;39m [36mg.service.ubs.OrderLockServiceImpl      [0;39m [35m:60  [0;39m Time: 2025-04-06T09:18:35.776508200
[2025-04-06 09:23:35] [34mINFO[0;39m [36mg.service.ubs.OrderLockServiceImpl      [0;39m [35m:62  [0;39m Unlock orders
[2025-04-06 09:23:35] [34mINFO[0;39m [36mg.service.ubs.OrderLockServiceImpl      [0;39m [35m:60  [0;39m Time: 2025-04-06T09:18:35.778506100
[2025-04-06 09:23:35] [34mINFO[0;39m [36mg.service.ubs.OrderLockServiceImpl      [0;39m [35m:62  [0;39m Unlock orders
[2025-04-06 09:23:35] [34mINFO[0;39m [36mg.service.ubs.OrderLockServiceImpl      [0;39m [35m:60  [0;39m Time: 2025-04-06T09:18:35.779508500
[2025-04-06 09:23:35] [34mINFO[0;39m [36mg.service.ubs.OrderLockServiceImpl      [0;39m [35m:62  [0;39m Unlock orders
[2025-04-06 09:23:35] [34mINFO[0;39m [36mg.service.ubs.OrderLockServiceImpl      [0;39m [35m:60  [0;39m Time: 2025-04-06T09:18:35.781507600
[2025-04-06 09:23:35] [34mINFO[0;39m [36mg.service.ubs.OrderLockServiceImpl      [0;39m [35m:62  [0;39m Unlock orders
[2025-04-06 09:23:35] [34mINFO[0;39m [36mg.service.ubs.OrderLockServiceImpl      [0;39m [35m:60  [0;39m Time: 2025-04-06T09:18:35.782506400
[2025-04-06 09:23:35] [34mINFO[0;39m [36mg.service.ubs.OrderLockServiceImpl      [0;39m [35m:62  [0;39m Unlock orders
[2025-04-06 09:23:35] [34mINFO[0;39m [36mg.service.ubs.OrderLockServiceImpl      [0;39m [35m:60  [0;39m Time: 2025-04-06T09:18:35.783507300
[2025-04-06 09:23:35] [34mINFO[0;39m [36mg.service.ubs.OrderLockServiceImpl      [0;39m [35m:62  [0;39m Unlock orders
[2025-04-06 09:23:35] [34mINFO[0;39m [36mg.service.ubs.OrderLockServiceImpl      [0;39m [35m:60  [0;39m Time: 2025-04-06T09:18:35.784507600
[2025-04-06 09:23:35] [34mINFO[0;39m [36mg.service.ubs.OrderLockServiceImpl      [0;39m [35m:62  [0;39m Unlock orders
[2025-04-06 09:23:35] [34mINFO[0;39m [36mg.service.ubs.OrderLockServiceImpl      [0;39m [35m:60  [0;39m Time: 2025-04-06T09:18:35.786507600
[2025-04-06 09:23:35] [34mINFO[0;39m [36mg.service.ubs.OrderLockServiceImpl      [0;39m [35m:62  [0;39m Unlock orders
[2025-04-06 09:23:35] [34mINFO[0;39m [36mg.service.ubs.OrderLockServiceImpl      [0;39m [35m:60  [0;39m Time: 2025-04-06T09:18:35.787508700
[2025-04-06 09:23:35] [34mINFO[0;39m [36mg.service.ubs.OrderLockServiceImpl      [0;39m [35m:62  [0;39m Unlock orders
[2025-04-06 09:23:35] [34mINFO[0;39m [36mg.service.ubs.OrderLockServiceImpl      [0;39m [35m:60  [0;39m Time: 2025-04-06T09:18:35.788516700
[2025-04-06 09:23:35] [34mINFO[0;39m [36mg.service.ubs.OrderLockServiceImpl      [0;39m [35m:62  [0;39m Unlock orders
[2025-04-06 09:23:35] [34mINFO[0;39m [36mg.service.ubs.OrderLockServiceImpl      [0;39m [35m:60  [0;39m Time: 2025-04-06T09:18:35.789513400
[2025-04-06 09:23:35] [34mINFO[0;39m [36mg.service.ubs.OrderLockServiceImpl      [0;39m [35m:62  [0;39m Unlock orders
[2025-04-06 09:23:35] [34mINFO[0;39m [36mg.service.ubs.OrderLockServiceImpl      [0;39m [35m:60  [0;39m Time: 2025-04-06T09:18:35.790511300
[2025-04-06 09:23:35] [34mINFO[0;39m [36mg.service.ubs.OrderLockServiceImpl      [0;39m [35m:62  [0;39m Unlock orders
[2025-04-06 09:23:35] [34mINFO[0;39m [36mg.service.ubs.OrderLockServiceImpl      [0;39m [35m:60  [0;39m Time: 2025-04-06T09:18:35.792511300
[2025-04-06 09:23:35] [34mINFO[0;39m [36mg.service.ubs.OrderLockServiceImpl      [0;39m [35m:62  [0;39m Unlock orders
[2025-04-06 09:23:35] [34mINFO[0;39m [36mg.service.ubs.OrderLockServiceImpl      [0;39m [35m:60  [0;39m Time: 2025-04-06T09:18:35.793512600
[2025-04-06 09:23:35] [34mINFO[0;39m [36mg.service.ubs.OrderLockServiceImpl      [0;39m [35m:62  [0;39m Unlock orders
[2025-04-06 09:23:35] [34mINFO[0;39m [36mg.service.ubs.OrderLockServiceImpl      [0;39m [35m:60  [0;39m Time: 2025-04-06T09:18:35.794505800
[2025-04-06 09:23:35] [34mINFO[0;39m [36mg.service.ubs.OrderLockServiceImpl      [0;39m [35m:62  [0;39m Unlock orders
[2025-04-06 09:23:35] [34mINFO[0;39m [36mg.service.ubs.OrderLockServiceImpl      [0;39m [35m:60  [0;39m Time: 2025-04-06T09:18:35.795507100
[2025-04-06 09:23:35] [34mINFO[0;39m [36mg.service.ubs.OrderLockServiceImpl      [0;39m [35m:62  [0;39m Unlock orders
[2025-04-06 09:23:35] [34mINFO[0;39m [36mg.service.ubs.OrderLockServiceImpl      [0;39m [35m:60  [0;39m Time: 2025-04-06T09:18:35.796510400
[2025-04-06 09:23:35] [34mINFO[0;39m [36mg.service.ubs.OrderLockServiceImpl      [0;39m [35m:62  [0;39m Unlock orders
[2025-04-06 09:23:35] [34mINFO[0;39m [36mg.service.ubs.OrderLockServiceImpl      [0;39m [35m:60  [0;39m Time: 2025-04-06T09:18:35.797507700
[2025-04-06 09:23:35] [34mINFO[0;39m [36mg.service.ubs.OrderLockServiceImpl      [0;39m [35m:62  [0;39m Unlock orders
[2025-04-06 09:23:35] [34mINFO[0;39m [36mg.service.ubs.OrderLockServiceImpl      [0;39m [35m:60  [0;39m Time: 2025-04-06T09:18:35.798508
[2025-04-06 09:23:35] [34mINFO[0;39m [36mg.service.ubs.OrderLockServiceImpl      [0;39m [35m:62  [0;39m Unlock orders
[2025-04-06 09:23:35] [34mINFO[0;39m [36mg.service.ubs.OrderLockServiceImpl      [0;39m [35m:60  [0;39m Time: 2025-04-06T09:18:35.799506100
[2025-04-06 09:23:35] [34mINFO[0;39m [36mg.service.ubs.OrderLockServiceImpl      [0;39m [35m:62  [0;39m Unlock orders
[2025-04-06 09:23:35] [34mINFO[0;39m [36mg.service.ubs.OrderLockServiceImpl      [0;39m [35m:60  [0;39m Time: 2025-04-06T09:18:35.801504900
[2025-04-06 09:23:35] [34mINFO[0;39m [36mg.service.ubs.OrderLockServiceImpl      [0;39m [35m:62  [0;39m Unlock orders
[2025-04-06 09:23:35] [34mINFO[0;39m [36mg.service.ubs.OrderLockServiceImpl      [0;39m [35m:60  [0;39m Time: 2025-04-06T09:18:35.802504900
[2025-04-06 09:23:35] [34mINFO[0;39m [36mg.service.ubs.OrderLockServiceImpl      [0;39m [35m:62  [0;39m Unlock orders
[2025-04-06 09:23:35] [34mINFO[0;39m [36mg.service.ubs.OrderLockServiceImpl      [0;39m [35m:60  [0;39m Time: 2025-04-06T09:18:35.804507800
[2025-04-06 09:23:35] [34mINFO[0;39m [36mg.service.ubs.OrderLockServiceImpl      [0;39m [35m:62  [0;39m Unlock orders
[2025-04-06 09:23:35] [34mINFO[0;39m [36mg.service.ubs.OrderLockServiceImpl      [0;39m [35m:60  [0;39m Time: 2025-04-06T09:18:35.805508300
[2025-04-06 09:23:35] [34mINFO[0;39m [36mg.service.ubs.OrderLockServiceImpl      [0;39m [35m:62  [0;39m Unlock orders
[2025-04-06 09:23:35] [34mINFO[0;39m [36mg.service.ubs.OrderLockServiceImpl      [0;39m [35m:60  [0;39m Time: 2025-04-06T09:18:35.807509300
[2025-04-06 09:23:35] [34mINFO[0;39m [36mg.service.ubs.OrderLockServiceImpl      [0;39m [35m:62  [0;39m Unlock orders
[2025-04-06 09:23:35] [34mINFO[0;39m [36mg.service.ubs.OrderLockServiceImpl      [0;39m [35m:60  [0;39m Time: 2025-04-06T09:18:35.809511200
[2025-04-06 09:23:35] [34mINFO[0;39m [36mg.service.ubs.OrderLockServiceImpl      [0;39m [35m:62  [0;39m Unlock orders
[2025-04-06 09:23:35] [34mINFO[0;39m [36mg.service.ubs.OrderLockServiceImpl      [0;39m [35m:60  [0;39m Time: 2025-04-06T09:18:35.811513500
[2025-04-06 09:23:35] [34mINFO[0;39m [36mg.service.ubs.OrderLockServiceImpl      [0;39m [35m:62  [0;39m Unlock orders
[2025-04-06 09:23:35] [34mINFO[0;39m [36mg.service.ubs.OrderLockServiceImpl      [0;39m [35m:60  [0;39m Time: 2025-04-06T09:18:35.813510
[2025-04-06 09:23:35] [34mINFO[0;39m [36mg.service.ubs.OrderLockServiceImpl      [0;39m [35m:62  [0;39m Unlock orders
[2025-04-06 09:23:35] [34mINFO[0;39m [36mg.service.ubs.OrderLockServiceImpl      [0;39m [35m:60  [0;39m Time: 2025-04-06T09:18:35.815510300
[2025-04-06 09:23:35] [34mINFO[0;39m [36mg.service.ubs.OrderLockServiceImpl      [0;39m [35m:62  [0;39m Unlock orders
[2025-04-06 09:23:35] [34mINFO[0;39m [36mg.service.ubs.OrderLockServiceImpl      [0;39m [35m:60  [0;39m Time: 2025-04-06T09:18:35.817510800
[2025-04-06 09:23:35] [34mINFO[0;39m [36mg.service.ubs.OrderLockServiceImpl      [0;39m [35m:62  [0;39m Unlock orders
[2025-04-06 09:23:35] [34mINFO[0;39m [36mg.service.ubs.OrderLockServiceImpl      [0;39m [35m:60  [0;39m Time: 2025-04-06T09:18:35.821509900
[2025-04-06 09:23:35] [34mINFO[0;39m [36mg.service.ubs.OrderLockServiceImpl      [0;39m [35m:62  [0;39m Unlock orders
[2025-04-06 09:23:35] [34mINFO[0;39m [36mg.service.ubs.OrderLockServiceImpl      [0;39m [35m:60  [0;39m Time: 2025-04-06T09:18:35.823508
[2025-04-06 09:23:35] [34mINFO[0;39m [36mg.service.ubs.OrderLockServiceImpl      [0;39m [35m:62  [0;39m Unlock orders
[2025-04-06 09:23:35] [34mINFO[0;39m [36mg.service.ubs.OrderLockServiceImpl      [0;39m [35m:60  [0;39m Time: 2025-04-06T09:18:35.825509400
[2025-04-06 09:23:35] [34mINFO[0;39m [36mg.service.ubs.OrderLockServiceImpl      [0;39m [35m:62  [0;39m Unlock orders
[2025-04-06 09:23:35] [34mINFO[0;39m [36mg.service.ubs.OrderLockServiceImpl      [0;39m [35m:60  [0;39m Time: 2025-04-06T09:18:35.827506400
[2025-04-06 09:23:35] [34mINFO[0;39m [36mg.service.ubs.OrderLockServiceImpl      [0;39m [35m:62  [0;39m Unlock orders
[2025-04-06 09:23:35] [34mINFO[0;39m [36mg.service.ubs.OrderLockServiceImpl      [0;39m [35m:60  [0;39m Time: 2025-04-06T09:18:35.828507500
[2025-04-06 09:23:35] [34mINFO[0;39m [36mg.service.ubs.OrderLockServiceImpl      [0;39m [35m:62  [0;39m Unlock orders
[2025-04-06 09:23:51] [34mINFO[0;39m [36mg.service.ubs.OrderLockServiceImpl      [0;39m [35m:60  [0;39m Time: 2025-04-06T09:18:51.260792900
[2025-04-06 09:23:51] [34mINFO[0;39m [36mg.service.ubs.OrderLockServiceImpl      [0;39m [35m:62  [0;39m Unlock orders
[2025-04-06 09:24:51] [34mINFO[0;39m [36mg.service.ubs.OrderLockServiceImpl      [0;39m [35m:60  [0;39m Time: 2025-04-06T09:19:51.263152
[2025-04-06 09:24:51] [34mINFO[0;39m [36mg.service.ubs.OrderLockServiceImpl      [0;39m [35m:62  [0;39m Unlock orders
[2025-04-06 09:25:51] [34mINFO[0;39m [36mg.service.ubs.OrderLockServiceImpl      [0;39m [35m:60  [0;39m Time: 2025-04-06T09:20:51.263091
[2025-04-06 09:25:51] [34mINFO[0;39m [36mg.service.ubs.OrderLockServiceImpl      [0;39m [35m:62  [0;39m Unlock orders
[2025-04-06 09:26:51] [34mINFO[0;39m [36mg.service.ubs.OrderLockServiceImpl      [0;39m [35m:60  [0;39m Time: 2025-04-06T09:21:51.259894600
[2025-04-06 09:26:51] [34mINFO[0;39m [36mg.service.ubs.OrderLockServiceImpl      [0;39m [35m:62  [0;39m Unlock orders
[2025-04-06 09:27:51] [34mINFO[0;39m [36mg.service.ubs.OrderLockServiceImpl      [0;39m [35m:60  [0;39m Time: 2025-04-06T09:22:51.265806100
[2025-04-06 09:27:51] [34mINFO[0;39m [36mg.service.ubs.OrderLockServiceImpl      [0;39m [35m:62  [0;39m Unlock orders
[2025-04-06 09:28:51] [34mINFO[0;39m [36mg.service.ubs.OrderLockServiceImpl      [0;39m [35m:60  [0;39m Time: 2025-04-06T09:23:51.259608300
[2025-04-06 09:28:51] [34mINFO[0;39m [36mg.service.ubs.OrderLockServiceImpl      [0;39m [35m:62  [0;39m Unlock orders
[2025-04-06 09:29:51] [34mINFO[0;39m [36mg.service.ubs.OrderLockServiceImpl      [0;39m [35m:60  [0;39m Time: 2025-04-06T09:24:51.265746800
[2025-04-06 09:29:51] [34mINFO[0;39m [36mg.service.ubs.OrderLockServiceImpl      [0;39m [35m:62  [0;39m Unlock orders
[2025-04-06 09:30:51] [34mINFO[0;39m [36mg.service.ubs.OrderLockServiceImpl      [0;39m [35m:60  [0;39m Time: 2025-04-06T09:25:51.262388800
[2025-04-06 09:30:51] [34mINFO[0;39m [36mg.service.ubs.OrderLockServiceImpl      [0;39m [35m:62  [0;39m Unlock orders
[2025-04-06 09:31:51] [34mINFO[0;39m [36mg.service.ubs.OrderLockServiceImpl      [0;39m [35m:60  [0;39m Time: 2025-04-06T09:26:51.271905400
[2025-04-06 09:31:51] [34mINFO[0;39m [36mg.service.ubs.OrderLockServiceImpl      [0;39m [35m:62  [0;39m Unlock orders
[2025-04-06 09:32:51] [34mINFO[0;39m [36mg.service.ubs.OrderLockServiceImpl      [0;39m [35m:60  [0;39m Time: 2025-04-06T09:27:51.259430400
[2025-04-06 09:32:51] [34mINFO[0;39m [36mg.service.ubs.OrderLockServiceImpl      [0;39m [35m:62  [0;39m Unlock orders
[2025-04-06 09:33:51] [34mINFO[0;39m [36mg.service.ubs.OrderLockServiceImpl      [0;39m [35m:60  [0;39m Time: 2025-04-06T09:28:51.264745100
[2025-04-06 09:33:51] [34mINFO[0;39m [36mg.service.ubs.OrderLockServiceImpl      [0;39m [35m:62  [0;39m Unlock orders
[2025-04-06 09:34:51] [34mINFO[0;39m [36mg.service.ubs.OrderLockServiceImpl      [0;39m [35m:60  [0;39m Time: 2025-04-06T09:29:51.272890200
[2025-04-06 09:34:51] [34mINFO[0;39m [36mg.service.ubs.OrderLockServiceImpl      [0;39m [35m:62  [0;39m Unlock orders
[2025-04-06 09:35:51] [34mINFO[0;39m [36mg.service.ubs.OrderLockServiceImpl      [0;39m [35m:60  [0;39m Time: 2025-04-06T09:30:51.266423800
[2025-04-06 09:35:51] [34mINFO[0;39m [36mg.service.ubs.OrderLockServiceImpl      [0;39m [35m:62  [0;39m Unlock orders
[2025-04-06 09:36:51] [34mINFO[0;39m [36mg.service.ubs.OrderLockServiceImpl      [0;39m [35m:60  [0;39m Time: 2025-04-06T09:31:51.272608900
[2025-04-06 09:36:51] [34mINFO[0;39m [36mg.service.ubs.OrderLockServiceImpl      [0;39m [35m:62  [0;39m Unlock orders
[2025-04-06 09:37:51] [34mINFO[0;39m [36mg.service.ubs.OrderLockServiceImpl      [0;39m [35m:60  [0;39m Time: 2025-04-06T09:32:51.257258900
[2025-04-06 09:37:51] [34mINFO[0;39m [36mg.service.ubs.OrderLockServiceImpl      [0;39m [35m:62  [0;39m Unlock orders
[2025-04-06 09:38:51] [34mINFO[0;39m [36mg.service.ubs.OrderLockServiceImpl      [0;39m [35m:60  [0;39m Time: 2025-04-06T09:33:51.262932200
[2025-04-06 09:38:51] [34mINFO[0;39m [36mg.service.ubs.OrderLockServiceImpl      [0;39m [35m:62  [0;39m Unlock orders
[2025-04-06 09:39:51] [34mINFO[0;39m [36mg.service.ubs.OrderLockServiceImpl      [0;39m [35m:60  [0;39m Time: 2025-04-06T09:34:51.261282200
[2025-04-06 09:39:51] [34mINFO[0;39m [36mg.service.ubs.OrderLockServiceImpl      [0;39m [35m:62  [0;39m Unlock orders
[2025-04-06 09:40:51] [34mINFO[0;39m [36mg.service.ubs.OrderLockServiceImpl      [0;39m [35m:60  [0;39m Time: 2025-04-06T09:35:51.269759400
[2025-04-06 09:40:51] [34mINFO[0;39m [36mg.service.ubs.OrderLockServiceImpl      [0;39m [35m:62  [0;39m Unlock orders
[2025-04-06 09:41:51] [34mINFO[0;39m [36mg.service.ubs.OrderLockServiceImpl      [0;39m [35m:60  [0;39m Time: 2025-04-06T09:36:51.271766500
[2025-04-06 09:41:51] [34mINFO[0;39m [36mg.service.ubs.OrderLockServiceImpl      [0;39m [35m:62  [0;39m Unlock orders
[2025-04-06 09:42:51] [34mINFO[0;39m [36mg.service.ubs.OrderLockServiceImpl      [0;39m [35m:60  [0;39m Time: 2025-04-06T09:37:51.260027100
[2025-04-06 09:42:51] [34mINFO[0;39m [36mg.service.ubs.OrderLockServiceImpl      [0;39m [35m:62  [0;39m Unlock orders
[2025-04-06 09:43:51] [34mINFO[0;39m [36mg.service.ubs.OrderLockServiceImpl      [0;39m [35m:60  [0;39m Time: 2025-04-06T09:38:51.261872400
[2025-04-06 09:43:51] [34mINFO[0;39m [36mg.service.ubs.OrderLockServiceImpl      [0;39m [35m:62  [0;39m Unlock orders
[2025-04-06 09:44:51] [34mINFO[0;39m [36mg.service.ubs.OrderLockServiceImpl      [0;39m [35m:60  [0;39m Time: 2025-04-06T09:39:51.270447500
[2025-04-06 09:44:51] [34mINFO[0;39m [36mg.service.ubs.OrderLockServiceImpl      [0;39m [35m:62  [0;39m Unlock orders
[2025-04-06 09:45:51] [34mINFO[0;39m [36mg.service.ubs.OrderLockServiceImpl      [0;39m [35m:60  [0;39m Time: 2025-04-06T09:40:51.267689200
[2025-04-06 09:45:51] [34mINFO[0;39m [36mg.service.ubs.OrderLockServiceImpl      [0;39m [35m:62  [0;39m Unlock orders
[2025-04-06 09:46:51] [34mINFO[0;39m [36mg.service.ubs.OrderLockServiceImpl      [0;39m [35m:60  [0;39m Time: 2025-04-06T09:41:51.261119700
[2025-04-06 09:46:51] [34mINFO[0;39m [36mg.service.ubs.OrderLockServiceImpl      [0;39m [35m:62  [0;39m Unlock orders
[2025-04-06 09:47:51] [34mINFO[0;39m [36mg.service.ubs.OrderLockServiceImpl      [0;39m [35m:60  [0;39m Time: 2025-04-06T09:42:51.263128600
[2025-04-06 09:47:51] [34mINFO[0;39m [36mg.service.ubs.OrderLockServiceImpl      [0;39m [35m:62  [0;39m Unlock orders
[2025-04-06 09:48:51] [34mINFO[0;39m [36mg.service.ubs.OrderLockServiceImpl      [0;39m [35m:60  [0;39m Time: 2025-04-06T09:43:51.268419400
[2025-04-06 09:48:51] [34mINFO[0;39m [36mg.service.ubs.OrderLockServiceImpl      [0;39m [35m:62  [0;39m Unlock orders
[2025-04-06 09:49:51] [34mINFO[0;39m [36mg.service.ubs.OrderLockServiceImpl      [0;39m [35m:60  [0;39m Time: 2025-04-06T09:44:51.269463500
[2025-04-06 09:49:51] [34mINFO[0;39m [36mg.service.ubs.OrderLockServiceImpl      [0;39m [35m:62  [0;39m Unlock orders
[2025-04-06 09:50:51] [34mINFO[0;39m [36mg.service.ubs.OrderLockServiceImpl      [0;39m [35m:60  [0;39m Time: 2025-04-06T09:45:51.262114300
[2025-04-06 09:50:51] [34mINFO[0;39m [36mg.service.ubs.OrderLockServiceImpl      [0;39m [35m:62  [0;39m Unlock orders
[2025-04-06 09:51:51] [34mINFO[0;39m [36mg.service.ubs.OrderLockServiceImpl      [0;39m [35m:60  [0;39m Time: 2025-04-06T09:46:51.270319
[2025-04-06 09:51:51] [34mINFO[0;39m [36mg.service.ubs.OrderLockServiceImpl      [0;39m [35m:62  [0;39m Unlock orders
[2025-04-06 09:52:51] [34mINFO[0;39m [36mg.service.ubs.OrderLockServiceImpl      [0;39m [35m:60  [0;39m Time: 2025-04-06T09:47:51.259440700
[2025-04-06 09:52:51] [34mINFO[0;39m [36mg.service.ubs.OrderLockServiceImpl      [0;39m [35m:62  [0;39m Unlock orders
[2025-04-06 09:53:51] [34mINFO[0;39m [36mg.service.ubs.OrderLockServiceImpl      [0;39m [35m:60  [0;39m Time: 2025-04-06T09:48:51.262997900
[2025-04-06 09:53:51] [34mINFO[0;39m [36mg.service.ubs.OrderLockServiceImpl      [0;39m [35m:62  [0;39m Unlock orders
[2025-04-06 09:54:51] [34mINFO[0;39m [36mg.service.ubs.OrderLockServiceImpl      [0;39m [35m:60  [0;39m Time: 2025-04-06T09:49:51.269480700
[2025-04-06 09:54:51] [34mINFO[0;39m [36mg.service.ubs.OrderLockServiceImpl      [0;39m [35m:62  [0;39m Unlock orders
[2025-04-06 09:55:51] [34mINFO[0;39m [36mg.service.ubs.OrderLockServiceImpl      [0;39m [35m:60  [0;39m Time: 2025-04-06T09:50:51.269013500
[2025-04-06 09:55:51] [34mINFO[0;39m [36mg.service.ubs.OrderLockServiceImpl      [0;39m [35m:62  [0;39m Unlock orders
[2025-04-06 09:56:51] [34mINFO[0;39m [36mg.service.ubs.OrderLockServiceImpl      [0;39m [35m:60  [0;39m Time: 2025-04-06T09:51:51.268358800
[2025-04-06 09:56:51] [34mINFO[0;39m [36mg.service.ubs.OrderLockServiceImpl      [0;39m [35m:62  [0;39m Unlock orders
[2025-04-06 09:57:51] [34mINFO[0;39m [36mg.service.ubs.OrderLockServiceImpl      [0;39m [35m:60  [0;39m Time: 2025-04-06T09:52:51.271807
[2025-04-06 09:57:51] [34mINFO[0;39m [36mg.service.ubs.OrderLockServiceImpl      [0;39m [35m:62  [0;39m Unlock orders
[2025-04-06 09:58:51] [34mINFO[0;39m [36mg.service.ubs.OrderLockServiceImpl      [0;39m [35m:60  [0;39m Time: 2025-04-06T09:53:51.268024500
[2025-04-06 09:58:51] [34mINFO[0;39m [36mg.service.ubs.OrderLockServiceImpl      [0;39m [35m:62  [0;39m Unlock orders
[2025-04-06 09:59:51] [34mINFO[0;39m [36mg.service.ubs.OrderLockServiceImpl      [0;39m [35m:60  [0;39m Time: 2025-04-06T09:54:51.261309900
[2025-04-06 09:59:51] [34mINFO[0;39m [36mg.service.ubs.OrderLockServiceImpl      [0;39m [35m:62  [0;39m Unlock orders
[2025-04-06 10:00:51] [34mINFO[0;39m [36mg.service.ubs.OrderLockServiceImpl      [0;39m [35m:60  [0;39m Time: 2025-04-06T09:55:51.258562800
[2025-04-06 10:00:51] [34mINFO[0;39m [36mg.service.ubs.OrderLockServiceImpl      [0;39m [35m:62  [0;39m Unlock orders
[2025-04-06 10:01:51] [34mINFO[0;39m [36mg.service.ubs.OrderLockServiceImpl      [0;39m [35m:60  [0;39m Time: 2025-04-06T09:56:51.261304
[2025-04-06 10:01:51] [34mINFO[0;39m [36mg.service.ubs.OrderLockServiceImpl      [0;39m [35m:62  [0;39m Unlock orders
[2025-04-06 10:02:51] [34mINFO[0;39m [36mg.service.ubs.OrderLockServiceImpl      [0;39m [35m:60  [0;39m Time: 2025-04-06T09:57:51.270014100
[2025-04-06 10:02:51] [34mINFO[0;39m [36mg.service.ubs.OrderLockServiceImpl      [0;39m [35m:62  [0;39m Unlock orders
[2025-04-06 10:03:51] [34mINFO[0;39m [36mg.service.ubs.OrderLockServiceImpl      [0;39m [35m:60  [0;39m Time: 2025-04-06T09:58:51.261634900
[2025-04-06 10:03:51] [34mINFO[0;39m [36mg.service.ubs.OrderLockServiceImpl      [0;39m [35m:62  [0;39m Unlock orders
[2025-04-06 10:04:51] [34mINFO[0;39m [36mg.service.ubs.OrderLockServiceImpl      [0;39m [35m:60  [0;39m Time: 2025-04-06T09:59:51.258614400
[2025-04-06 10:04:51] [34mINFO[0;39m [36mg.service.ubs.OrderLockServiceImpl      [0;39m [35m:62  [0;39m Unlock orders
[2025-04-06 10:05:51] [34mINFO[0;39m [36mg.service.ubs.OrderLockServiceImpl      [0;39m [35m:60  [0;39m Time: 2025-04-06T10:00:51.269235
[2025-04-06 10:05:51] [34mINFO[0;39m [36mg.service.ubs.OrderLockServiceImpl      [0;39m [35m:62  [0;39m Unlock orders
[2025-04-06 10:06:51] [34mINFO[0;39m [36mg.service.ubs.OrderLockServiceImpl      [0;39m [35m:60  [0;39m Time: 2025-04-06T10:01:51.260522800
[2025-04-06 10:06:51] [34mINFO[0;39m [36mg.service.ubs.OrderLockServiceImpl      [0;39m [35m:62  [0;39m Unlock orders
[2025-04-06 10:07:51] [34mINFO[0;39m [36mg.service.ubs.OrderLockServiceImpl      [0;39m [35m:60  [0;39m Time: 2025-04-06T10:02:51.271797200
[2025-04-06 10:07:51] [34mINFO[0;39m [36mg.service.ubs.OrderLockServiceImpl      [0;39m [35m:62  [0;39m Unlock orders
[2025-04-06 10:08:48] [34mINFO[0;39m [36mg.service.ubs.OrderLockServiceImpl      [0;39m [35m:60  [0;39m Time: 2025-04-06T10:03:48.364357300
[2025-04-06 10:08:48] [34mINFO[0;39m [36mg.service.ubs.OrderLockServiceImpl      [0;39m [35m:62  [0;39m Unlock orders
[2025-04-06 10:09:48] [34mINFO[0;39m [36mg.service.ubs.OrderLockServiceImpl      [0;39m [35m:60  [0;39m Time: 2025-04-06T10:04:48.371817500
[2025-04-06 10:09:48] [34mINFO[0;39m [36mg.service.ubs.OrderLockServiceImpl      [0;39m [35m:62  [0;39m Unlock orders
[2025-04-06 10:10:48] [34mINFO[0;39m [36mg.service.ubs.OrderLockServiceImpl      [0;39m [35m:60  [0;39m Time: 2025-04-06T10:05:48.368656200
[2025-04-06 10:10:48] [34mINFO[0;39m [36mg.service.ubs.OrderLockServiceImpl      [0;39m [35m:62  [0;39m Unlock orders
[2025-04-06 10:11:48] [34mINFO[0;39m [36mg.service.ubs.OrderLockServiceImpl      [0;39m [35m:60  [0;39m Time: 2025-04-06T10:06:48.376777600
[2025-04-06 10:11:48] [34mINFO[0;39m [36mg.service.ubs.OrderLockServiceImpl      [0;39m [35m:62  [0;39m Unlock orders
[2025-04-06 10:12:48] [34mINFO[0;39m [36mg.service.ubs.OrderLockServiceImpl      [0;39m [35m:60  [0;39m Time: 2025-04-06T10:07:48.370448800
[2025-04-06 10:12:48] [34mINFO[0;39m [36mg.service.ubs.OrderLockServiceImpl      [0;39m [35m:62  [0;39m Unlock orders
[2025-04-06 10:13:48] [34mINFO[0;39m [36mg.service.ubs.OrderLockServiceImpl      [0;39m [35m:60  [0;39m Time: 2025-04-06T10:08:48.364549100
[2025-04-06 10:13:48] [34mINFO[0;39m [36mg.service.ubs.OrderLockServiceImpl      [0;39m [35m:62  [0;39m Unlock orders
[2025-04-06 10:28:17] [31mWARN[0;39m [36mcom.zaxxer.hikari.pool.HikariPool       [0;39m [35m:804 [0;39m HikariPool-1 - Thread starvation or clock leap detected (housekeeper delta=14m17s767ms491µs300ns).
[2025-04-06 10:28:36] [34mINFO[0;39m [36mg.service.ubs.OrderLockServiceImpl      [0;39m [35m:60  [0;39m Time: 2025-04-06T10:23:36.134733600
[2025-04-06 10:28:36] [34mINFO[0;39m [36mg.service.ubs.OrderLockServiceImpl      [0;39m [35m:62  [0;39m Unlock orders
[2025-04-06 10:28:36] [34mINFO[0;39m [36mg.service.ubs.OrderLockServiceImpl      [0;39m [35m:60  [0;39m Time: 2025-04-06T10:23:36.140734200
[2025-04-06 10:28:36] [34mINFO[0;39m [36mg.service.ubs.OrderLockServiceImpl      [0;39m [35m:62  [0;39m Unlock orders
[2025-04-06 10:28:36] [34mINFO[0;39m [36mg.service.ubs.OrderLockServiceImpl      [0;39m [35m:60  [0;39m Time: 2025-04-06T10:23:36.141735400
[2025-04-06 10:28:36] [34mINFO[0;39m [36mg.service.ubs.OrderLockServiceImpl      [0;39m [35m:62  [0;39m Unlock orders
[2025-04-06 10:28:36] [34mINFO[0;39m [36mg.service.ubs.OrderLockServiceImpl      [0;39m [35m:60  [0;39m Time: 2025-04-06T10:23:36.142733300
[2025-04-06 10:28:36] [34mINFO[0;39m [36mg.service.ubs.OrderLockServiceImpl      [0;39m [35m:62  [0;39m Unlock orders
[2025-04-06 10:28:36] [34mINFO[0;39m [36mg.service.ubs.OrderLockServiceImpl      [0;39m [35m:60  [0;39m Time: 2025-04-06T10:23:36.143735200
[2025-04-06 10:28:36] [34mINFO[0;39m [36mg.service.ubs.OrderLockServiceImpl      [0;39m [35m:62  [0;39m Unlock orders
[2025-04-06 10:28:36] [34mINFO[0;39m [36mg.service.ubs.OrderLockServiceImpl      [0;39m [35m:60  [0;39m Time: 2025-04-06T10:23:36.143735200
[2025-04-06 10:28:36] [34mINFO[0;39m [36mg.service.ubs.OrderLockServiceImpl      [0;39m [35m:62  [0;39m Unlock orders
[2025-04-06 10:28:36] [34mINFO[0;39m [36mg.service.ubs.OrderLockServiceImpl      [0;39m [35m:60  [0;39m Time: 2025-04-06T10:23:36.144733400
[2025-04-06 10:28:36] [34mINFO[0;39m [36mg.service.ubs.OrderLockServiceImpl      [0;39m [35m:62  [0;39m Unlock orders
[2025-04-06 10:28:36] [34mINFO[0;39m [36mg.service.ubs.OrderLockServiceImpl      [0;39m [35m:60  [0;39m Time: 2025-04-06T10:23:36.144733400
[2025-04-06 10:28:36] [34mINFO[0;39m [36mg.service.ubs.OrderLockServiceImpl      [0;39m [35m:62  [0;39m Unlock orders
[2025-04-06 10:28:36] [34mINFO[0;39m [36mg.service.ubs.OrderLockServiceImpl      [0;39m [35m:60  [0;39m Time: 2025-04-06T10:23:36.145733300
[2025-04-06 10:28:36] [34mINFO[0;39m [36mg.service.ubs.OrderLockServiceImpl      [0;39m [35m:62  [0;39m Unlock orders
[2025-04-06 10:28:36] [34mINFO[0;39m [36mg.service.ubs.OrderLockServiceImpl      [0;39m [35m:60  [0;39m Time: 2025-04-06T10:23:36.146733400
[2025-04-06 10:28:36] [34mINFO[0;39m [36mg.service.ubs.OrderLockServiceImpl      [0;39m [35m:62  [0;39m Unlock orders
[2025-04-06 10:28:36] [34mINFO[0;39m [36mg.service.ubs.OrderLockServiceImpl      [0;39m [35m:60  [0;39m Time: 2025-04-06T10:23:36.146733400
[2025-04-06 10:28:36] [34mINFO[0;39m [36mg.service.ubs.OrderLockServiceImpl      [0;39m [35m:62  [0;39m Unlock orders
[2025-04-06 10:28:36] [34mINFO[0;39m [36mg.service.ubs.OrderLockServiceImpl      [0;39m [35m:60  [0;39m Time: 2025-04-06T10:23:36.147733400
[2025-04-06 10:28:36] [34mINFO[0;39m [36mg.service.ubs.OrderLockServiceImpl      [0;39m [35m:62  [0;39m Unlock orders
[2025-04-06 10:28:36] [34mINFO[0;39m [36mg.service.ubs.OrderLockServiceImpl      [0;39m [35m:60  [0;39m Time: 2025-04-06T10:23:36.147733400
[2025-04-06 10:28:36] [34mINFO[0;39m [36mg.service.ubs.OrderLockServiceImpl      [0;39m [35m:62  [0;39m Unlock orders
[2025-04-06 10:28:36] [34mINFO[0;39m [36mg.service.ubs.OrderLockServiceImpl      [0;39m [35m:60  [0;39m Time: 2025-04-06T10:23:36.148734500
[2025-04-06 10:28:36] [34mINFO[0;39m [36mg.service.ubs.OrderLockServiceImpl      [0;39m [35m:62  [0;39m Unlock orders
[2025-04-06 10:28:48] [34mINFO[0;39m [36mg.service.ubs.OrderLockServiceImpl      [0;39m [35m:60  [0;39m Time: 2025-04-06T10:23:48.371889400
[2025-04-06 10:28:48] [34mINFO[0;39m [36mg.service.ubs.OrderLockServiceImpl      [0;39m [35m:62  [0;39m Unlock orders
[2025-04-06 10:29:48] [34mINFO[0;39m [36mg.service.ubs.OrderLockServiceImpl      [0;39m [35m:60  [0;39m Time: 2025-04-06T10:24:48.377813600
[2025-04-06 10:29:48] [34mINFO[0;39m [36mg.service.ubs.OrderLockServiceImpl      [0;39m [35m:62  [0;39m Unlock orders
[2025-04-06 10:30:48] [34mINFO[0;39m [36mg.service.ubs.OrderLockServiceImpl      [0;39m [35m:60  [0;39m Time: 2025-04-06T10:25:48.377165900
[2025-04-06 10:30:48] [34mINFO[0;39m [36mg.service.ubs.OrderLockServiceImpl      [0;39m [35m:62  [0;39m Unlock orders
[2025-04-06 10:31:48] [34mINFO[0;39m [36mg.service.ubs.OrderLockServiceImpl      [0;39m [35m:60  [0;39m Time: 2025-04-06T10:26:48.368971300
[2025-04-06 10:31:48] [34mINFO[0;39m [36mg.service.ubs.OrderLockServiceImpl      [0;39m [35m:62  [0;39m Unlock orders
[2025-04-06 10:32:48] [34mINFO[0;39m [36mg.service.ubs.OrderLockServiceImpl      [0;39m [35m:60  [0;39m Time: 2025-04-06T10:27:48.373910200
[2025-04-06 10:32:48] [34mINFO[0;39m [36mg.service.ubs.OrderLockServiceImpl      [0;39m [35m:62  [0;39m Unlock orders
[2025-04-06 10:33:48] [34mINFO[0;39m [36mg.service.ubs.OrderLockServiceImpl      [0;39m [35m:60  [0;39m Time: 2025-04-06T10:28:48.375848900
[2025-04-06 10:33:48] [34mINFO[0;39m [36mg.service.ubs.OrderLockServiceImpl      [0;39m [35m:62  [0;39m Unlock orders
[2025-04-06 10:34:48] [34mINFO[0;39m [36mg.service.ubs.OrderLockServiceImpl      [0;39m [35m:60  [0;39m Time: 2025-04-06T10:29:48.377275
[2025-04-06 10:34:48] [34mINFO[0;39m [36mg.service.ubs.OrderLockServiceImpl      [0;39m [35m:62  [0;39m Unlock orders
[2025-04-06 10:35:48] [34mINFO[0;39m [36mg.service.ubs.OrderLockServiceImpl      [0;39m [35m:60  [0;39m Time: 2025-04-06T10:30:48.365615300
[2025-04-06 10:35:48] [34mINFO[0;39m [36mg.service.ubs.OrderLockServiceImpl      [0;39m [35m:62  [0;39m Unlock orders
[2025-04-06 10:36:48] [34mINFO[0;39m [36mg.service.ubs.OrderLockServiceImpl      [0;39m [35m:60  [0;39m Time: 2025-04-06T10:31:48.376302400
[2025-04-06 10:36:48] [34mINFO[0;39m [36mg.service.ubs.OrderLockServiceImpl      [0;39m [35m:62  [0;39m Unlock orders
[2025-04-06 10:37:48] [34mINFO[0;39m [36mg.service.ubs.OrderLockServiceImpl      [0;39m [35m:60  [0;39m Time: 2025-04-06T10:32:48.377092
[2025-04-06 10:37:48] [34mINFO[0;39m [36mg.service.ubs.OrderLockServiceImpl      [0;39m [35m:62  [0;39m Unlock orders
[2025-04-06 10:38:48] [34mINFO[0;39m [36mg.service.ubs.OrderLockServiceImpl      [0;39m [35m:60  [0;39m Time: 2025-04-06T10:33:48.364875500
[2025-04-06 10:38:48] [34mINFO[0;39m [36mg.service.ubs.OrderLockServiceImpl      [0;39m [35m:62  [0;39m Unlock orders
[2025-04-06 10:39:48] [34mINFO[0;39m [36mg.service.ubs.OrderLockServiceImpl      [0;39m [35m:60  [0;39m Time: 2025-04-06T10:34:48.378808200
[2025-04-06 10:39:48] [34mINFO[0;39m [36mg.service.ubs.OrderLockServiceImpl      [0;39m [35m:62  [0;39m Unlock orders
[2025-04-06 10:40:48] [34mINFO[0;39m [36mg.service.ubs.OrderLockServiceImpl      [0;39m [35m:60  [0;39m Time: 2025-04-06T10:35:48.372839400
[2025-04-06 10:40:48] [34mINFO[0;39m [36mg.service.ubs.OrderLockServiceImpl      [0;39m [35m:62  [0;39m Unlock orders
[2025-04-06 10:41:48] [34mINFO[0;39m [36mg.service.ubs.OrderLockServiceImpl      [0;39m [35m:60  [0;39m Time: 2025-04-06T10:36:48.372133300
[2025-04-06 10:41:48] [34mINFO[0;39m [36mg.service.ubs.OrderLockServiceImpl      [0;39m [35m:62  [0;39m Unlock orders
[2025-04-06 10:42:48] [34mINFO[0;39m [36mg.service.ubs.OrderLockServiceImpl      [0;39m [35m:60  [0;39m Time: 2025-04-06T10:37:48.372485600
[2025-04-06 10:42:48] [34mINFO[0;39m [36mg.service.ubs.OrderLockServiceImpl      [0;39m [35m:62  [0;39m Unlock orders
[2025-04-06 10:43:48] [34mINFO[0;39m [36mg.service.ubs.OrderLockServiceImpl      [0;39m [35m:60  [0;39m Time: 2025-04-06T10:38:48.369282300
[2025-04-06 10:43:48] [34mINFO[0;39m [36mg.service.ubs.OrderLockServiceImpl      [0;39m [35m:62  [0;39m Unlock orders
[2025-04-06 10:44:48] [34mINFO[0;39m [36mg.service.ubs.OrderLockServiceImpl      [0;39m [35m:60  [0;39m Time: 2025-04-06T10:39:48.368644700
[2025-04-06 10:44:48] [34mINFO[0;39m [36mg.service.ubs.OrderLockServiceImpl      [0;39m [35m:62  [0;39m Unlock orders
[2025-04-06 10:45:48] [34mINFO[0;39m [36mg.service.ubs.OrderLockServiceImpl      [0;39m [35m:60  [0;39m Time: 2025-04-06T10:40:48.371317400
[2025-04-06 10:45:48] [34mINFO[0;39m [36mg.service.ubs.OrderLockServiceImpl      [0;39m [35m:62  [0;39m Unlock orders
[2025-04-06 10:46:48] [34mINFO[0;39m [36mg.service.ubs.OrderLockServiceImpl      [0;39m [35m:60  [0;39m Time: 2025-04-06T10:41:48.371587800
[2025-04-06 10:46:48] [34mINFO[0;39m [36mg.service.ubs.OrderLockServiceImpl      [0;39m [35m:62  [0;39m Unlock orders
[2025-04-06 10:47:48] [34mINFO[0;39m [36mg.service.ubs.OrderLockServiceImpl      [0;39m [35m:60  [0;39m Time: 2025-04-06T10:42:48.373607400
[2025-04-06 10:47:48] [34mINFO[0;39m [36mg.service.ubs.OrderLockServiceImpl      [0;39m [35m:62  [0;39m Unlock orders
[2025-04-06 10:48:48] [34mINFO[0;39m [36mg.service.ubs.OrderLockServiceImpl      [0;39m [35m:60  [0;39m Time: 2025-04-06T10:43:48.368928
[2025-04-06 10:48:48] [34mINFO[0;39m [36mg.service.ubs.OrderLockServiceImpl      [0;39m [35m:62  [0;39m Unlock orders
[2025-04-06 10:49:48] [34mINFO[0;39m [36mg.service.ubs.OrderLockServiceImpl      [0;39m [35m:60  [0;39m Time: 2025-04-06T10:44:48.377717100
[2025-04-06 10:49:48] [34mINFO[0;39m [36mg.service.ubs.OrderLockServiceImpl      [0;39m [35m:62  [0;39m Unlock orders
[2025-04-06 10:50:48] [34mINFO[0;39m [36mg.service.ubs.OrderLockServiceImpl      [0;39m [35m:60  [0;39m Time: 2025-04-06T10:45:48.373461300
[2025-04-06 10:50:48] [34mINFO[0;39m [36mg.service.ubs.OrderLockServiceImpl      [0;39m [35m:62  [0;39m Unlock orders
[2025-04-06 10:51:48] [34mINFO[0;39m [36mg.service.ubs.OrderLockServiceImpl      [0;39m [35m:60  [0;39m Time: 2025-04-06T10:46:48.373737500
[2025-04-06 10:51:48] [34mINFO[0;39m [36mg.service.ubs.OrderLockServiceImpl      [0;39m [35m:62  [0;39m Unlock orders
[2025-04-06 10:52:48] [34mINFO[0;39m [36mg.service.ubs.OrderLockServiceImpl      [0;39m [35m:60  [0;39m Time: 2025-04-06T10:47:48.377810800
[2025-04-06 10:52:48] [34mINFO[0;39m [36mg.service.ubs.OrderLockServiceImpl      [0;39m [35m:62  [0;39m Unlock orders
[2025-04-06 10:53:48] [34mINFO[0;39m [36mg.service.ubs.OrderLockServiceImpl      [0;39m [35m:60  [0;39m Time: 2025-04-06T10:48:48.368243600
[2025-04-06 10:53:48] [34mINFO[0;39m [36mg.service.ubs.OrderLockServiceImpl      [0;39m [35m:62  [0;39m Unlock orders
[2025-04-06 10:54:48] [34mINFO[0;39m [36mg.service.ubs.OrderLockServiceImpl      [0;39m [35m:60  [0;39m Time: 2025-04-06T10:49:48.373696100
[2025-04-06 10:54:48] [34mINFO[0;39m [36mg.service.ubs.OrderLockServiceImpl      [0;39m [35m:62  [0;39m Unlock orders
[2025-04-06 10:55:48] [34mINFO[0;39m [36mg.service.ubs.OrderLockServiceImpl      [0;39m [35m:60  [0;39m Time: 2025-04-06T10:50:48.373116100
[2025-04-06 10:55:48] [34mINFO[0;39m [36mg.service.ubs.OrderLockServiceImpl      [0;39m [35m:62  [0;39m Unlock orders
[2025-04-06 10:56:48] [34mINFO[0;39m [36mg.service.ubs.OrderLockServiceImpl      [0;39m [35m:60  [0;39m Time: 2025-04-06T10:51:48.370257500
[2025-04-06 10:56:48] [34mINFO[0;39m [36mg.service.ubs.OrderLockServiceImpl      [0;39m [35m:62  [0;39m Unlock orders
[2025-04-06 10:57:48] [34mINFO[0;39m [36mg.service.ubs.OrderLockServiceImpl      [0;39m [35m:60  [0;39m Time: 2025-04-06T10:52:48.375803300
[2025-04-06 10:57:48] [34mINFO[0;39m [36mg.service.ubs.OrderLockServiceImpl      [0;39m [35m:62  [0;39m Unlock orders
[2025-04-06 10:58:48] [34mINFO[0;39m [36mg.service.ubs.OrderLockServiceImpl      [0;39m [35m:60  [0;39m Time: 2025-04-06T10:53:48.379942500
[2025-04-06 10:58:48] [34mINFO[0;39m [36mg.service.ubs.OrderLockServiceImpl      [0;39m [35m:62  [0;39m Unlock orders
[2025-04-06 10:59:48] [34mINFO[0;39m [36mg.service.ubs.OrderLockServiceImpl      [0;39m [35m:60  [0;39m Time: 2025-04-06T10:54:48.373554700
[2025-04-06 10:59:48] [34mINFO[0;39m [36mg.service.ubs.OrderLockServiceImpl      [0;39m [35m:62  [0;39m Unlock orders
[2025-04-06 11:00:48] [34mINFO[0;39m [36mg.service.ubs.OrderLockServiceImpl      [0;39m [35m:60  [0;39m Time: 2025-04-06T10:55:48.365262300
[2025-04-06 11:00:48] [34mINFO[0;39m [36mg.service.ubs.OrderLockServiceImpl      [0;39m [35m:62  [0;39m Unlock orders
[2025-04-06 11:01:48] [34mINFO[0;39m [36mg.service.ubs.OrderLockServiceImpl      [0;39m [35m:60  [0;39m Time: 2025-04-06T10:56:48.368904500
[2025-04-06 11:01:48] [34mINFO[0;39m [36mg.service.ubs.OrderLockServiceImpl      [0;39m [35m:62  [0;39m Unlock orders
[2025-04-06 11:02:48] [34mINFO[0;39m [36mg.service.ubs.OrderLockServiceImpl      [0;39m [35m:60  [0;39m Time: 2025-04-06T10:57:48.375024600
[2025-04-06 11:02:48] [34mINFO[0;39m [36mg.service.ubs.OrderLockServiceImpl      [0;39m [35m:62  [0;39m Unlock orders
[2025-04-06 11:03:48] [34mINFO[0;39m [36mg.service.ubs.OrderLockServiceImpl      [0;39m [35m:60  [0;39m Time: 2025-04-06T10:58:48.374928500
[2025-04-06 11:03:48] [34mINFO[0;39m [36mg.service.ubs.OrderLockServiceImpl      [0;39m [35m:62  [0;39m Unlock orders
[2025-04-06 11:04:48] [34mINFO[0;39m [36mg.service.ubs.OrderLockServiceImpl      [0;39m [35m:60  [0;39m Time: 2025-04-06T10:59:48.365423300
[2025-04-06 11:04:48] [34mINFO[0;39m [36mg.service.ubs.OrderLockServiceImpl      [0;39m [35m:62  [0;39m Unlock orders
[2025-04-06 11:05:48] [34mINFO[0;39m [36mg.service.ubs.OrderLockServiceImpl      [0;39m [35m:60  [0;39m Time: 2025-04-06T11:00:48.378105800
[2025-04-06 11:05:48] [34mINFO[0;39m [36mg.service.ubs.OrderLockServiceImpl      [0;39m [35m:62  [0;39m Unlock orders
[2025-04-06 11:06:48] [34mINFO[0;39m [36mg.service.ubs.OrderLockServiceImpl      [0;39m [35m:60  [0;39m Time: 2025-04-06T11:01:48.364808800
[2025-04-06 11:06:48] [34mINFO[0;39m [36mg.service.ubs.OrderLockServiceImpl      [0;39m [35m:62  [0;39m Unlock orders
[2025-04-06 11:07:48] [34mINFO[0;39m [36mg.service.ubs.OrderLockServiceImpl      [0;39m [35m:60  [0;39m Time: 2025-04-06T11:02:48.368272900
[2025-04-06 11:07:48] [34mINFO[0;39m [36mg.service.ubs.OrderLockServiceImpl      [0;39m [35m:62  [0;39m Unlock orders
[2025-04-06 11:08:48] [34mINFO[0;39m [36mg.service.ubs.OrderLockServiceImpl      [0;39m [35m:60  [0;39m Time: 2025-04-06T11:03:48.377014900
[2025-04-06 11:08:48] [34mINFO[0;39m [36mg.service.ubs.OrderLockServiceImpl      [0;39m [35m:62  [0;39m Unlock orders
[2025-04-06 11:09:48] [34mINFO[0;39m [36mg.service.ubs.OrderLockServiceImpl      [0;39m [35m:60  [0;39m Time: 2025-04-06T11:04:48.378539200
[2025-04-06 11:09:48] [34mINFO[0;39m [36mg.service.ubs.OrderLockServiceImpl      [0;39m [35m:62  [0;39m Unlock orders
[2025-04-06 11:10:48] [34mINFO[0;39m [36mg.service.ubs.OrderLockServiceImpl      [0;39m [35m:60  [0;39m Time: 2025-04-06T11:05:48.365222100
[2025-04-06 11:10:48] [34mINFO[0;39m [36mg.service.ubs.OrderLockServiceImpl      [0;39m [35m:62  [0;39m Unlock orders
[2025-04-06 11:11:48] [34mINFO[0;39m [36mg.service.ubs.OrderLockServiceImpl      [0;39m [35m:60  [0;39m Time: 2025-04-06T11:06:48.367647200
[2025-04-06 11:11:48] [34mINFO[0;39m [36mg.service.ubs.OrderLockServiceImpl      [0;39m [35m:62  [0;39m Unlock orders
[2025-04-06 11:12:48] [34mINFO[0;39m [36mg.service.ubs.OrderLockServiceImpl      [0;39m [35m:60  [0;39m Time: 2025-04-06T11:07:48.368907600
[2025-04-06 11:12:48] [34mINFO[0;39m [36mg.service.ubs.OrderLockServiceImpl      [0;39m [35m:62  [0;39m Unlock orders
[2025-04-06 11:13:48] [34mINFO[0;39m [36mg.service.ubs.OrderLockServiceImpl      [0;39m [35m:60  [0;39m Time: 2025-04-06T11:08:48.367060700
[2025-04-06 11:13:48] [34mINFO[0;39m [36mg.service.ubs.OrderLockServiceImpl      [0;39m [35m:62  [0;39m Unlock orders
[2025-04-06 11:14:48] [34mINFO[0;39m [36mg.service.ubs.OrderLockServiceImpl      [0;39m [35m:60  [0;39m Time: 2025-04-06T11:09:48.370853700
[2025-04-06 11:14:48] [34mINFO[0;39m [36mg.service.ubs.OrderLockServiceImpl      [0;39m [35m:62  [0;39m Unlock orders
[2025-04-06 11:15:48] [34mINFO[0;39m [36mg.service.ubs.OrderLockServiceImpl      [0;39m [35m:60  [0;39m Time: 2025-04-06T11:10:48.370095300
[2025-04-06 11:15:48] [34mINFO[0;39m [36mg.service.ubs.OrderLockServiceImpl      [0;39m [35m:62  [0;39m Unlock orders
[2025-04-06 11:16:48] [34mINFO[0;39m [36mg.service.ubs.OrderLockServiceImpl      [0;39m [35m:60  [0;39m Time: 2025-04-06T11:11:48.367106900
[2025-04-06 11:16:48] [34mINFO[0;39m [36mg.service.ubs.OrderLockServiceImpl      [0;39m [35m:62  [0;39m Unlock orders
[2025-04-06 11:17:48] [34mINFO[0;39m [36mg.service.ubs.OrderLockServiceImpl      [0;39m [35m:60  [0;39m Time: 2025-04-06T11:12:48.375952400
[2025-04-06 11:17:48] [34mINFO[0;39m [36mg.service.ubs.OrderLockServiceImpl      [0;39m [35m:62  [0;39m Unlock orders
[2025-04-06 11:18:48] [34mINFO[0;39m [36mg.service.ubs.OrderLockServiceImpl      [0;39m [35m:60  [0;39m Time: 2025-04-06T11:13:48.372408200
[2025-04-06 11:18:48] [34mINFO[0;39m [36mg.service.ubs.OrderLockServiceImpl      [0;39m [35m:62  [0;39m Unlock orders
[2025-04-06 11:19:48] [34mINFO[0;39m [36mg.service.ubs.OrderLockServiceImpl      [0;39m [35m:60  [0;39m Time: 2025-04-06T11:14:48.368518400
[2025-04-06 11:19:48] [34mINFO[0;39m [36mg.service.ubs.OrderLockServiceImpl      [0;39m [35m:62  [0;39m Unlock orders
[2025-04-06 11:20:48] [34mINFO[0;39m [36mg.service.ubs.OrderLockServiceImpl      [0;39m [35m:60  [0;39m Time: 2025-04-06T11:15:48.368179900
[2025-04-06 11:20:48] [34mINFO[0;39m [36mg.service.ubs.OrderLockServiceImpl      [0;39m [35m:62  [0;39m Unlock orders
[2025-04-06 11:21:48] [34mINFO[0;39m [36mg.service.ubs.OrderLockServiceImpl      [0;39m [35m:60  [0;39m Time: 2025-04-06T11:16:48.367505800
[2025-04-06 11:21:48] [34mINFO[0;39m [36mg.service.ubs.OrderLockServiceImpl      [0;39m [35m:62  [0;39m Unlock orders
[2025-04-06 11:22:48] [34mINFO[0;39m [36mg.service.ubs.OrderLockServiceImpl      [0;39m [35m:60  [0;39m Time: 2025-04-06T11:17:48.376018100
[2025-04-06 11:22:48] [34mINFO[0;39m [36mg.service.ubs.OrderLockServiceImpl      [0;39m [35m:62  [0;39m Unlock orders
[2025-04-06 11:23:48] [34mINFO[0;39m [36mg.service.ubs.OrderLockServiceImpl      [0;39m [35m:60  [0;39m Time: 2025-04-06T11:18:48.371708500
[2025-04-06 11:23:48] [34mINFO[0;39m [36mg.service.ubs.OrderLockServiceImpl      [0;39m [35m:62  [0;39m Unlock orders
[2025-04-06 11:24:48] [34mINFO[0;39m [36mg.service.ubs.OrderLockServiceImpl      [0;39m [35m:60  [0;39m Time: 2025-04-06T11:19:48.365768100
[2025-04-06 11:24:48] [34mINFO[0;39m [36mg.service.ubs.OrderLockServiceImpl      [0;39m [35m:62  [0;39m Unlock orders
[2025-04-06 11:25:48] [34mINFO[0;39m [36mg.service.ubs.OrderLockServiceImpl      [0;39m [35m:60  [0;39m Time: 2025-04-06T11:20:48.366715700
[2025-04-06 11:25:48] [34mINFO[0;39m [36mg.service.ubs.OrderLockServiceImpl      [0;39m [35m:62  [0;39m Unlock orders
[2025-04-06 11:26:48] [34mINFO[0;39m [36mg.service.ubs.OrderLockServiceImpl      [0;39m [35m:60  [0;39m Time: 2025-04-06T11:21:48.378277900
[2025-04-06 11:26:48] [34mINFO[0;39m [36mg.service.ubs.OrderLockServiceImpl      [0;39m [35m:62  [0;39m Unlock orders
[2025-04-06 11:27:48] [34mINFO[0;39m [36mg.service.ubs.OrderLockServiceImpl      [0;39m [35m:60  [0;39m Time: 2025-04-06T11:22:48.373751700
[2025-04-06 11:27:48] [34mINFO[0;39m [36mg.service.ubs.OrderLockServiceImpl      [0;39m [35m:62  [0;39m Unlock orders
[2025-04-06 11:28:48] [34mINFO[0;39m [36mg.service.ubs.OrderLockServiceImpl      [0;39m [35m:60  [0;39m Time: 2025-04-06T11:23:48.369833200
[2025-04-06 11:28:48] [34mINFO[0;39m [36mg.service.ubs.OrderLockServiceImpl      [0;39m [35m:62  [0;39m Unlock orders
[2025-04-06 11:29:48] [34mINFO[0;39m [36mg.service.ubs.OrderLockServiceImpl      [0;39m [35m:60  [0;39m Time: 2025-04-06T11:24:48.374995200
[2025-04-06 11:29:48] [34mINFO[0;39m [36mg.service.ubs.OrderLockServiceImpl      [0;39m [35m:62  [0;39m Unlock orders
[2025-04-06 11:30:48] [34mINFO[0;39m [36mg.service.ubs.OrderLockServiceImpl      [0;39m [35m:60  [0;39m Time: 2025-04-06T11:25:48.372409500
[2025-04-06 11:30:48] [34mINFO[0;39m [36mg.service.ubs.OrderLockServiceImpl      [0;39m [35m:62  [0;39m Unlock orders
[2025-04-06 11:31:48] [34mINFO[0;39m [36mg.service.ubs.OrderLockServiceImpl      [0;39m [35m:60  [0;39m Time: 2025-04-06T11:26:48.377271400
[2025-04-06 11:31:48] [34mINFO[0;39m [36mg.service.ubs.OrderLockServiceImpl      [0;39m [35m:62  [0;39m Unlock orders
[2025-04-06 11:32:48] [34mINFO[0;39m [36mg.service.ubs.OrderLockServiceImpl      [0;39m [35m:60  [0;39m Time: 2025-04-06T11:27:48.368848400
[2025-04-06 11:32:48] [34mINFO[0;39m [36mg.service.ubs.OrderLockServiceImpl      [0;39m [35m:62  [0;39m Unlock orders
[2025-04-06 11:33:48] [34mINFO[0;39m [36mg.service.ubs.OrderLockServiceImpl      [0;39m [35m:60  [0;39m Time: 2025-04-06T11:28:48.370903300
[2025-04-06 11:33:48] [34mINFO[0;39m [36mg.service.ubs.OrderLockServiceImpl      [0;39m [35m:62  [0;39m Unlock orders
[2025-04-06 11:34:48] [34mINFO[0;39m [36mg.service.ubs.OrderLockServiceImpl      [0;39m [35m:60  [0;39m Time: 2025-04-06T11:29:48.369556
[2025-04-06 11:34:48] [34mINFO[0;39m [36mg.service.ubs.OrderLockServiceImpl      [0;39m [35m:62  [0;39m Unlock orders
[2025-04-06 11:35:48] [34mINFO[0;39m [36mg.service.ubs.OrderLockServiceImpl      [0;39m [35m:60  [0;39m Time: 2025-04-06T11:30:48.369232200
[2025-04-06 11:35:48] [34mINFO[0;39m [36mg.service.ubs.OrderLockServiceImpl      [0;39m [35m:62  [0;39m Unlock orders
[2025-04-06 11:36:48] [34mINFO[0;39m [36mg.service.ubs.OrderLockServiceImpl      [0;39m [35m:60  [0;39m Time: 2025-04-06T11:31:48.377134800
[2025-04-06 11:36:48] [34mINFO[0;39m [36mg.service.ubs.OrderLockServiceImpl      [0;39m [35m:62  [0;39m Unlock orders
[2025-04-06 11:37:48] [34mINFO[0;39m [36mg.service.ubs.OrderLockServiceImpl      [0;39m [35m:60  [0;39m Time: 2025-04-06T11:32:48.372115300
[2025-04-06 11:37:48] [34mINFO[0;39m [36mg.service.ubs.OrderLockServiceImpl      [0;39m [35m:62  [0;39m Unlock orders
[2025-04-06 11:38:48] [34mINFO[0;39m [36mg.service.ubs.OrderLockServiceImpl      [0;39m [35m:60  [0;39m Time: 2025-04-06T11:33:48.372768
[2025-04-06 11:38:48] [34mINFO[0;39m [36mg.service.ubs.OrderLockServiceImpl      [0;39m [35m:62  [0;39m Unlock orders
[2025-04-06 11:39:48] [34mINFO[0;39m [36mg.service.ubs.OrderLockServiceImpl      [0;39m [35m:60  [0;39m Time: 2025-04-06T11:34:48.376863800
[2025-04-06 11:39:48] [34mINFO[0;39m [36mg.service.ubs.OrderLockServiceImpl      [0;39m [35m:62  [0;39m Unlock orders
[2025-04-06 11:40:48] [34mINFO[0;39m [36mg.service.ubs.OrderLockServiceImpl      [0;39m [35m:60  [0;39m Time: 2025-04-06T11:35:48.363812
[2025-04-06 11:40:48] [34mINFO[0;39m [36mg.service.ubs.OrderLockServiceImpl      [0;39m [35m:62  [0;39m Unlock orders
[2025-04-06 11:41:48] [34mINFO[0;39m [36mg.service.ubs.OrderLockServiceImpl      [0;39m [35m:60  [0;39m Time: 2025-04-06T11:36:48.378977900
[2025-04-06 11:41:48] [34mINFO[0;39m [36mg.service.ubs.OrderLockServiceImpl      [0;39m [35m:62  [0;39m Unlock orders
[2025-04-06 13:59:05] [31mWARN[0;39m [36mcom.zaxxer.hikari.pool.HikariPool       [0;39m [35m:804 [0;39m HikariPool-1 - Thread starvation or clock leap detected (housekeeper delta=2h17m16s58ms802µs800ns).
[2025-04-06 13:59:34] [34mINFO[0;39m [36mg.service.ubs.OrderLockServiceImpl      [0;39m [35m:60  [0;39m Time: 2025-04-06T13:54:34.424971
[2025-04-06 13:59:34] [34mINFO[0;39m [36mg.service.ubs.OrderLockServiceImpl      [0;39m [35m:62  [0;39m Unlock orders
[2025-04-06 13:59:34] [34mINFO[0;39m [36mg.service.ubs.OrderLockServiceImpl      [0;39m [35m:60  [0;39m Time: 2025-04-06T13:54:34.428973600
[2025-04-06 13:59:34] [34mINFO[0;39m [36mg.service.ubs.OrderLockServiceImpl      [0;39m [35m:62  [0;39m Unlock orders
[2025-04-06 13:59:34] [34mINFO[0;39m [36mg.service.ubs.OrderLockServiceImpl      [0;39m [35m:60  [0;39m Time: 2025-04-06T13:54:34.429973400
[2025-04-06 13:59:34] [34mINFO[0;39m [36mg.service.ubs.OrderLockServiceImpl      [0;39m [35m:62  [0;39m Unlock orders
[2025-04-06 13:59:34] [34mINFO[0;39m [36mg.service.ubs.OrderLockServiceImpl      [0;39m [35m:60  [0;39m Time: 2025-04-06T13:54:34.430971700
[2025-04-06 13:59:34] [34mINFO[0;39m [36mg.service.ubs.OrderLockServiceImpl      [0;39m [35m:62  [0;39m Unlock orders
[2025-04-06 13:59:34] [34mINFO[0;39m [36mg.service.ubs.OrderLockServiceImpl      [0;39m [35m:60  [0;39m Time: 2025-04-06T13:54:34.430971700
[2025-04-06 13:59:34] [34mINFO[0;39m [36mg.service.ubs.OrderLockServiceImpl      [0;39m [35m:62  [0;39m Unlock orders
[2025-04-06 13:59:34] [34mINFO[0;39m [36mg.service.ubs.OrderLockServiceImpl      [0;39m [35m:60  [0;39m Time: 2025-04-06T13:54:34.431972900
[2025-04-06 13:59:34] [34mINFO[0;39m [36mg.service.ubs.OrderLockServiceImpl      [0;39m [35m:62  [0;39m Unlock orders
[2025-04-06 13:59:34] [34mINFO[0;39m [36mg.service.ubs.OrderLockServiceImpl      [0;39m [35m:60  [0;39m Time: 2025-04-06T13:54:34.432972100
[2025-04-06 13:59:34] [34mINFO[0;39m [36mg.service.ubs.OrderLockServiceImpl      [0;39m [35m:62  [0;39m Unlock orders
[2025-04-06 13:59:34] [34mINFO[0;39m [36mg.service.ubs.OrderLockServiceImpl      [0;39m [35m:60  [0;39m Time: 2025-04-06T13:54:34.432972100
[2025-04-06 13:59:34] [34mINFO[0;39m [36mg.service.ubs.OrderLockServiceImpl      [0;39m [35m:62  [0;39m Unlock orders
[2025-04-06 13:59:34] [34mINFO[0;39m [36mg.service.ubs.OrderLockServiceImpl      [0;39m [35m:60  [0;39m Time: 2025-04-06T13:54:34.433972100
[2025-04-06 13:59:34] [34mINFO[0;39m [36mg.service.ubs.OrderLockServiceImpl      [0;39m [35m:62  [0;39m Unlock orders
[2025-04-06 13:59:34] [34mINFO[0;39m [36mg.service.ubs.OrderLockServiceImpl      [0;39m [35m:60  [0;39m Time: 2025-04-06T13:54:34.434974800
[2025-04-06 13:59:34] [34mINFO[0;39m [36mg.service.ubs.OrderLockServiceImpl      [0;39m [35m:62  [0;39m Unlock orders
[2025-04-06 13:59:34] [34mINFO[0;39m [36mg.service.ubs.OrderLockServiceImpl      [0;39m [35m:60  [0;39m Time: 2025-04-06T13:54:34.434974800
[2025-04-06 13:59:34] [34mINFO[0;39m [36mg.service.ubs.OrderLockServiceImpl      [0;39m [35m:62  [0;39m Unlock orders
[2025-04-06 13:59:34] [34mINFO[0;39m [36mg.service.ubs.OrderLockServiceImpl      [0;39m [35m:60  [0;39m Time: 2025-04-06T13:54:34.435972700
[2025-04-06 13:59:34] [34mINFO[0;39m [36mg.service.ubs.OrderLockServiceImpl      [0;39m [35m:62  [0;39m Unlock orders
[2025-04-06 13:59:34] [34mINFO[0;39m [36mg.service.ubs.OrderLockServiceImpl      [0;39m [35m:60  [0;39m Time: 2025-04-06T13:54:34.435972700
[2025-04-06 13:59:34] [34mINFO[0;39m [36mg.service.ubs.OrderLockServiceImpl      [0;39m [35m:62  [0;39m Unlock orders
[2025-04-06 13:59:34] [34mINFO[0;39m [36mg.service.ubs.OrderLockServiceImpl      [0;39m [35m:60  [0;39m Time: 2025-04-06T13:54:34.436972800
[2025-04-06 13:59:34] [34mINFO[0;39m [36mg.service.ubs.OrderLockServiceImpl      [0;39m [35m:62  [0;39m Unlock orders
[2025-04-06 13:59:34] [34mINFO[0;39m [36mg.service.ubs.OrderLockServiceImpl      [0;39m [35m:60  [0;39m Time: 2025-04-06T13:54:34.436972800
[2025-04-06 13:59:34] [34mINFO[0;39m [36mg.service.ubs.OrderLockServiceImpl      [0;39m [35m:62  [0;39m Unlock orders
[2025-04-06 13:59:34] [34mINFO[0;39m [36mg.service.ubs.OrderLockServiceImpl      [0;39m [35m:60  [0;39m Time: 2025-04-06T13:54:34.437972100
[2025-04-06 13:59:34] [34mINFO[0;39m [36mg.service.ubs.OrderLockServiceImpl      [0;39m [35m:62  [0;39m Unlock orders
[2025-04-06 13:59:34] [34mINFO[0;39m [36mg.service.ubs.OrderLockServiceImpl      [0;39m [35m:60  [0;39m Time: 2025-04-06T13:54:34.438971900
[2025-04-06 13:59:34] [34mINFO[0;39m [36mg.service.ubs.OrderLockServiceImpl      [0;39m [35m:62  [0;39m Unlock orders
[2025-04-06 13:59:34] [34mINFO[0;39m [36mg.service.ubs.OrderLockServiceImpl      [0;39m [35m:60  [0;39m Time: 2025-04-06T13:54:34.438971900
[2025-04-06 13:59:34] [34mINFO[0;39m [36mg.service.ubs.OrderLockServiceImpl      [0;39m [35m:62  [0;39m Unlock orders
[2025-04-06 13:59:34] [34mINFO[0;39m [36mg.service.ubs.OrderLockServiceImpl      [0;39m [35m:60  [0;39m Time: 2025-04-06T13:54:34.439971700
[2025-04-06 13:59:34] [34mINFO[0;39m [36mg.service.ubs.OrderLockServiceImpl      [0;39m [35m:62  [0;39m Unlock orders
[2025-04-06 13:59:34] [34mINFO[0;39m [36mg.service.ubs.OrderLockServiceImpl      [0;39m [35m:60  [0;39m Time: 2025-04-06T13:54:34.439971700
[2025-04-06 13:59:34] [34mINFO[0;39m [36mg.service.ubs.OrderLockServiceImpl      [0;39m [35m:62  [0;39m Unlock orders
[2025-04-06 13:59:34] [34mINFO[0;39m [36mg.service.ubs.OrderLockServiceImpl      [0;39m [35m:60  [0;39m Time: 2025-04-06T13:54:34.440971800
[2025-04-06 13:59:34] [34mINFO[0;39m [36mg.service.ubs.OrderLockServiceImpl      [0;39m [35m:62  [0;39m Unlock orders
[2025-04-06 13:59:34] [34mINFO[0;39m [36mg.service.ubs.OrderLockServiceImpl      [0;39m [35m:60  [0;39m Time: 2025-04-06T13:54:34.440971800
[2025-04-06 13:59:34] [34mINFO[0;39m [36mg.service.ubs.OrderLockServiceImpl      [0;39m [35m:62  [0;39m Unlock orders
[2025-04-06 13:59:34] [34mINFO[0;39m [36mg.service.ubs.OrderLockServiceImpl      [0;39m [35m:60  [0;39m Time: 2025-04-06T13:54:34.441971700
[2025-04-06 13:59:34] [34mINFO[0;39m [36mg.service.ubs.OrderLockServiceImpl      [0;39m [35m:62  [0;39m Unlock orders
[2025-04-06 13:59:34] [34mINFO[0;39m [36mg.service.ubs.OrderLockServiceImpl      [0;39m [35m:60  [0;39m Time: 2025-04-06T13:54:34.441971700
[2025-04-06 13:59:34] [34mINFO[0;39m [36mg.service.ubs.OrderLockServiceImpl      [0;39m [35m:62  [0;39m Unlock orders
[2025-04-06 13:59:34] [34mINFO[0;39m [36mg.service.ubs.OrderLockServiceImpl      [0;39m [35m:60  [0;39m Time: 2025-04-06T13:54:34.442971800
[2025-04-06 13:59:34] [34mINFO[0;39m [36mg.service.ubs.OrderLockServiceImpl      [0;39m [35m:62  [0;39m Unlock orders
[2025-04-06 13:59:34] [34mINFO[0;39m [36mg.service.ubs.OrderLockServiceImpl      [0;39m [35m:60  [0;39m Time: 2025-04-06T13:54:34.442971800
[2025-04-06 13:59:34] [34mINFO[0;39m [36mg.service.ubs.OrderLockServiceImpl      [0;39m [35m:62  [0;39m Unlock orders
[2025-04-06 13:59:34] [34mINFO[0;39m [36mg.service.ubs.OrderLockServiceImpl      [0;39m [35m:60  [0;39m Time: 2025-04-06T13:54:34.443971700
[2025-04-06 13:59:34] [34mINFO[0;39m [36mg.service.ubs.OrderLockServiceImpl      [0;39m [35m:62  [0;39m Unlock orders
[2025-04-06 13:59:34] [34mINFO[0;39m [36mg.service.ubs.OrderLockServiceImpl      [0;39m [35m:60  [0;39m Time: 2025-04-06T13:54:34.443971700
[2025-04-06 13:59:34] [34mINFO[0;39m [36mg.service.ubs.OrderLockServiceImpl      [0;39m [35m:62  [0;39m Unlock orders
[2025-04-06 13:59:34] [34mINFO[0;39m [36mg.service.ubs.OrderLockServiceImpl      [0;39m [35m:60  [0;39m Time: 2025-04-06T13:54:34.444972
[2025-04-06 13:59:34] [34mINFO[0;39m [36mg.service.ubs.OrderLockServiceImpl      [0;39m [35m:62  [0;39m Unlock orders
[2025-04-06 13:59:34] [34mINFO[0;39m [36mg.service.ubs.OrderLockServiceImpl      [0;39m [35m:60  [0;39m Time: 2025-04-06T13:54:34.444972
[2025-04-06 13:59:34] [34mINFO[0;39m [36mg.service.ubs.OrderLockServiceImpl      [0;39m [35m:62  [0;39m Unlock orders
[2025-04-06 13:59:34] [34mINFO[0;39m [36mg.service.ubs.OrderLockServiceImpl      [0;39m [35m:60  [0;39m Time: 2025-04-06T13:54:34.445972
[2025-04-06 13:59:34] [34mINFO[0;39m [36mg.service.ubs.OrderLockServiceImpl      [0;39m [35m:62  [0;39m Unlock orders
[2025-04-06 13:59:34] [34mINFO[0;39m [36mg.service.ubs.OrderLockServiceImpl      [0;39m [35m:60  [0;39m Time: 2025-04-06T13:54:34.445972
[2025-04-06 13:59:34] [34mINFO[0;39m [36mg.service.ubs.OrderLockServiceImpl      [0;39m [35m:62  [0;39m Unlock orders
[2025-04-06 13:59:34] [34mINFO[0;39m [36mg.service.ubs.OrderLockServiceImpl      [0;39m [35m:60  [0;39m Time: 2025-04-06T13:54:34.446972500
[2025-04-06 13:59:34] [34mINFO[0;39m [36mg.service.ubs.OrderLockServiceImpl      [0;39m [35m:62  [0;39m Unlock orders
[2025-04-06 13:59:34] [34mINFO[0;39m [36mg.service.ubs.OrderLockServiceImpl      [0;39m [35m:60  [0;39m Time: 2025-04-06T13:54:34.446972500
[2025-04-06 13:59:34] [34mINFO[0;39m [36mg.service.ubs.OrderLockServiceImpl      [0;39m [35m:62  [0;39m Unlock orders
[2025-04-06 13:59:34] [34mINFO[0;39m [36mg.service.ubs.OrderLockServiceImpl      [0;39m [35m:60  [0;39m Time: 2025-04-06T13:54:34.447981500
[2025-04-06 13:59:34] [34mINFO[0;39m [36mg.service.ubs.OrderLockServiceImpl      [0;39m [35m:62  [0;39m Unlock orders
[2025-04-06 13:59:34] [34mINFO[0;39m [36mg.service.ubs.OrderLockServiceImpl      [0;39m [35m:60  [0;39m Time: 2025-04-06T13:54:34.448973100
[2025-04-06 13:59:34] [34mINFO[0;39m [36mg.service.ubs.OrderLockServiceImpl      [0;39m [35m:62  [0;39m Unlock orders
[2025-04-06 13:59:34] [34mINFO[0;39m [36mg.service.ubs.OrderLockServiceImpl      [0;39m [35m:60  [0;39m Time: 2025-04-06T13:54:34.448973100
[2025-04-06 13:59:34] [34mINFO[0;39m [36mg.service.ubs.OrderLockServiceImpl      [0;39m [35m:62  [0;39m Unlock orders
[2025-04-06 13:59:34] [34mINFO[0;39m [36mg.service.ubs.OrderLockServiceImpl      [0;39m [35m:60  [0;39m Time: 2025-04-06T13:54:34.449977100
[2025-04-06 13:59:34] [34mINFO[0;39m [36mg.service.ubs.OrderLockServiceImpl      [0;39m [35m:62  [0;39m Unlock orders
[2025-04-06 13:59:34] [34mINFO[0;39m [36mg.service.ubs.OrderLockServiceImpl      [0;39m [35m:60  [0;39m Time: 2025-04-06T13:54:34.449977100
[2025-04-06 13:59:34] [34mINFO[0;39m [36mg.service.ubs.OrderLockServiceImpl      [0;39m [35m:62  [0;39m Unlock orders
[2025-04-06 13:59:34] [34mINFO[0;39m [36mg.service.ubs.OrderLockServiceImpl      [0;39m [35m:60  [0;39m Time: 2025-04-06T13:54:34.450972
[2025-04-06 13:59:34] [34mINFO[0;39m [36mg.service.ubs.OrderLockServiceImpl      [0;39m [35m:62  [0;39m Unlock orders
[2025-04-06 13:59:34] [34mINFO[0;39m [36mg.service.ubs.OrderLockServiceImpl      [0;39m [35m:60  [0;39m Time: 2025-04-06T13:54:34.450972
[2025-04-06 13:59:34] [34mINFO[0;39m [36mg.service.ubs.OrderLockServiceImpl      [0;39m [35m:62  [0;39m Unlock orders
[2025-04-06 13:59:34] [34mINFO[0;39m [36mg.service.ubs.OrderLockServiceImpl      [0;39m [35m:60  [0;39m Time: 2025-04-06T13:54:34.451972300
[2025-04-06 13:59:34] [34mINFO[0;39m [36mg.service.ubs.OrderLockServiceImpl      [0;39m [35m:62  [0;39m Unlock orders
[2025-04-06 13:59:34] [34mINFO[0;39m [36mg.service.ubs.OrderLockServiceImpl      [0;39m [35m:60  [0;39m Time: 2025-04-06T13:54:34.451972300
[2025-04-06 13:59:34] [34mINFO[0;39m [36mg.service.ubs.OrderLockServiceImpl      [0;39m [35m:62  [0;39m Unlock orders
[2025-04-06 13:59:34] [34mINFO[0;39m [36mg.service.ubs.OrderLockServiceImpl      [0;39m [35m:60  [0;39m Time: 2025-04-06T13:54:34.452972100
[2025-04-06 13:59:34] [34mINFO[0;39m [36mg.service.ubs.OrderLockServiceImpl      [0;39m [35m:62  [0;39m Unlock orders
[2025-04-06 13:59:34] [34mINFO[0;39m [36mg.service.ubs.OrderLockServiceImpl      [0;39m [35m:60  [0;39m Time: 2025-04-06T13:54:34.452972100
[2025-04-06 13:59:34] [34mINFO[0;39m [36mg.service.ubs.OrderLockServiceImpl      [0;39m [35m:62  [0;39m Unlock orders
[2025-04-06 13:59:34] [34mINFO[0;39m [36mg.service.ubs.OrderLockServiceImpl      [0;39m [35m:60  [0;39m Time: 2025-04-06T13:54:34.453971800
[2025-04-06 13:59:34] [34mINFO[0;39m [36mg.service.ubs.OrderLockServiceImpl      [0;39m [35m:62  [0;39m Unlock orders
[2025-04-06 13:59:34] [34mINFO[0;39m [36mg.service.ubs.OrderLockServiceImpl      [0;39m [35m:60  [0;39m Time: 2025-04-06T13:54:34.453971800
[2025-04-06 13:59:34] [34mINFO[0;39m [36mg.service.ubs.OrderLockServiceImpl      [0;39m [35m:62  [0;39m Unlock orders
[2025-04-06 13:59:34] [34mINFO[0;39m [36mg.service.ubs.OrderLockServiceImpl      [0;39m [35m:60  [0;39m Time: 2025-04-06T13:54:34.454971300
[2025-04-06 13:59:34] [34mINFO[0;39m [36mg.service.ubs.OrderLockServiceImpl      [0;39m [35m:62  [0;39m Unlock orders
[2025-04-06 13:59:34] [34mINFO[0;39m [36mg.service.ubs.OrderLockServiceImpl      [0;39m [35m:60  [0;39m Time: 2025-04-06T13:54:34.454971300
[2025-04-06 13:59:34] [34mINFO[0;39m [36mg.service.ubs.OrderLockServiceImpl      [0;39m [35m:62  [0;39m Unlock orders
[2025-04-06 13:59:34] [34mINFO[0;39m [36mg.service.ubs.OrderLockServiceImpl      [0;39m [35m:60  [0;39m Time: 2025-04-06T13:54:34.455972600
[2025-04-06 13:59:34] [34mINFO[0;39m [36mg.service.ubs.OrderLockServiceImpl      [0;39m [35m:62  [0;39m Unlock orders
[2025-04-06 13:59:34] [34mINFO[0;39m [36mg.service.ubs.OrderLockServiceImpl      [0;39m [35m:60  [0;39m Time: 2025-04-06T13:54:34.455972600
[2025-04-06 13:59:34] [34mINFO[0;39m [36mg.service.ubs.OrderLockServiceImpl      [0;39m [35m:62  [0;39m Unlock orders
[2025-04-06 13:59:34] [34mINFO[0;39m [36mg.service.ubs.OrderLockServiceImpl      [0;39m [35m:60  [0;39m Time: 2025-04-06T13:54:34.456972300
[2025-04-06 13:59:34] [34mINFO[0;39m [36mg.service.ubs.OrderLockServiceImpl      [0;39m [35m:62  [0;39m Unlock orders
[2025-04-06 13:59:34] [34mINFO[0;39m [36mg.service.ubs.OrderLockServiceImpl      [0;39m [35m:60  [0;39m Time: 2025-04-06T13:54:34.456972300
[2025-04-06 13:59:34] [34mINFO[0;39m [36mg.service.ubs.OrderLockServiceImpl      [0;39m [35m:62  [0;39m Unlock orders
[2025-04-06 13:59:34] [34mINFO[0;39m [36mg.service.ubs.OrderLockServiceImpl      [0;39m [35m:60  [0;39m Time: 2025-04-06T13:54:34.457972200
[2025-04-06 13:59:34] [34mINFO[0;39m [36mg.service.ubs.OrderLockServiceImpl      [0;39m [35m:62  [0;39m Unlock orders
[2025-04-06 13:59:34] [34mINFO[0;39m [36mg.service.ubs.OrderLockServiceImpl      [0;39m [35m:60  [0;39m Time: 2025-04-06T13:54:34.457972200
[2025-04-06 13:59:34] [34mINFO[0;39m [36mg.service.ubs.OrderLockServiceImpl      [0;39m [35m:62  [0;39m Unlock orders
[2025-04-06 13:59:34] [34mINFO[0;39m [36mg.service.ubs.OrderLockServiceImpl      [0;39m [35m:60  [0;39m Time: 2025-04-06T13:54:34.458980500
[2025-04-06 13:59:34] [34mINFO[0;39m [36mg.service.ubs.OrderLockServiceImpl      [0;39m [35m:62  [0;39m Unlock orders
[2025-04-06 13:59:34] [34mINFO[0;39m [36mg.service.ubs.OrderLockServiceImpl      [0;39m [35m:60  [0;39m Time: 2025-04-06T13:54:34.458980500
[2025-04-06 13:59:34] [34mINFO[0;39m [36mg.service.ubs.OrderLockServiceImpl      [0;39m [35m:62  [0;39m Unlock orders
[2025-04-06 13:59:34] [34mINFO[0;39m [36mg.service.ubs.OrderLockServiceImpl      [0;39m [35m:60  [0;39m Time: 2025-04-06T13:54:34.459972400
[2025-04-06 13:59:34] [34mINFO[0;39m [36mg.service.ubs.OrderLockServiceImpl      [0;39m [35m:62  [0;39m Unlock orders
[2025-04-06 13:59:34] [34mINFO[0;39m [36mg.service.ubs.OrderLockServiceImpl      [0;39m [35m:60  [0;39m Time: 2025-04-06T13:54:34.460971900
[2025-04-06 13:59:34] [34mINFO[0;39m [36mg.service.ubs.OrderLockServiceImpl      [0;39m [35m:62  [0;39m Unlock orders
[2025-04-06 13:59:34] [34mINFO[0;39m [36mg.service.ubs.OrderLockServiceImpl      [0;39m [35m:60  [0;39m Time: 2025-04-06T13:54:34.460971900
[2025-04-06 13:59:34] [34mINFO[0;39m [36mg.service.ubs.OrderLockServiceImpl      [0;39m [35m:62  [0;39m Unlock orders
[2025-04-06 13:59:34] [34mINFO[0;39m [36mg.service.ubs.OrderLockServiceImpl      [0;39m [35m:60  [0;39m Time: 2025-04-06T13:54:34.461971800
[2025-04-06 13:59:34] [34mINFO[0;39m [36mg.service.ubs.OrderLockServiceImpl      [0;39m [35m:62  [0;39m Unlock orders
[2025-04-06 13:59:34] [34mINFO[0;39m [36mg.service.ubs.OrderLockServiceImpl      [0;39m [35m:60  [0;39m Time: 2025-04-06T13:54:34.461971800
[2025-04-06 13:59:34] [34mINFO[0;39m [36mg.service.ubs.OrderLockServiceImpl      [0;39m [35m:62  [0;39m Unlock orders
[2025-04-06 13:59:34] [34mINFO[0;39m [36mg.service.ubs.OrderLockServiceImpl      [0;39m [35m:60  [0;39m Time: 2025-04-06T13:54:34.462974300
[2025-04-06 13:59:34] [34mINFO[0;39m [36mg.service.ubs.OrderLockServiceImpl      [0;39m [35m:62  [0;39m Unlock orders
[2025-04-06 13:59:34] [34mINFO[0;39m [36mg.service.ubs.OrderLockServiceImpl      [0;39m [35m:60  [0;39m Time: 2025-04-06T13:54:34.462974300
[2025-04-06 13:59:34] [34mINFO[0;39m [36mg.service.ubs.OrderLockServiceImpl      [0;39m [35m:62  [0;39m Unlock orders
[2025-04-06 13:59:34] [34mINFO[0;39m [36mg.service.ubs.OrderLockServiceImpl      [0;39m [35m:60  [0;39m Time: 2025-04-06T13:54:34.463971300
[2025-04-06 13:59:34] [34mINFO[0;39m [36mg.service.ubs.OrderLockServiceImpl      [0;39m [35m:62  [0;39m Unlock orders
[2025-04-06 13:59:34] [34mINFO[0;39m [36mg.service.ubs.OrderLockServiceImpl      [0;39m [35m:60  [0;39m Time: 2025-04-06T13:54:34.463971300
[2025-04-06 13:59:34] [34mINFO[0;39m [36mg.service.ubs.OrderLockServiceImpl      [0;39m [35m:62  [0;39m Unlock orders
[2025-04-06 13:59:34] [34mINFO[0;39m [36mg.service.ubs.OrderLockServiceImpl      [0;39m [35m:60  [0;39m Time: 2025-04-06T13:54:34.464972800
[2025-04-06 13:59:34] [34mINFO[0;39m [36mg.service.ubs.OrderLockServiceImpl      [0;39m [35m:62  [0;39m Unlock orders
[2025-04-06 13:59:34] [34mINFO[0;39m [36mg.service.ubs.OrderLockServiceImpl      [0;39m [35m:60  [0;39m Time: 2025-04-06T13:54:34.464972800
[2025-04-06 13:59:34] [34mINFO[0;39m [36mg.service.ubs.OrderLockServiceImpl      [0;39m [35m:62  [0;39m Unlock orders
[2025-04-06 13:59:34] [34mINFO[0;39m [36mg.service.ubs.OrderLockServiceImpl      [0;39m [35m:60  [0;39m Time: 2025-04-06T13:54:34.465974500
[2025-04-06 13:59:34] [34mINFO[0;39m [36mg.service.ubs.OrderLockServiceImpl      [0;39m [35m:62  [0;39m Unlock orders
[2025-04-06 13:59:34] [34mINFO[0;39m [36mg.service.ubs.OrderLockServiceImpl      [0;39m [35m:60  [0;39m Time: 2025-04-06T13:54:34.465974500
[2025-04-06 13:59:34] [34mINFO[0;39m [36mg.service.ubs.OrderLockServiceImpl      [0;39m [35m:62  [0;39m Unlock orders
[2025-04-06 13:59:34] [34mINFO[0;39m [36mg.service.ubs.OrderLockServiceImpl      [0;39m [35m:60  [0;39m Time: 2025-04-06T13:54:34.466972300
[2025-04-06 13:59:34] [34mINFO[0;39m [36mg.service.ubs.OrderLockServiceImpl      [0;39m [35m:62  [0;39m Unlock orders
[2025-04-06 13:59:34] [34mINFO[0;39m [36mg.service.ubs.OrderLockServiceImpl      [0;39m [35m:60  [0;39m Time: 2025-04-06T13:54:34.466972300
[2025-04-06 13:59:34] [34mINFO[0;39m [36mg.service.ubs.OrderLockServiceImpl      [0;39m [35m:62  [0;39m Unlock orders
[2025-04-06 13:59:34] [34mINFO[0;39m [36mg.service.ubs.OrderLockServiceImpl      [0;39m [35m:60  [0;39m Time: 2025-04-06T13:54:34.467972800
[2025-04-06 13:59:34] [34mINFO[0;39m [36mg.service.ubs.OrderLockServiceImpl      [0;39m [35m:62  [0;39m Unlock orders
[2025-04-06 13:59:34] [34mINFO[0;39m [36mg.service.ubs.OrderLockServiceImpl      [0;39m [35m:60  [0;39m Time: 2025-04-06T13:54:34.467972800
[2025-04-06 13:59:34] [34mINFO[0;39m [36mg.service.ubs.OrderLockServiceImpl      [0;39m [35m:62  [0;39m Unlock orders
[2025-04-06 13:59:34] [34mINFO[0;39m [36mg.service.ubs.OrderLockServiceImpl      [0;39m [35m:60  [0;39m Time: 2025-04-06T13:54:34.468971100
[2025-04-06 13:59:34] [34mINFO[0;39m [36mg.service.ubs.OrderLockServiceImpl      [0;39m [35m:62  [0;39m Unlock orders
[2025-04-06 13:59:34] [34mINFO[0;39m [36mg.service.ubs.OrderLockServiceImpl      [0;39m [35m:60  [0;39m Time: 2025-04-06T13:54:34.468971100
[2025-04-06 13:59:34] [34mINFO[0;39m [36mg.service.ubs.OrderLockServiceImpl      [0;39m [35m:62  [0;39m Unlock orders
[2025-04-06 13:59:34] [34mINFO[0;39m [36mg.service.ubs.OrderLockServiceImpl      [0;39m [35m:60  [0;39m Time: 2025-04-06T13:54:34.469973700
[2025-04-06 13:59:34] [34mINFO[0;39m [36mg.service.ubs.OrderLockServiceImpl      [0;39m [35m:62  [0;39m Unlock orders
[2025-04-06 13:59:34] [34mINFO[0;39m [36mg.service.ubs.OrderLockServiceImpl      [0;39m [35m:60  [0;39m Time: 2025-04-06T13:54:34.469973700
[2025-04-06 13:59:34] [34mINFO[0;39m [36mg.service.ubs.OrderLockServiceImpl      [0;39m [35m:62  [0;39m Unlock orders
[2025-04-06 13:59:34] [34mINFO[0;39m [36mg.service.ubs.OrderLockServiceImpl      [0;39m [35m:60  [0;39m Time: 2025-04-06T13:54:34.470975
[2025-04-06 13:59:34] [34mINFO[0;39m [36mg.service.ubs.OrderLockServiceImpl      [0;39m [35m:62  [0;39m Unlock orders
[2025-04-06 13:59:34] [34mINFO[0;39m [36mg.service.ubs.OrderLockServiceImpl      [0;39m [35m:60  [0;39m Time: 2025-04-06T13:54:34.470975
[2025-04-06 13:59:34] [34mINFO[0;39m [36mg.service.ubs.OrderLockServiceImpl      [0;39m [35m:62  [0;39m Unlock orders
[2025-04-06 13:59:34] [34mINFO[0;39m [36mg.service.ubs.OrderLockServiceImpl      [0;39m [35m:60  [0;39m Time: 2025-04-06T13:54:34.471972800
[2025-04-06 13:59:34] [34mINFO[0;39m [36mg.service.ubs.OrderLockServiceImpl      [0;39m [35m:62  [0;39m Unlock orders
[2025-04-06 13:59:34] [34mINFO[0;39m [36mg.service.ubs.OrderLockServiceImpl      [0;39m [35m:60  [0;39m Time: 2025-04-06T13:54:34.471972800
[2025-04-06 13:59:34] [34mINFO[0;39m [36mg.service.ubs.OrderLockServiceImpl      [0;39m [35m:62  [0;39m Unlock orders
[2025-04-06 13:59:34] [34mINFO[0;39m [36mg.service.ubs.OrderLockServiceImpl      [0;39m [35m:60  [0;39m Time: 2025-04-06T13:54:34.472971600
[2025-04-06 13:59:34] [34mINFO[0;39m [36mg.service.ubs.OrderLockServiceImpl      [0;39m [35m:62  [0;39m Unlock orders
[2025-04-06 13:59:34] [34mINFO[0;39m [36mg.service.ubs.OrderLockServiceImpl      [0;39m [35m:60  [0;39m Time: 2025-04-06T13:54:34.472971600
[2025-04-06 13:59:34] [34mINFO[0;39m [36mg.service.ubs.OrderLockServiceImpl      [0;39m [35m:62  [0;39m Unlock orders
[2025-04-06 13:59:34] [34mINFO[0;39m [36mg.service.ubs.OrderLockServiceImpl      [0;39m [35m:60  [0;39m Time: 2025-04-06T13:54:34.473973700
[2025-04-06 13:59:34] [34mINFO[0;39m [36mg.service.ubs.OrderLockServiceImpl      [0;39m [35m:62  [0;39m Unlock orders
[2025-04-06 13:59:34] [34mINFO[0;39m [36mg.service.ubs.OrderLockServiceImpl      [0;39m [35m:60  [0;39m Time: 2025-04-06T13:54:34.473973700
[2025-04-06 13:59:34] [34mINFO[0;39m [36mg.service.ubs.OrderLockServiceImpl      [0;39m [35m:62  [0;39m Unlock orders
[2025-04-06 13:59:34] [34mINFO[0;39m [36mg.service.ubs.OrderLockServiceImpl      [0;39m [35m:60  [0;39m Time: 2025-04-06T13:54:34.474973400
[2025-04-06 13:59:34] [34mINFO[0;39m [36mg.service.ubs.OrderLockServiceImpl      [0;39m [35m:62  [0;39m Unlock orders
[2025-04-06 13:59:34] [34mINFO[0;39m [36mg.service.ubs.OrderLockServiceImpl      [0;39m [35m:60  [0;39m Time: 2025-04-06T13:54:34.474973400
[2025-04-06 13:59:34] [34mINFO[0;39m [36mg.service.ubs.OrderLockServiceImpl      [0;39m [35m:62  [0;39m Unlock orders
[2025-04-06 13:59:34] [34mINFO[0;39m [36mg.service.ubs.OrderLockServiceImpl      [0;39m [35m:60  [0;39m Time: 2025-04-06T13:54:34.475973300
[2025-04-06 13:59:34] [34mINFO[0;39m [36mg.service.ubs.OrderLockServiceImpl      [0;39m [35m:62  [0;39m Unlock orders
[2025-04-06 13:59:34] [34mINFO[0;39m [36mg.service.ubs.OrderLockServiceImpl      [0;39m [35m:60  [0;39m Time: 2025-04-06T13:54:34.475973300
[2025-04-06 13:59:34] [34mINFO[0;39m [36mg.service.ubs.OrderLockServiceImpl      [0;39m [35m:62  [0;39m Unlock orders
[2025-04-06 13:59:34] [34mINFO[0;39m [36mg.service.ubs.OrderLockServiceImpl      [0;39m [35m:60  [0;39m Time: 2025-04-06T13:54:34.476973800
[2025-04-06 13:59:34] [34mINFO[0;39m [36mg.service.ubs.OrderLockServiceImpl      [0;39m [35m:62  [0;39m Unlock orders
[2025-04-06 13:59:34] [34mINFO[0;39m [36mg.service.ubs.OrderLockServiceImpl      [0;39m [35m:60  [0;39m Time: 2025-04-06T13:54:34.476973800
[2025-04-06 13:59:34] [34mINFO[0;39m [36mg.service.ubs.OrderLockServiceImpl      [0;39m [35m:62  [0;39m Unlock orders
[2025-04-06 13:59:34] [34mINFO[0;39m [36mg.service.ubs.OrderLockServiceImpl      [0;39m [35m:60  [0;39m Time: 2025-04-06T13:54:34.477975100
[2025-04-06 13:59:34] [34mINFO[0;39m [36mg.service.ubs.OrderLockServiceImpl      [0;39m [35m:62  [0;39m Unlock orders
[2025-04-06 13:59:34] [34mINFO[0;39m [36mg.service.ubs.OrderLockServiceImpl      [0;39m [35m:60  [0;39m Time: 2025-04-06T13:54:34.477975100
[2025-04-06 13:59:34] [34mINFO[0;39m [36mg.service.ubs.OrderLockServiceImpl      [0;39m [35m:62  [0;39m Unlock orders
[2025-04-06 13:59:34] [34mINFO[0;39m [36mg.service.ubs.OrderLockServiceImpl      [0;39m [35m:60  [0;39m Time: 2025-04-06T13:54:34.478972400
[2025-04-06 13:59:34] [34mINFO[0;39m [36mg.service.ubs.OrderLockServiceImpl      [0;39m [35m:62  [0;39m Unlock orders
[2025-04-06 13:59:34] [34mINFO[0;39m [36mg.service.ubs.OrderLockServiceImpl      [0;39m [35m:60  [0;39m Time: 2025-04-06T13:54:34.478972400
[2025-04-06 13:59:34] [34mINFO[0;39m [36mg.service.ubs.OrderLockServiceImpl      [0;39m [35m:62  [0;39m Unlock orders
[2025-04-06 13:59:34] [34mINFO[0;39m [36mg.service.ubs.OrderLockServiceImpl      [0;39m [35m:60  [0;39m Time: 2025-04-06T13:54:34.479973300
[2025-04-06 13:59:34] [34mINFO[0;39m [36mg.service.ubs.OrderLockServiceImpl      [0;39m [35m:62  [0;39m Unlock orders
[2025-04-06 13:59:34] [34mINFO[0;39m [36mg.service.ubs.OrderLockServiceImpl      [0;39m [35m:60  [0;39m Time: 2025-04-06T13:54:34.479973300
[2025-04-06 13:59:34] [34mINFO[0;39m [36mg.service.ubs.OrderLockServiceImpl      [0;39m [35m:62  [0;39m Unlock orders
[2025-04-06 13:59:34] [34mINFO[0;39m [36mg.service.ubs.OrderLockServiceImpl      [0;39m [35m:60  [0;39m Time: 2025-04-06T13:54:34.480972500
[2025-04-06 13:59:34] [34mINFO[0;39m [36mg.service.ubs.OrderLockServiceImpl      [0;39m [35m:62  [0;39m Unlock orders
[2025-04-06 13:59:34] [34mINFO[0;39m [36mg.service.ubs.OrderLockServiceImpl      [0;39m [35m:60  [0;39m Time: 2025-04-06T13:54:34.481972100
[2025-04-06 13:59:34] [34mINFO[0;39m [36mg.service.ubs.OrderLockServiceImpl      [0;39m [35m:62  [0;39m Unlock orders
[2025-04-06 13:59:34] [34mINFO[0;39m [36mg.service.ubs.OrderLockServiceImpl      [0;39m [35m:60  [0;39m Time: 2025-04-06T13:54:34.481972100
[2025-04-06 13:59:34] [34mINFO[0;39m [36mg.service.ubs.OrderLockServiceImpl      [0;39m [35m:62  [0;39m Unlock orders
[2025-04-06 13:59:34] [34mINFO[0;39m [36mg.service.ubs.OrderLockServiceImpl      [0;39m [35m:60  [0;39m Time: 2025-04-06T13:54:34.482971800
[2025-04-06 13:59:34] [34mINFO[0;39m [36mg.service.ubs.OrderLockServiceImpl      [0;39m [35m:62  [0;39m Unlock orders
[2025-04-06 13:59:34] [34mINFO[0;39m [36mg.service.ubs.OrderLockServiceImpl      [0;39m [35m:60  [0;39m Time: 2025-04-06T13:54:34.482971800
[2025-04-06 13:59:34] [34mINFO[0;39m [36mg.service.ubs.OrderLockServiceImpl      [0;39m [35m:62  [0;39m Unlock orders
[2025-04-06 13:59:34] [34mINFO[0;39m [36mg.service.ubs.OrderLockServiceImpl      [0;39m [35m:60  [0;39m Time: 2025-04-06T13:54:34.483971600
[2025-04-06 13:59:34] [34mINFO[0;39m [36mg.service.ubs.OrderLockServiceImpl      [0;39m [35m:62  [0;39m Unlock orders
[2025-04-06 13:59:34] [34mINFO[0;39m [36mg.service.ubs.OrderLockServiceImpl      [0;39m [35m:60  [0;39m Time: 2025-04-06T13:54:34.483971600
[2025-04-06 13:59:34] [34mINFO[0;39m [36mg.service.ubs.OrderLockServiceImpl      [0;39m [35m:62  [0;39m Unlock orders
[2025-04-06 13:59:34] [34mINFO[0;39m [36mg.service.ubs.OrderLockServiceImpl      [0;39m [35m:60  [0;39m Time: 2025-04-06T13:54:34.484971700
[2025-04-06 13:59:34] [34mINFO[0;39m [36mg.service.ubs.OrderLockServiceImpl      [0;39m [35m:62  [0;39m Unlock orders
[2025-04-06 13:59:34] [34mINFO[0;39m [36mg.service.ubs.OrderLockServiceImpl      [0;39m [35m:60  [0;39m Time: 2025-04-06T13:54:34.484971700
[2025-04-06 13:59:34] [34mINFO[0;39m [36mg.service.ubs.OrderLockServiceImpl      [0;39m [35m:62  [0;39m Unlock orders
[2025-04-06 13:59:34] [34mINFO[0;39m [36mg.service.ubs.OrderLockServiceImpl      [0;39m [35m:60  [0;39m Time: 2025-04-06T13:54:34.485971700
[2025-04-06 13:59:34] [34mINFO[0;39m [36mg.service.ubs.OrderLockServiceImpl      [0;39m [35m:62  [0;39m Unlock orders
[2025-04-06 13:59:34] [34mINFO[0;39m [36mg.service.ubs.OrderLockServiceImpl      [0;39m [35m:60  [0;39m Time: 2025-04-06T13:54:34.485971700
[2025-04-06 13:59:34] [34mINFO[0;39m [36mg.service.ubs.OrderLockServiceImpl      [0;39m [35m:62  [0;39m Unlock orders
[2025-04-06 13:59:34] [34mINFO[0;39m [36mg.service.ubs.OrderLockServiceImpl      [0;39m [35m:60  [0;39m Time: 2025-04-06T13:54:34.486971600
[2025-04-06 13:59:34] [34mINFO[0;39m [36mg.service.ubs.OrderLockServiceImpl      [0;39m [35m:62  [0;39m Unlock orders
[2025-04-06 13:59:34] [34mINFO[0;39m [36mg.service.ubs.OrderLockServiceImpl      [0;39m [35m:60  [0;39m Time: 2025-04-06T13:54:34.486971600
[2025-04-06 13:59:34] [34mINFO[0;39m [36mg.service.ubs.OrderLockServiceImpl      [0;39m [35m:62  [0;39m Unlock orders
[2025-04-06 13:59:34] [34mINFO[0;39m [36mg.service.ubs.OrderLockServiceImpl      [0;39m [35m:60  [0;39m Time: 2025-04-06T13:54:34.487971900
[2025-04-06 13:59:34] [34mINFO[0;39m [36mg.service.ubs.OrderLockServiceImpl      [0;39m [35m:62  [0;39m Unlock orders
[2025-04-06 13:59:34] [34mINFO[0;39m [36mg.service.ubs.OrderLockServiceImpl      [0;39m [35m:60  [0;39m Time: 2025-04-06T13:54:34.487971900
[2025-04-06 13:59:34] [34mINFO[0;39m [36mg.service.ubs.OrderLockServiceImpl      [0;39m [35m:62  [0;39m Unlock orders
[2025-04-06 13:59:34] [34mINFO[0;39m [36mg.service.ubs.OrderLockServiceImpl      [0;39m [35m:60  [0;39m Time: 2025-04-06T13:54:34.488971800
[2025-04-06 13:59:34] [34mINFO[0;39m [36mg.service.ubs.OrderLockServiceImpl      [0;39m [35m:62  [0;39m Unlock orders
[2025-04-06 13:59:34] [34mINFO[0;39m [36mg.service.ubs.OrderLockServiceImpl      [0;39m [35m:60  [0;39m Time: 2025-04-06T13:54:34.488971800
[2025-04-06 13:59:34] [34mINFO[0;39m [36mg.service.ubs.OrderLockServiceImpl      [0;39m [35m:62  [0;39m Unlock orders
[2025-04-06 13:59:34] [34mINFO[0;39m [36mg.service.ubs.OrderLockServiceImpl      [0;39m [35m:60  [0;39m Time: 2025-04-06T13:54:34.489972200
[2025-04-06 13:59:34] [34mINFO[0;39m [36mg.service.ubs.OrderLockServiceImpl      [0;39m [35m:62  [0;39m Unlock orders
[2025-04-06 13:59:34] [34mINFO[0;39m [36mg.service.ubs.OrderLockServiceImpl      [0;39m [35m:60  [0;39m Time: 2025-04-06T13:54:34.489972200
[2025-04-06 13:59:34] [34mINFO[0;39m [36mg.service.ubs.OrderLockServiceImpl      [0;39m [35m:62  [0;39m Unlock orders
[2025-04-06 13:59:34] [34mINFO[0;39m [36mg.service.ubs.OrderLockServiceImpl      [0;39m [35m:60  [0;39m Time: 2025-04-06T13:54:34.490972400
[2025-04-06 13:59:34] [34mINFO[0;39m [36mg.service.ubs.OrderLockServiceImpl      [0;39m [35m:62  [0;39m Unlock orders
[2025-04-06 13:59:34] [34mINFO[0;39m [36mg.service.ubs.OrderLockServiceImpl      [0;39m [35m:60  [0;39m Time: 2025-04-06T13:54:34.490972400
[2025-04-06 13:59:34] [34mINFO[0;39m [36mg.service.ubs.OrderLockServiceImpl      [0;39m [35m:62  [0;39m Unlock orders
[2025-04-06 13:59:34] [34mINFO[0;39m [36mg.service.ubs.OrderLockServiceImpl      [0;39m [35m:60  [0;39m Time: 2025-04-06T13:54:34.491971800
[2025-04-06 13:59:34] [34mINFO[0;39m [36mg.service.ubs.OrderLockServiceImpl      [0;39m [35m:62  [0;39m Unlock orders
[2025-04-06 13:59:34] [34mINFO[0;39m [36mg.service.ubs.OrderLockServiceImpl      [0;39m [35m:60  [0;39m Time: 2025-04-06T13:54:34.491971800
[2025-04-06 13:59:34] [34mINFO[0;39m [36mg.service.ubs.OrderLockServiceImpl      [0;39m [35m:62  [0;39m Unlock orders
[2025-04-06 13:59:34] [34mINFO[0;39m [36mg.service.ubs.OrderLockServiceImpl      [0;39m [35m:60  [0;39m Time: 2025-04-06T13:54:34.492972100
[2025-04-06 13:59:34] [34mINFO[0;39m [36mg.service.ubs.OrderLockServiceImpl      [0;39m [35m:62  [0;39m Unlock orders
[2025-04-06 13:59:34] [34mINFO[0;39m [36mg.service.ubs.OrderLockServiceImpl      [0;39m [35m:60  [0;39m Time: 2025-04-06T13:54:34.492972100
[2025-04-06 13:59:34] [34mINFO[0;39m [36mg.service.ubs.OrderLockServiceImpl      [0;39m [35m:62  [0;39m Unlock orders
[2025-04-06 13:59:34] [34mINFO[0;39m [36mg.service.ubs.OrderLockServiceImpl      [0;39m [35m:60  [0;39m Time: 2025-04-06T13:54:34.493972300
[2025-04-06 13:59:34] [34mINFO[0;39m [36mg.service.ubs.OrderLockServiceImpl      [0;39m [35m:62  [0;39m Unlock orders
[2025-04-06 13:59:34] [34mINFO[0;39m [36mg.service.ubs.OrderLockServiceImpl      [0;39m [35m:60  [0;39m Time: 2025-04-06T13:54:34.493972300
[2025-04-06 13:59:34] [34mINFO[0;39m [36mg.service.ubs.OrderLockServiceImpl      [0;39m [35m:62  [0;39m Unlock orders
[2025-04-06 13:59:34] [34mINFO[0;39m [36mg.service.ubs.OrderLockServiceImpl      [0;39m [35m:60  [0;39m Time: 2025-04-06T13:54:34.494972300
[2025-04-06 13:59:34] [34mINFO[0;39m [36mg.service.ubs.OrderLockServiceImpl      [0;39m [35m:62  [0;39m Unlock orders
[2025-04-06 13:59:34] [34mINFO[0;39m [36mg.service.ubs.OrderLockServiceImpl      [0;39m [35m:60  [0;39m Time: 2025-04-06T13:54:34.494972300
[2025-04-06 13:59:34] [34mINFO[0;39m [36mg.service.ubs.OrderLockServiceImpl      [0;39m [35m:62  [0;39m Unlock orders
[2025-04-06 13:59:34] [34mINFO[0;39m [36mg.service.ubs.OrderLockServiceImpl      [0;39m [35m:60  [0;39m Time: 2025-04-06T13:54:34.495972100
[2025-04-06 13:59:34] [34mINFO[0;39m [36mg.service.ubs.OrderLockServiceImpl      [0;39m [35m:62  [0;39m Unlock orders
[2025-04-06 13:59:34] [34mINFO[0;39m [36mg.service.ubs.OrderLockServiceImpl      [0;39m [35m:60  [0;39m Time: 2025-04-06T13:54:34.495972100
[2025-04-06 13:59:34] [34mINFO[0;39m [36mg.service.ubs.OrderLockServiceImpl      [0;39m [35m:62  [0;39m Unlock orders
[2025-04-06 13:59:34] [34mINFO[0;39m [36mg.service.ubs.OrderLockServiceImpl      [0;39m [35m:60  [0;39m Time: 2025-04-06T13:54:34.496972600
[2025-04-06 13:59:34] [34mINFO[0;39m [36mg.service.ubs.OrderLockServiceImpl      [0;39m [35m:62  [0;39m Unlock orders
[2025-04-06 13:59:34] [34mINFO[0;39m [36mg.service.ubs.OrderLockServiceImpl      [0;39m [35m:60  [0;39m Time: 2025-04-06T13:54:34.496972600
[2025-04-06 13:59:34] [34mINFO[0;39m [36mg.service.ubs.OrderLockServiceImpl      [0;39m [35m:62  [0;39m Unlock orders
[2025-04-06 13:59:34] [34mINFO[0;39m [36mg.service.ubs.OrderLockServiceImpl      [0;39m [35m:60  [0;39m Time: 2025-04-06T13:54:34.497972900
[2025-04-06 13:59:34] [34mINFO[0;39m [36mg.service.ubs.OrderLockServiceImpl      [0;39m [35m:62  [0;39m Unlock orders
[2025-04-06 13:59:34] [34mINFO[0;39m [36mg.service.ubs.OrderLockServiceImpl      [0;39m [35m:60  [0;39m Time: 2025-04-06T13:54:34.497972900
[2025-04-06 13:59:34] [34mINFO[0;39m [36mg.service.ubs.OrderLockServiceImpl      [0;39m [35m:62  [0;39m Unlock orders
[2025-04-06 13:59:34] [34mINFO[0;39m [36mg.service.ubs.OrderLockServiceImpl      [0;39m [35m:60  [0;39m Time: 2025-04-06T13:54:34.498972600
[2025-04-06 13:59:34] [34mINFO[0;39m [36mg.service.ubs.OrderLockServiceImpl      [0;39m [35m:62  [0;39m Unlock orders
[2025-04-06 13:59:34] [34mINFO[0;39m [36mg.service.ubs.OrderLockServiceImpl      [0;39m [35m:60  [0;39m Time: 2025-04-06T13:54:34.498972600
[2025-04-06 13:59:34] [34mINFO[0;39m [36mg.service.ubs.OrderLockServiceImpl      [0;39m [35m:62  [0;39m Unlock orders
[2025-04-06 13:59:34] [34mINFO[0;39m [36mg.service.ubs.OrderLockServiceImpl      [0;39m [35m:60  [0;39m Time: 2025-04-06T13:54:34.499972400
[2025-04-06 13:59:34] [34mINFO[0;39m [36mg.service.ubs.OrderLockServiceImpl      [0;39m [35m:62  [0;39m Unlock orders
[2025-04-06 13:59:34] [34mINFO[0;39m [36mg.service.ubs.OrderLockServiceImpl      [0;39m [35m:60  [0;39m Time: 2025-04-06T13:54:34.499972400
[2025-04-06 13:59:34] [34mINFO[0;39m [36mg.service.ubs.OrderLockServiceImpl      [0;39m [35m:62  [0;39m Unlock orders
[2025-04-06 13:59:48] [34mINFO[0;39m [36mg.service.ubs.OrderLockServiceImpl      [0;39m [35m:60  [0;39m Time: 2025-04-06T13:54:48.370606500
[2025-04-06 13:59:48] [34mINFO[0;39m [36mg.service.ubs.OrderLockServiceImpl      [0;39m [35m:62  [0;39m Unlock orders
[2025-04-06 14:00:48] [34mINFO[0;39m [36mg.service.ubs.OrderLockServiceImpl      [0;39m [35m:60  [0;39m Time: 2025-04-06T13:55:48.376319
[2025-04-06 14:00:48] [34mINFO[0;39m [36mg.service.ubs.OrderLockServiceImpl      [0;39m [35m:62  [0;39m Unlock orders
[2025-04-06 14:01:48] [34mINFO[0;39m [36mg.service.ubs.OrderLockServiceImpl      [0;39m [35m:60  [0;39m Time: 2025-04-06T13:56:48.366971400
[2025-04-06 14:01:48] [34mINFO[0;39m [36mg.service.ubs.OrderLockServiceImpl      [0;39m [35m:62  [0;39m Unlock orders
[2025-04-06 14:02:48] [34mINFO[0;39m [36mg.service.ubs.OrderLockServiceImpl      [0;39m [35m:60  [0;39m Time: 2025-04-06T13:57:48.378541800
[2025-04-06 14:02:48] [34mINFO[0;39m [36mg.service.ubs.OrderLockServiceImpl      [0;39m [35m:62  [0;39m Unlock orders
[2025-04-06 14:03:48] [34mINFO[0;39m [36mg.service.ubs.OrderLockServiceImpl      [0;39m [35m:60  [0;39m Time: 2025-04-06T13:58:48.367759700
[2025-04-06 14:03:48] [34mINFO[0;39m [36mg.service.ubs.OrderLockServiceImpl      [0;39m [35m:62  [0;39m Unlock orders
[2025-04-06 14:04:48] [34mINFO[0;39m [36mg.service.ubs.OrderLockServiceImpl      [0;39m [35m:60  [0;39m Time: 2025-04-06T13:59:48.369672500
[2025-04-06 14:04:48] [34mINFO[0;39m [36mg.service.ubs.OrderLockServiceImpl      [0;39m [35m:62  [0;39m Unlock orders
[2025-04-06 14:05:48] [34mINFO[0;39m [36mg.service.ubs.OrderLockServiceImpl      [0;39m [35m:60  [0;39m Time: 2025-04-06T14:00:48.379477500
[2025-04-06 14:05:48] [34mINFO[0;39m [36mg.service.ubs.OrderLockServiceImpl      [0;39m [35m:62  [0;39m Unlock orders
[2025-04-06 14:06:48] [34mINFO[0;39m [36mg.service.ubs.OrderLockServiceImpl      [0;39m [35m:60  [0;39m Time: 2025-04-06T14:01:48.365853200
[2025-04-06 14:06:48] [34mINFO[0;39m [36mg.service.ubs.OrderLockServiceImpl      [0;39m [35m:62  [0;39m Unlock orders
[2025-04-06 14:07:48] [34mINFO[0;39m [36mg.service.ubs.OrderLockServiceImpl      [0;39m [35m:60  [0;39m Time: 2025-04-06T14:02:48.371733600
[2025-04-06 14:07:48] [34mINFO[0;39m [36mg.service.ubs.OrderLockServiceImpl      [0;39m [35m:62  [0;39m Unlock orders
[2025-04-06 14:08:48] [34mINFO[0;39m [36mg.service.ubs.OrderLockServiceImpl      [0;39m [35m:60  [0;39m Time: 2025-04-06T14:03:48.366154500
[2025-04-06 14:08:48] [34mINFO[0;39m [36mg.service.ubs.OrderLockServiceImpl      [0;39m [35m:62  [0;39m Unlock orders
[2025-04-06 14:09:48] [34mINFO[0;39m [36mg.service.ubs.OrderLockServiceImpl      [0;39m [35m:60  [0;39m Time: 2025-04-06T14:04:48.377805800
[2025-04-06 14:09:48] [34mINFO[0;39m [36mg.service.ubs.OrderLockServiceImpl      [0;39m [35m:62  [0;39m Unlock orders
[2025-04-06 14:10:48] [34mINFO[0;39m [36mg.service.ubs.OrderLockServiceImpl      [0;39m [35m:60  [0;39m Time: 2025-04-06T14:05:48.376831300
[2025-04-06 14:10:48] [34mINFO[0;39m [36mg.service.ubs.OrderLockServiceImpl      [0;39m [35m:62  [0;39m Unlock orders
[2025-04-06 15:17:23] [31mWARN[0;39m [36mcom.zaxxer.hikari.pool.HikariPool       [0;39m [35m:804 [0;39m HikariPool-1 - Thread starvation or clock leap detected (housekeeper delta=1h6m17s948ms317µs300ns).
[2025-04-06 15:17:36] [34mINFO[0;39m [36mg.service.ubs.OrderLockServiceImpl      [0;39m [35m:60  [0;39m Time: 2025-04-06T15:12:36.308420300
[2025-04-06 15:17:36] [34mINFO[0;39m [36mg.service.ubs.OrderLockServiceImpl      [0;39m [35m:62  [0;39m Unlock orders
[2025-04-06 15:17:36] [34mINFO[0;39m [36mg.service.ubs.OrderLockServiceImpl      [0;39m [35m:60  [0;39m Time: 2025-04-06T15:12:36.313423
[2025-04-06 15:17:36] [34mINFO[0;39m [36mg.service.ubs.OrderLockServiceImpl      [0;39m [35m:62  [0;39m Unlock orders
[2025-04-06 15:17:36] [34mINFO[0;39m [36mg.service.ubs.OrderLockServiceImpl      [0;39m [35m:60  [0;39m Time: 2025-04-06T15:12:36.314424900
[2025-04-06 15:17:36] [34mINFO[0;39m [36mg.service.ubs.OrderLockServiceImpl      [0;39m [35m:62  [0;39m Unlock orders
[2025-04-06 15:17:36] [34mINFO[0;39m [36mg.service.ubs.OrderLockServiceImpl      [0;39m [35m:60  [0;39m Time: 2025-04-06T15:12:36.315422500
[2025-04-06 15:17:36] [34mINFO[0;39m [36mg.service.ubs.OrderLockServiceImpl      [0;39m [35m:62  [0;39m Unlock orders
[2025-04-06 15:17:36] [34mINFO[0;39m [36mg.service.ubs.OrderLockServiceImpl      [0;39m [35m:60  [0;39m Time: 2025-04-06T15:12:36.316421400
[2025-04-06 15:17:36] [34mINFO[0;39m [36mg.service.ubs.OrderLockServiceImpl      [0;39m [35m:62  [0;39m Unlock orders
[2025-04-06 15:17:36] [34mINFO[0;39m [36mg.service.ubs.OrderLockServiceImpl      [0;39m [35m:60  [0;39m Time: 2025-04-06T15:12:36.317420100
[2025-04-06 15:17:36] [34mINFO[0;39m [36mg.service.ubs.OrderLockServiceImpl      [0;39m [35m:62  [0;39m Unlock orders
[2025-04-06 15:17:36] [34mINFO[0;39m [36mg.service.ubs.OrderLockServiceImpl      [0;39m [35m:60  [0;39m Time: 2025-04-06T15:12:36.317420100
[2025-04-06 15:17:36] [34mINFO[0;39m [36mg.service.ubs.OrderLockServiceImpl      [0;39m [35m:62  [0;39m Unlock orders
[2025-04-06 15:17:36] [34mINFO[0;39m [36mg.service.ubs.OrderLockServiceImpl      [0;39m [35m:60  [0;39m Time: 2025-04-06T15:12:36.318421
[2025-04-06 15:17:36] [34mINFO[0;39m [36mg.service.ubs.OrderLockServiceImpl      [0;39m [35m:62  [0;39m Unlock orders
[2025-04-06 15:17:36] [34mINFO[0;39m [36mg.service.ubs.OrderLockServiceImpl      [0;39m [35m:60  [0;39m Time: 2025-04-06T15:12:36.318421
[2025-04-06 15:17:36] [34mINFO[0;39m [36mg.service.ubs.OrderLockServiceImpl      [0;39m [35m:62  [0;39m Unlock orders
[2025-04-06 15:17:36] [34mINFO[0;39m [36mg.service.ubs.OrderLockServiceImpl      [0;39m [35m:60  [0;39m Time: 2025-04-06T15:12:36.319420600
[2025-04-06 15:17:36] [34mINFO[0;39m [36mg.service.ubs.OrderLockServiceImpl      [0;39m [35m:62  [0;39m Unlock orders
[2025-04-06 15:17:36] [34mINFO[0;39m [36mg.service.ubs.OrderLockServiceImpl      [0;39m [35m:60  [0;39m Time: 2025-04-06T15:12:36.319420600
[2025-04-06 15:17:36] [34mINFO[0;39m [36mg.service.ubs.OrderLockServiceImpl      [0;39m [35m:62  [0;39m Unlock orders
[2025-04-06 15:17:36] [34mINFO[0;39m [36mg.service.ubs.OrderLockServiceImpl      [0;39m [35m:60  [0;39m Time: 2025-04-06T15:12:36.320421800
[2025-04-06 15:17:36] [34mINFO[0;39m [36mg.service.ubs.OrderLockServiceImpl      [0;39m [35m:62  [0;39m Unlock orders
[2025-04-06 15:17:36] [34mINFO[0;39m [36mg.service.ubs.OrderLockServiceImpl      [0;39m [35m:60  [0;39m Time: 2025-04-06T15:12:36.322420800
[2025-04-06 15:17:36] [34mINFO[0;39m [36mg.service.ubs.OrderLockServiceImpl      [0;39m [35m:62  [0;39m Unlock orders
[2025-04-06 15:17:36] [34mINFO[0;39m [36mg.service.ubs.OrderLockServiceImpl      [0;39m [35m:60  [0;39m Time: 2025-04-06T15:12:36.323420200
[2025-04-06 15:17:36] [34mINFO[0;39m [36mg.service.ubs.OrderLockServiceImpl      [0;39m [35m:62  [0;39m Unlock orders
[2025-04-06 15:17:36] [34mINFO[0;39m [36mg.service.ubs.OrderLockServiceImpl      [0;39m [35m:60  [0;39m Time: 2025-04-06T15:12:36.323420200
[2025-04-06 15:17:36] [34mINFO[0;39m [36mg.service.ubs.OrderLockServiceImpl      [0;39m [35m:62  [0;39m Unlock orders
[2025-04-06 15:17:36] [34mINFO[0;39m [36mg.service.ubs.OrderLockServiceImpl      [0;39m [35m:60  [0;39m Time: 2025-04-06T15:12:36.324420700
[2025-04-06 15:17:36] [34mINFO[0;39m [36mg.service.ubs.OrderLockServiceImpl      [0;39m [35m:62  [0;39m Unlock orders
[2025-04-06 15:17:36] [34mINFO[0;39m [36mg.service.ubs.OrderLockServiceImpl      [0;39m [35m:60  [0;39m Time: 2025-04-06T15:12:36.324420700
[2025-04-06 15:17:36] [34mINFO[0;39m [36mg.service.ubs.OrderLockServiceImpl      [0;39m [35m:62  [0;39m Unlock orders
[2025-04-06 15:17:36] [34mINFO[0;39m [36mg.service.ubs.OrderLockServiceImpl      [0;39m [35m:60  [0;39m Time: 2025-04-06T15:12:36.325420700
[2025-04-06 15:17:36] [34mINFO[0;39m [36mg.service.ubs.OrderLockServiceImpl      [0;39m [35m:62  [0;39m Unlock orders
[2025-04-06 15:17:36] [34mINFO[0;39m [36mg.service.ubs.OrderLockServiceImpl      [0;39m [35m:60  [0;39m Time: 2025-04-06T15:12:36.325420700
[2025-04-06 15:17:36] [34mINFO[0;39m [36mg.service.ubs.OrderLockServiceImpl      [0;39m [35m:62  [0;39m Unlock orders
[2025-04-06 15:17:36] [34mINFO[0;39m [36mg.service.ubs.OrderLockServiceImpl      [0;39m [35m:60  [0;39m Time: 2025-04-06T15:12:36.326420200
[2025-04-06 15:17:36] [34mINFO[0;39m [36mg.service.ubs.OrderLockServiceImpl      [0;39m [35m:62  [0;39m Unlock orders
[2025-04-06 15:17:36] [34mINFO[0;39m [36mg.service.ubs.OrderLockServiceImpl      [0;39m [35m:60  [0;39m Time: 2025-04-06T15:12:36.327420300
[2025-04-06 15:17:36] [34mINFO[0;39m [36mg.service.ubs.OrderLockServiceImpl      [0;39m [35m:62  [0;39m Unlock orders
[2025-04-06 15:17:36] [34mINFO[0;39m [36mg.service.ubs.OrderLockServiceImpl      [0;39m [35m:60  [0;39m Time: 2025-04-06T15:12:36.327420300
[2025-04-06 15:17:36] [34mINFO[0;39m [36mg.service.ubs.OrderLockServiceImpl      [0;39m [35m:62  [0;39m Unlock orders
[2025-04-06 15:17:36] [34mINFO[0;39m [36mg.service.ubs.OrderLockServiceImpl      [0;39m [35m:60  [0;39m Time: 2025-04-06T15:12:36.328419900
[2025-04-06 15:17:36] [34mINFO[0;39m [36mg.service.ubs.OrderLockServiceImpl      [0;39m [35m:62  [0;39m Unlock orders
[2025-04-06 15:17:36] [34mINFO[0;39m [36mg.service.ubs.OrderLockServiceImpl      [0;39m [35m:60  [0;39m Time: 2025-04-06T15:12:36.328419900
[2025-04-06 15:17:36] [34mINFO[0;39m [36mg.service.ubs.OrderLockServiceImpl      [0;39m [35m:62  [0;39m Unlock orders
[2025-04-06 15:17:36] [34mINFO[0;39m [36mg.service.ubs.OrderLockServiceImpl      [0;39m [35m:60  [0;39m Time: 2025-04-06T15:12:36.329419500
[2025-04-06 15:17:36] [34mINFO[0;39m [36mg.service.ubs.OrderLockServiceImpl      [0;39m [35m:62  [0;39m Unlock orders
[2025-04-06 15:17:36] [34mINFO[0;39m [36mg.service.ubs.OrderLockServiceImpl      [0;39m [35m:60  [0;39m Time: 2025-04-06T15:12:36.329419500
[2025-04-06 15:17:36] [34mINFO[0;39m [36mg.service.ubs.OrderLockServiceImpl      [0;39m [35m:62  [0;39m Unlock orders
[2025-04-06 15:17:36] [34mINFO[0;39m [36mg.service.ubs.OrderLockServiceImpl      [0;39m [35m:60  [0;39m Time: 2025-04-06T15:12:36.330419700
[2025-04-06 15:17:36] [34mINFO[0;39m [36mg.service.ubs.OrderLockServiceImpl      [0;39m [35m:62  [0;39m Unlock orders
[2025-04-06 15:17:36] [34mINFO[0;39m [36mg.service.ubs.OrderLockServiceImpl      [0;39m [35m:60  [0;39m Time: 2025-04-06T15:12:36.330419700
[2025-04-06 15:17:36] [34mINFO[0;39m [36mg.service.ubs.OrderLockServiceImpl      [0;39m [35m:62  [0;39m Unlock orders
[2025-04-06 15:17:36] [34mINFO[0;39m [36mg.service.ubs.OrderLockServiceImpl      [0;39m [35m:60  [0;39m Time: 2025-04-06T15:12:36.331419700
[2025-04-06 15:17:36] [34mINFO[0;39m [36mg.service.ubs.OrderLockServiceImpl      [0;39m [35m:62  [0;39m Unlock orders
[2025-04-06 15:17:36] [34mINFO[0;39m [36mg.service.ubs.OrderLockServiceImpl      [0;39m [35m:60  [0;39m Time: 2025-04-06T15:12:36.331419700
[2025-04-06 15:17:36] [34mINFO[0;39m [36mg.service.ubs.OrderLockServiceImpl      [0;39m [35m:62  [0;39m Unlock orders
[2025-04-06 15:17:36] [34mINFO[0;39m [36mg.service.ubs.OrderLockServiceImpl      [0;39m [35m:60  [0;39m Time: 2025-04-06T15:12:36.332419600
[2025-04-06 15:17:36] [34mINFO[0;39m [36mg.service.ubs.OrderLockServiceImpl      [0;39m [35m:62  [0;39m Unlock orders
[2025-04-06 15:17:36] [34mINFO[0;39m [36mg.service.ubs.OrderLockServiceImpl      [0;39m [35m:60  [0;39m Time: 2025-04-06T15:12:36.333420600
[2025-04-06 15:17:36] [34mINFO[0;39m [36mg.service.ubs.OrderLockServiceImpl      [0;39m [35m:62  [0;39m Unlock orders
[2025-04-06 15:17:36] [34mINFO[0;39m [36mg.service.ubs.OrderLockServiceImpl      [0;39m [35m:60  [0;39m Time: 2025-04-06T15:12:36.333420600
[2025-04-06 15:17:36] [34mINFO[0;39m [36mg.service.ubs.OrderLockServiceImpl      [0;39m [35m:62  [0;39m Unlock orders
[2025-04-06 15:17:36] [34mINFO[0;39m [36mg.service.ubs.OrderLockServiceImpl      [0;39m [35m:60  [0;39m Time: 2025-04-06T15:12:36.334422200
[2025-04-06 15:17:36] [34mINFO[0;39m [36mg.service.ubs.OrderLockServiceImpl      [0;39m [35m:62  [0;39m Unlock orders
[2025-04-06 15:17:36] [34mINFO[0;39m [36mg.service.ubs.OrderLockServiceImpl      [0;39m [35m:60  [0;39m Time: 2025-04-06T15:12:36.334422200
[2025-04-06 15:17:36] [34mINFO[0;39m [36mg.service.ubs.OrderLockServiceImpl      [0;39m [35m:62  [0;39m Unlock orders
[2025-04-06 15:17:36] [34mINFO[0;39m [36mg.service.ubs.OrderLockServiceImpl      [0;39m [35m:60  [0;39m Time: 2025-04-06T15:12:36.335422
[2025-04-06 15:17:36] [34mINFO[0;39m [36mg.service.ubs.OrderLockServiceImpl      [0;39m [35m:62  [0;39m Unlock orders
[2025-04-06 15:17:36] [34mINFO[0;39m [36mg.service.ubs.OrderLockServiceImpl      [0;39m [35m:60  [0;39m Time: 2025-04-06T15:12:36.336420300
[2025-04-06 15:17:36] [34mINFO[0;39m [36mg.service.ubs.OrderLockServiceImpl      [0;39m [35m:62  [0;39m Unlock orders
[2025-04-06 15:17:36] [34mINFO[0;39m [36mg.service.ubs.OrderLockServiceImpl      [0;39m [35m:60  [0;39m Time: 2025-04-06T15:12:36.336420300
[2025-04-06 15:17:36] [34mINFO[0;39m [36mg.service.ubs.OrderLockServiceImpl      [0;39m [35m:62  [0;39m Unlock orders
[2025-04-06 15:17:36] [34mINFO[0;39m [36mg.service.ubs.OrderLockServiceImpl      [0;39m [35m:60  [0;39m Time: 2025-04-06T15:12:36.337420
[2025-04-06 15:17:36] [34mINFO[0;39m [36mg.service.ubs.OrderLockServiceImpl      [0;39m [35m:62  [0;39m Unlock orders
[2025-04-06 15:17:36] [34mINFO[0;39m [36mg.service.ubs.OrderLockServiceImpl      [0;39m [35m:60  [0;39m Time: 2025-04-06T15:12:36.337420
[2025-04-06 15:17:36] [34mINFO[0;39m [36mg.service.ubs.OrderLockServiceImpl      [0;39m [35m:62  [0;39m Unlock orders
[2025-04-06 15:17:36] [34mINFO[0;39m [36mg.service.ubs.OrderLockServiceImpl      [0;39m [35m:60  [0;39m Time: 2025-04-06T15:12:36.338420500
[2025-04-06 15:17:36] [34mINFO[0;39m [36mg.service.ubs.OrderLockServiceImpl      [0;39m [35m:62  [0;39m Unlock orders
[2025-04-06 15:17:36] [34mINFO[0;39m [36mg.service.ubs.OrderLockServiceImpl      [0;39m [35m:60  [0;39m Time: 2025-04-06T15:12:36.338420500
[2025-04-06 15:17:36] [34mINFO[0;39m [36mg.service.ubs.OrderLockServiceImpl      [0;39m [35m:62  [0;39m Unlock orders
[2025-04-06 15:17:36] [34mINFO[0;39m [36mg.service.ubs.OrderLockServiceImpl      [0;39m [35m:60  [0;39m Time: 2025-04-06T15:12:36.339421400
[2025-04-06 15:17:36] [34mINFO[0;39m [36mg.service.ubs.OrderLockServiceImpl      [0;39m [35m:62  [0;39m Unlock orders
[2025-04-06 15:17:36] [34mINFO[0;39m [36mg.service.ubs.OrderLockServiceImpl      [0;39m [35m:60  [0;39m Time: 2025-04-06T15:12:36.339421400
[2025-04-06 15:17:36] [34mINFO[0;39m [36mg.service.ubs.OrderLockServiceImpl      [0;39m [35m:62  [0;39m Unlock orders
[2025-04-06 15:17:36] [34mINFO[0;39m [36mg.service.ubs.OrderLockServiceImpl      [0;39m [35m:60  [0;39m Time: 2025-04-06T15:12:36.340420700
[2025-04-06 15:17:36] [34mINFO[0;39m [36mg.service.ubs.OrderLockServiceImpl      [0;39m [35m:62  [0;39m Unlock orders
[2025-04-06 15:17:36] [34mINFO[0;39m [36mg.service.ubs.OrderLockServiceImpl      [0;39m [35m:60  [0;39m Time: 2025-04-06T15:12:36.340420700
[2025-04-06 15:17:36] [34mINFO[0;39m [36mg.service.ubs.OrderLockServiceImpl      [0;39m [35m:62  [0;39m Unlock orders
[2025-04-06 15:17:36] [34mINFO[0;39m [36mg.service.ubs.OrderLockServiceImpl      [0;39m [35m:60  [0;39m Time: 2025-04-06T15:12:36.341420600
[2025-04-06 15:17:36] [34mINFO[0;39m [36mg.service.ubs.OrderLockServiceImpl      [0;39m [35m:62  [0;39m Unlock orders
[2025-04-06 15:17:36] [34mINFO[0;39m [36mg.service.ubs.OrderLockServiceImpl      [0;39m [35m:60  [0;39m Time: 2025-04-06T15:12:36.341420600
[2025-04-06 15:17:36] [34mINFO[0;39m [36mg.service.ubs.OrderLockServiceImpl      [0;39m [35m:62  [0;39m Unlock orders
[2025-04-06 15:17:36] [34mINFO[0;39m [36mg.service.ubs.OrderLockServiceImpl      [0;39m [35m:60  [0;39m Time: 2025-04-06T15:12:36.342420900
[2025-04-06 15:17:36] [34mINFO[0;39m [36mg.service.ubs.OrderLockServiceImpl      [0;39m [35m:62  [0;39m Unlock orders
[2025-04-06 15:17:36] [34mINFO[0;39m [36mg.service.ubs.OrderLockServiceImpl      [0;39m [35m:60  [0;39m Time: 2025-04-06T15:12:36.343421900
[2025-04-06 15:17:36] [34mINFO[0;39m [36mg.service.ubs.OrderLockServiceImpl      [0;39m [35m:62  [0;39m Unlock orders
[2025-04-06 15:17:36] [34mINFO[0;39m [36mg.service.ubs.OrderLockServiceImpl      [0;39m [35m:60  [0;39m Time: 2025-04-06T15:12:36.343421900
[2025-04-06 15:17:36] [34mINFO[0;39m [36mg.service.ubs.OrderLockServiceImpl      [0;39m [35m:62  [0;39m Unlock orders
[2025-04-06 15:17:36] [34mINFO[0;39m [36mg.service.ubs.OrderLockServiceImpl      [0;39m [35m:60  [0;39m Time: 2025-04-06T15:12:36.344421900
[2025-04-06 15:17:36] [34mINFO[0;39m [36mg.service.ubs.OrderLockServiceImpl      [0;39m [35m:62  [0;39m Unlock orders
[2025-04-06 15:17:36] [34mINFO[0;39m [36mg.service.ubs.OrderLockServiceImpl      [0;39m [35m:60  [0;39m Time: 2025-04-06T15:12:36.344421900
[2025-04-06 15:17:36] [34mINFO[0;39m [36mg.service.ubs.OrderLockServiceImpl      [0;39m [35m:62  [0;39m Unlock orders
[2025-04-06 15:17:36] [34mINFO[0;39m [36mg.service.ubs.OrderLockServiceImpl      [0;39m [35m:60  [0;39m Time: 2025-04-06T15:12:36.345422
[2025-04-06 15:17:36] [34mINFO[0;39m [36mg.service.ubs.OrderLockServiceImpl      [0;39m [35m:62  [0;39m Unlock orders
[2025-04-06 15:17:36] [34mINFO[0;39m [36mg.service.ubs.OrderLockServiceImpl      [0;39m [35m:60  [0;39m Time: 2025-04-06T15:12:36.346421400
[2025-04-06 15:17:36] [34mINFO[0;39m [36mg.service.ubs.OrderLockServiceImpl      [0;39m [35m:62  [0;39m Unlock orders
[2025-04-06 15:17:36] [34mINFO[0;39m [36mg.service.ubs.OrderLockServiceImpl      [0;39m [35m:60  [0;39m Time: 2025-04-06T15:12:36.346421400
[2025-04-06 15:17:36] [34mINFO[0;39m [36mg.service.ubs.OrderLockServiceImpl      [0;39m [35m:62  [0;39m Unlock orders
[2025-04-06 15:17:36] [34mINFO[0;39m [36mg.service.ubs.OrderLockServiceImpl      [0;39m [35m:60  [0;39m Time: 2025-04-06T15:12:36.347425100
[2025-04-06 15:17:36] [34mINFO[0;39m [36mg.service.ubs.OrderLockServiceImpl      [0;39m [35m:62  [0;39m Unlock orders
[2025-04-06 15:17:36] [34mINFO[0;39m [36mg.service.ubs.OrderLockServiceImpl      [0;39m [35m:60  [0;39m Time: 2025-04-06T15:12:36.347425100
[2025-04-06 15:17:36] [34mINFO[0;39m [36mg.service.ubs.OrderLockServiceImpl      [0;39m [35m:62  [0;39m Unlock orders
[2025-04-06 15:17:36] [34mINFO[0;39m [36mg.service.ubs.OrderLockServiceImpl      [0;39m [35m:60  [0;39m Time: 2025-04-06T15:12:36.348423200
[2025-04-06 15:17:36] [34mINFO[0;39m [36mg.service.ubs.OrderLockServiceImpl      [0;39m [35m:62  [0;39m Unlock orders
[2025-04-06 15:17:36] [34mINFO[0;39m [36mg.service.ubs.OrderLockServiceImpl      [0;39m [35m:60  [0;39m Time: 2025-04-06T15:12:36.349420900
[2025-04-06 15:17:36] [34mINFO[0;39m [36mg.service.ubs.OrderLockServiceImpl      [0;39m [35m:62  [0;39m Unlock orders
[2025-04-06 15:17:36] [34mINFO[0;39m [36mg.service.ubs.OrderLockServiceImpl      [0;39m [35m:60  [0;39m Time: 2025-04-06T15:12:36.350423300
[2025-04-06 15:17:36] [34mINFO[0;39m [36mg.service.ubs.OrderLockServiceImpl      [0;39m [35m:62  [0;39m Unlock orders
[2025-04-06 15:17:36] [34mINFO[0;39m [36mg.service.ubs.OrderLockServiceImpl      [0;39m [35m:60  [0;39m Time: 2025-04-06T15:12:36.350423300
[2025-04-06 15:17:36] [34mINFO[0;39m [36mg.service.ubs.OrderLockServiceImpl      [0;39m [35m:62  [0;39m Unlock orders
[2025-04-06 15:17:36] [34mINFO[0;39m [36mg.service.ubs.OrderLockServiceImpl      [0;39m [35m:60  [0;39m Time: 2025-04-06T15:12:36.351421400
[2025-04-06 15:17:36] [34mINFO[0;39m [36mg.service.ubs.OrderLockServiceImpl      [0;39m [35m:62  [0;39m Unlock orders
[2025-04-06 15:17:36] [34mINFO[0;39m [36mg.service.ubs.OrderLockServiceImpl      [0;39m [35m:60  [0;39m Time: 2025-04-06T15:12:36.351421400
[2025-04-06 15:17:36] [34mINFO[0;39m [36mg.service.ubs.OrderLockServiceImpl      [0;39m [35m:62  [0;39m Unlock orders
[2025-04-06 15:17:36] [34mINFO[0;39m [36mg.service.ubs.OrderLockServiceImpl      [0;39m [35m:60  [0;39m Time: 2025-04-06T15:12:36.352420400
[2025-04-06 15:17:36] [34mINFO[0;39m [36mg.service.ubs.OrderLockServiceImpl      [0;39m [35m:62  [0;39m Unlock orders
[2025-04-06 15:17:36] [34mINFO[0;39m [36mg.service.ubs.OrderLockServiceImpl      [0;39m [35m:60  [0;39m Time: 2025-04-06T15:12:36.353422200
[2025-04-06 15:17:36] [34mINFO[0;39m [36mg.service.ubs.OrderLockServiceImpl      [0;39m [35m:62  [0;39m Unlock orders
[2025-04-06 15:17:48] [34mINFO[0;39m [36mg.service.ubs.OrderLockServiceImpl      [0;39m [35m:60  [0;39m Time: 2025-04-06T15:12:48.369331900
[2025-04-06 15:17:48] [34mINFO[0;39m [36mg.service.ubs.OrderLockServiceImpl      [0;39m [35m:62  [0;39m Unlock orders
[2025-04-06 15:18:48] [34mINFO[0;39m [36mg.service.ubs.OrderLockServiceImpl      [0;39m [35m:60  [0;39m Time: 2025-04-06T15:13:48.379506700
[2025-04-06 15:18:48] [34mINFO[0;39m [36mg.service.ubs.OrderLockServiceImpl      [0;39m [35m:62  [0;39m Unlock orders
[2025-04-06 15:19:48] [34mINFO[0;39m [36mg.service.ubs.OrderLockServiceImpl      [0;39m [35m:60  [0;39m Time: 2025-04-06T15:14:48.373180800
[2025-04-06 15:19:48] [34mINFO[0;39m [36mg.service.ubs.OrderLockServiceImpl      [0;39m [35m:62  [0;39m Unlock orders
[2025-04-06 15:20:48] [34mINFO[0;39m [36mg.service.ubs.OrderLockServiceImpl      [0;39m [35m:60  [0;39m Time: 2025-04-06T15:15:48.369819500
[2025-04-06 15:20:48] [34mINFO[0;39m [36mg.service.ubs.OrderLockServiceImpl      [0;39m [35m:62  [0;39m Unlock orders
[2025-04-06 15:21:48] [34mINFO[0;39m [36mg.service.ubs.OrderLockServiceImpl      [0;39m [35m:60  [0;39m Time: 2025-04-06T15:16:48.371713400
[2025-04-06 15:21:48] [34mINFO[0;39m [36mg.service.ubs.OrderLockServiceImpl      [0;39m [35m:62  [0;39m Unlock orders
[2025-04-06 15:22:48] [34mINFO[0;39m [36mg.service.ubs.OrderLockServiceImpl      [0;39m [35m:60  [0;39m Time: 2025-04-06T15:17:48.365796500
[2025-04-06 15:22:48] [34mINFO[0;39m [36mg.service.ubs.OrderLockServiceImpl      [0;39m [35m:62  [0;39m Unlock orders
[2025-04-06 15:23:48] [34mINFO[0;39m [36mg.service.ubs.OrderLockServiceImpl      [0;39m [35m:60  [0;39m Time: 2025-04-06T15:18:48.366819300
[2025-04-06 15:23:48] [34mINFO[0;39m [36mg.service.ubs.OrderLockServiceImpl      [0;39m [35m:62  [0;39m Unlock orders
[2025-04-06 15:24:48] [34mINFO[0;39m [36mg.service.ubs.OrderLockServiceImpl      [0;39m [35m:60  [0;39m Time: 2025-04-06T15:19:48.373162200
[2025-04-06 15:24:48] [34mINFO[0;39m [36mg.service.ubs.OrderLockServiceImpl      [0;39m [35m:62  [0;39m Unlock orders
[2025-04-06 15:25:48] [34mINFO[0;39m [36mg.service.ubs.OrderLockServiceImpl      [0;39m [35m:60  [0;39m Time: 2025-04-06T15:20:48.387075100
[2025-04-06 15:25:48] [34mINFO[0;39m [36mg.service.ubs.OrderLockServiceImpl      [0;39m [35m:62  [0;39m Unlock orders
[2025-04-06 15:26:48] [34mINFO[0;39m [36mg.service.ubs.OrderLockServiceImpl      [0;39m [35m:60  [0;39m Time: 2025-04-06T15:21:48.374059100
[2025-04-06 15:26:48] [34mINFO[0;39m [36mg.service.ubs.OrderLockServiceImpl      [0;39m [35m:62  [0;39m Unlock orders
[2025-04-06 15:27:48] [34mINFO[0;39m [36mg.service.ubs.OrderLockServiceImpl      [0;39m [35m:60  [0;39m Time: 2025-04-06T15:22:48.369563800
[2025-04-06 15:27:48] [34mINFO[0;39m [36mg.service.ubs.OrderLockServiceImpl      [0;39m [35m:62  [0;39m Unlock orders
[2025-04-06 15:28:48] [34mINFO[0;39m [36mg.service.ubs.OrderLockServiceImpl      [0;39m [35m:60  [0;39m Time: 2025-04-06T15:23:48.369435400
[2025-04-06 15:28:48] [34mINFO[0;39m [36mg.service.ubs.OrderLockServiceImpl      [0;39m [35m:62  [0;39m Unlock orders
[2025-04-06 15:29:48] [34mINFO[0;39m [36mg.service.ubs.OrderLockServiceImpl      [0;39m [35m:60  [0;39m Time: 2025-04-06T15:24:48.379240100
[2025-04-06 15:29:48] [34mINFO[0;39m [36mg.service.ubs.OrderLockServiceImpl      [0;39m [35m:62  [0;39m Unlock orders
[2025-04-06 15:30:48] [34mINFO[0;39m [36mg.service.ubs.OrderLockServiceImpl      [0;39m [35m:60  [0;39m Time: 2025-04-06T15:25:48.378452500
[2025-04-06 15:30:48] [34mINFO[0;39m [36mg.service.ubs.OrderLockServiceImpl      [0;39m [35m:62  [0;39m Unlock orders
[2025-04-06 15:31:48] [34mINFO[0;39m [36mg.service.ubs.OrderLockServiceImpl      [0;39m [35m:60  [0;39m Time: 2025-04-06T15:26:48.376783900
[2025-04-06 15:31:48] [34mINFO[0;39m [36mg.service.ubs.OrderLockServiceImpl      [0;39m [35m:62  [0;39m Unlock orders
[2025-04-06 15:32:48] [34mINFO[0;39m [36mg.service.ubs.OrderLockServiceImpl      [0;39m [35m:60  [0;39m Time: 2025-04-06T15:27:48.374924
[2025-04-06 15:32:48] [34mINFO[0;39m [36mg.service.ubs.OrderLockServiceImpl      [0;39m [35m:62  [0;39m Unlock orders
[2025-04-06 15:33:48] [34mINFO[0;39m [36mg.service.ubs.OrderLockServiceImpl      [0;39m [35m:60  [0;39m Time: 2025-04-06T15:28:48.367040100
[2025-04-06 15:33:48] [34mINFO[0;39m [36mg.service.ubs.OrderLockServiceImpl      [0;39m [35m:62  [0;39m Unlock orders
[2025-04-06 15:34:48] [34mINFO[0;39m [36mg.service.ubs.OrderLockServiceImpl      [0;39m [35m:60  [0;39m Time: 2025-04-06T15:29:48.377933
[2025-04-06 15:34:48] [34mINFO[0;39m [36mg.service.ubs.OrderLockServiceImpl      [0;39m [35m:62  [0;39m Unlock orders
[2025-04-06 15:35:48] [34mINFO[0;39m [36mg.service.ubs.OrderLockServiceImpl      [0;39m [35m:60  [0;39m Time: 2025-04-06T15:30:48.365066800
[2025-04-06 15:35:48] [34mINFO[0;39m [36mg.service.ubs.OrderLockServiceImpl      [0;39m [35m:62  [0;39m Unlock orders
[2025-04-06 15:36:48] [34mINFO[0;39m [36mg.service.ubs.OrderLockServiceImpl      [0;39m [35m:60  [0;39m Time: 2025-04-06T15:31:48.379563600
[2025-04-06 15:36:48] [34mINFO[0;39m [36mg.service.ubs.OrderLockServiceImpl      [0;39m [35m:62  [0;39m Unlock orders
[2025-04-06 17:00:10] [34mINFO[0;39m [36mg.service.ubs.OrderLockServiceImpl      [0;39m [35m:60  [0;39m Time: 2025-04-06T16:55:10.641194900
[2025-04-06 17:00:10] [34mINFO[0;39m [36mg.service.ubs.OrderLockServiceImpl      [0;39m [35m:62  [0;39m Unlock orders
[2025-04-06 17:00:10] [34mINFO[0;39m [36mg.service.ubs.OrderLockServiceImpl      [0;39m [35m:60  [0;39m Time: 2025-04-06T16:55:10.642199200
[2025-04-06 17:00:10] [34mINFO[0;39m [36mg.service.ubs.OrderLockServiceImpl      [0;39m [35m:62  [0;39m Unlock orders
[2025-04-06 17:00:10] [34mINFO[0;39m [36mg.service.ubs.OrderLockServiceImpl      [0;39m [35m:60  [0;39m Time: 2025-04-06T16:55:10.643200
[2025-04-06 17:00:10] [34mINFO[0;39m [36mg.service.ubs.OrderLockServiceImpl      [0;39m [35m:62  [0;39m Unlock orders
[2025-04-06 17:00:10] [34mINFO[0;39m [36mg.service.ubs.OrderLockServiceImpl      [0;39m [35m:60  [0;39m Time: 2025-04-06T16:55:10.644196900
[2025-04-06 17:00:10] [34mINFO[0;39m [36mg.service.ubs.OrderLockServiceImpl      [0;39m [35m:62  [0;39m Unlock orders
[2025-04-06 17:00:10] [34mINFO[0;39m [36mg.service.ubs.OrderLockServiceImpl      [0;39m [35m:60  [0;39m Time: 2025-04-06T16:55:10.644196900
[2025-04-06 17:00:10] [34mINFO[0;39m [36mg.service.ubs.OrderLockServiceImpl      [0;39m [35m:62  [0;39m Unlock orders
[2025-04-06 17:00:10] [34mINFO[0;39m [36mg.service.ubs.OrderLockServiceImpl      [0;39m [35m:60  [0;39m Time: 2025-04-06T16:55:10.645197100
[2025-04-06 17:00:10] [34mINFO[0;39m [36mg.service.ubs.OrderLockServiceImpl      [0;39m [35m:62  [0;39m Unlock orders
[2025-04-06 17:00:10] [34mINFO[0;39m [36mg.service.ubs.OrderLockServiceImpl      [0;39m [35m:60  [0;39m Time: 2025-04-06T16:55:10.646196800
[2025-04-06 17:00:10] [34mINFO[0;39m [36mg.service.ubs.OrderLockServiceImpl      [0;39m [35m:62  [0;39m Unlock orders
[2025-04-06 17:00:10] [34mINFO[0;39m [36mg.service.ubs.OrderLockServiceImpl      [0;39m [35m:60  [0;39m Time: 2025-04-06T16:55:10.647198100
[2025-04-06 17:00:10] [34mINFO[0;39m [36mg.service.ubs.OrderLockServiceImpl      [0;39m [35m:62  [0;39m Unlock orders
[2025-04-06 17:00:10] [34mINFO[0;39m [36mg.service.ubs.OrderLockServiceImpl      [0;39m [35m:60  [0;39m Time: 2025-04-06T16:55:10.647198100
[2025-04-06 17:00:10] [34mINFO[0;39m [36mg.service.ubs.OrderLockServiceImpl      [0;39m [35m:62  [0;39m Unlock orders
[2025-04-06 17:00:10] [34mINFO[0;39m [36mg.service.ubs.OrderLockServiceImpl      [0;39m [35m:60  [0;39m Time: 2025-04-06T16:55:10.648199200
[2025-04-06 17:00:10] [34mINFO[0;39m [36mg.service.ubs.OrderLockServiceImpl      [0;39m [35m:62  [0;39m Unlock orders
[2025-04-06 17:00:10] [34mINFO[0;39m [36mg.service.ubs.OrderLockServiceImpl      [0;39m [35m:60  [0;39m Time: 2025-04-06T16:55:10.649197
[2025-04-06 17:00:10] [34mINFO[0;39m [36mg.service.ubs.OrderLockServiceImpl      [0;39m [35m:62  [0;39m Unlock orders
[2025-04-06 17:00:10] [34mINFO[0;39m [36mg.service.ubs.OrderLockServiceImpl      [0;39m [35m:60  [0;39m Time: 2025-04-06T16:55:10.649197
[2025-04-06 17:00:10] [34mINFO[0;39m [36mg.service.ubs.OrderLockServiceImpl      [0;39m [35m:62  [0;39m Unlock orders
[2025-04-06 17:00:10] [34mINFO[0;39m [36mg.service.ubs.OrderLockServiceImpl      [0;39m [35m:60  [0;39m Time: 2025-04-06T16:55:10.650199900
[2025-04-06 17:00:10] [34mINFO[0;39m [36mg.service.ubs.OrderLockServiceImpl      [0;39m [35m:62  [0;39m Unlock orders
[2025-04-06 17:00:10] [34mINFO[0;39m [36mg.service.ubs.OrderLockServiceImpl      [0;39m [35m:60  [0;39m Time: 2025-04-06T16:55:10.650199900
[2025-04-06 17:00:10] [34mINFO[0;39m [36mg.service.ubs.OrderLockServiceImpl      [0;39m [35m:62  [0;39m Unlock orders
[2025-04-06 17:00:10] [34mINFO[0;39m [36mg.service.ubs.OrderLockServiceImpl      [0;39m [35m:60  [0;39m Time: 2025-04-06T16:55:10.651200300
[2025-04-06 17:00:10] [34mINFO[0;39m [36mg.service.ubs.OrderLockServiceImpl      [0;39m [35m:62  [0;39m Unlock orders
[2025-04-06 17:00:10] [34mINFO[0;39m [36mg.service.ubs.OrderLockServiceImpl      [0;39m [35m:60  [0;39m Time: 2025-04-06T16:55:10.651200300
[2025-04-06 17:00:10] [34mINFO[0;39m [36mg.service.ubs.OrderLockServiceImpl      [0;39m [35m:62  [0;39m Unlock orders
[2025-04-06 17:00:10] [34mINFO[0;39m [36mg.service.ubs.OrderLockServiceImpl      [0;39m [35m:60  [0;39m Time: 2025-04-06T16:55:10.652200900
[2025-04-06 17:00:10] [34mINFO[0;39m [36mg.service.ubs.OrderLockServiceImpl      [0;39m [35m:62  [0;39m Unlock orders
[2025-04-06 17:00:10] [34mINFO[0;39m [36mg.service.ubs.OrderLockServiceImpl      [0;39m [35m:60  [0;39m Time: 2025-04-06T16:55:10.652200900
[2025-04-06 17:00:10] [34mINFO[0;39m [36mg.service.ubs.OrderLockServiceImpl      [0;39m [35m:62  [0;39m Unlock orders
[2025-04-06 17:00:10] [34mINFO[0;39m [36mg.service.ubs.OrderLockServiceImpl      [0;39m [35m:60  [0;39m Time: 2025-04-06T16:55:10.653200600
[2025-04-06 17:00:10] [34mINFO[0;39m [36mg.service.ubs.OrderLockServiceImpl      [0;39m [35m:62  [0;39m Unlock orders
[2025-04-06 17:00:10] [34mINFO[0;39m [36mg.service.ubs.OrderLockServiceImpl      [0;39m [35m:60  [0;39m Time: 2025-04-06T16:55:10.653200600
[2025-04-06 17:00:10] [34mINFO[0;39m [36mg.service.ubs.OrderLockServiceImpl      [0;39m [35m:62  [0;39m Unlock orders
[2025-04-06 17:00:10] [34mINFO[0;39m [36mg.service.ubs.OrderLockServiceImpl      [0;39m [35m:60  [0;39m Time: 2025-04-06T16:55:10.654200200
[2025-04-06 17:00:10] [34mINFO[0;39m [36mg.service.ubs.OrderLockServiceImpl      [0;39m [35m:62  [0;39m Unlock orders
[2025-04-06 17:00:10] [34mINFO[0;39m [36mg.service.ubs.OrderLockServiceImpl      [0;39m [35m:60  [0;39m Time: 2025-04-06T16:55:10.654200200
[2025-04-06 17:00:10] [34mINFO[0;39m [36mg.service.ubs.OrderLockServiceImpl      [0;39m [35m:62  [0;39m Unlock orders
[2025-04-06 17:00:10] [34mINFO[0;39m [36mg.service.ubs.OrderLockServiceImpl      [0;39m [35m:60  [0;39m Time: 2025-04-06T16:55:10.655200500
[2025-04-06 17:00:10] [34mINFO[0;39m [36mg.service.ubs.OrderLockServiceImpl      [0;39m [35m:62  [0;39m Unlock orders
[2025-04-06 17:00:10] [34mINFO[0;39m [36mg.service.ubs.OrderLockServiceImpl      [0;39m [35m:60  [0;39m Time: 2025-04-06T16:55:10.655200500
[2025-04-06 17:00:10] [34mINFO[0;39m [36mg.service.ubs.OrderLockServiceImpl      [0;39m [35m:62  [0;39m Unlock orders
[2025-04-06 17:00:10] [34mINFO[0;39m [36mg.service.ubs.OrderLockServiceImpl      [0;39m [35m:60  [0;39m Time: 2025-04-06T16:55:10.656200600
[2025-04-06 17:00:10] [34mINFO[0;39m [36mg.service.ubs.OrderLockServiceImpl      [0;39m [35m:62  [0;39m Unlock orders
[2025-04-06 17:00:10] [34mINFO[0;39m [36mg.service.ubs.OrderLockServiceImpl      [0;39m [35m:60  [0;39m Time: 2025-04-06T16:55:10.656200600
[2025-04-06 17:00:10] [34mINFO[0;39m [36mg.service.ubs.OrderLockServiceImpl      [0;39m [35m:62  [0;39m Unlock orders
[2025-04-06 17:00:10] [34mINFO[0;39m [36mg.service.ubs.OrderLockServiceImpl      [0;39m [35m:60  [0;39m Time: 2025-04-06T16:55:10.657200600
[2025-04-06 17:00:10] [34mINFO[0;39m [36mg.service.ubs.OrderLockServiceImpl      [0;39m [35m:62  [0;39m Unlock orders
[2025-04-06 17:00:10] [34mINFO[0;39m [36mg.service.ubs.OrderLockServiceImpl      [0;39m [35m:60  [0;39m Time: 2025-04-06T16:55:10.657200600
[2025-04-06 17:00:10] [34mINFO[0;39m [36mg.service.ubs.OrderLockServiceImpl      [0;39m [35m:62  [0;39m Unlock orders
[2025-04-06 17:00:10] [34mINFO[0;39m [36mg.service.ubs.OrderLockServiceImpl      [0;39m [35m:60  [0;39m Time: 2025-04-06T16:55:10.658197
[2025-04-06 17:00:10] [34mINFO[0;39m [36mg.service.ubs.OrderLockServiceImpl      [0;39m [35m:62  [0;39m Unlock orders
[2025-04-06 17:00:10] [34mINFO[0;39m [36mg.service.ubs.OrderLockServiceImpl      [0;39m [35m:60  [0;39m Time: 2025-04-06T16:55:10.658197
[2025-04-06 17:00:10] [34mINFO[0;39m [36mg.service.ubs.OrderLockServiceImpl      [0;39m [35m:62  [0;39m Unlock orders
[2025-04-06 17:00:10] [34mINFO[0;39m [36mg.service.ubs.OrderLockServiceImpl      [0;39m [35m:60  [0;39m Time: 2025-04-06T16:55:10.659199
[2025-04-06 17:00:10] [34mINFO[0;39m [36mg.service.ubs.OrderLockServiceImpl      [0;39m [35m:62  [0;39m Unlock orders
[2025-04-06 17:00:10] [34mINFO[0;39m [36mg.service.ubs.OrderLockServiceImpl      [0;39m [35m:60  [0;39m Time: 2025-04-06T16:55:10.660197800
[2025-04-06 17:00:10] [34mINFO[0;39m [36mg.service.ubs.OrderLockServiceImpl      [0;39m [35m:62  [0;39m Unlock orders
[2025-04-06 17:00:10] [34mINFO[0;39m [36mg.service.ubs.OrderLockServiceImpl      [0;39m [35m:60  [0;39m Time: 2025-04-06T16:55:10.660197800
[2025-04-06 17:00:10] [34mINFO[0;39m [36mg.service.ubs.OrderLockServiceImpl      [0;39m [35m:62  [0;39m Unlock orders
[2025-04-06 17:00:10] [34mINFO[0;39m [36mg.service.ubs.OrderLockServiceImpl      [0;39m [35m:60  [0;39m Time: 2025-04-06T16:55:10.661198600
[2025-04-06 17:00:10] [34mINFO[0;39m [36mg.service.ubs.OrderLockServiceImpl      [0;39m [35m:62  [0;39m Unlock orders
[2025-04-06 17:00:10] [34mINFO[0;39m [36mg.service.ubs.OrderLockServiceImpl      [0;39m [35m:60  [0;39m Time: 2025-04-06T16:55:10.661198600
[2025-04-06 17:00:10] [34mINFO[0;39m [36mg.service.ubs.OrderLockServiceImpl      [0;39m [35m:62  [0;39m Unlock orders
[2025-04-06 17:00:10] [34mINFO[0;39m [36mg.service.ubs.OrderLockServiceImpl      [0;39m [35m:60  [0;39m Time: 2025-04-06T16:55:10.662199800
[2025-04-06 17:00:10] [34mINFO[0;39m [36mg.service.ubs.OrderLockServiceImpl      [0;39m [35m:62  [0;39m Unlock orders
[2025-04-06 17:00:10] [34mINFO[0;39m [36mg.service.ubs.OrderLockServiceImpl      [0;39m [35m:60  [0;39m Time: 2025-04-06T16:55:10.662199800
[2025-04-06 17:00:10] [34mINFO[0;39m [36mg.service.ubs.OrderLockServiceImpl      [0;39m [35m:62  [0;39m Unlock orders
[2025-04-06 17:00:10] [34mINFO[0;39m [36mg.service.ubs.OrderLockServiceImpl      [0;39m [35m:60  [0;39m Time: 2025-04-06T16:55:10.663200700
[2025-04-06 17:00:10] [34mINFO[0;39m [36mg.service.ubs.OrderLockServiceImpl      [0;39m [35m:62  [0;39m Unlock orders
[2025-04-06 17:00:10] [34mINFO[0;39m [36mg.service.ubs.OrderLockServiceImpl      [0;39m [35m:60  [0;39m Time: 2025-04-06T16:55:10.664197500
[2025-04-06 17:00:10] [34mINFO[0;39m [36mg.service.ubs.OrderLockServiceImpl      [0;39m [35m:62  [0;39m Unlock orders
[2025-04-06 17:00:10] [34mINFO[0;39m [36mg.service.ubs.OrderLockServiceImpl      [0;39m [35m:60  [0;39m Time: 2025-04-06T16:55:10.664197500
[2025-04-06 17:00:10] [34mINFO[0;39m [36mg.service.ubs.OrderLockServiceImpl      [0;39m [35m:62  [0;39m Unlock orders
[2025-04-06 17:00:10] [34mINFO[0;39m [36mg.service.ubs.OrderLockServiceImpl      [0;39m [35m:60  [0;39m Time: 2025-04-06T16:55:10.665199900
[2025-04-06 17:00:10] [34mINFO[0;39m [36mg.service.ubs.OrderLockServiceImpl      [0;39m [35m:62  [0;39m Unlock orders
[2025-04-06 17:00:10] [34mINFO[0;39m [36mg.service.ubs.OrderLockServiceImpl      [0;39m [35m:60  [0;39m Time: 2025-04-06T16:55:10.666199200
[2025-04-06 17:00:10] [34mINFO[0;39m [36mg.service.ubs.OrderLockServiceImpl      [0;39m [35m:62  [0;39m Unlock orders
[2025-04-06 17:00:10] [34mINFO[0;39m [36mg.service.ubs.OrderLockServiceImpl      [0;39m [35m:60  [0;39m Time: 2025-04-06T16:55:10.666199200
[2025-04-06 17:00:10] [34mINFO[0;39m [36mg.service.ubs.OrderLockServiceImpl      [0;39m [35m:62  [0;39m Unlock orders
[2025-04-06 17:00:10] [34mINFO[0;39m [36mg.service.ubs.OrderLockServiceImpl      [0;39m [35m:60  [0;39m Time: 2025-04-06T16:55:10.667199100
[2025-04-06 17:00:10] [34mINFO[0;39m [36mg.service.ubs.OrderLockServiceImpl      [0;39m [35m:62  [0;39m Unlock orders
[2025-04-06 17:00:10] [34mINFO[0;39m [36mg.service.ubs.OrderLockServiceImpl      [0;39m [35m:60  [0;39m Time: 2025-04-06T16:55:10.667199100
[2025-04-06 17:00:10] [34mINFO[0;39m [36mg.service.ubs.OrderLockServiceImpl      [0;39m [35m:62  [0;39m Unlock orders
[2025-04-06 17:00:10] [34mINFO[0;39m [36mg.service.ubs.OrderLockServiceImpl      [0;39m [35m:60  [0;39m Time: 2025-04-06T16:55:10.668195700
[2025-04-06 17:00:10] [34mINFO[0;39m [36mg.service.ubs.OrderLockServiceImpl      [0;39m [35m:62  [0;39m Unlock orders
[2025-04-06 17:00:10] [34mINFO[0;39m [36mg.service.ubs.OrderLockServiceImpl      [0;39m [35m:60  [0;39m Time: 2025-04-06T16:55:10.668195700
[2025-04-06 17:00:10] [34mINFO[0;39m [36mg.service.ubs.OrderLockServiceImpl      [0;39m [35m:62  [0;39m Unlock orders
[2025-04-06 17:00:10] [34mINFO[0;39m [36mg.service.ubs.OrderLockServiceImpl      [0;39m [35m:60  [0;39m Time: 2025-04-06T16:55:10.669196700
[2025-04-06 17:00:10] [34mINFO[0;39m [36mg.service.ubs.OrderLockServiceImpl      [0;39m [35m:62  [0;39m Unlock orders
[2025-04-06 17:00:10] [34mINFO[0;39m [36mg.service.ubs.OrderLockServiceImpl      [0;39m [35m:60  [0;39m Time: 2025-04-06T16:55:10.669196700
[2025-04-06 17:00:10] [34mINFO[0;39m [36mg.service.ubs.OrderLockServiceImpl      [0;39m [35m:62  [0;39m Unlock orders
[2025-04-06 17:00:10] [34mINFO[0;39m [36mg.service.ubs.OrderLockServiceImpl      [0;39m [35m:60  [0;39m Time: 2025-04-06T16:55:10.670199400
[2025-04-06 17:00:10] [34mINFO[0;39m [36mg.service.ubs.OrderLockServiceImpl      [0;39m [35m:62  [0;39m Unlock orders
[2025-04-06 17:00:10] [34mINFO[0;39m [36mg.service.ubs.OrderLockServiceImpl      [0;39m [35m:60  [0;39m Time: 2025-04-06T16:55:10.671200100
[2025-04-06 17:00:10] [34mINFO[0;39m [36mg.service.ubs.OrderLockServiceImpl      [0;39m [35m:62  [0;39m Unlock orders
[2025-04-06 17:00:10] [34mINFO[0;39m [36mg.service.ubs.OrderLockServiceImpl      [0;39m [35m:60  [0;39m Time: 2025-04-06T16:55:10.671200100
[2025-04-06 17:00:10] [34mINFO[0;39m [36mg.service.ubs.OrderLockServiceImpl      [0;39m [35m:62  [0;39m Unlock orders
[2025-04-06 17:00:10] [34mINFO[0;39m [36mg.service.ubs.OrderLockServiceImpl      [0;39m [35m:60  [0;39m Time: 2025-04-06T16:55:10.672198500
[2025-04-06 17:00:10] [34mINFO[0;39m [36mg.service.ubs.OrderLockServiceImpl      [0;39m [35m:62  [0;39m Unlock orders
[2025-04-06 17:00:10] [34mINFO[0;39m [36mg.service.ubs.OrderLockServiceImpl      [0;39m [35m:60  [0;39m Time: 2025-04-06T16:55:10.672198500
[2025-04-06 17:00:10] [34mINFO[0;39m [36mg.service.ubs.OrderLockServiceImpl      [0;39m [35m:62  [0;39m Unlock orders
[2025-04-06 17:00:10] [34mINFO[0;39m [36mg.service.ubs.OrderLockServiceImpl      [0;39m [35m:60  [0;39m Time: 2025-04-06T16:55:10.673198700
[2025-04-06 17:00:10] [34mINFO[0;39m [36mg.service.ubs.OrderLockServiceImpl      [0;39m [35m:62  [0;39m Unlock orders
[2025-04-06 17:00:10] [34mINFO[0;39m [36mg.service.ubs.OrderLockServiceImpl      [0;39m [35m:60  [0;39m Time: 2025-04-06T16:55:10.673198700
[2025-04-06 17:00:10] [34mINFO[0;39m [36mg.service.ubs.OrderLockServiceImpl      [0;39m [35m:62  [0;39m Unlock orders
[2025-04-06 17:00:10] [34mINFO[0;39m [36mg.service.ubs.OrderLockServiceImpl      [0;39m [35m:60  [0;39m Time: 2025-04-06T16:55:10.674198300
[2025-04-06 17:00:10] [34mINFO[0;39m [36mg.service.ubs.OrderLockServiceImpl      [0;39m [35m:62  [0;39m Unlock orders
[2025-04-06 17:00:10] [34mINFO[0;39m [36mg.service.ubs.OrderLockServiceImpl      [0;39m [35m:60  [0;39m Time: 2025-04-06T16:55:10.674198300
[2025-04-06 17:00:10] [34mINFO[0;39m [36mg.service.ubs.OrderLockServiceImpl      [0;39m [35m:62  [0;39m Unlock orders
[2025-04-06 17:00:10] [34mINFO[0;39m [36mg.service.ubs.OrderLockServiceImpl      [0;39m [35m:60  [0;39m Time: 2025-04-06T16:55:10.675199600
[2025-04-06 17:00:10] [34mINFO[0;39m [36mg.service.ubs.OrderLockServiceImpl      [0;39m [35m:62  [0;39m Unlock orders
[2025-04-06 17:00:10] [34mINFO[0;39m [36mg.service.ubs.OrderLockServiceImpl      [0;39m [35m:60  [0;39m Time: 2025-04-06T16:55:10.675199600
[2025-04-06 17:00:10] [34mINFO[0;39m [36mg.service.ubs.OrderLockServiceImpl      [0;39m [35m:62  [0;39m Unlock orders
[2025-04-06 17:00:10] [34mINFO[0;39m [36mg.service.ubs.OrderLockServiceImpl      [0;39m [35m:60  [0;39m Time: 2025-04-06T16:55:10.676198200
[2025-04-06 17:00:10] [34mINFO[0;39m [36mg.service.ubs.OrderLockServiceImpl      [0;39m [35m:62  [0;39m Unlock orders
[2025-04-06 17:00:10] [34mINFO[0;39m [36mg.service.ubs.OrderLockServiceImpl      [0;39m [35m:60  [0;39m Time: 2025-04-06T16:55:10.676198200
[2025-04-06 17:00:10] [34mINFO[0;39m [36mg.service.ubs.OrderLockServiceImpl      [0;39m [35m:62  [0;39m Unlock orders
[2025-04-06 17:00:10] [34mINFO[0;39m [36mg.service.ubs.OrderLockServiceImpl      [0;39m [35m:60  [0;39m Time: 2025-04-06T16:55:10.677197200
[2025-04-06 17:00:10] [34mINFO[0;39m [36mg.service.ubs.OrderLockServiceImpl      [0;39m [35m:62  [0;39m Unlock orders
[2025-04-06 17:00:10] [34mINFO[0;39m [36mg.service.ubs.OrderLockServiceImpl      [0;39m [35m:60  [0;39m Time: 2025-04-06T16:55:10.677197200
[2025-04-06 17:00:10] [34mINFO[0;39m [36mg.service.ubs.OrderLockServiceImpl      [0;39m [35m:62  [0;39m Unlock orders
[2025-04-06 17:00:10] [34mINFO[0;39m [36mg.service.ubs.OrderLockServiceImpl      [0;39m [35m:60  [0;39m Time: 2025-04-06T16:55:10.678197800
[2025-04-06 17:00:10] [34mINFO[0;39m [36mg.service.ubs.OrderLockServiceImpl      [0;39m [35m:62  [0;39m Unlock orders
[2025-04-06 17:00:10] [34mINFO[0;39m [36mg.service.ubs.OrderLockServiceImpl      [0;39m [35m:60  [0;39m Time: 2025-04-06T16:55:10.678197800
[2025-04-06 17:00:10] [34mINFO[0;39m [36mg.service.ubs.OrderLockServiceImpl      [0;39m [35m:62  [0;39m Unlock orders
[2025-04-06 17:00:10] [34mINFO[0;39m [36mg.service.ubs.OrderLockServiceImpl      [0;39m [35m:60  [0;39m Time: 2025-04-06T16:55:10.679195100
[2025-04-06 17:00:10] [34mINFO[0;39m [36mg.service.ubs.OrderLockServiceImpl      [0;39m [35m:62  [0;39m Unlock orders
[2025-04-06 17:00:10] [34mINFO[0;39m [36mg.service.ubs.OrderLockServiceImpl      [0;39m [35m:60  [0;39m Time: 2025-04-06T16:55:10.680198500
[2025-04-06 17:00:10] [34mINFO[0;39m [36mg.service.ubs.OrderLockServiceImpl      [0;39m [35m:62  [0;39m Unlock orders
[2025-04-06 17:00:10] [34mINFO[0;39m [36mg.service.ubs.OrderLockServiceImpl      [0;39m [35m:60  [0;39m Time: 2025-04-06T16:55:10.681199600
[2025-04-06 17:00:10] [34mINFO[0;39m [36mg.service.ubs.OrderLockServiceImpl      [0;39m [35m:62  [0;39m Unlock orders
[2025-04-06 17:00:10] [34mINFO[0;39m [36mg.service.ubs.OrderLockServiceImpl      [0;39m [35m:60  [0;39m Time: 2025-04-06T16:55:10.681199600
[2025-04-06 17:00:10] [34mINFO[0;39m [36mg.service.ubs.OrderLockServiceImpl      [0;39m [35m:62  [0;39m Unlock orders
[2025-04-06 17:00:10] [34mINFO[0;39m [36mg.service.ubs.OrderLockServiceImpl      [0;39m [35m:60  [0;39m Time: 2025-04-06T16:55:10.682199400
[2025-04-06 17:00:10] [34mINFO[0;39m [36mg.service.ubs.OrderLockServiceImpl      [0;39m [35m:62  [0;39m Unlock orders
[2025-04-06 17:00:10] [34mINFO[0;39m [36mg.service.ubs.OrderLockServiceImpl      [0;39m [35m:60  [0;39m Time: 2025-04-06T16:55:10.682199400
[2025-04-06 17:00:10] [34mINFO[0;39m [36mg.service.ubs.OrderLockServiceImpl      [0;39m [35m:62  [0;39m Unlock orders
[2025-04-06 17:00:10] [34mINFO[0;39m [36mg.service.ubs.OrderLockServiceImpl      [0;39m [35m:60  [0;39m Time: 2025-04-06T16:55:10.683199900
[2025-04-06 17:00:10] [34mINFO[0;39m [36mg.service.ubs.OrderLockServiceImpl      [0;39m [35m:62  [0;39m Unlock orders
[2025-04-06 17:00:10] [34mINFO[0;39m [36mg.service.ubs.OrderLockServiceImpl      [0;39m [35m:60  [0;39m Time: 2025-04-06T16:55:10.683199900
[2025-04-06 17:00:10] [34mINFO[0;39m [36mg.service.ubs.OrderLockServiceImpl      [0;39m [35m:62  [0;39m Unlock orders
[2025-04-06 17:00:10] [34mINFO[0;39m [36mg.service.ubs.OrderLockServiceImpl      [0;39m [35m:60  [0;39m Time: 2025-04-06T16:55:10.684200400
[2025-04-06 17:00:10] [34mINFO[0;39m [36mg.service.ubs.OrderLockServiceImpl      [0;39m [35m:62  [0;39m Unlock orders
[2025-04-06 17:00:10] [34mINFO[0;39m [36mg.service.ubs.OrderLockServiceImpl      [0;39m [35m:60  [0;39m Time: 2025-04-06T16:55:10.684200400
[2025-04-06 17:00:10] [34mINFO[0;39m [36mg.service.ubs.OrderLockServiceImpl      [0;39m [35m:62  [0;39m Unlock orders
[2025-04-06 17:00:10] [34mINFO[0;39m [36mg.service.ubs.OrderLockServiceImpl      [0;39m [35m:60  [0;39m Time: 2025-04-06T16:55:10.685200800
[2025-04-06 17:00:10] [34mINFO[0;39m [36mg.service.ubs.OrderLockServiceImpl      [0;39m [35m:62  [0;39m Unlock orders
[2025-04-06 17:00:10] [34mINFO[0;39m [36mg.service.ubs.OrderLockServiceImpl      [0;39m [35m:60  [0;39m Time: 2025-04-06T16:55:10.685200800
[2025-04-06 17:00:10] [34mINFO[0;39m [36mg.service.ubs.OrderLockServiceImpl      [0;39m [35m:62  [0;39m Unlock orders
[2025-04-06 17:00:10] [34mINFO[0;39m [36mg.service.ubs.OrderLockServiceImpl      [0;39m [35m:60  [0;39m Time: 2025-04-06T16:55:10.686199500
[2025-04-06 17:00:10] [34mINFO[0;39m [36mg.service.ubs.OrderLockServiceImpl      [0;39m [35m:62  [0;39m Unlock orders
[2025-04-06 17:00:10] [34mINFO[0;39m [36mg.service.ubs.OrderLockServiceImpl      [0;39m [35m:60  [0;39m Time: 2025-04-06T16:55:10.686199500
[2025-04-06 17:00:10] [34mINFO[0;39m [36mg.service.ubs.OrderLockServiceImpl      [0;39m [35m:62  [0;39m Unlock orders
[2025-04-06 17:00:10] [34mINFO[0;39m [36mg.service.ubs.OrderLockServiceImpl      [0;39m [35m:60  [0;39m Time: 2025-04-06T16:55:10.687199900
[2025-04-06 17:00:10] [34mINFO[0;39m [36mg.service.ubs.OrderLockServiceImpl      [0;39m [35m:62  [0;39m Unlock orders
[2025-04-06 17:00:10] [34mINFO[0;39m [36mg.service.ubs.OrderLockServiceImpl      [0;39m [35m:60  [0;39m Time: 2025-04-06T16:55:10.687199900
[2025-04-06 17:00:10] [34mINFO[0;39m [36mg.service.ubs.OrderLockServiceImpl      [0;39m [35m:62  [0;39m Unlock orders
[2025-04-06 17:00:10] [34mINFO[0;39m [36mg.service.ubs.OrderLockServiceImpl      [0;39m [35m:60  [0;39m Time: 2025-04-06T16:55:10.688200300
[2025-04-06 17:00:10] [34mINFO[0;39m [36mg.service.ubs.OrderLockServiceImpl      [0;39m [35m:62  [0;39m Unlock orders
[2025-04-06 17:00:15] [31mWARN[0;39m [36mcom.zaxxer.hikari.pool.HikariPool       [0;39m [35m:804 [0;39m HikariPool-1 - Thread starvation or clock leap detected (housekeeper delta=1h22m52s279ms335µs500ns).
[2025-04-06 17:00:48] [34mINFO[0;39m [36mg.service.ubs.OrderLockServiceImpl      [0;39m [35m:60  [0;39m Time: 2025-04-06T16:55:48.374618800
[2025-04-06 17:00:48] [34mINFO[0;39m [36mg.service.ubs.OrderLockServiceImpl      [0;39m [35m:62  [0;39m Unlock orders
[2025-04-06 17:01:48] [34mINFO[0;39m [36mg.service.ubs.OrderLockServiceImpl      [0;39m [35m:60  [0;39m Time: 2025-04-06T16:56:48.376738
[2025-04-06 17:01:48] [34mINFO[0;39m [36mg.service.ubs.OrderLockServiceImpl      [0;39m [35m:62  [0;39m Unlock orders
[2025-04-06 17:02:48] [34mINFO[0;39m [36mg.service.ubs.OrderLockServiceImpl      [0;39m [35m:60  [0;39m Time: 2025-04-06T16:57:48.372918400
[2025-04-06 17:02:48] [34mINFO[0;39m [36mg.service.ubs.OrderLockServiceImpl      [0;39m [35m:62  [0;39m Unlock orders
[2025-04-06 17:03:48] [34mINFO[0;39m [36mg.service.ubs.OrderLockServiceImpl      [0;39m [35m:60  [0;39m Time: 2025-04-06T16:58:48.366976900
[2025-04-06 17:03:48] [34mINFO[0;39m [36mg.service.ubs.OrderLockServiceImpl      [0;39m [35m:62  [0;39m Unlock orders
[2025-04-06 17:04:48] [34mINFO[0;39m [36mg.service.ubs.OrderLockServiceImpl      [0;39m [35m:60  [0;39m Time: 2025-04-06T16:59:48.372704300
[2025-04-06 17:04:48] [34mINFO[0;39m [36mg.service.ubs.OrderLockServiceImpl      [0;39m [35m:62  [0;39m Unlock orders
[2025-04-06 17:05:48] [34mINFO[0;39m [36mg.service.ubs.OrderLockServiceImpl      [0;39m [35m:60  [0;39m Time: 2025-04-06T17:00:48.373422200
[2025-04-06 17:05:48] [34mINFO[0;39m [36mg.service.ubs.OrderLockServiceImpl      [0;39m [35m:62  [0;39m Unlock orders
[2025-04-06 17:06:48] [34mINFO[0;39m [36mg.service.ubs.OrderLockServiceImpl      [0;39m [35m:60  [0;39m Time: 2025-04-06T17:01:48.377077100
[2025-04-06 17:06:48] [34mINFO[0;39m [36mg.service.ubs.OrderLockServiceImpl      [0;39m [35m:62  [0;39m Unlock orders
[2025-04-06 17:07:48] [34mINFO[0;39m [36mg.service.ubs.OrderLockServiceImpl      [0;39m [35m:60  [0;39m Time: 2025-04-06T17:02:48.379138400
[2025-04-06 17:07:48] [34mINFO[0;39m [36mg.service.ubs.OrderLockServiceImpl      [0;39m [35m:62  [0;39m Unlock orders
[2025-04-06 17:08:48] [34mINFO[0;39m [36mg.service.ubs.OrderLockServiceImpl      [0;39m [35m:60  [0;39m Time: 2025-04-06T17:03:48.368034200
[2025-04-06 17:08:48] [34mINFO[0;39m [36mg.service.ubs.OrderLockServiceImpl      [0;39m [35m:62  [0;39m Unlock orders
[2025-04-06 17:09:48] [34mINFO[0;39m [36mg.service.ubs.OrderLockServiceImpl      [0;39m [35m:60  [0;39m Time: 2025-04-06T17:04:48.375784500
[2025-04-06 17:09:48] [34mINFO[0;39m [36mg.service.ubs.OrderLockServiceImpl      [0;39m [35m:62  [0;39m Unlock orders
[2025-04-06 17:10:48] [34mINFO[0;39m [36mg.service.ubs.OrderLockServiceImpl      [0;39m [35m:60  [0;39m Time: 2025-04-06T17:05:48.376548500
[2025-04-06 17:10:48] [34mINFO[0;39m [36mg.service.ubs.OrderLockServiceImpl      [0;39m [35m:62  [0;39m Unlock orders
[2025-04-06 17:11:48] [34mINFO[0;39m [36mg.service.ubs.OrderLockServiceImpl      [0;39m [35m:60  [0;39m Time: 2025-04-06T17:06:48.366770500
[2025-04-06 17:11:48] [34mINFO[0;39m [36mg.service.ubs.OrderLockServiceImpl      [0;39m [35m:62  [0;39m Unlock orders
[2025-04-06 17:12:48] [34mINFO[0;39m [36mg.service.ubs.OrderLockServiceImpl      [0;39m [35m:60  [0;39m Time: 2025-04-06T17:07:48.374117800
[2025-04-06 17:12:48] [34mINFO[0;39m [36mg.service.ubs.OrderLockServiceImpl      [0;39m [35m:62  [0;39m Unlock orders
[2025-04-06 17:13:48] [34mINFO[0;39m [36mg.service.ubs.OrderLockServiceImpl      [0;39m [35m:60  [0;39m Time: 2025-04-06T17:08:48.377986600
[2025-04-06 17:13:48] [34mINFO[0;39m [36mg.service.ubs.OrderLockServiceImpl      [0;39m [35m:62  [0;39m Unlock orders
[2025-04-06 17:14:48] [34mINFO[0;39m [36mg.service.ubs.OrderLockServiceImpl      [0;39m [35m:60  [0;39m Time: 2025-04-06T17:09:48.373103400
[2025-04-06 17:14:48] [34mINFO[0;39m [36mg.service.ubs.OrderLockServiceImpl      [0;39m [35m:62  [0;39m Unlock orders
[2025-04-06 17:15:48] [34mINFO[0;39m [36mg.service.ubs.OrderLockServiceImpl      [0;39m [35m:60  [0;39m Time: 2025-04-06T17:10:48.370675600
[2025-04-06 17:15:48] [34mINFO[0;39m [36mg.service.ubs.OrderLockServiceImpl      [0;39m [35m:62  [0;39m Unlock orders
[2025-04-06 17:16:48] [34mINFO[0;39m [36mg.service.ubs.OrderLockServiceImpl      [0;39m [35m:60  [0;39m Time: 2025-04-06T17:11:48.368417100
[2025-04-06 17:16:48] [34mINFO[0;39m [36mg.service.ubs.OrderLockServiceImpl      [0;39m [35m:62  [0;39m Unlock orders
[2025-04-06 17:17:48] [34mINFO[0;39m [36mg.service.ubs.OrderLockServiceImpl      [0;39m [35m:60  [0;39m Time: 2025-04-06T17:12:48.371958100
[2025-04-06 17:17:48] [34mINFO[0;39m [36mg.service.ubs.OrderLockServiceImpl      [0;39m [35m:62  [0;39m Unlock orders
[2025-04-06 17:18:48] [34mINFO[0;39m [36mg.service.ubs.OrderLockServiceImpl      [0;39m [35m:60  [0;39m Time: 2025-04-06T17:13:48.369785300
[2025-04-06 17:18:48] [34mINFO[0;39m [36mg.service.ubs.OrderLockServiceImpl      [0;39m [35m:62  [0;39m Unlock orders
[2025-04-06 17:19:48] [34mINFO[0;39m [36mg.service.ubs.OrderLockServiceImpl      [0;39m [35m:60  [0;39m Time: 2025-04-06T17:14:48.371617500
[2025-04-06 17:19:48] [34mINFO[0;39m [36mg.service.ubs.OrderLockServiceImpl      [0;39m [35m:62  [0;39m Unlock orders
[2025-04-06 17:20:48] [34mINFO[0;39m [36mg.service.ubs.OrderLockServiceImpl      [0;39m [35m:60  [0;39m Time: 2025-04-06T17:15:48.378175500
[2025-04-06 17:20:48] [34mINFO[0;39m [36mg.service.ubs.OrderLockServiceImpl      [0;39m [35m:62  [0;39m Unlock orders
[2025-04-06 17:21:48] [34mINFO[0;39m [36mg.service.ubs.OrderLockServiceImpl      [0;39m [35m:60  [0;39m Time: 2025-04-06T17:16:48.369143700
[2025-04-06 17:21:48] [34mINFO[0;39m [36mg.service.ubs.OrderLockServiceImpl      [0;39m [35m:62  [0;39m Unlock orders
[2025-04-06 17:22:48] [34mINFO[0;39m [36mg.service.ubs.OrderLockServiceImpl      [0;39m [35m:60  [0;39m Time: 2025-04-06T17:17:48.367482400
[2025-04-06 17:22:48] [34mINFO[0;39m [36mg.service.ubs.OrderLockServiceImpl      [0;39m [35m:62  [0;39m Unlock orders
[2025-04-06 17:23:48] [34mINFO[0;39m [36mg.service.ubs.OrderLockServiceImpl      [0;39m [35m:60  [0;39m Time: 2025-04-06T17:18:48.374247100
[2025-04-06 17:23:48] [34mINFO[0;39m [36mg.service.ubs.OrderLockServiceImpl      [0;39m [35m:62  [0;39m Unlock orders
[2025-04-06 17:24:48] [34mINFO[0;39m [36mg.service.ubs.OrderLockServiceImpl      [0;39m [35m:60  [0;39m Time: 2025-04-06T17:19:48.377001100
[2025-04-06 17:24:48] [34mINFO[0;39m [36mg.service.ubs.OrderLockServiceImpl      [0;39m [35m:62  [0;39m Unlock orders
[2025-04-06 17:25:48] [34mINFO[0;39m [36mg.service.ubs.OrderLockServiceImpl      [0;39m [35m:60  [0;39m Time: 2025-04-06T17:20:48.369376900
[2025-04-06 17:25:48] [34mINFO[0;39m [36mg.service.ubs.OrderLockServiceImpl      [0;39m [35m:62  [0;39m Unlock orders
[2025-04-06 17:26:48] [34mINFO[0;39m [36mg.service.ubs.OrderLockServiceImpl      [0;39m [35m:60  [0;39m Time: 2025-04-06T17:21:48.375089400
[2025-04-06 17:26:48] [34mINFO[0;39m [36mg.service.ubs.OrderLockServiceImpl      [0;39m [35m:62  [0;39m Unlock orders
[2025-04-06 17:27:48] [34mINFO[0;39m [36mg.service.ubs.OrderLockServiceImpl      [0;39m [35m:60  [0;39m Time: 2025-04-06T17:22:48.376879900
[2025-04-06 17:27:48] [34mINFO[0;39m [36mg.service.ubs.OrderLockServiceImpl      [0;39m [35m:62  [0;39m Unlock orders
[2025-04-06 17:28:48] [34mINFO[0;39m [36mg.service.ubs.OrderLockServiceImpl      [0;39m [35m:60  [0;39m Time: 2025-04-06T17:23:48.377802600
[2025-04-06 17:28:48] [34mINFO[0;39m [36mg.service.ubs.OrderLockServiceImpl      [0;39m [35m:62  [0;39m Unlock orders
[2025-04-06 17:29:48] [34mINFO[0;39m [36mg.service.ubs.OrderLockServiceImpl      [0;39m [35m:60  [0;39m Time: 2025-04-06T17:24:48.377799600
[2025-04-06 17:29:48] [34mINFO[0;39m [36mg.service.ubs.OrderLockServiceImpl      [0;39m [35m:62  [0;39m Unlock orders
[2025-04-06 17:30:48] [34mINFO[0;39m [36mg.service.ubs.OrderLockServiceImpl      [0;39m [35m:60  [0;39m Time: 2025-04-06T17:25:48.377146900
[2025-04-06 17:30:48] [34mINFO[0;39m [36mg.service.ubs.OrderLockServiceImpl      [0;39m [35m:62  [0;39m Unlock orders
[2025-04-06 17:31:48] [34mINFO[0;39m [36mg.service.ubs.OrderLockServiceImpl      [0;39m [35m:60  [0;39m Time: 2025-04-06T17:26:48.379220600
[2025-04-06 17:31:48] [34mINFO[0;39m [36mg.service.ubs.OrderLockServiceImpl      [0;39m [35m:62  [0;39m Unlock orders
[2025-04-06 17:32:48] [34mINFO[0;39m [36mg.service.ubs.OrderLockServiceImpl      [0;39m [35m:60  [0;39m Time: 2025-04-06T17:27:48.375387600
[2025-04-06 17:32:48] [34mINFO[0;39m [36mg.service.ubs.OrderLockServiceImpl      [0;39m [35m:62  [0;39m Unlock orders
[2025-04-06 17:33:48] [34mINFO[0;39m [36mg.service.ubs.OrderLockServiceImpl      [0;39m [35m:60  [0;39m Time: 2025-04-06T17:28:48.370919200
[2025-04-06 17:33:48] [34mINFO[0;39m [36mg.service.ubs.OrderLockServiceImpl      [0;39m [35m:62  [0;39m Unlock orders
[2025-04-06 17:34:48] [34mINFO[0;39m [36mg.service.ubs.OrderLockServiceImpl      [0;39m [35m:60  [0;39m Time: 2025-04-06T17:29:48.380555200
[2025-04-06 17:34:48] [34mINFO[0;39m [36mg.service.ubs.OrderLockServiceImpl      [0;39m [35m:62  [0;39m Unlock orders
[2025-04-06 17:35:48] [34mINFO[0;39m [36mg.service.ubs.OrderLockServiceImpl      [0;39m [35m:60  [0;39m Time: 2025-04-06T17:30:48.377785
[2025-04-06 17:35:48] [34mINFO[0;39m [36mg.service.ubs.OrderLockServiceImpl      [0;39m [35m:62  [0;39m Unlock orders
[2025-04-06 17:36:48] [34mINFO[0;39m [36mg.service.ubs.OrderLockServiceImpl      [0;39m [35m:60  [0;39m Time: 2025-04-06T17:31:48.374786700
[2025-04-06 17:36:48] [34mINFO[0;39m [36mg.service.ubs.OrderLockServiceImpl      [0;39m [35m:62  [0;39m Unlock orders
[2025-04-06 17:37:48] [34mINFO[0;39m [36mg.service.ubs.OrderLockServiceImpl      [0;39m [35m:60  [0;39m Time: 2025-04-06T17:32:48.365646500
[2025-04-06 17:37:48] [34mINFO[0;39m [36mg.service.ubs.OrderLockServiceImpl      [0;39m [35m:62  [0;39m Unlock orders
[2025-04-06 17:38:48] [34mINFO[0;39m [36mg.service.ubs.OrderLockServiceImpl      [0;39m [35m:60  [0;39m Time: 2025-04-06T17:33:48.373371900
[2025-04-06 17:38:48] [34mINFO[0;39m [36mg.service.ubs.OrderLockServiceImpl      [0;39m [35m:62  [0;39m Unlock orders
[2025-04-06 17:39:48] [34mINFO[0;39m [36mg.service.ubs.OrderLockServiceImpl      [0;39m [35m:60  [0;39m Time: 2025-04-06T17:34:48.373643300
[2025-04-06 17:39:48] [34mINFO[0;39m [36mg.service.ubs.OrderLockServiceImpl      [0;39m [35m:62  [0;39m Unlock orders
[2025-04-06 17:40:48] [34mINFO[0;39m [36mg.service.ubs.OrderLockServiceImpl      [0;39m [35m:60  [0;39m Time: 2025-04-06T17:35:48.363969
[2025-04-06 17:40:48] [34mINFO[0;39m [36mg.service.ubs.OrderLockServiceImpl      [0;39m [35m:62  [0;39m Unlock orders
[2025-04-06 17:41:48] [34mINFO[0;39m [36mg.service.ubs.OrderLockServiceImpl      [0;39m [35m:60  [0;39m Time: 2025-04-06T17:36:48.379905900
[2025-04-06 17:41:48] [34mINFO[0;39m [36mg.service.ubs.OrderLockServiceImpl      [0;39m [35m:62  [0;39m Unlock orders
[2025-04-06 17:42:48] [34mINFO[0;39m [36mg.service.ubs.OrderLockServiceImpl      [0;39m [35m:60  [0;39m Time: 2025-04-06T17:37:48.377294400
[2025-04-06 17:42:48] [34mINFO[0;39m [36mg.service.ubs.OrderLockServiceImpl      [0;39m [35m:62  [0;39m Unlock orders
[2025-04-06 17:43:48] [34mINFO[0;39m [36mg.service.ubs.OrderLockServiceImpl      [0;39m [35m:60  [0;39m Time: 2025-04-06T17:38:48.367794
[2025-04-06 17:43:48] [34mINFO[0;39m [36mg.service.ubs.OrderLockServiceImpl      [0;39m [35m:62  [0;39m Unlock orders
[2025-04-06 17:44:48] [34mINFO[0;39m [36mg.service.ubs.OrderLockServiceImpl      [0;39m [35m:60  [0;39m Time: 2025-04-06T17:39:48.376808300
[2025-04-06 17:44:48] [34mINFO[0;39m [36mg.service.ubs.OrderLockServiceImpl      [0;39m [35m:62  [0;39m Unlock orders
[2025-04-06 17:45:48] [34mINFO[0;39m [36mg.service.ubs.OrderLockServiceImpl      [0;39m [35m:60  [0;39m Time: 2025-04-06T17:40:48.377624800
[2025-04-06 17:45:48] [34mINFO[0;39m [36mg.service.ubs.OrderLockServiceImpl      [0;39m [35m:62  [0;39m Unlock orders
[2025-04-06 17:46:48] [34mINFO[0;39m [36mg.service.ubs.OrderLockServiceImpl      [0;39m [35m:60  [0;39m Time: 2025-04-06T17:41:48.367101300
[2025-04-06 17:46:48] [34mINFO[0;39m [36mg.service.ubs.OrderLockServiceImpl      [0;39m [35m:62  [0;39m Unlock orders
[2025-04-06 17:47:48] [34mINFO[0;39m [36mg.service.ubs.OrderLockServiceImpl      [0;39m [35m:60  [0;39m Time: 2025-04-06T17:42:48.376493700
[2025-04-06 17:47:48] [34mINFO[0;39m [36mg.service.ubs.OrderLockServiceImpl      [0;39m [35m:62  [0;39m Unlock orders
[2025-04-06 17:48:48] [34mINFO[0;39m [36mg.service.ubs.OrderLockServiceImpl      [0;39m [35m:60  [0;39m Time: 2025-04-06T17:43:48.364289700
[2025-04-06 17:48:48] [34mINFO[0;39m [36mg.service.ubs.OrderLockServiceImpl      [0;39m [35m:62  [0;39m Unlock orders
[2025-04-06 17:49:48] [34mINFO[0;39m [36mg.service.ubs.OrderLockServiceImpl      [0;39m [35m:60  [0;39m Time: 2025-04-06T17:44:48.372868400
[2025-04-06 17:49:48] [34mINFO[0;39m [36mg.service.ubs.OrderLockServiceImpl      [0;39m [35m:62  [0;39m Unlock orders
[2025-04-06 17:50:48] [34mINFO[0;39m [36mg.service.ubs.OrderLockServiceImpl      [0;39m [35m:60  [0;39m Time: 2025-04-06T17:45:48.365962
[2025-04-06 17:50:48] [34mINFO[0;39m [36mg.service.ubs.OrderLockServiceImpl      [0;39m [35m:62  [0;39m Unlock orders
[2025-04-06 17:51:48] [34mINFO[0;39m [36mg.service.ubs.OrderLockServiceImpl      [0;39m [35m:60  [0;39m Time: 2025-04-06T17:46:48.371369100
[2025-04-06 17:51:48] [34mINFO[0;39m [36mg.service.ubs.OrderLockServiceImpl      [0;39m [35m:62  [0;39m Unlock orders
[2025-04-06 17:52:48] [34mINFO[0;39m [36mg.service.ubs.OrderLockServiceImpl      [0;39m [35m:60  [0;39m Time: 2025-04-06T17:47:48.368258
[2025-04-06 17:52:48] [34mINFO[0;39m [36mg.service.ubs.OrderLockServiceImpl      [0;39m [35m:62  [0;39m Unlock orders
[2025-04-06 17:53:48] [34mINFO[0;39m [36mg.service.ubs.OrderLockServiceImpl      [0;39m [35m:60  [0;39m Time: 2025-04-06T17:48:48.376954900
[2025-04-06 17:53:48] [34mINFO[0;39m [36mg.service.ubs.OrderLockServiceImpl      [0;39m [35m:62  [0;39m Unlock orders
[2025-04-06 17:54:48] [34mINFO[0;39m [36mg.service.ubs.OrderLockServiceImpl      [0;39m [35m:60  [0;39m Time: 2025-04-06T17:49:48.374658900
[2025-04-06 17:54:48] [34mINFO[0;39m [36mg.service.ubs.OrderLockServiceImpl      [0;39m [35m:62  [0;39m Unlock orders
[2025-04-06 17:55:48] [34mINFO[0;39m [36mg.service.ubs.OrderLockServiceImpl      [0;39m [35m:60  [0;39m Time: 2025-04-06T17:50:48.377191900
[2025-04-06 17:55:48] [34mINFO[0;39m [36mg.service.ubs.OrderLockServiceImpl      [0;39m [35m:62  [0;39m Unlock orders
[2025-04-06 17:56:48] [34mINFO[0;39m [36mg.service.ubs.OrderLockServiceImpl      [0;39m [35m:60  [0;39m Time: 2025-04-06T17:51:48.376394500
[2025-04-06 17:56:48] [34mINFO[0;39m [36mg.service.ubs.OrderLockServiceImpl      [0;39m [35m:62  [0;39m Unlock orders
[2025-04-06 17:57:48] [34mINFO[0;39m [36mg.service.ubs.OrderLockServiceImpl      [0;39m [35m:60  [0;39m Time: 2025-04-06T17:52:48.367767200
[2025-04-06 17:57:48] [34mINFO[0;39m [36mg.service.ubs.OrderLockServiceImpl      [0;39m [35m:62  [0;39m Unlock orders
[2025-04-06 17:58:48] [34mINFO[0;39m [36mg.service.ubs.OrderLockServiceImpl      [0;39m [35m:60  [0;39m Time: 2025-04-06T17:53:48.370407400
[2025-04-06 17:58:48] [34mINFO[0;39m [36mg.service.ubs.OrderLockServiceImpl      [0;39m [35m:62  [0;39m Unlock orders
[2025-04-06 17:59:48] [34mINFO[0;39m [36mg.service.ubs.OrderLockServiceImpl      [0;39m [35m:60  [0;39m Time: 2025-04-06T17:54:48.370025100
[2025-04-06 17:59:48] [34mINFO[0;39m [36mg.service.ubs.OrderLockServiceImpl      [0;39m [35m:62  [0;39m Unlock orders
[2025-04-06 17:59:57] [34mINFO[0;39m [36mg.s.notification.NotificationServiceImpl[0;39m [35m:731 [0;39m Found 0 inactive users for 2 months 
[2025-04-06 17:59:57] [34mINFO[0;39m [36mg.s.notification.NotificationServiceImpl[0;39m [35m:731 [0;39m Found 0 inactive users for 4 months 
[2025-04-06 17:59:57] [34mINFO[0;39m [36mg.s.notification.NotificationServiceImpl[0;39m [35m:731 [0;39m Found 0 inactive users for 6 months 
[2025-04-06 17:59:57] [34mINFO[0;39m [36mg.s.notification.NotificationServiceImpl[0;39m [35m:731 [0;39m Found 0 inactive users for 8 months 
[2025-04-06 17:59:57] [34mINFO[0;39m [36mg.s.notification.NotificationServiceImpl[0;39m [35m:731 [0;39m Found 0 inactive users for 10 months 
[2025-04-06 17:59:57] [34mINFO[0;39m [36mg.s.notification.NotificationServiceImpl[0;39m [35m:731 [0;39m Found 0 inactive users for 12 months 
[2025-04-06 18:00:48] [34mINFO[0;39m [36mg.service.ubs.OrderLockServiceImpl      [0;39m [35m:60  [0;39m Time: 2025-04-06T17:55:48.375100400
[2025-04-06 18:00:48] [34mINFO[0;39m [36mg.service.ubs.OrderLockServiceImpl      [0;39m [35m:62  [0;39m Unlock orders
[2025-04-06 18:01:48] [34mINFO[0;39m [36mg.service.ubs.OrderLockServiceImpl      [0;39m [35m:60  [0;39m Time: 2025-04-06T17:56:48.365006800
[2025-04-06 18:01:48] [34mINFO[0;39m [36mg.service.ubs.OrderLockServiceImpl      [0;39m [35m:62  [0;39m Unlock orders
[2025-04-06 18:02:48] [34mINFO[0;39m [36mg.service.ubs.OrderLockServiceImpl      [0;39m [35m:60  [0;39m Time: 2025-04-06T17:57:48.364864300
[2025-04-06 18:02:48] [34mINFO[0;39m [36mg.service.ubs.OrderLockServiceImpl      [0;39m [35m:62  [0;39m Unlock orders
[2025-04-06 18:03:48] [34mINFO[0;39m [36mg.service.ubs.OrderLockServiceImpl      [0;39m [35m:60  [0;39m Time: 2025-04-06T17:58:48.375106300
[2025-04-06 18:03:48] [34mINFO[0;39m [36mg.service.ubs.OrderLockServiceImpl      [0;39m [35m:62  [0;39m Unlock orders
[2025-04-06 18:04:48] [34mINFO[0;39m [36mg.service.ubs.OrderLockServiceImpl      [0;39m [35m:60  [0;39m Time: 2025-04-06T17:59:48.367073200
[2025-04-06 18:04:48] [34mINFO[0;39m [36mg.service.ubs.OrderLockServiceImpl      [0;39m [35m:62  [0;39m Unlock orders
[2025-04-06 18:05:48] [34mINFO[0;39m [36mg.service.ubs.OrderLockServiceImpl      [0;39m [35m:60  [0;39m Time: 2025-04-06T18:00:48.364977
[2025-04-06 18:05:48] [34mINFO[0;39m [36mg.service.ubs.OrderLockServiceImpl      [0;39m [35m:62  [0;39m Unlock orders
[2025-04-06 18:06:48] [34mINFO[0;39m [36mg.service.ubs.OrderLockServiceImpl      [0;39m [35m:60  [0;39m Time: 2025-04-06T18:01:48.369629900
[2025-04-06 18:06:48] [34mINFO[0;39m [36mg.service.ubs.OrderLockServiceImpl      [0;39m [35m:62  [0;39m Unlock orders
[2025-04-06 18:07:48] [34mINFO[0;39m [36mg.service.ubs.OrderLockServiceImpl      [0;39m [35m:60  [0;39m Time: 2025-04-06T18:02:48.365264100
[2025-04-06 18:07:48] [34mINFO[0;39m [36mg.service.ubs.OrderLockServiceImpl      [0;39m [35m:62  [0;39m Unlock orders
[2025-04-06 18:08:48] [34mINFO[0;39m [36mg.service.ubs.OrderLockServiceImpl      [0;39m [35m:60  [0;39m Time: 2025-04-06T18:03:48.372798400
[2025-04-06 18:08:48] [34mINFO[0;39m [36mg.service.ubs.OrderLockServiceImpl      [0;39m [35m:62  [0;39m Unlock orders
[2025-04-06 18:09:48] [34mINFO[0;39m [36mg.service.ubs.OrderLockServiceImpl      [0;39m [35m:60  [0;39m Time: 2025-04-06T18:04:48.374891800
[2025-04-06 18:09:48] [34mINFO[0;39m [36mg.service.ubs.OrderLockServiceImpl      [0;39m [35m:62  [0;39m Unlock orders
[2025-04-06 18:10:48] [34mINFO[0;39m [36mg.service.ubs.OrderLockServiceImpl      [0;39m [35m:60  [0;39m Time: 2025-04-06T18:05:48.365859800
[2025-04-06 18:10:48] [34mINFO[0;39m [36mg.service.ubs.OrderLockServiceImpl      [0;39m [35m:62  [0;39m Unlock orders
[2025-04-06 18:11:48] [34mINFO[0;39m [36mg.service.ubs.OrderLockServiceImpl      [0;39m [35m:60  [0;39m Time: 2025-04-06T18:06:48.367297900
[2025-04-06 18:11:48] [34mINFO[0;39m [36mg.service.ubs.OrderLockServiceImpl      [0;39m [35m:62  [0;39m Unlock orders
[2025-04-06 18:12:48] [34mINFO[0;39m [36mg.service.ubs.OrderLockServiceImpl      [0;39m [35m:60  [0;39m Time: 2025-04-06T18:07:48.373818800
[2025-04-06 18:12:48] [34mINFO[0;39m [36mg.service.ubs.OrderLockServiceImpl      [0;39m [35m:62  [0;39m Unlock orders
[2025-04-06 18:13:48] [34mINFO[0;39m [36mg.service.ubs.OrderLockServiceImpl      [0;39m [35m:60  [0;39m Time: 2025-04-06T18:08:48.369762400
[2025-04-06 18:13:48] [34mINFO[0;39m [36mg.service.ubs.OrderLockServiceImpl      [0;39m [35m:62  [0;39m Unlock orders
[2025-04-06 18:14:48] [34mINFO[0;39m [36mg.service.ubs.OrderLockServiceImpl      [0;39m [35m:60  [0;39m Time: 2025-04-06T18:09:48.370798200
[2025-04-06 18:14:48] [34mINFO[0;39m [36mg.service.ubs.OrderLockServiceImpl      [0;39m [35m:62  [0;39m Unlock orders
[2025-04-06 18:15:48] [34mINFO[0;39m [36mg.service.ubs.OrderLockServiceImpl      [0;39m [35m:60  [0;39m Time: 2025-04-06T18:10:48.378798600
[2025-04-06 18:15:48] [34mINFO[0;39m [36mg.service.ubs.OrderLockServiceImpl      [0;39m [35m:62  [0;39m Unlock orders
[2025-04-06 18:16:48] [34mINFO[0;39m [36mg.service.ubs.OrderLockServiceImpl      [0;39m [35m:60  [0;39m Time: 2025-04-06T18:11:48.363934200
[2025-04-06 18:16:48] [34mINFO[0;39m [36mg.service.ubs.OrderLockServiceImpl      [0;39m [35m:62  [0;39m Unlock orders
[2025-04-06 18:17:48] [34mINFO[0;39m [36mg.service.ubs.OrderLockServiceImpl      [0;39m [35m:60  [0;39m Time: 2025-04-06T18:12:48.365571200
[2025-04-06 18:17:48] [34mINFO[0;39m [36mg.service.ubs.OrderLockServiceImpl      [0;39m [35m:62  [0;39m Unlock orders
[2025-04-06 18:18:48] [34mINFO[0;39m [36mg.service.ubs.OrderLockServiceImpl      [0;39m [35m:60  [0;39m Time: 2025-04-06T18:13:48.376997600
[2025-04-06 18:18:48] [34mINFO[0;39m [36mg.service.ubs.OrderLockServiceImpl      [0;39m [35m:62  [0;39m Unlock orders
[2025-04-06 18:19:48] [34mINFO[0;39m [36mg.service.ubs.OrderLockServiceImpl      [0;39m [35m:60  [0;39m Time: 2025-04-06T18:14:48.376544100
[2025-04-06 18:19:48] [34mINFO[0;39m [36mg.service.ubs.OrderLockServiceImpl      [0;39m [35m:62  [0;39m Unlock orders
[2025-04-06 18:20:48] [34mINFO[0;39m [36mg.service.ubs.OrderLockServiceImpl      [0;39m [35m:60  [0;39m Time: 2025-04-06T18:15:48.369704800
[2025-04-06 18:20:48] [34mINFO[0;39m [36mg.service.ubs.OrderLockServiceImpl      [0;39m [35m:62  [0;39m Unlock orders
[2025-04-06 18:21:48] [34mINFO[0;39m [36mg.service.ubs.OrderLockServiceImpl      [0;39m [35m:60  [0;39m Time: 2025-04-06T18:16:48.375810700
[2025-04-06 18:21:48] [34mINFO[0;39m [36mg.service.ubs.OrderLockServiceImpl      [0;39m [35m:62  [0;39m Unlock orders
[2025-04-06 18:22:48] [34mINFO[0;39m [36mg.service.ubs.OrderLockServiceImpl      [0;39m [35m:60  [0;39m Time: 2025-04-06T18:17:48.372035400
[2025-04-06 18:22:48] [34mINFO[0;39m [36mg.service.ubs.OrderLockServiceImpl      [0;39m [35m:62  [0;39m Unlock orders
[2025-04-06 18:23:48] [34mINFO[0;39m [36mg.service.ubs.OrderLockServiceImpl      [0;39m [35m:60  [0;39m Time: 2025-04-06T18:18:48.375846200
[2025-04-06 18:23:48] [34mINFO[0;39m [36mg.service.ubs.OrderLockServiceImpl      [0;39m [35m:62  [0;39m Unlock orders
[2025-04-06 18:24:48] [34mINFO[0;39m [36mg.service.ubs.OrderLockServiceImpl      [0;39m [35m:60  [0;39m Time: 2025-04-06T18:19:48.377111
[2025-04-06 18:24:48] [34mINFO[0;39m [36mg.service.ubs.OrderLockServiceImpl      [0;39m [35m:62  [0;39m Unlock orders
[2025-04-06 18:25:48] [34mINFO[0;39m [36mg.service.ubs.OrderLockServiceImpl      [0;39m [35m:60  [0;39m Time: 2025-04-06T18:20:48.368957800
[2025-04-06 18:25:48] [34mINFO[0;39m [36mg.service.ubs.OrderLockServiceImpl      [0;39m [35m:62  [0;39m Unlock orders
[2025-04-06 18:26:48] [34mINFO[0;39m [36mg.service.ubs.OrderLockServiceImpl      [0;39m [35m:60  [0;39m Time: 2025-04-06T18:21:48.364638200
[2025-04-06 18:26:48] [34mINFO[0;39m [36mg.service.ubs.OrderLockServiceImpl      [0;39m [35m:62  [0;39m Unlock orders
[2025-04-06 18:27:48] [34mINFO[0;39m [36mg.service.ubs.OrderLockServiceImpl      [0;39m [35m:60  [0;39m Time: 2025-04-06T18:22:48.375628
[2025-04-06 18:27:48] [34mINFO[0;39m [36mg.service.ubs.OrderLockServiceImpl      [0;39m [35m:62  [0;39m Unlock orders
[2025-04-06 18:28:48] [34mINFO[0;39m [36mg.service.ubs.OrderLockServiceImpl      [0;39m [35m:60  [0;39m Time: 2025-04-06T18:23:48.375362100
[2025-04-06 18:28:48] [34mINFO[0;39m [36mg.service.ubs.OrderLockServiceImpl      [0;39m [35m:62  [0;39m Unlock orders
[2025-04-06 18:29:48] [34mINFO[0;39m [36mg.service.ubs.OrderLockServiceImpl      [0;39m [35m:60  [0;39m Time: 2025-04-06T18:24:48.368578300
[2025-04-06 18:29:48] [34mINFO[0;39m [36mg.service.ubs.OrderLockServiceImpl      [0;39m [35m:62  [0;39m Unlock orders
[2025-04-06 18:31:09] [31mWARN[0;39m [36mcom.zaxxer.hikari.pool.HikariPool       [0;39m [35m:804 [0;39m HikariPool-1 - Thread starvation or clock leap detected (housekeeper delta=51s902ms414µs400ns).
[2025-04-06 18:31:10] [34mINFO[0;39m [36mg.service.ubs.OrderLockServiceImpl      [0;39m [35m:60  [0;39m Time: 2025-04-06T18:26:10.257055100
[2025-04-06 18:31:10] [34mINFO[0;39m [36mg.service.ubs.OrderLockServiceImpl      [0;39m [35m:62  [0;39m Unlock orders
[2025-04-06 18:31:48] [34mINFO[0;39m [36mg.service.ubs.OrderLockServiceImpl      [0;39m [35m:60  [0;39m Time: 2025-04-06T18:26:48.369790200
[2025-04-06 18:31:48] [34mINFO[0;39m [36mg.service.ubs.OrderLockServiceImpl      [0;39m [35m:62  [0;39m Unlock orders
[2025-04-06 18:32:48] [34mINFO[0;39m [36mg.service.ubs.OrderLockServiceImpl      [0;39m [35m:60  [0;39m Time: 2025-04-06T18:27:48.377525100
[2025-04-06 18:32:48] [34mINFO[0;39m [36mg.service.ubs.OrderLockServiceImpl      [0;39m [35m:62  [0;39m Unlock orders
[2025-04-06 18:33:48] [34mINFO[0;39m [36mg.service.ubs.OrderLockServiceImpl      [0;39m [35m:60  [0;39m Time: 2025-04-06T18:28:48.371314500
[2025-04-06 18:33:48] [34mINFO[0;39m [36mg.service.ubs.OrderLockServiceImpl      [0;39m [35m:62  [0;39m Unlock orders
[2025-04-06 18:34:48] [34mINFO[0;39m [36mg.service.ubs.OrderLockServiceImpl      [0;39m [35m:60  [0;39m Time: 2025-04-06T18:29:48.371542900
[2025-04-06 18:34:48] [34mINFO[0;39m [36mg.service.ubs.OrderLockServiceImpl      [0;39m [35m:62  [0;39m Unlock orders
[2025-04-06 18:35:48] [34mINFO[0;39m [36mg.service.ubs.OrderLockServiceImpl      [0;39m [35m:60  [0;39m Time: 2025-04-06T18:30:48.373539800
[2025-04-06 18:35:48] [34mINFO[0;39m [36mg.service.ubs.OrderLockServiceImpl      [0;39m [35m:62  [0;39m Unlock orders
[2025-04-06 18:36:48] [34mINFO[0;39m [36mg.service.ubs.OrderLockServiceImpl      [0;39m [35m:60  [0;39m Time: 2025-04-06T18:31:48.368713
[2025-04-06 18:36:48] [34mINFO[0;39m [36mg.service.ubs.OrderLockServiceImpl      [0;39m [35m:62  [0;39m Unlock orders
[2025-04-06 18:37:48] [34mINFO[0;39m [36mg.service.ubs.OrderLockServiceImpl      [0;39m [35m:60  [0;39m Time: 2025-04-06T18:32:48.376037500
[2025-04-06 18:37:48] [34mINFO[0;39m [36mg.service.ubs.OrderLockServiceImpl      [0;39m [35m:62  [0;39m Unlock orders
[2025-04-06 18:38:48] [34mINFO[0;39m [36mg.service.ubs.OrderLockServiceImpl      [0;39m [35m:60  [0;39m Time: 2025-04-06T18:33:48.373402400
[2025-04-06 18:38:48] [34mINFO[0;39m [36mg.service.ubs.OrderLockServiceImpl      [0;39m [35m:62  [0;39m Unlock orders
[2025-04-06 18:39:48] [34mINFO[0;39m [36mg.service.ubs.OrderLockServiceImpl      [0;39m [35m:60  [0;39m Time: 2025-04-06T18:34:48.375690400
[2025-04-06 18:39:48] [34mINFO[0;39m [36mg.service.ubs.OrderLockServiceImpl      [0;39m [35m:62  [0;39m Unlock orders
[2025-04-06 18:40:48] [34mINFO[0;39m [36mg.service.ubs.OrderLockServiceImpl      [0;39m [35m:60  [0;39m Time: 2025-04-06T18:35:48.377812
[2025-04-06 18:40:48] [34mINFO[0;39m [36mg.service.ubs.OrderLockServiceImpl      [0;39m [35m:62  [0;39m Unlock orders
[2025-04-06 18:41:48] [34mINFO[0;39m [36mg.service.ubs.OrderLockServiceImpl      [0;39m [35m:60  [0;39m Time: 2025-04-06T18:36:48.377473500
[2025-04-06 18:41:48] [34mINFO[0;39m [36mg.service.ubs.OrderLockServiceImpl      [0;39m [35m:62  [0;39m Unlock orders
[2025-04-06 18:42:48] [34mINFO[0;39m [36mg.service.ubs.OrderLockServiceImpl      [0;39m [35m:60  [0;39m Time: 2025-04-06T18:37:48.368851300
[2025-04-06 18:42:48] [34mINFO[0;39m [36mg.service.ubs.OrderLockServiceImpl      [0;39m [35m:62  [0;39m Unlock orders
[2025-04-06 18:43:48] [34mINFO[0;39m [36mg.service.ubs.OrderLockServiceImpl      [0;39m [35m:60  [0;39m Time: 2025-04-06T18:38:48.366142900
[2025-04-06 18:43:48] [34mINFO[0;39m [36mg.service.ubs.OrderLockServiceImpl      [0;39m [35m:62  [0;39m Unlock orders
[2025-04-06 18:44:48] [34mINFO[0;39m [36mg.service.ubs.OrderLockServiceImpl      [0;39m [35m:60  [0;39m Time: 2025-04-06T18:39:48.372551
[2025-04-06 18:44:48] [34mINFO[0;39m [36mg.service.ubs.OrderLockServiceImpl      [0;39m [35m:62  [0;39m Unlock orders
[2025-04-06 18:45:48] [34mINFO[0;39m [36mg.service.ubs.OrderLockServiceImpl      [0;39m [35m:60  [0;39m Time: 2025-04-06T18:40:48.378777300
[2025-04-06 18:45:48] [34mINFO[0;39m [36mg.service.ubs.OrderLockServiceImpl      [0;39m [35m:62  [0;39m Unlock orders
[2025-04-06 18:46:48] [34mINFO[0;39m [36mg.service.ubs.OrderLockServiceImpl      [0;39m [35m:60  [0;39m Time: 2025-04-06T18:41:48.364487100
[2025-04-06 18:46:48] [34mINFO[0;39m [36mg.service.ubs.OrderLockServiceImpl      [0;39m [35m:62  [0;39m Unlock orders
[2025-04-06 18:47:48] [34mINFO[0;39m [36mg.service.ubs.OrderLockServiceImpl      [0;39m [35m:60  [0;39m Time: 2025-04-06T18:42:48.368284900
[2025-04-06 18:47:48] [34mINFO[0;39m [36mg.service.ubs.OrderLockServiceImpl      [0;39m [35m:62  [0;39m Unlock orders
[2025-04-06 18:48:48] [34mINFO[0;39m [36mg.service.ubs.OrderLockServiceImpl      [0;39m [35m:60  [0;39m Time: 2025-04-06T18:43:48.364231400
[2025-04-06 18:48:48] [34mINFO[0;39m [36mg.service.ubs.OrderLockServiceImpl      [0;39m [35m:62  [0;39m Unlock orders
[2025-04-06 18:49:48] [34mINFO[0;39m [36mg.service.ubs.OrderLockServiceImpl      [0;39m [35m:60  [0;39m Time: 2025-04-06T18:44:48.366439700
[2025-04-06 18:49:48] [34mINFO[0;39m [36mg.service.ubs.OrderLockServiceImpl      [0;39m [35m:62  [0;39m Unlock orders
[2025-04-06 18:50:48] [34mINFO[0;39m [36mg.service.ubs.OrderLockServiceImpl      [0;39m [35m:60  [0;39m Time: 2025-04-06T18:45:48.364475500
[2025-04-06 18:50:48] [34mINFO[0;39m [36mg.service.ubs.OrderLockServiceImpl      [0;39m [35m:62  [0;39m Unlock orders
[2025-04-06 18:51:48] [34mINFO[0;39m [36mg.service.ubs.OrderLockServiceImpl      [0;39m [35m:60  [0;39m Time: 2025-04-06T18:46:48.368231300
[2025-04-06 18:51:48] [34mINFO[0;39m [36mg.service.ubs.OrderLockServiceImpl      [0;39m [35m:62  [0;39m Unlock orders
[2025-04-06 18:52:48] [34mINFO[0;39m [36mg.service.ubs.OrderLockServiceImpl      [0;39m [35m:60  [0;39m Time: 2025-04-06T18:47:48.376184
[2025-04-06 18:52:48] [34mINFO[0;39m [36mg.service.ubs.OrderLockServiceImpl      [0;39m [35m:62  [0;39m Unlock orders
[2025-04-06 18:53:48] [34mINFO[0;39m [36mg.service.ubs.OrderLockServiceImpl      [0;39m [35m:60  [0;39m Time: 2025-04-06T18:48:48.376159900
[2025-04-06 18:53:48] [34mINFO[0;39m [36mg.service.ubs.OrderLockServiceImpl      [0;39m [35m:62  [0;39m Unlock orders
[2025-04-06 18:54:48] [34mINFO[0;39m [36mg.service.ubs.OrderLockServiceImpl      [0;39m [35m:60  [0;39m Time: 2025-04-06T18:49:48.365095200
[2025-04-06 18:54:48] [34mINFO[0;39m [36mg.service.ubs.OrderLockServiceImpl      [0;39m [35m:62  [0;39m Unlock orders
[2025-04-06 18:55:48] [34mINFO[0;39m [36mg.service.ubs.OrderLockServiceImpl      [0;39m [35m:60  [0;39m Time: 2025-04-06T18:50:48.370800
[2025-04-06 18:55:48] [34mINFO[0;39m [36mg.service.ubs.OrderLockServiceImpl      [0;39m [35m:62  [0;39m Unlock orders
[2025-04-06 18:56:48] [34mINFO[0;39m [36mg.service.ubs.OrderLockServiceImpl      [0;39m [35m:60  [0;39m Time: 2025-04-06T18:51:48.369485700
[2025-04-06 18:56:48] [34mINFO[0;39m [36mg.service.ubs.OrderLockServiceImpl      [0;39m [35m:62  [0;39m Unlock orders
[2025-04-06 18:57:48] [34mINFO[0;39m [36mg.service.ubs.OrderLockServiceImpl      [0;39m [35m:60  [0;39m Time: 2025-04-06T18:52:48.375748700
[2025-04-06 18:57:48] [34mINFO[0;39m [36mg.service.ubs.OrderLockServiceImpl      [0;39m [35m:62  [0;39m Unlock orders
[2025-04-06 18:58:48] [34mINFO[0;39m [36mg.service.ubs.OrderLockServiceImpl      [0;39m [35m:60  [0;39m Time: 2025-04-06T18:53:48.377488400
[2025-04-06 18:58:48] [34mINFO[0;39m [36mg.service.ubs.OrderLockServiceImpl      [0;39m [35m:62  [0;39m Unlock orders
[2025-04-06 18:59:48] [34mINFO[0;39m [36mg.service.ubs.OrderLockServiceImpl      [0;39m [35m:60  [0;39m Time: 2025-04-06T18:54:48.365819
[2025-04-06 18:59:48] [34mINFO[0;39m [36mg.service.ubs.OrderLockServiceImpl      [0;39m [35m:62  [0;39m Unlock orders
[2025-04-06 19:00:48] [34mINFO[0;39m [36mg.service.ubs.OrderLockServiceImpl      [0;39m [35m:60  [0;39m Time: 2025-04-06T18:55:48.364870200
[2025-04-06 19:00:48] [34mINFO[0;39m [36mg.service.ubs.OrderLockServiceImpl      [0;39m [35m:62  [0;39m Unlock orders
[2025-04-06 19:01:48] [34mINFO[0;39m [36mg.service.ubs.OrderLockServiceImpl      [0;39m [35m:60  [0;39m Time: 2025-04-06T18:56:48.378426500
[2025-04-06 19:01:48] [34mINFO[0;39m [36mg.service.ubs.OrderLockServiceImpl      [0;39m [35m:62  [0;39m Unlock orders
[2025-04-06 19:02:48] [34mINFO[0;39m [36mg.service.ubs.OrderLockServiceImpl      [0;39m [35m:60  [0;39m Time: 2025-04-06T18:57:48.378048200
[2025-04-06 19:02:48] [34mINFO[0;39m [36mg.service.ubs.OrderLockServiceImpl      [0;39m [35m:62  [0;39m Unlock orders
[2025-04-06 19:03:48] [34mINFO[0;39m [36mg.service.ubs.OrderLockServiceImpl      [0;39m [35m:60  [0;39m Time: 2025-04-06T18:58:48.367153900
[2025-04-06 19:03:48] [34mINFO[0;39m [36mg.service.ubs.OrderLockServiceImpl      [0;39m [35m:62  [0;39m Unlock orders
[2025-04-06 19:04:48] [34mINFO[0;39m [36mg.service.ubs.OrderLockServiceImpl      [0;39m [35m:60  [0;39m Time: 2025-04-06T18:59:48.363963800
[2025-04-06 19:04:48] [34mINFO[0;39m [36mg.service.ubs.OrderLockServiceImpl      [0;39m [35m:62  [0;39m Unlock orders
[2025-04-06 19:05:48] [34mINFO[0;39m [36mg.service.ubs.OrderLockServiceImpl      [0;39m [35m:60  [0;39m Time: 2025-04-06T19:00:48.366592600
[2025-04-06 19:05:48] [34mINFO[0;39m [36mg.service.ubs.OrderLockServiceImpl      [0;39m [35m:62  [0;39m Unlock orders
[2025-04-06 19:06:48] [34mINFO[0;39m [36mg.service.ubs.OrderLockServiceImpl      [0;39m [35m:60  [0;39m Time: 2025-04-06T19:01:48.378880700
[2025-04-06 19:06:48] [34mINFO[0;39m [36mg.service.ubs.OrderLockServiceImpl      [0;39m [35m:62  [0;39m Unlock orders
[2025-04-06 19:07:48] [34mINFO[0;39m [36mg.service.ubs.OrderLockServiceImpl      [0;39m [35m:60  [0;39m Time: 2025-04-06T19:02:48.374789
[2025-04-06 19:07:48] [34mINFO[0;39m [36mg.service.ubs.OrderLockServiceImpl      [0;39m [35m:62  [0;39m Unlock orders
[2025-04-06 19:08:48] [34mINFO[0;39m [36mg.service.ubs.OrderLockServiceImpl      [0;39m [35m:60  [0;39m Time: 2025-04-06T19:03:48.376774
[2025-04-06 19:08:48] [34mINFO[0;39m [36mg.service.ubs.OrderLockServiceImpl      [0;39m [35m:62  [0;39m Unlock orders
[2025-04-06 19:09:48] [34mINFO[0;39m [36mg.service.ubs.OrderLockServiceImpl      [0;39m [35m:60  [0;39m Time: 2025-04-06T19:04:48.373677600
[2025-04-06 19:09:48] [34mINFO[0;39m [36mg.service.ubs.OrderLockServiceImpl      [0;39m [35m:62  [0;39m Unlock orders
[2025-04-06 19:10:48] [34mINFO[0;39m [36mg.service.ubs.OrderLockServiceImpl      [0;39m [35m:60  [0;39m Time: 2025-04-06T19:05:48.364389100
[2025-04-06 19:10:48] [34mINFO[0;39m [36mg.service.ubs.OrderLockServiceImpl      [0;39m [35m:62  [0;39m Unlock orders
[2025-04-06 19:11:48] [34mINFO[0;39m [36mg.service.ubs.OrderLockServiceImpl      [0;39m [35m:60  [0;39m Time: 2025-04-06T19:06:48.374597100
[2025-04-06 19:11:48] [34mINFO[0;39m [36mg.service.ubs.OrderLockServiceImpl      [0;39m [35m:62  [0;39m Unlock orders
[2025-04-06 19:12:48] [34mINFO[0;39m [36mg.service.ubs.OrderLockServiceImpl      [0;39m [35m:60  [0;39m Time: 2025-04-06T19:07:48.368068400
[2025-04-06 19:12:48] [34mINFO[0;39m [36mg.service.ubs.OrderLockServiceImpl      [0;39m [35m:62  [0;39m Unlock orders
[2025-04-06 19:13:48] [34mINFO[0;39m [36mg.service.ubs.OrderLockServiceImpl      [0;39m [35m:60  [0;39m Time: 2025-04-06T19:08:48.366769200
[2025-04-06 19:13:48] [34mINFO[0;39m [36mg.service.ubs.OrderLockServiceImpl      [0;39m [35m:62  [0;39m Unlock orders
[2025-04-06 19:14:48] [34mINFO[0;39m [36mg.service.ubs.OrderLockServiceImpl      [0;39m [35m:60  [0;39m Time: 2025-04-06T19:09:48.365364400
[2025-04-06 19:14:48] [34mINFO[0;39m [36mg.service.ubs.OrderLockServiceImpl      [0;39m [35m:62  [0;39m Unlock orders
[2025-04-06 19:15:48] [34mINFO[0;39m [36mg.service.ubs.OrderLockServiceImpl      [0;39m [35m:60  [0;39m Time: 2025-04-06T19:10:48.371453500
[2025-04-06 19:15:48] [34mINFO[0;39m [36mg.service.ubs.OrderLockServiceImpl      [0;39m [35m:62  [0;39m Unlock orders
[2025-04-06 19:16:48] [34mINFO[0;39m [36mg.service.ubs.OrderLockServiceImpl      [0;39m [35m:60  [0;39m Time: 2025-04-06T19:11:48.375736100
[2025-04-06 19:16:48] [34mINFO[0;39m [36mg.service.ubs.OrderLockServiceImpl      [0;39m [35m:62  [0;39m Unlock orders
[2025-04-06 19:17:48] [34mINFO[0;39m [36mg.service.ubs.OrderLockServiceImpl      [0;39m [35m:60  [0;39m Time: 2025-04-06T19:12:48.376820100
[2025-04-06 19:17:48] [34mINFO[0;39m [36mg.service.ubs.OrderLockServiceImpl      [0;39m [35m:62  [0;39m Unlock orders
[2025-04-06 19:18:48] [34mINFO[0;39m [36mg.service.ubs.OrderLockServiceImpl      [0;39m [35m:60  [0;39m Time: 2025-04-06T19:13:48.370301800
[2025-04-06 19:18:48] [34mINFO[0;39m [36mg.service.ubs.OrderLockServiceImpl      [0;39m [35m:62  [0;39m Unlock orders
[2025-04-06 19:19:48] [34mINFO[0;39m [36mg.service.ubs.OrderLockServiceImpl      [0;39m [35m:60  [0;39m Time: 2025-04-06T19:14:48.370517500
[2025-04-06 19:19:48] [34mINFO[0;39m [36mg.service.ubs.OrderLockServiceImpl      [0;39m [35m:62  [0;39m Unlock orders
[2025-04-06 19:20:48] [34mINFO[0;39m [36mg.service.ubs.OrderLockServiceImpl      [0;39m [35m:60  [0;39m Time: 2025-04-06T19:15:48.377769200
[2025-04-06 19:20:48] [34mINFO[0;39m [36mg.service.ubs.OrderLockServiceImpl      [0;39m [35m:62  [0;39m Unlock orders
[2025-04-06 19:21:48] [34mINFO[0;39m [36mg.service.ubs.OrderLockServiceImpl      [0;39m [35m:60  [0;39m Time: 2025-04-06T19:16:48.366818
[2025-04-06 19:21:48] [34mINFO[0;39m [36mg.service.ubs.OrderLockServiceImpl      [0;39m [35m:62  [0;39m Unlock orders
[2025-04-06 19:22:48] [34mINFO[0;39m [36mg.service.ubs.OrderLockServiceImpl      [0;39m [35m:60  [0;39m Time: 2025-04-06T19:17:48.367960800
[2025-04-06 19:22:48] [34mINFO[0;39m [36mg.service.ubs.OrderLockServiceImpl      [0;39m [35m:62  [0;39m Unlock orders
[2025-04-06 19:23:48] [34mINFO[0;39m [36mg.service.ubs.OrderLockServiceImpl      [0;39m [35m:60  [0;39m Time: 2025-04-06T19:18:48.367526800
[2025-04-06 19:23:48] [34mINFO[0;39m [36mg.service.ubs.OrderLockServiceImpl      [0;39m [35m:62  [0;39m Unlock orders
[2025-04-06 19:24:48] [34mINFO[0;39m [36mg.service.ubs.OrderLockServiceImpl      [0;39m [35m:60  [0;39m Time: 2025-04-06T19:19:48.366053100
[2025-04-06 19:24:48] [34mINFO[0;39m [36mg.service.ubs.OrderLockServiceImpl      [0;39m [35m:62  [0;39m Unlock orders
[2025-04-06 19:25:48] [34mINFO[0;39m [36mg.service.ubs.OrderLockServiceImpl      [0;39m [35m:60  [0;39m Time: 2025-04-06T19:20:48.373785800
[2025-04-06 19:25:48] [34mINFO[0;39m [36mg.service.ubs.OrderLockServiceImpl      [0;39m [35m:62  [0;39m Unlock orders
[2025-04-06 19:26:48] [34mINFO[0;39m [36mg.service.ubs.OrderLockServiceImpl      [0;39m [35m:60  [0;39m Time: 2025-04-06T19:21:48.371815600
[2025-04-06 19:26:48] [34mINFO[0;39m [36mg.service.ubs.OrderLockServiceImpl      [0;39m [35m:62  [0;39m Unlock orders
[2025-04-06 19:27:48] [34mINFO[0;39m [36mg.service.ubs.OrderLockServiceImpl      [0;39m [35m:60  [0;39m Time: 2025-04-06T19:22:48.373754700
[2025-04-06 19:27:48] [34mINFO[0;39m [36mg.service.ubs.OrderLockServiceImpl      [0;39m [35m:62  [0;39m Unlock orders
[2025-04-06 19:28:48] [34mINFO[0;39m [36mg.service.ubs.OrderLockServiceImpl      [0;39m [35m:60  [0;39m Time: 2025-04-06T19:23:48.374910600
[2025-04-06 19:28:48] [34mINFO[0;39m [36mg.service.ubs.OrderLockServiceImpl      [0;39m [35m:62  [0;39m Unlock orders
[2025-04-06 19:29:48] [34mINFO[0;39m [36mg.service.ubs.OrderLockServiceImpl      [0;39m [35m:60  [0;39m Time: 2025-04-06T19:24:48.366520900
[2025-04-06 19:29:48] [34mINFO[0;39m [36mg.service.ubs.OrderLockServiceImpl      [0;39m [35m:62  [0;39m Unlock orders
[2025-04-06 19:30:48] [34mINFO[0;39m [36mg.service.ubs.OrderLockServiceImpl      [0;39m [35m:60  [0;39m Time: 2025-04-06T19:25:48.368595300
[2025-04-06 19:30:48] [34mINFO[0;39m [36mg.service.ubs.OrderLockServiceImpl      [0;39m [35m:62  [0;39m Unlock orders
[2025-04-06 19:31:48] [34mINFO[0;39m [36mg.service.ubs.OrderLockServiceImpl      [0;39m [35m:60  [0;39m Time: 2025-04-06T19:26:48.373648200
[2025-04-06 19:31:48] [34mINFO[0;39m [36mg.service.ubs.OrderLockServiceImpl      [0;39m [35m:62  [0;39m Unlock orders
[2025-04-06 19:32:48] [34mINFO[0;39m [36mg.service.ubs.OrderLockServiceImpl      [0;39m [35m:60  [0;39m Time: 2025-04-06T19:27:48.371728
[2025-04-06 19:32:48] [34mINFO[0;39m [36mg.service.ubs.OrderLockServiceImpl      [0;39m [35m:62  [0;39m Unlock orders
[2025-04-06 19:33:48] [34mINFO[0;39m [36mg.service.ubs.OrderLockServiceImpl      [0;39m [35m:60  [0;39m Time: 2025-04-06T19:28:48.369541700
[2025-04-06 19:33:48] [34mINFO[0;39m [36mg.service.ubs.OrderLockServiceImpl      [0;39m [35m:62  [0;39m Unlock orders
[2025-04-06 19:34:48] [34mINFO[0;39m [36mg.service.ubs.OrderLockServiceImpl      [0;39m [35m:60  [0;39m Time: 2025-04-06T19:29:48.364137300
[2025-04-06 19:34:48] [34mINFO[0;39m [36mg.service.ubs.OrderLockServiceImpl      [0;39m [35m:62  [0;39m Unlock orders
[2025-04-06 19:35:48] [34mINFO[0;39m [36mg.service.ubs.OrderLockServiceImpl      [0;39m [35m:60  [0;39m Time: 2025-04-06T19:30:48.368018900
[2025-04-06 19:35:48] [34mINFO[0;39m [36mg.service.ubs.OrderLockServiceImpl      [0;39m [35m:62  [0;39m Unlock orders
[2025-04-06 19:36:48] [34mINFO[0;39m [36mg.service.ubs.OrderLockServiceImpl      [0;39m [35m:60  [0;39m Time: 2025-04-06T19:31:48.375691600
[2025-04-06 19:36:48] [34mINFO[0;39m [36mg.service.ubs.OrderLockServiceImpl      [0;39m [35m:62  [0;39m Unlock orders
[2025-04-06 19:37:48] [34mINFO[0;39m [36mg.service.ubs.OrderLockServiceImpl      [0;39m [35m:60  [0;39m Time: 2025-04-06T19:32:48.366182
[2025-04-06 19:37:48] [34mINFO[0;39m [36mg.service.ubs.OrderLockServiceImpl      [0;39m [35m:62  [0;39m Unlock orders
[2025-04-06 19:38:48] [34mINFO[0;39m [36mg.service.ubs.OrderLockServiceImpl      [0;39m [35m:60  [0;39m Time: 2025-04-06T19:33:48.373133900
[2025-04-06 19:38:48] [34mINFO[0;39m [36mg.service.ubs.OrderLockServiceImpl      [0;39m [35m:62  [0;39m Unlock orders
[2025-04-06 19:39:48] [34mINFO[0;39m [36mg.service.ubs.OrderLockServiceImpl      [0;39m [35m:60  [0;39m Time: 2025-04-06T19:34:48.375613700
[2025-04-06 19:39:48] [34mINFO[0;39m [36mg.service.ubs.OrderLockServiceImpl      [0;39m [35m:62  [0;39m Unlock orders
[2025-04-06 19:40:48] [34mINFO[0;39m [36mg.service.ubs.OrderLockServiceImpl      [0;39m [35m:60  [0;39m Time: 2025-04-06T19:35:48.374700400
[2025-04-06 19:40:48] [34mINFO[0;39m [36mg.service.ubs.OrderLockServiceImpl      [0;39m [35m:62  [0;39m Unlock orders
[2025-04-06 19:41:48] [34mINFO[0;39m [36mg.service.ubs.OrderLockServiceImpl      [0;39m [35m:60  [0;39m Time: 2025-04-06T19:36:48.365569100
[2025-04-06 19:41:48] [34mINFO[0;39m [36mg.service.ubs.OrderLockServiceImpl      [0;39m [35m:62  [0;39m Unlock orders
[2025-04-06 19:42:48] [34mINFO[0;39m [36mg.service.ubs.OrderLockServiceImpl      [0;39m [35m:60  [0;39m Time: 2025-04-06T19:37:48.373162300
[2025-04-06 19:42:48] [34mINFO[0;39m [36mg.service.ubs.OrderLockServiceImpl      [0;39m [35m:62  [0;39m Unlock orders
[2025-04-06 19:43:48] [34mINFO[0;39m [36mg.service.ubs.OrderLockServiceImpl      [0;39m [35m:60  [0;39m Time: 2025-04-06T19:38:48.367374100
[2025-04-06 19:43:48] [34mINFO[0;39m [36mg.service.ubs.OrderLockServiceImpl      [0;39m [35m:62  [0;39m Unlock orders
[2025-04-06 19:44:48] [34mINFO[0;39m [36mg.service.ubs.OrderLockServiceImpl      [0;39m [35m:60  [0;39m Time: 2025-04-06T19:39:48.371150100
[2025-04-06 19:44:48] [34mINFO[0;39m [36mg.service.ubs.OrderLockServiceImpl      [0;39m [35m:62  [0;39m Unlock orders
[2025-04-06 19:45:48] [34mINFO[0;39m [36mg.service.ubs.OrderLockServiceImpl      [0;39m [35m:60  [0;39m Time: 2025-04-06T19:40:48.367764100
[2025-04-06 19:45:48] [34mINFO[0;39m [36mg.service.ubs.OrderLockServiceImpl      [0;39m [35m:62  [0;39m Unlock orders
[2025-04-06 19:46:48] [34mINFO[0;39m [36mg.service.ubs.OrderLockServiceImpl      [0;39m [35m:60  [0;39m Time: 2025-04-06T19:41:48.369652
[2025-04-06 19:46:48] [34mINFO[0;39m [36mg.service.ubs.OrderLockServiceImpl      [0;39m [35m:62  [0;39m Unlock orders
[2025-04-06 19:47:48] [34mINFO[0;39m [36mg.service.ubs.OrderLockServiceImpl      [0;39m [35m:60  [0;39m Time: 2025-04-06T19:42:48.376444600
[2025-04-06 19:47:48] [34mINFO[0;39m [36mg.service.ubs.OrderLockServiceImpl      [0;39m [35m:62  [0;39m Unlock orders
[2025-04-06 19:48:48] [34mINFO[0;39m [36mg.service.ubs.OrderLockServiceImpl      [0;39m [35m:60  [0;39m Time: 2025-04-06T19:43:48.365813200
[2025-04-06 19:48:48] [34mINFO[0;39m [36mg.service.ubs.OrderLockServiceImpl      [0;39m [35m:62  [0;39m Unlock orders
[2025-04-06 19:49:48] [34mINFO[0;39m [36mg.service.ubs.OrderLockServiceImpl      [0;39m [35m:60  [0;39m Time: 2025-04-06T19:44:48.375372500
[2025-04-06 19:49:48] [34mINFO[0;39m [36mg.service.ubs.OrderLockServiceImpl      [0;39m [35m:62  [0;39m Unlock orders
[2025-04-06 19:50:48] [34mINFO[0;39m [36mg.service.ubs.OrderLockServiceImpl      [0;39m [35m:60  [0;39m Time: 2025-04-06T19:45:48.378960600
[2025-04-06 19:50:48] [34mINFO[0;39m [36mg.service.ubs.OrderLockServiceImpl      [0;39m [35m:62  [0;39m Unlock orders
[2025-04-06 19:51:48] [34mINFO[0;39m [36mg.service.ubs.OrderLockServiceImpl      [0;39m [35m:60  [0;39m Time: 2025-04-06T19:46:48.371382
[2025-04-06 19:51:48] [34mINFO[0;39m [36mg.service.ubs.OrderLockServiceImpl      [0;39m [35m:62  [0;39m Unlock orders
[2025-04-06 19:52:48] [34mINFO[0;39m [36mg.service.ubs.OrderLockServiceImpl      [0;39m [35m:60  [0;39m Time: 2025-04-06T19:47:48.374583700
[2025-04-06 19:52:48] [34mINFO[0;39m [36mg.service.ubs.OrderLockServiceImpl      [0;39m [35m:62  [0;39m Unlock orders
[2025-04-06 19:53:48] [34mINFO[0;39m [36mg.service.ubs.OrderLockServiceImpl      [0;39m [35m:60  [0;39m Time: 2025-04-06T19:48:48.375370600
[2025-04-06 19:53:48] [34mINFO[0;39m [36mg.service.ubs.OrderLockServiceImpl      [0;39m [35m:62  [0;39m Unlock orders
[2025-04-06 19:54:48] [34mINFO[0;39m [36mg.service.ubs.OrderLockServiceImpl      [0;39m [35m:60  [0;39m Time: 2025-04-06T19:49:48.365258400
[2025-04-06 19:54:48] [34mINFO[0;39m [36mg.service.ubs.OrderLockServiceImpl      [0;39m [35m:62  [0;39m Unlock orders
[2025-04-06 19:55:48] [34mINFO[0;39m [36mg.service.ubs.OrderLockServiceImpl      [0;39m [35m:60  [0;39m Time: 2025-04-06T19:50:48.364909700
[2025-04-06 19:55:48] [34mINFO[0;39m [36mg.service.ubs.OrderLockServiceImpl      [0;39m [35m:62  [0;39m Unlock orders
[2025-04-06 19:56:48] [34mINFO[0;39m [36mg.service.ubs.OrderLockServiceImpl      [0;39m [35m:60  [0;39m Time: 2025-04-06T19:51:48.369106800
[2025-04-06 19:56:48] [34mINFO[0;39m [36mg.service.ubs.OrderLockServiceImpl      [0;39m [35m:62  [0;39m Unlock orders
[2025-04-06 19:57:48] [34mINFO[0;39m [36mg.service.ubs.OrderLockServiceImpl      [0;39m [35m:60  [0;39m Time: 2025-04-06T19:52:48.366612100
[2025-04-06 19:57:48] [34mINFO[0;39m [36mg.service.ubs.OrderLockServiceImpl      [0;39m [35m:62  [0;39m Unlock orders
[2025-04-06 19:58:48] [34mINFO[0;39m [36mg.service.ubs.OrderLockServiceImpl      [0;39m [35m:60  [0;39m Time: 2025-04-06T19:53:48.368110100
[2025-04-06 19:58:48] [34mINFO[0;39m [36mg.service.ubs.OrderLockServiceImpl      [0;39m [35m:62  [0;39m Unlock orders
[2025-04-06 19:59:48] [34mINFO[0;39m [36mg.service.ubs.OrderLockServiceImpl      [0;39m [35m:60  [0;39m Time: 2025-04-06T19:54:48.369387300
[2025-04-06 19:59:48] [34mINFO[0;39m [36mg.service.ubs.OrderLockServiceImpl      [0;39m [35m:62  [0;39m Unlock orders
[2025-04-06 20:00:48] [34mINFO[0;39m [36mg.service.ubs.OrderLockServiceImpl      [0;39m [35m:60  [0;39m Time: 2025-04-06T19:55:48.378059700
[2025-04-06 20:00:48] [34mINFO[0;39m [36mg.service.ubs.OrderLockServiceImpl      [0;39m [35m:62  [0;39m Unlock orders
[2025-04-06 20:01:48] [34mINFO[0;39m [36mg.service.ubs.OrderLockServiceImpl      [0;39m [35m:60  [0;39m Time: 2025-04-06T19:56:48.373118800
[2025-04-06 20:01:48] [34mINFO[0;39m [36mg.service.ubs.OrderLockServiceImpl      [0;39m [35m:62  [0;39m Unlock orders
[2025-04-06 20:02:48] [34mINFO[0;39m [36mg.service.ubs.OrderLockServiceImpl      [0;39m [35m:60  [0;39m Time: 2025-04-06T19:57:48.377812400
[2025-04-06 20:02:48] [34mINFO[0;39m [36mg.service.ubs.OrderLockServiceImpl      [0;39m [35m:62  [0;39m Unlock orders
[2025-04-06 20:03:48] [34mINFO[0;39m [36mg.service.ubs.OrderLockServiceImpl      [0;39m [35m:60  [0;39m Time: 2025-04-06T19:58:48.373378900
[2025-04-06 20:03:48] [34mINFO[0;39m [36mg.service.ubs.OrderLockServiceImpl      [0;39m [35m:62  [0;39m Unlock orders
[2025-04-06 20:04:48] [34mINFO[0;39m [36mg.service.ubs.OrderLockServiceImpl      [0;39m [35m:60  [0;39m Time: 2025-04-06T19:59:48.375705100
[2025-04-06 20:04:48] [34mINFO[0;39m [36mg.service.ubs.OrderLockServiceImpl      [0;39m [35m:62  [0;39m Unlock orders
[2025-04-06 20:05:48] [34mINFO[0;39m [36mg.service.ubs.OrderLockServiceImpl      [0;39m [35m:60  [0;39m Time: 2025-04-06T20:00:48.373465
[2025-04-06 20:05:48] [34mINFO[0;39m [36mg.service.ubs.OrderLockServiceImpl      [0;39m [35m:62  [0;39m Unlock orders
[2025-04-06 20:06:48] [34mINFO[0;39m [36mg.service.ubs.OrderLockServiceImpl      [0;39m [35m:60  [0;39m Time: 2025-04-06T20:01:48.367889500
[2025-04-06 20:06:48] [34mINFO[0;39m [36mg.service.ubs.OrderLockServiceImpl      [0;39m [35m:62  [0;39m Unlock orders
[2025-04-06 20:07:48] [34mINFO[0;39m [36mg.service.ubs.OrderLockServiceImpl      [0;39m [35m:60  [0;39m Time: 2025-04-06T20:02:48.373840100
[2025-04-06 20:07:48] [34mINFO[0;39m [36mg.service.ubs.OrderLockServiceImpl      [0;39m [35m:62  [0;39m Unlock orders
[2025-04-06 20:08:48] [34mINFO[0;39m [36mg.service.ubs.OrderLockServiceImpl      [0;39m [35m:60  [0;39m Time: 2025-04-06T20:03:48.377566300
[2025-04-06 20:08:48] [34mINFO[0;39m [36mg.service.ubs.OrderLockServiceImpl      [0;39m [35m:62  [0;39m Unlock orders
[2025-04-06 20:09:48] [34mINFO[0;39m [36mg.service.ubs.OrderLockServiceImpl      [0;39m [35m:60  [0;39m Time: 2025-04-06T20:04:48.379614500
[2025-04-06 20:09:48] [34mINFO[0;39m [36mg.service.ubs.OrderLockServiceImpl      [0;39m [35m:62  [0;39m Unlock orders
[2025-04-06 20:10:48] [34mINFO[0;39m [36mg.service.ubs.OrderLockServiceImpl      [0;39m [35m:60  [0;39m Time: 2025-04-06T20:05:48.366924500
[2025-04-06 20:10:48] [34mINFO[0;39m [36mg.service.ubs.OrderLockServiceImpl      [0;39m [35m:62  [0;39m Unlock orders
[2025-04-06 20:11:48] [34mINFO[0;39m [36mg.service.ubs.OrderLockServiceImpl      [0;39m [35m:60  [0;39m Time: 2025-04-06T20:06:48.369802600
[2025-04-06 20:11:48] [34mINFO[0;39m [36mg.service.ubs.OrderLockServiceImpl      [0;39m [35m:62  [0;39m Unlock orders
[2025-04-06 20:12:48] [34mINFO[0;39m [36mg.service.ubs.OrderLockServiceImpl      [0;39m [35m:60  [0;39m Time: 2025-04-06T20:07:48.376767300
[2025-04-06 20:12:48] [34mINFO[0;39m [36mg.service.ubs.OrderLockServiceImpl      [0;39m [35m:62  [0;39m Unlock orders
[2025-04-06 20:13:48] [34mINFO[0;39m [36mg.service.ubs.OrderLockServiceImpl      [0;39m [35m:60  [0;39m Time: 2025-04-06T20:08:48.374050
[2025-04-06 20:13:48] [34mINFO[0;39m [36mg.service.ubs.OrderLockServiceImpl      [0;39m [35m:62  [0;39m Unlock orders
[2025-04-06 20:14:48] [34mINFO[0;39m [36mg.service.ubs.OrderLockServiceImpl      [0;39m [35m:60  [0;39m Time: 2025-04-06T20:09:48.368398200
[2025-04-06 20:14:48] [34mINFO[0;39m [36mg.service.ubs.OrderLockServiceImpl      [0;39m [35m:62  [0;39m Unlock orders
[2025-04-06 20:15:48] [34mINFO[0;39m [36mg.service.ubs.OrderLockServiceImpl      [0;39m [35m:60  [0;39m Time: 2025-04-06T20:10:48.386403300
[2025-04-06 20:15:48] [34mINFO[0;39m [36mg.service.ubs.OrderLockServiceImpl      [0;39m [35m:62  [0;39m Unlock orders
[2025-04-06 20:16:48] [34mINFO[0;39m [36mg.service.ubs.OrderLockServiceImpl      [0;39m [35m:60  [0;39m Time: 2025-04-06T20:11:48.364931500
[2025-04-06 20:16:48] [34mINFO[0;39m [36mg.service.ubs.OrderLockServiceImpl      [0;39m [35m:62  [0;39m Unlock orders
[2025-04-06 20:17:48] [34mINFO[0;39m [36mg.service.ubs.OrderLockServiceImpl      [0;39m [35m:60  [0;39m Time: 2025-04-06T20:12:48.373390800
[2025-04-06 20:17:48] [34mINFO[0;39m [36mg.service.ubs.OrderLockServiceImpl      [0;39m [35m:62  [0;39m Unlock orders
[2025-04-06 20:18:48] [34mINFO[0;39m [36mg.service.ubs.OrderLockServiceImpl      [0;39m [35m:60  [0;39m Time: 2025-04-06T20:13:48.372253600
[2025-04-06 20:18:48] [34mINFO[0;39m [36mg.service.ubs.OrderLockServiceImpl      [0;39m [35m:62  [0;39m Unlock orders
[2025-04-06 20:19:48] [34mINFO[0;39m [36mg.service.ubs.OrderLockServiceImpl      [0;39m [35m:60  [0;39m Time: 2025-04-06T20:14:48.373403900
[2025-04-06 20:19:48] [34mINFO[0;39m [36mg.service.ubs.OrderLockServiceImpl      [0;39m [35m:62  [0;39m Unlock orders
[2025-04-06 20:20:48] [34mINFO[0;39m [36mg.service.ubs.OrderLockServiceImpl      [0;39m [35m:60  [0;39m Time: 2025-04-06T20:15:48.372443400
[2025-04-06 20:20:48] [34mINFO[0;39m [36mg.service.ubs.OrderLockServiceImpl      [0;39m [35m:62  [0;39m Unlock orders
[2025-04-06 20:21:48] [34mINFO[0;39m [36mg.service.ubs.OrderLockServiceImpl      [0;39m [35m:60  [0;39m Time: 2025-04-06T20:16:48.371473200
[2025-04-06 20:21:48] [34mINFO[0;39m [36mg.service.ubs.OrderLockServiceImpl      [0;39m [35m:62  [0;39m Unlock orders
[2025-04-06 20:22:48] [34mINFO[0;39m [36mg.service.ubs.OrderLockServiceImpl      [0;39m [35m:60  [0;39m Time: 2025-04-06T20:17:48.379856800
[2025-04-06 20:22:48] [34mINFO[0;39m [36mg.service.ubs.OrderLockServiceImpl      [0;39m [35m:62  [0;39m Unlock orders
[2025-04-06 20:23:48] [34mINFO[0;39m [36mg.service.ubs.OrderLockServiceImpl      [0;39m [35m:60  [0;39m Time: 2025-04-06T20:18:48.377446200
[2025-04-06 20:23:48] [34mINFO[0;39m [36mg.service.ubs.OrderLockServiceImpl      [0;39m [35m:62  [0;39m Unlock orders
[2025-04-06 20:24:48] [34mINFO[0;39m [36mg.service.ubs.OrderLockServiceImpl      [0;39m [35m:60  [0;39m Time: 2025-04-06T20:19:48.371848200
[2025-04-06 20:24:48] [34mINFO[0;39m [36mg.service.ubs.OrderLockServiceImpl      [0;39m [35m:62  [0;39m Unlock orders
[2025-04-06 20:25:48] [34mINFO[0;39m [36mg.service.ubs.OrderLockServiceImpl      [0;39m [35m:60  [0;39m Time: 2025-04-06T20:20:48.369199200
[2025-04-06 20:25:48] [34mINFO[0;39m [36mg.service.ubs.OrderLockServiceImpl      [0;39m [35m:62  [0;39m Unlock orders
[2025-04-06 20:26:48] [34mINFO[0;39m [36mg.service.ubs.OrderLockServiceImpl      [0;39m [35m:60  [0;39m Time: 2025-04-06T20:21:48.375329300
[2025-04-06 20:26:48] [34mINFO[0;39m [36mg.service.ubs.OrderLockServiceImpl      [0;39m [35m:62  [0;39m Unlock orders
[2025-04-06 20:27:48] [34mINFO[0;39m [36mg.service.ubs.OrderLockServiceImpl      [0;39m [35m:60  [0;39m Time: 2025-04-06T20:22:48.380329
[2025-04-06 20:27:48] [34mINFO[0;39m [36mg.service.ubs.OrderLockServiceImpl      [0;39m [35m:62  [0;39m Unlock orders
[2025-04-06 20:28:48] [34mINFO[0;39m [36mg.service.ubs.OrderLockServiceImpl      [0;39m [35m:60  [0;39m Time: 2025-04-06T20:23:48.374213200
[2025-04-06 20:28:48] [34mINFO[0;39m [36mg.service.ubs.OrderLockServiceImpl      [0;39m [35m:62  [0;39m Unlock orders
[2025-04-06 20:29:48] [34mINFO[0;39m [36mg.service.ubs.OrderLockServiceImpl      [0;39m [35m:60  [0;39m Time: 2025-04-06T20:24:48.364983800
[2025-04-06 20:29:48] [34mINFO[0;39m [36mg.service.ubs.OrderLockServiceImpl      [0;39m [35m:62  [0;39m Unlock orders
[2025-04-06 20:30:48] [34mINFO[0;39m [36mg.service.ubs.OrderLockServiceImpl      [0;39m [35m:60  [0;39m Time: 2025-04-06T20:25:48.377113700
[2025-04-06 20:30:48] [34mINFO[0;39m [36mg.service.ubs.OrderLockServiceImpl      [0;39m [35m:62  [0;39m Unlock orders
[2025-04-06 20:31:48] [34mINFO[0;39m [36mg.service.ubs.OrderLockServiceImpl      [0;39m [35m:60  [0;39m Time: 2025-04-06T20:26:48.374680
[2025-04-06 20:31:48] [34mINFO[0;39m [36mg.service.ubs.OrderLockServiceImpl      [0;39m [35m:62  [0;39m Unlock orders
[2025-04-06 20:32:48] [34mINFO[0;39m [36mg.service.ubs.OrderLockServiceImpl      [0;39m [35m:60  [0;39m Time: 2025-04-06T20:27:48.388784700
[2025-04-06 20:32:48] [34mINFO[0;39m [36mg.service.ubs.OrderLockServiceImpl      [0;39m [35m:62  [0;39m Unlock orders
[2025-04-06 20:33:48] [34mINFO[0;39m [36mg.service.ubs.OrderLockServiceImpl      [0;39m [35m:60  [0;39m Time: 2025-04-06T20:28:48.368297100
[2025-04-06 20:33:48] [34mINFO[0;39m [36mg.service.ubs.OrderLockServiceImpl      [0;39m [35m:62  [0;39m Unlock orders
[2025-04-06 20:34:48] [34mINFO[0;39m [36mg.service.ubs.OrderLockServiceImpl      [0;39m [35m:60  [0;39m Time: 2025-04-06T20:29:48.375322800
[2025-04-06 20:34:48] [34mINFO[0;39m [36mg.service.ubs.OrderLockServiceImpl      [0;39m [35m:62  [0;39m Unlock orders
[2025-04-06 20:35:48] [34mINFO[0;39m [36mg.service.ubs.OrderLockServiceImpl      [0;39m [35m:60  [0;39m Time: 2025-04-06T20:30:48.369600400
[2025-04-06 20:35:48] [34mINFO[0;39m [36mg.service.ubs.OrderLockServiceImpl      [0;39m [35m:62  [0;39m Unlock orders
[2025-04-06 20:36:48] [34mINFO[0;39m [36mg.service.ubs.OrderLockServiceImpl      [0;39m [35m:60  [0;39m Time: 2025-04-06T20:31:48.364348
[2025-04-06 20:36:48] [34mINFO[0;39m [36mg.service.ubs.OrderLockServiceImpl      [0;39m [35m:62  [0;39m Unlock orders
[2025-04-06 20:37:48] [34mINFO[0;39m [36mg.service.ubs.OrderLockServiceImpl      [0;39m [35m:60  [0;39m Time: 2025-04-06T20:32:48.372141300
[2025-04-06 20:37:48] [34mINFO[0;39m [36mg.service.ubs.OrderLockServiceImpl      [0;39m [35m:62  [0;39m Unlock orders
[2025-04-06 20:38:48] [34mINFO[0;39m [36mg.service.ubs.OrderLockServiceImpl      [0;39m [35m:60  [0;39m Time: 2025-04-06T20:33:48.366520800
[2025-04-06 20:38:48] [34mINFO[0;39m [36mg.service.ubs.OrderLockServiceImpl      [0;39m [35m:62  [0;39m Unlock orders
[2025-04-06 20:39:48] [34mINFO[0;39m [36mg.service.ubs.OrderLockServiceImpl      [0;39m [35m:60  [0;39m Time: 2025-04-06T20:34:48.378495100
[2025-04-06 20:39:48] [34mINFO[0;39m [36mg.service.ubs.OrderLockServiceImpl      [0;39m [35m:62  [0;39m Unlock orders
[2025-04-06 20:40:48] [34mINFO[0;39m [36mg.service.ubs.OrderLockServiceImpl      [0;39m [35m:60  [0;39m Time: 2025-04-06T20:35:48.375333700
[2025-04-06 20:40:48] [34mINFO[0;39m [36mg.service.ubs.OrderLockServiceImpl      [0;39m [35m:62  [0;39m Unlock orders
[2025-04-06 20:41:48] [34mINFO[0;39m [36mg.service.ubs.OrderLockServiceImpl      [0;39m [35m:60  [0;39m Time: 2025-04-06T20:36:48.377808700
[2025-04-06 20:41:48] [34mINFO[0;39m [36mg.service.ubs.OrderLockServiceImpl      [0;39m [35m:62  [0;39m Unlock orders
[2025-04-06 20:42:48] [34mINFO[0;39m [36mg.service.ubs.OrderLockServiceImpl      [0;39m [35m:60  [0;39m Time: 2025-04-06T20:37:48.375966200
[2025-04-06 20:42:48] [34mINFO[0;39m [36mg.service.ubs.OrderLockServiceImpl      [0;39m [35m:62  [0;39m Unlock orders
[2025-04-06 20:43:48] [34mINFO[0;39m [36mg.service.ubs.OrderLockServiceImpl      [0;39m [35m:60  [0;39m Time: 2025-04-06T20:38:48.376744200
[2025-04-06 20:43:48] [34mINFO[0;39m [36mg.service.ubs.OrderLockServiceImpl      [0;39m [35m:62  [0;39m Unlock orders
[2025-04-06 20:44:48] [34mINFO[0;39m [36mg.service.ubs.OrderLockServiceImpl      [0;39m [35m:60  [0;39m Time: 2025-04-06T20:39:48.378106700
[2025-04-06 20:44:48] [34mINFO[0;39m [36mg.service.ubs.OrderLockServiceImpl      [0;39m [35m:62  [0;39m Unlock orders
[2025-04-06 20:45:48] [34mINFO[0;39m [36mg.service.ubs.OrderLockServiceImpl      [0;39m [35m:60  [0;39m Time: 2025-04-06T20:40:48.366107500
[2025-04-06 20:45:48] [34mINFO[0;39m [36mg.service.ubs.OrderLockServiceImpl      [0;39m [35m:62  [0;39m Unlock orders
[2025-04-06 20:46:48] [34mINFO[0;39m [36mg.service.ubs.OrderLockServiceImpl      [0;39m [35m:60  [0;39m Time: 2025-04-06T20:41:48.371710300
[2025-04-06 20:46:48] [34mINFO[0;39m [36mg.service.ubs.OrderLockServiceImpl      [0;39m [35m:62  [0;39m Unlock orders
[2025-04-06 20:47:48] [34mINFO[0;39m [36mg.service.ubs.OrderLockServiceImpl      [0;39m [35m:60  [0;39m Time: 2025-04-06T20:42:48.368582800
[2025-04-06 20:47:48] [34mINFO[0;39m [36mg.service.ubs.OrderLockServiceImpl      [0;39m [35m:62  [0;39m Unlock orders
[2025-04-06 20:48:48] [34mINFO[0;39m [36mg.service.ubs.OrderLockServiceImpl      [0;39m [35m:60  [0;39m Time: 2025-04-06T20:43:48.367769900
[2025-04-06 20:48:48] [34mINFO[0;39m [36mg.service.ubs.OrderLockServiceImpl      [0;39m [35m:62  [0;39m Unlock orders
[2025-04-06 20:49:48] [34mINFO[0;39m [36mg.service.ubs.OrderLockServiceImpl      [0;39m [35m:60  [0;39m Time: 2025-04-06T20:44:48.374528900
[2025-04-06 20:49:48] [34mINFO[0;39m [36mg.service.ubs.OrderLockServiceImpl      [0;39m [35m:62  [0;39m Unlock orders
[2025-04-06 20:50:48] [34mINFO[0;39m [36mg.service.ubs.OrderLockServiceImpl      [0;39m [35m:60  [0;39m Time: 2025-04-06T20:45:48.370267500
[2025-04-06 20:50:48] [34mINFO[0;39m [36mg.service.ubs.OrderLockServiceImpl      [0;39m [35m:62  [0;39m Unlock orders
[2025-04-06 20:51:48] [34mINFO[0;39m [36mg.service.ubs.OrderLockServiceImpl      [0;39m [35m:60  [0;39m Time: 2025-04-06T20:46:48.372936
[2025-04-06 20:51:48] [34mINFO[0;39m [36mg.service.ubs.OrderLockServiceImpl      [0;39m [35m:62  [0;39m Unlock orders
[2025-04-06 20:52:48] [34mINFO[0;39m [36mg.service.ubs.OrderLockServiceImpl      [0;39m [35m:60  [0;39m Time: 2025-04-06T20:47:48.368748900
[2025-04-06 20:52:48] [34mINFO[0;39m [36mg.service.ubs.OrderLockServiceImpl      [0;39m [35m:62  [0;39m Unlock orders
[2025-04-06 20:53:48] [34mINFO[0;39m [36mg.service.ubs.OrderLockServiceImpl      [0;39m [35m:60  [0;39m Time: 2025-04-06T20:48:48.372485600
[2025-04-06 20:53:48] [34mINFO[0;39m [36mg.service.ubs.OrderLockServiceImpl      [0;39m [35m:62  [0;39m Unlock orders
[2025-04-06 20:54:48] [34mINFO[0;39m [36mg.service.ubs.OrderLockServiceImpl      [0;39m [35m:60  [0;39m Time: 2025-04-06T20:49:48.371838500
[2025-04-06 20:54:48] [34mINFO[0;39m [36mg.service.ubs.OrderLockServiceImpl      [0;39m [35m:62  [0;39m Unlock orders
[2025-04-06 20:55:48] [34mINFO[0;39m [36mg.service.ubs.OrderLockServiceImpl      [0;39m [35m:60  [0;39m Time: 2025-04-06T20:50:48.366924600
[2025-04-06 20:55:48] [34mINFO[0;39m [36mg.service.ubs.OrderLockServiceImpl      [0;39m [35m:62  [0;39m Unlock orders
[2025-04-06 20:56:48] [34mINFO[0;39m [36mg.service.ubs.OrderLockServiceImpl      [0;39m [35m:60  [0;39m Time: 2025-04-06T20:51:48.385740
[2025-04-06 20:56:48] [34mINFO[0;39m [36mg.service.ubs.OrderLockServiceImpl      [0;39m [35m:62  [0;39m Unlock orders
[2025-04-06 20:57:48] [34mINFO[0;39m [36mg.service.ubs.OrderLockServiceImpl      [0;39m [35m:60  [0;39m Time: 2025-04-06T20:52:48.364963
[2025-04-06 20:57:48] [34mINFO[0;39m [36mg.service.ubs.OrderLockServiceImpl      [0;39m [35m:62  [0;39m Unlock orders
[2025-04-06 20:58:48] [34mINFO[0;39m [36mg.service.ubs.OrderLockServiceImpl      [0;39m [35m:60  [0;39m Time: 2025-04-06T20:53:48.367952100
[2025-04-06 20:58:48] [34mINFO[0;39m [36mg.service.ubs.OrderLockServiceImpl      [0;39m [35m:62  [0;39m Unlock orders
[2025-04-06 20:59:48] [34mINFO[0;39m [36mg.service.ubs.OrderLockServiceImpl      [0;39m [35m:60  [0;39m Time: 2025-04-06T20:54:48.370119500
[2025-04-06 20:59:48] [34mINFO[0;39m [36mg.service.ubs.OrderLockServiceImpl      [0;39m [35m:62  [0;39m Unlock orders
[2025-04-06 21:00:48] [34mINFO[0;39m [36mg.service.ubs.OrderLockServiceImpl      [0;39m [35m:60  [0;39m Time: 2025-04-06T20:55:48.366761100
[2025-04-06 21:00:48] [34mINFO[0;39m [36mg.service.ubs.OrderLockServiceImpl      [0;39m [35m:62  [0;39m Unlock orders
[2025-04-06 21:01:48] [34mINFO[0;39m [36mg.service.ubs.OrderLockServiceImpl      [0;39m [35m:60  [0;39m Time: 2025-04-06T20:56:48.368376400
[2025-04-06 21:01:48] [34mINFO[0;39m [36mg.service.ubs.OrderLockServiceImpl      [0;39m [35m:62  [0;39m Unlock orders
[2025-04-06 21:02:48] [34mINFO[0;39m [36mg.service.ubs.OrderLockServiceImpl      [0;39m [35m:60  [0;39m Time: 2025-04-06T20:57:48.366931600
[2025-04-06 21:02:48] [34mINFO[0;39m [36mg.service.ubs.OrderLockServiceImpl      [0;39m [35m:62  [0;39m Unlock orders
[2025-04-06 21:03:48] [34mINFO[0;39m [36mg.service.ubs.OrderLockServiceImpl      [0;39m [35m:60  [0;39m Time: 2025-04-06T20:58:48.378932700
[2025-04-06 21:03:48] [34mINFO[0;39m [36mg.service.ubs.OrderLockServiceImpl      [0;39m [35m:62  [0;39m Unlock orders
[2025-04-06 21:04:48] [34mINFO[0;39m [36mg.service.ubs.OrderLockServiceImpl      [0;39m [35m:60  [0;39m Time: 2025-04-06T20:59:48.372184200
[2025-04-06 21:04:48] [34mINFO[0;39m [36mg.service.ubs.OrderLockServiceImpl      [0;39m [35m:62  [0;39m Unlock orders
[2025-04-06 21:05:48] [34mINFO[0;39m [36mg.service.ubs.OrderLockServiceImpl      [0;39m [35m:60  [0;39m Time: 2025-04-06T21:00:48.378413400
[2025-04-06 21:05:48] [34mINFO[0;39m [36mg.service.ubs.OrderLockServiceImpl      [0;39m [35m:62  [0;39m Unlock orders
[2025-04-06 21:06:48] [34mINFO[0;39m [36mg.service.ubs.OrderLockServiceImpl      [0;39m [35m:60  [0;39m Time: 2025-04-06T21:01:48.372489400
[2025-04-06 21:06:48] [34mINFO[0;39m [36mg.service.ubs.OrderLockServiceImpl      [0;39m [35m:62  [0;39m Unlock orders
[2025-04-06 21:07:48] [34mINFO[0;39m [36mg.service.ubs.OrderLockServiceImpl      [0;39m [35m:60  [0;39m Time: 2025-04-06T21:02:48.376680500
[2025-04-06 21:07:48] [34mINFO[0;39m [36mg.service.ubs.OrderLockServiceImpl      [0;39m [35m:62  [0;39m Unlock orders
[2025-04-06 21:08:48] [34mINFO[0;39m [36mg.service.ubs.OrderLockServiceImpl      [0;39m [35m:60  [0;39m Time: 2025-04-06T21:03:48.368536900
[2025-04-06 21:08:48] [34mINFO[0;39m [36mg.service.ubs.OrderLockServiceImpl      [0;39m [35m:62  [0;39m Unlock orders
[2025-04-06 21:09:48] [34mINFO[0;39m [36mg.service.ubs.OrderLockServiceImpl      [0;39m [35m:60  [0;39m Time: 2025-04-06T21:04:48.368464500
[2025-04-06 21:09:48] [34mINFO[0;39m [36mg.service.ubs.OrderLockServiceImpl      [0;39m [35m:62  [0;39m Unlock orders
[2025-04-06 21:10:48] [34mINFO[0;39m [36mg.service.ubs.OrderLockServiceImpl      [0;39m [35m:60  [0;39m Time: 2025-04-06T21:05:48.369734400
[2025-04-06 21:10:48] [34mINFO[0;39m [36mg.service.ubs.OrderLockServiceImpl      [0;39m [35m:62  [0;39m Unlock orders
[2025-04-06 21:11:48] [34mINFO[0;39m [36mg.service.ubs.OrderLockServiceImpl      [0;39m [35m:60  [0;39m Time: 2025-04-06T21:06:48.368009500
[2025-04-06 21:11:48] [34mINFO[0;39m [36mg.service.ubs.OrderLockServiceImpl      [0;39m [35m:62  [0;39m Unlock orders
[2025-04-06 21:12:48] [34mINFO[0;39m [36mg.service.ubs.OrderLockServiceImpl      [0;39m [35m:60  [0;39m Time: 2025-04-06T21:07:48.377183100
[2025-04-06 21:12:48] [34mINFO[0;39m [36mg.service.ubs.OrderLockServiceImpl      [0;39m [35m:62  [0;39m Unlock orders
[2025-04-06 21:13:48] [34mINFO[0;39m [36mg.service.ubs.OrderLockServiceImpl      [0;39m [35m:60  [0;39m Time: 2025-04-06T21:08:48.376563200
[2025-04-06 21:13:48] [34mINFO[0;39m [36mg.service.ubs.OrderLockServiceImpl      [0;39m [35m:62  [0;39m Unlock orders
[2025-04-06 21:14:48] [34mINFO[0;39m [36mg.service.ubs.OrderLockServiceImpl      [0;39m [35m:60  [0;39m Time: 2025-04-06T21:09:48.380952100
[2025-04-06 21:14:48] [34mINFO[0;39m [36mg.service.ubs.OrderLockServiceImpl      [0;39m [35m:62  [0;39m Unlock orders
[2025-04-06 21:15:48] [34mINFO[0;39m [36mg.service.ubs.OrderLockServiceImpl      [0;39m [35m:60  [0;39m Time: 2025-04-06T21:10:48.387416700
[2025-04-06 21:15:48] [34mINFO[0;39m [36mg.service.ubs.OrderLockServiceImpl      [0;39m [35m:62  [0;39m Unlock orders
[2025-04-06 21:16:48] [34mINFO[0;39m [36mg.service.ubs.OrderLockServiceImpl      [0;39m [35m:60  [0;39m Time: 2025-04-06T21:11:48.368837
[2025-04-06 21:16:48] [34mINFO[0;39m [36mg.service.ubs.OrderLockServiceImpl      [0;39m [35m:62  [0;39m Unlock orders
[2025-04-06 21:17:48] [34mINFO[0;39m [36mg.service.ubs.OrderLockServiceImpl      [0;39m [35m:60  [0;39m Time: 2025-04-06T21:12:48.370294700
[2025-04-06 21:17:48] [34mINFO[0;39m [36mg.service.ubs.OrderLockServiceImpl      [0;39m [35m:62  [0;39m Unlock orders
[2025-04-06 21:18:48] [34mINFO[0;39m [36mg.service.ubs.OrderLockServiceImpl      [0;39m [35m:60  [0;39m Time: 2025-04-06T21:13:48.394352100
[2025-04-06 21:18:48] [34mINFO[0;39m [36mg.service.ubs.OrderLockServiceImpl      [0;39m [35m:62  [0;39m Unlock orders
[2025-04-06 21:19:48] [34mINFO[0;39m [36mg.service.ubs.OrderLockServiceImpl      [0;39m [35m:60  [0;39m Time: 2025-04-06T21:14:48.367258500
[2025-04-06 21:19:48] [34mINFO[0;39m [36mg.service.ubs.OrderLockServiceImpl      [0;39m [35m:62  [0;39m Unlock orders
[2025-04-06 21:20:48] [34mINFO[0;39m [36mg.service.ubs.OrderLockServiceImpl      [0;39m [35m:60  [0;39m Time: 2025-04-06T21:15:48.372772800
[2025-04-06 21:20:48] [34mINFO[0;39m [36mg.service.ubs.OrderLockServiceImpl      [0;39m [35m:62  [0;39m Unlock orders
[2025-04-06 21:21:48] [34mINFO[0;39m [36mg.service.ubs.OrderLockServiceImpl      [0;39m [35m:60  [0;39m Time: 2025-04-06T21:16:48.379797900
[2025-04-06 21:21:48] [34mINFO[0;39m [36mg.service.ubs.OrderLockServiceImpl      [0;39m [35m:62  [0;39m Unlock orders
[2025-04-06 21:22:48] [34mINFO[0;39m [36mg.service.ubs.OrderLockServiceImpl      [0;39m [35m:60  [0;39m Time: 2025-04-06T21:17:48.365608500
[2025-04-06 21:22:48] [34mINFO[0;39m [36mg.service.ubs.OrderLockServiceImpl      [0;39m [35m:62  [0;39m Unlock orders
[2025-04-06 21:23:48] [34mINFO[0;39m [36mg.service.ubs.OrderLockServiceImpl      [0;39m [35m:60  [0;39m Time: 2025-04-06T21:18:48.368336700
[2025-04-06 21:23:48] [34mINFO[0;39m [36mg.service.ubs.OrderLockServiceImpl      [0;39m [35m:62  [0;39m Unlock orders
[2025-04-06 21:24:48] [34mINFO[0;39m [36mg.service.ubs.OrderLockServiceImpl      [0;39m [35m:60  [0;39m Time: 2025-04-06T21:19:48.368176600
[2025-04-06 21:24:48] [34mINFO[0;39m [36mg.service.ubs.OrderLockServiceImpl      [0;39m [35m:62  [0;39m Unlock orders
[2025-04-06 21:25:48] [34mINFO[0;39m [36mg.service.ubs.OrderLockServiceImpl      [0;39m [35m:60  [0;39m Time: 2025-04-06T21:20:48.376595400
[2025-04-06 21:25:48] [34mINFO[0;39m [36mg.service.ubs.OrderLockServiceImpl      [0;39m [35m:62  [0;39m Unlock orders
[2025-04-06 21:26:48] [34mINFO[0;39m [36mg.service.ubs.OrderLockServiceImpl      [0;39m [35m:60  [0;39m Time: 2025-04-06T21:21:48.372295200
[2025-04-06 21:26:48] [34mINFO[0;39m [36mg.service.ubs.OrderLockServiceImpl      [0;39m [35m:62  [0;39m Unlock orders
[2025-04-06 21:27:48] [34mINFO[0;39m [36mg.service.ubs.OrderLockServiceImpl      [0;39m [35m:60  [0;39m Time: 2025-04-06T21:22:48.379130500
[2025-04-06 21:27:48] [34mINFO[0;39m [36mg.service.ubs.OrderLockServiceImpl      [0;39m [35m:62  [0;39m Unlock orders
[2025-04-06 21:28:48] [34mINFO[0;39m [36mg.service.ubs.OrderLockServiceImpl      [0;39m [35m:60  [0;39m Time: 2025-04-06T21:23:48.369278500
[2025-04-06 21:28:48] [34mINFO[0;39m [36mg.service.ubs.OrderLockServiceImpl      [0;39m [35m:62  [0;39m Unlock orders
[2025-04-06 21:29:48] [34mINFO[0;39m [36mg.service.ubs.OrderLockServiceImpl      [0;39m [35m:60  [0;39m Time: 2025-04-06T21:24:48.366605500
[2025-04-06 21:29:48] [34mINFO[0;39m [36mg.service.ubs.OrderLockServiceImpl      [0;39m [35m:62  [0;39m Unlock orders
[2025-04-06 21:30:48] [34mINFO[0;39m [36mg.service.ubs.OrderLockServiceImpl      [0;39m [35m:60  [0;39m Time: 2025-04-06T21:25:48.371506500
[2025-04-06 21:30:48] [34mINFO[0;39m [36mg.service.ubs.OrderLockServiceImpl      [0;39m [35m:62  [0;39m Unlock orders
[2025-04-06 21:31:48] [34mINFO[0;39m [36mg.service.ubs.OrderLockServiceImpl      [0;39m [35m:60  [0;39m Time: 2025-04-06T21:26:48.376311200
[2025-04-06 21:31:48] [34mINFO[0;39m [36mg.service.ubs.OrderLockServiceImpl      [0;39m [35m:62  [0;39m Unlock orders
[2025-04-06 21:32:48] [34mINFO[0;39m [36mg.service.ubs.OrderLockServiceImpl      [0;39m [35m:60  [0;39m Time: 2025-04-06T21:27:48.365686900
[2025-04-06 21:32:48] [34mINFO[0;39m [36mg.service.ubs.OrderLockServiceImpl      [0;39m [35m:62  [0;39m Unlock orders
[2025-04-06 21:33:48] [34mINFO[0;39m [36mg.service.ubs.OrderLockServiceImpl      [0;39m [35m:60  [0;39m Time: 2025-04-06T21:28:48.379949400
[2025-04-06 21:33:48] [34mINFO[0;39m [36mg.service.ubs.OrderLockServiceImpl      [0;39m [35m:62  [0;39m Unlock orders
[2025-04-06 21:34:48] [34mINFO[0;39m [36mg.service.ubs.OrderLockServiceImpl      [0;39m [35m:60  [0;39m Time: 2025-04-06T21:29:48.367324300
[2025-04-06 21:34:48] [34mINFO[0;39m [36mg.service.ubs.OrderLockServiceImpl      [0;39m [35m:62  [0;39m Unlock orders
[2025-04-06 21:35:48] [34mINFO[0;39m [36mg.service.ubs.OrderLockServiceImpl      [0;39m [35m:60  [0;39m Time: 2025-04-06T21:30:48.369094900
[2025-04-06 21:35:48] [34mINFO[0;39m [36mg.service.ubs.OrderLockServiceImpl      [0;39m [35m:62  [0;39m Unlock orders
[2025-04-06 21:36:48] [34mINFO[0;39m [36mg.service.ubs.OrderLockServiceImpl      [0;39m [35m:60  [0;39m Time: 2025-04-06T21:31:48.377377900
[2025-04-06 21:36:48] [34mINFO[0;39m [36mg.service.ubs.OrderLockServiceImpl      [0;39m [35m:62  [0;39m Unlock orders
[2025-04-06 21:37:48] [34mINFO[0;39m [36mg.service.ubs.OrderLockServiceImpl      [0;39m [35m:60  [0;39m Time: 2025-04-06T21:32:48.366846200
[2025-04-06 21:37:48] [34mINFO[0;39m [36mg.service.ubs.OrderLockServiceImpl      [0;39m [35m:62  [0;39m Unlock orders
[2025-04-06 21:38:48] [34mINFO[0;39m [36mg.service.ubs.OrderLockServiceImpl      [0;39m [35m:60  [0;39m Time: 2025-04-06T21:33:48.377992800
[2025-04-06 21:38:48] [34mINFO[0;39m [36mg.service.ubs.OrderLockServiceImpl      [0;39m [35m:62  [0;39m Unlock orders
[2025-04-06 21:39:48] [34mINFO[0;39m [36mg.service.ubs.OrderLockServiceImpl      [0;39m [35m:60  [0;39m Time: 2025-04-06T21:34:48.375553100
[2025-04-06 21:39:48] [34mINFO[0;39m [36mg.service.ubs.OrderLockServiceImpl      [0;39m [35m:62  [0;39m Unlock orders
[2025-04-06 21:40:48] [34mINFO[0;39m [36mg.service.ubs.OrderLockServiceImpl      [0;39m [35m:60  [0;39m Time: 2025-04-06T21:35:48.366044900
[2025-04-06 21:40:48] [34mINFO[0;39m [36mg.service.ubs.OrderLockServiceImpl      [0;39m [35m:62  [0;39m Unlock orders
[2025-04-06 21:41:48] [34mINFO[0;39m [36mg.service.ubs.OrderLockServiceImpl      [0;39m [35m:60  [0;39m Time: 2025-04-06T21:36:48.369495900
[2025-04-06 21:41:48] [34mINFO[0;39m [36mg.service.ubs.OrderLockServiceImpl      [0;39m [35m:62  [0;39m Unlock orders
[2025-04-06 21:42:48] [34mINFO[0;39m [36mg.service.ubs.OrderLockServiceImpl      [0;39m [35m:60  [0;39m Time: 2025-04-06T21:37:48.381752300
[2025-04-06 21:42:48] [34mINFO[0;39m [36mg.service.ubs.OrderLockServiceImpl      [0;39m [35m:62  [0;39m Unlock orders
[2025-04-06 21:43:48] [34mINFO[0;39m [36mg.service.ubs.OrderLockServiceImpl      [0;39m [35m:60  [0;39m Time: 2025-04-06T21:38:48.379889500
[2025-04-06 21:43:48] [34mINFO[0;39m [36mg.service.ubs.OrderLockServiceImpl      [0;39m [35m:62  [0;39m Unlock orders
[2025-04-06 21:44:48] [34mINFO[0;39m [36mg.service.ubs.OrderLockServiceImpl      [0;39m [35m:60  [0;39m Time: 2025-04-06T21:39:48.366629900
[2025-04-06 21:44:48] [34mINFO[0;39m [36mg.service.ubs.OrderLockServiceImpl      [0;39m [35m:62  [0;39m Unlock orders
[2025-04-06 21:45:48] [34mINFO[0;39m [36mg.service.ubs.OrderLockServiceImpl      [0;39m [35m:60  [0;39m Time: 2025-04-06T21:40:48.373739300
[2025-04-06 21:45:48] [34mINFO[0;39m [36mg.service.ubs.OrderLockServiceImpl      [0;39m [35m:62  [0;39m Unlock orders
[2025-04-06 21:46:48] [34mINFO[0;39m [36mg.service.ubs.OrderLockServiceImpl      [0;39m [35m:60  [0;39m Time: 2025-04-06T21:41:48.373853300
[2025-04-06 21:46:48] [34mINFO[0;39m [36mg.service.ubs.OrderLockServiceImpl      [0;39m [35m:62  [0;39m Unlock orders
[2025-04-06 21:47:48] [34mINFO[0;39m [36mg.service.ubs.OrderLockServiceImpl      [0;39m [35m:60  [0;39m Time: 2025-04-06T21:42:48.370159700
[2025-04-06 21:47:48] [34mINFO[0;39m [36mg.service.ubs.OrderLockServiceImpl      [0;39m [35m:62  [0;39m Unlock orders
[2025-04-06 21:48:48] [34mINFO[0;39m [36mg.service.ubs.OrderLockServiceImpl      [0;39m [35m:60  [0;39m Time: 2025-04-06T21:43:48.378451100
[2025-04-06 21:48:48] [34mINFO[0;39m [36mg.service.ubs.OrderLockServiceImpl      [0;39m [35m:62  [0;39m Unlock orders
[2025-04-06 21:49:48] [34mINFO[0;39m [36mg.service.ubs.OrderLockServiceImpl      [0;39m [35m:60  [0;39m Time: 2025-04-06T21:44:48.369587700
[2025-04-06 21:49:48] [34mINFO[0;39m [36mg.service.ubs.OrderLockServiceImpl      [0;39m [35m:62  [0;39m Unlock orders
[2025-04-06 21:50:48] [34mINFO[0;39m [36mg.service.ubs.OrderLockServiceImpl      [0;39m [35m:60  [0;39m Time: 2025-04-06T21:45:48.368499100
[2025-04-06 21:50:48] [34mINFO[0;39m [36mg.service.ubs.OrderLockServiceImpl      [0;39m [35m:62  [0;39m Unlock orders
[2025-04-06 21:51:48] [34mINFO[0;39m [36mg.service.ubs.OrderLockServiceImpl      [0;39m [35m:60  [0;39m Time: 2025-04-06T21:46:48.365106400
[2025-04-06 21:51:48] [34mINFO[0;39m [36mg.service.ubs.OrderLockServiceImpl      [0;39m [35m:62  [0;39m Unlock orders
[2025-04-06 21:52:48] [34mINFO[0;39m [36mg.service.ubs.OrderLockServiceImpl      [0;39m [35m:60  [0;39m Time: 2025-04-06T21:47:48.371520900
[2025-04-06 21:52:48] [34mINFO[0;39m [36mg.service.ubs.OrderLockServiceImpl      [0;39m [35m:62  [0;39m Unlock orders
[2025-04-06 21:53:48] [34mINFO[0;39m [36mg.service.ubs.OrderLockServiceImpl      [0;39m [35m:60  [0;39m Time: 2025-04-06T21:48:48.370535
[2025-04-06 21:53:48] [34mINFO[0;39m [36mg.service.ubs.OrderLockServiceImpl      [0;39m [35m:62  [0;39m Unlock orders
[2025-04-06 21:54:48] [34mINFO[0;39m [36mg.service.ubs.OrderLockServiceImpl      [0;39m [35m:60  [0;39m Time: 2025-04-06T21:49:48.365540800
[2025-04-06 21:54:48] [34mINFO[0;39m [36mg.service.ubs.OrderLockServiceImpl      [0;39m [35m:62  [0;39m Unlock orders
[2025-04-06 21:55:48] [34mINFO[0;39m [36mg.service.ubs.OrderLockServiceImpl      [0;39m [35m:60  [0;39m Time: 2025-04-06T21:50:48.378595700
[2025-04-06 21:55:48] [34mINFO[0;39m [36mg.service.ubs.OrderLockServiceImpl      [0;39m [35m:62  [0;39m Unlock orders
[2025-04-06 21:56:48] [34mINFO[0;39m [36mg.service.ubs.OrderLockServiceImpl      [0;39m [35m:60  [0;39m Time: 2025-04-06T21:51:48.368296700
[2025-04-06 21:56:48] [34mINFO[0;39m [36mg.service.ubs.OrderLockServiceImpl      [0;39m [35m:62  [0;39m Unlock orders
[2025-04-06 21:57:48] [34mINFO[0;39m [36mg.service.ubs.OrderLockServiceImpl      [0;39m [35m:60  [0;39m Time: 2025-04-06T21:52:48.366088400
[2025-04-06 21:57:48] [34mINFO[0;39m [36mg.service.ubs.OrderLockServiceImpl      [0;39m [35m:62  [0;39m Unlock orders
[2025-04-06 21:58:48] [34mINFO[0;39m [36mg.service.ubs.OrderLockServiceImpl      [0;39m [35m:60  [0;39m Time: 2025-04-06T21:53:48.364831600
[2025-04-06 21:58:48] [34mINFO[0;39m [36mg.service.ubs.OrderLockServiceImpl      [0;39m [35m:62  [0;39m Unlock orders
[2025-04-06 21:59:48] [34mINFO[0;39m [36mg.service.ubs.OrderLockServiceImpl      [0;39m [35m:60  [0;39m Time: 2025-04-06T21:54:48.378153800
[2025-04-06 21:59:48] [34mINFO[0;39m [36mg.service.ubs.OrderLockServiceImpl      [0;39m [35m:62  [0;39m Unlock orders
[2025-04-06 22:00:48] [34mINFO[0;39m [36mg.service.ubs.OrderLockServiceImpl      [0;39m [35m:60  [0;39m Time: 2025-04-06T21:55:48.367527600
[2025-04-06 22:00:48] [34mINFO[0;39m [36mg.service.ubs.OrderLockServiceImpl      [0;39m [35m:62  [0;39m Unlock orders
[2025-04-06 22:01:48] [34mINFO[0;39m [36mg.service.ubs.OrderLockServiceImpl      [0;39m [35m:60  [0;39m Time: 2025-04-06T21:56:48.365588200
[2025-04-06 22:01:48] [34mINFO[0;39m [36mg.service.ubs.OrderLockServiceImpl      [0;39m [35m:62  [0;39m Unlock orders
[2025-04-06 22:02:48] [34mINFO[0;39m [36mg.service.ubs.OrderLockServiceImpl      [0;39m [35m:60  [0;39m Time: 2025-04-06T21:57:48.370043800
[2025-04-06 22:02:48] [34mINFO[0;39m [36mg.service.ubs.OrderLockServiceImpl      [0;39m [35m:62  [0;39m Unlock orders
[2025-04-06 22:03:48] [34mINFO[0;39m [36mg.service.ubs.OrderLockServiceImpl      [0;39m [35m:60  [0;39m Time: 2025-04-06T21:58:48.369860200
[2025-04-06 22:03:48] [34mINFO[0;39m [36mg.service.ubs.OrderLockServiceImpl      [0;39m [35m:62  [0;39m Unlock orders
[2025-04-06 22:04:48] [34mINFO[0;39m [36mg.service.ubs.OrderLockServiceImpl      [0;39m [35m:60  [0;39m Time: 2025-04-06T21:59:48.376634700
[2025-04-06 22:04:48] [34mINFO[0;39m [36mg.service.ubs.OrderLockServiceImpl      [0;39m [35m:62  [0;39m Unlock orders
[2025-04-06 22:05:48] [34mINFO[0;39m [36mg.service.ubs.OrderLockServiceImpl      [0;39m [35m:60  [0;39m Time: 2025-04-06T22:00:48.378488600
[2025-04-06 22:05:48] [34mINFO[0;39m [36mg.service.ubs.OrderLockServiceImpl      [0;39m [35m:62  [0;39m Unlock orders
[2025-04-06 22:06:48] [34mINFO[0;39m [36mg.service.ubs.OrderLockServiceImpl      [0;39m [35m:60  [0;39m Time: 2025-04-06T22:01:48.374715700
[2025-04-06 22:06:48] [34mINFO[0;39m [36mg.service.ubs.OrderLockServiceImpl      [0;39m [35m:62  [0;39m Unlock orders
[2025-04-06 22:07:48] [34mINFO[0;39m [36mg.service.ubs.OrderLockServiceImpl      [0;39m [35m:60  [0;39m Time: 2025-04-06T22:02:48.373179700
[2025-04-06 22:07:48] [34mINFO[0;39m [36mg.service.ubs.OrderLockServiceImpl      [0;39m [35m:62  [0;39m Unlock orders
[2025-04-06 22:08:48] [34mINFO[0;39m [36mg.service.ubs.OrderLockServiceImpl      [0;39m [35m:60  [0;39m Time: 2025-04-06T22:03:48.374937900
[2025-04-06 22:08:48] [34mINFO[0;39m [36mg.service.ubs.OrderLockServiceImpl      [0;39m [35m:62  [0;39m Unlock orders
[2025-04-06 22:09:48] [34mINFO[0;39m [36mg.service.ubs.OrderLockServiceImpl      [0;39m [35m:60  [0;39m Time: 2025-04-06T22:04:48.364522300
[2025-04-06 22:09:48] [34mINFO[0;39m [36mg.service.ubs.OrderLockServiceImpl      [0;39m [35m:62  [0;39m Unlock orders
[2025-04-06 22:10:48] [34mINFO[0;39m [36mg.service.ubs.OrderLockServiceImpl      [0;39m [35m:60  [0;39m Time: 2025-04-06T22:05:48.369367400
[2025-04-06 22:10:48] [34mINFO[0;39m [36mg.service.ubs.OrderLockServiceImpl      [0;39m [35m:62  [0;39m Unlock orders
[2025-04-06 22:11:48] [34mINFO[0;39m [36mg.service.ubs.OrderLockServiceImpl      [0;39m [35m:60  [0;39m Time: 2025-04-06T22:06:48.369502800
[2025-04-06 22:11:48] [34mINFO[0;39m [36mg.service.ubs.OrderLockServiceImpl      [0;39m [35m:62  [0;39m Unlock orders
[2025-04-06 22:12:48] [34mINFO[0;39m [36mg.service.ubs.OrderLockServiceImpl      [0;39m [35m:60  [0;39m Time: 2025-04-06T22:07:48.366695300
[2025-04-06 22:12:48] [34mINFO[0;39m [36mg.service.ubs.OrderLockServiceImpl      [0;39m [35m:62  [0;39m Unlock orders
[2025-04-06 22:13:48] [34mINFO[0;39m [36mg.service.ubs.OrderLockServiceImpl      [0;39m [35m:60  [0;39m Time: 2025-04-06T22:08:48.371816700
[2025-04-06 22:13:48] [34mINFO[0;39m [36mg.service.ubs.OrderLockServiceImpl      [0;39m [35m:62  [0;39m Unlock orders
[2025-04-06 22:14:48] [34mINFO[0;39m [36mg.service.ubs.OrderLockServiceImpl      [0;39m [35m:60  [0;39m Time: 2025-04-06T22:09:48.366402200
[2025-04-06 22:14:48] [34mINFO[0;39m [36mg.service.ubs.OrderLockServiceImpl      [0;39m [35m:62  [0;39m Unlock orders
[2025-04-06 22:15:48] [34mINFO[0;39m [36mg.service.ubs.OrderLockServiceImpl      [0;39m [35m:60  [0;39m Time: 2025-04-06T22:10:48.366323900
[2025-04-06 22:15:48] [34mINFO[0;39m [36mg.service.ubs.OrderLockServiceImpl      [0;39m [35m:62  [0;39m Unlock orders
[2025-04-06 22:16:48] [34mINFO[0;39m [36mg.service.ubs.OrderLockServiceImpl      [0;39m [35m:60  [0;39m Time: 2025-04-06T22:11:48.370784100
[2025-04-06 22:16:48] [34mINFO[0;39m [36mg.service.ubs.OrderLockServiceImpl      [0;39m [35m:62  [0;39m Unlock orders
[2025-04-06 22:17:48] [34mINFO[0;39m [36mg.service.ubs.OrderLockServiceImpl      [0;39m [35m:60  [0;39m Time: 2025-04-06T22:12:48.377097100
[2025-04-06 22:17:48] [34mINFO[0;39m [36mg.service.ubs.OrderLockServiceImpl      [0;39m [35m:62  [0;39m Unlock orders
[2025-04-06 22:18:48] [34mINFO[0;39m [36mg.service.ubs.OrderLockServiceImpl      [0;39m [35m:60  [0;39m Time: 2025-04-06T22:13:48.376482400
[2025-04-06 22:18:48] [34mINFO[0;39m [36mg.service.ubs.OrderLockServiceImpl      [0;39m [35m:62  [0;39m Unlock orders
[2025-04-06 22:38:00] [31mWARN[0;39m [36mcom.zaxxer.hikari.pool.HikariPool       [0;39m [35m:804 [0;39m HikariPool-1 - Thread starvation or clock leap detected (housekeeper delta=19m17s221ms900µs500ns).
[2025-04-06 22:38:35] [34mINFO[0;39m [36mg.service.ubs.OrderLockServiceImpl      [0;39m [35m:60  [0;39m Time: 2025-04-06T22:33:35.592775800
[2025-04-06 22:38:35] [34mINFO[0;39m [36mg.service.ubs.OrderLockServiceImpl      [0;39m [35m:62  [0;39m Unlock orders
[2025-04-06 22:38:35] [34mINFO[0;39m [36mg.service.ubs.OrderLockServiceImpl      [0;39m [35m:60  [0;39m Time: 2025-04-06T22:33:35.609764700
[2025-04-06 22:38:35] [34mINFO[0;39m [36mg.service.ubs.OrderLockServiceImpl      [0;39m [35m:62  [0;39m Unlock orders
[2025-04-06 22:38:35] [34mINFO[0;39m [36mg.service.ubs.OrderLockServiceImpl      [0;39m [35m:60  [0;39m Time: 2025-04-06T22:33:35.610764300
[2025-04-06 22:38:35] [34mINFO[0;39m [36mg.service.ubs.OrderLockServiceImpl      [0;39m [35m:62  [0;39m Unlock orders
[2025-04-06 22:38:35] [34mINFO[0;39m [36mg.service.ubs.OrderLockServiceImpl      [0;39m [35m:60  [0;39m Time: 2025-04-06T22:33:35.611761700
[2025-04-06 22:38:35] [34mINFO[0;39m [36mg.service.ubs.OrderLockServiceImpl      [0;39m [35m:62  [0;39m Unlock orders
[2025-04-06 22:38:35] [34mINFO[0;39m [36mg.service.ubs.OrderLockServiceImpl      [0;39m [35m:60  [0;39m Time: 2025-04-06T22:33:35.611761700
[2025-04-06 22:38:35] [34mINFO[0;39m [36mg.service.ubs.OrderLockServiceImpl      [0;39m [35m:62  [0;39m Unlock orders
[2025-04-06 22:38:35] [34mINFO[0;39m [36mg.service.ubs.OrderLockServiceImpl      [0;39m [35m:60  [0;39m Time: 2025-04-06T22:33:35.612762800
[2025-04-06 22:38:35] [34mINFO[0;39m [36mg.service.ubs.OrderLockServiceImpl      [0;39m [35m:62  [0;39m Unlock orders
[2025-04-06 22:38:35] [34mINFO[0;39m [36mg.service.ubs.OrderLockServiceImpl      [0;39m [35m:60  [0;39m Time: 2025-04-06T22:33:35.613761400
[2025-04-06 22:38:35] [34mINFO[0;39m [36mg.service.ubs.OrderLockServiceImpl      [0;39m [35m:62  [0;39m Unlock orders
[2025-04-06 22:38:35] [34mINFO[0;39m [36mg.service.ubs.OrderLockServiceImpl      [0;39m [35m:60  [0;39m Time: 2025-04-06T22:33:35.613761400
[2025-04-06 22:38:35] [34mINFO[0;39m [36mg.service.ubs.OrderLockServiceImpl      [0;39m [35m:62  [0;39m Unlock orders
[2025-04-06 22:38:35] [34mINFO[0;39m [36mg.service.ubs.OrderLockServiceImpl      [0;39m [35m:60  [0;39m Time: 2025-04-06T22:33:35.614761800
[2025-04-06 22:38:35] [34mINFO[0;39m [36mg.service.ubs.OrderLockServiceImpl      [0;39m [35m:62  [0;39m Unlock orders
[2025-04-06 22:38:35] [34mINFO[0;39m [36mg.service.ubs.OrderLockServiceImpl      [0;39m [35m:60  [0;39m Time: 2025-04-06T22:33:35.614761800
[2025-04-06 22:38:35] [34mINFO[0;39m [36mg.service.ubs.OrderLockServiceImpl      [0;39m [35m:62  [0;39m Unlock orders
[2025-04-06 22:38:35] [34mINFO[0;39m [36mg.service.ubs.OrderLockServiceImpl      [0;39m [35m:60  [0;39m Time: 2025-04-06T22:33:35.615763100
[2025-04-06 22:38:35] [34mINFO[0;39m [36mg.service.ubs.OrderLockServiceImpl      [0;39m [35m:62  [0;39m Unlock orders
[2025-04-06 22:38:35] [34mINFO[0;39m [36mg.service.ubs.OrderLockServiceImpl      [0;39m [35m:60  [0;39m Time: 2025-04-06T22:33:35.615763100
[2025-04-06 22:38:35] [34mINFO[0;39m [36mg.service.ubs.OrderLockServiceImpl      [0;39m [35m:62  [0;39m Unlock orders
[2025-04-06 22:38:35] [34mINFO[0;39m [36mg.service.ubs.OrderLockServiceImpl      [0;39m [35m:60  [0;39m Time: 2025-04-06T22:33:35.616762700
[2025-04-06 22:38:35] [34mINFO[0;39m [36mg.service.ubs.OrderLockServiceImpl      [0;39m [35m:62  [0;39m Unlock orders
[2025-04-06 22:38:35] [34mINFO[0;39m [36mg.service.ubs.OrderLockServiceImpl      [0;39m [35m:60  [0;39m Time: 2025-04-06T22:33:35.616762700
[2025-04-06 22:38:35] [34mINFO[0;39m [36mg.service.ubs.OrderLockServiceImpl      [0;39m [35m:62  [0;39m Unlock orders
[2025-04-06 22:38:35] [34mINFO[0;39m [36mg.service.ubs.OrderLockServiceImpl      [0;39m [35m:60  [0;39m Time: 2025-04-06T22:33:35.617762600
[2025-04-06 22:38:35] [34mINFO[0;39m [36mg.service.ubs.OrderLockServiceImpl      [0;39m [35m:62  [0;39m Unlock orders
[2025-04-06 22:38:35] [34mINFO[0;39m [36mg.service.ubs.OrderLockServiceImpl      [0;39m [35m:60  [0;39m Time: 2025-04-06T22:33:35.617762600
[2025-04-06 22:38:35] [34mINFO[0;39m [36mg.service.ubs.OrderLockServiceImpl      [0;39m [35m:62  [0;39m Unlock orders
[2025-04-06 22:38:35] [34mINFO[0;39m [36mg.service.ubs.OrderLockServiceImpl      [0;39m [35m:60  [0;39m Time: 2025-04-06T22:33:35.618762600
[2025-04-06 22:38:35] [34mINFO[0;39m [36mg.service.ubs.OrderLockServiceImpl      [0;39m [35m:62  [0;39m Unlock orders
[2025-04-06 22:38:35] [34mINFO[0;39m [36mg.service.ubs.OrderLockServiceImpl      [0;39m [35m:60  [0;39m Time: 2025-04-06T22:33:35.618762600
[2025-04-06 22:38:35] [34mINFO[0;39m [36mg.service.ubs.OrderLockServiceImpl      [0;39m [35m:62  [0;39m Unlock orders
[2025-04-06 22:38:35] [34mINFO[0;39m [36mg.service.ubs.OrderLockServiceImpl      [0;39m [35m:60  [0;39m Time: 2025-04-06T22:33:35.619762100
[2025-04-06 22:38:35] [34mINFO[0;39m [36mg.service.ubs.OrderLockServiceImpl      [0;39m [35m:62  [0;39m Unlock orders
[2025-04-06 22:38:48] [34mINFO[0;39m [36mg.service.ubs.OrderLockServiceImpl      [0;39m [35m:60  [0;39m Time: 2025-04-06T22:33:48.368830500
[2025-04-06 22:38:48] [34mINFO[0;39m [36mg.service.ubs.OrderLockServiceImpl      [0;39m [35m:62  [0;39m Unlock orders
[2025-04-06 22:39:48] [34mINFO[0;39m [36mg.service.ubs.OrderLockServiceImpl      [0;39m [35m:60  [0;39m Time: 2025-04-06T22:34:48.365559300
[2025-04-06 22:39:48] [34mINFO[0;39m [36mg.service.ubs.OrderLockServiceImpl      [0;39m [35m:62  [0;39m Unlock orders
[2025-04-06 22:40:48] [34mINFO[0;39m [36mg.service.ubs.OrderLockServiceImpl      [0;39m [35m:60  [0;39m Time: 2025-04-06T22:35:48.364258400
[2025-04-06 22:40:48] [34mINFO[0;39m [36mg.service.ubs.OrderLockServiceImpl      [0;39m [35m:62  [0;39m Unlock orders
[2025-04-06 22:41:48] [34mINFO[0;39m [36mg.service.ubs.OrderLockServiceImpl      [0;39m [35m:60  [0;39m Time: 2025-04-06T22:36:48.365052700
[2025-04-06 22:41:48] [34mINFO[0;39m [36mg.service.ubs.OrderLockServiceImpl      [0;39m [35m:62  [0;39m Unlock orders
[2025-04-06 22:42:48] [34mINFO[0;39m [36mg.service.ubs.OrderLockServiceImpl      [0;39m [35m:60  [0;39m Time: 2025-04-06T22:37:48.364019700
[2025-04-06 22:42:48] [34mINFO[0;39m [36mg.service.ubs.OrderLockServiceImpl      [0;39m [35m:62  [0;39m Unlock orders
[2025-04-06 22:43:48] [34mINFO[0;39m [36mg.service.ubs.OrderLockServiceImpl      [0;39m [35m:60  [0;39m Time: 2025-04-06T22:38:48.370867
[2025-04-06 22:43:48] [34mINFO[0;39m [36mg.service.ubs.OrderLockServiceImpl      [0;39m [35m:62  [0;39m Unlock orders
[2025-04-06 22:44:48] [34mINFO[0;39m [36mg.service.ubs.OrderLockServiceImpl      [0;39m [35m:60  [0;39m Time: 2025-04-06T22:39:48.373657400
[2025-04-06 22:44:48] [34mINFO[0;39m [36mg.service.ubs.OrderLockServiceImpl      [0;39m [35m:62  [0;39m Unlock orders
[2025-04-06 22:45:48] [34mINFO[0;39m [36mg.service.ubs.OrderLockServiceImpl      [0;39m [35m:60  [0;39m Time: 2025-04-06T22:40:48.370771
[2025-04-06 22:45:48] [34mINFO[0;39m [36mg.service.ubs.OrderLockServiceImpl      [0;39m [35m:62  [0;39m Unlock orders
[2025-04-06 22:46:48] [34mINFO[0;39m [36mg.service.ubs.OrderLockServiceImpl      [0;39m [35m:60  [0;39m Time: 2025-04-06T22:41:48.377947800
[2025-04-06 22:46:48] [34mINFO[0;39m [36mg.service.ubs.OrderLockServiceImpl      [0;39m [35m:62  [0;39m Unlock orders
[2025-04-06 22:47:48] [34mINFO[0;39m [36mg.service.ubs.OrderLockServiceImpl      [0;39m [35m:60  [0;39m Time: 2025-04-06T22:42:48.370086900
[2025-04-06 22:47:48] [34mINFO[0;39m [36mg.service.ubs.OrderLockServiceImpl      [0;39m [35m:62  [0;39m Unlock orders
[2025-04-06 22:48:48] [34mINFO[0;39m [36mg.service.ubs.OrderLockServiceImpl      [0;39m [35m:60  [0;39m Time: 2025-04-06T22:43:48.368835400
[2025-04-06 22:48:48] [34mINFO[0;39m [36mg.service.ubs.OrderLockServiceImpl      [0;39m [35m:62  [0;39m Unlock orders
[2025-04-06 22:49:48] [34mINFO[0;39m [36mg.service.ubs.OrderLockServiceImpl      [0;39m [35m:60  [0;39m Time: 2025-04-06T22:44:48.366027200
[2025-04-06 22:49:48] [34mINFO[0;39m [36mg.service.ubs.OrderLockServiceImpl      [0;39m [35m:62  [0;39m Unlock orders
[2025-04-06 22:50:48] [34mINFO[0;39m [36mg.service.ubs.OrderLockServiceImpl      [0;39m [35m:60  [0;39m Time: 2025-04-06T22:45:48.372674800
[2025-04-06 22:50:48] [34mINFO[0;39m [36mg.service.ubs.OrderLockServiceImpl      [0;39m [35m:62  [0;39m Unlock orders
[2025-04-06 22:51:48] [34mINFO[0;39m [36mg.service.ubs.OrderLockServiceImpl      [0;39m [35m:60  [0;39m Time: 2025-04-06T22:46:48.375030900
[2025-04-06 22:51:48] [34mINFO[0;39m [36mg.service.ubs.OrderLockServiceImpl      [0;39m [35m:62  [0;39m Unlock orders
[2025-04-06 22:52:48] [34mINFO[0;39m [36mg.service.ubs.OrderLockServiceImpl      [0;39m [35m:60  [0;39m Time: 2025-04-06T22:47:48.369938500
[2025-04-06 22:52:48] [34mINFO[0;39m [36mg.service.ubs.OrderLockServiceImpl      [0;39m [35m:62  [0;39m Unlock orders
[2025-04-06 22:53:48] [34mINFO[0;39m [36mg.service.ubs.OrderLockServiceImpl      [0;39m [35m:60  [0;39m Time: 2025-04-06T22:48:48.379448500
[2025-04-06 22:53:48] [34mINFO[0;39m [36mg.service.ubs.OrderLockServiceImpl      [0;39m [35m:62  [0;39m Unlock orders
[2025-04-06 22:54:48] [34mINFO[0;39m [36mg.service.ubs.OrderLockServiceImpl      [0;39m [35m:60  [0;39m Time: 2025-04-06T22:49:48.374709800
[2025-04-06 22:54:48] [34mINFO[0;39m [36mg.service.ubs.OrderLockServiceImpl      [0;39m [35m:62  [0;39m Unlock orders
[2025-04-06 22:55:48] [34mINFO[0;39m [36mg.service.ubs.OrderLockServiceImpl      [0;39m [35m:60  [0;39m Time: 2025-04-06T22:50:48.379004700
[2025-04-06 22:55:48] [34mINFO[0;39m [36mg.service.ubs.OrderLockServiceImpl      [0;39m [35m:62  [0;39m Unlock orders
[2025-04-06 22:56:48] [34mINFO[0;39m [36mg.service.ubs.OrderLockServiceImpl      [0;39m [35m:60  [0;39m Time: 2025-04-06T22:51:48.372399200
[2025-04-06 22:56:48] [34mINFO[0;39m [36mg.service.ubs.OrderLockServiceImpl      [0;39m [35m:62  [0;39m Unlock orders
[2025-04-06 22:57:48] [34mINFO[0;39m [36mg.service.ubs.OrderLockServiceImpl      [0;39m [35m:60  [0;39m Time: 2025-04-06T22:52:48.370929300
[2025-04-06 22:57:48] [34mINFO[0;39m [36mg.service.ubs.OrderLockServiceImpl      [0;39m [35m:62  [0;39m Unlock orders
[2025-04-06 22:58:48] [34mINFO[0;39m [36mg.service.ubs.OrderLockServiceImpl      [0;39m [35m:60  [0;39m Time: 2025-04-06T22:53:48.365816600
[2025-04-06 22:58:48] [34mINFO[0;39m [36mg.service.ubs.OrderLockServiceImpl      [0;39m [35m:62  [0;39m Unlock orders
[2025-04-06 22:59:48] [34mINFO[0;39m [36mg.service.ubs.OrderLockServiceImpl      [0;39m [35m:60  [0;39m Time: 2025-04-06T22:54:48.367887900
[2025-04-06 22:59:48] [34mINFO[0;39m [36mg.service.ubs.OrderLockServiceImpl      [0;39m [35m:62  [0;39m Unlock orders
[2025-04-06 23:00:48] [34mINFO[0;39m [36mg.service.ubs.OrderLockServiceImpl      [0;39m [35m:60  [0;39m Time: 2025-04-06T22:55:48.376512800
[2025-04-06 23:00:48] [34mINFO[0;39m [36mg.service.ubs.OrderLockServiceImpl      [0;39m [35m:62  [0;39m Unlock orders
[2025-04-06 23:01:48] [34mINFO[0;39m [36mg.service.ubs.OrderLockServiceImpl      [0;39m [35m:60  [0;39m Time: 2025-04-06T22:56:48.377497800
[2025-04-06 23:01:48] [34mINFO[0;39m [36mg.service.ubs.OrderLockServiceImpl      [0;39m [35m:62  [0;39m Unlock orders
[2025-04-06 23:02:48] [34mINFO[0;39m [36mg.service.ubs.OrderLockServiceImpl      [0;39m [35m:60  [0;39m Time: 2025-04-06T22:57:48.363644200
[2025-04-06 23:02:48] [34mINFO[0;39m [36mg.service.ubs.OrderLockServiceImpl      [0;39m [35m:62  [0;39m Unlock orders
[2025-04-06 23:03:48] [34mINFO[0;39m [36mg.service.ubs.OrderLockServiceImpl      [0;39m [35m:60  [0;39m Time: 2025-04-06T22:58:48.365292500
[2025-04-06 23:03:48] [34mINFO[0;39m [36mg.service.ubs.OrderLockServiceImpl      [0;39m [35m:62  [0;39m Unlock orders
[2025-04-06 23:04:48] [34mINFO[0;39m [36mg.service.ubs.OrderLockServiceImpl      [0;39m [35m:60  [0;39m Time: 2025-04-06T22:59:48.373833200
[2025-04-06 23:04:48] [34mINFO[0;39m [36mg.service.ubs.OrderLockServiceImpl      [0;39m [35m:62  [0;39m Unlock orders
[2025-04-06 23:05:48] [34mINFO[0;39m [36mg.service.ubs.OrderLockServiceImpl      [0;39m [35m:60  [0;39m Time: 2025-04-06T23:00:48.366739600
[2025-04-06 23:05:48] [34mINFO[0;39m [36mg.service.ubs.OrderLockServiceImpl      [0;39m [35m:62  [0;39m Unlock orders
[2025-04-06 23:06:48] [34mINFO[0;39m [36mg.service.ubs.OrderLockServiceImpl      [0;39m [35m:60  [0;39m Time: 2025-04-06T23:01:48.364867800
[2025-04-06 23:06:48] [34mINFO[0;39m [36mg.service.ubs.OrderLockServiceImpl      [0;39m [35m:62  [0;39m Unlock orders
[2025-04-06 23:07:48] [34mINFO[0;39m [36mg.service.ubs.OrderLockServiceImpl      [0;39m [35m:60  [0;39m Time: 2025-04-06T23:02:48.378380600
[2025-04-06 23:07:48] [34mINFO[0;39m [36mg.service.ubs.OrderLockServiceImpl      [0;39m [35m:62  [0;39m Unlock orders
[2025-04-06 23:08:48] [34mINFO[0;39m [36mg.service.ubs.OrderLockServiceImpl      [0;39m [35m:60  [0;39m Time: 2025-04-06T23:03:48.369568
[2025-04-06 23:08:48] [34mINFO[0;39m [36mg.service.ubs.OrderLockServiceImpl      [0;39m [35m:62  [0;39m Unlock orders
[2025-04-06 23:09:48] [34mINFO[0;39m [36mg.service.ubs.OrderLockServiceImpl      [0;39m [35m:60  [0;39m Time: 2025-04-06T23:04:48.377901800
[2025-04-06 23:09:48] [34mINFO[0;39m [36mg.service.ubs.OrderLockServiceImpl      [0;39m [35m:62  [0;39m Unlock orders
[2025-04-06 23:10:48] [34mINFO[0;39m [36mg.service.ubs.OrderLockServiceImpl      [0;39m [35m:60  [0;39m Time: 2025-04-06T23:05:48.377506400
[2025-04-06 23:10:48] [34mINFO[0;39m [36mg.service.ubs.OrderLockServiceImpl      [0;39m [35m:62  [0;39m Unlock orders
[2025-04-06 23:11:48] [34mINFO[0;39m [36mg.service.ubs.OrderLockServiceImpl      [0;39m [35m:60  [0;39m Time: 2025-04-06T23:06:48.378551500
[2025-04-06 23:11:48] [34mINFO[0;39m [36mg.service.ubs.OrderLockServiceImpl      [0;39m [35m:62  [0;39m Unlock orders
[2025-04-06 23:12:48] [34mINFO[0;39m [36mg.service.ubs.OrderLockServiceImpl      [0;39m [35m:60  [0;39m Time: 2025-04-06T23:07:48.378959200
[2025-04-06 23:12:48] [34mINFO[0;39m [36mg.service.ubs.OrderLockServiceImpl      [0;39m [35m:62  [0;39m Unlock orders
[2025-04-06 23:13:48] [34mINFO[0;39m [36mg.service.ubs.OrderLockServiceImpl      [0;39m [35m:60  [0;39m Time: 2025-04-06T23:08:48.363936100
[2025-04-06 23:13:48] [34mINFO[0;39m [36mg.service.ubs.OrderLockServiceImpl      [0;39m [35m:62  [0;39m Unlock orders
[2025-04-06 23:14:48] [34mINFO[0;39m [36mg.service.ubs.OrderLockServiceImpl      [0;39m [35m:60  [0;39m Time: 2025-04-06T23:09:48.369351500
[2025-04-06 23:14:48] [34mINFO[0;39m [36mg.service.ubs.OrderLockServiceImpl      [0;39m [35m:62  [0;39m Unlock orders
[2025-04-06 23:15:48] [34mINFO[0;39m [36mg.service.ubs.OrderLockServiceImpl      [0;39m [35m:60  [0;39m Time: 2025-04-06T23:10:48.378997800
[2025-04-06 23:15:48] [34mINFO[0;39m [36mg.service.ubs.OrderLockServiceImpl      [0;39m [35m:62  [0;39m Unlock orders
[2025-04-06 23:16:48] [34mINFO[0;39m [36mg.service.ubs.OrderLockServiceImpl      [0;39m [35m:60  [0;39m Time: 2025-04-06T23:11:48.366821700
[2025-04-06 23:16:48] [34mINFO[0;39m [36mg.service.ubs.OrderLockServiceImpl      [0;39m [35m:62  [0;39m Unlock orders
[2025-04-06 23:17:48] [34mINFO[0;39m [36mg.service.ubs.OrderLockServiceImpl      [0;39m [35m:60  [0;39m Time: 2025-04-06T23:12:48.368492200
[2025-04-06 23:17:48] [34mINFO[0;39m [36mg.service.ubs.OrderLockServiceImpl      [0;39m [35m:62  [0;39m Unlock orders
[2025-04-06 23:18:48] [34mINFO[0;39m [36mg.service.ubs.OrderLockServiceImpl      [0;39m [35m:60  [0;39m Time: 2025-04-06T23:13:48.366381600
[2025-04-06 23:18:48] [34mINFO[0;39m [36mg.service.ubs.OrderLockServiceImpl      [0;39m [35m:62  [0;39m Unlock orders
[2025-04-06 23:19:48] [34mINFO[0;39m [36mg.service.ubs.OrderLockServiceImpl      [0;39m [35m:60  [0;39m Time: 2025-04-06T23:14:48.366622100
[2025-04-06 23:19:48] [34mINFO[0;39m [36mg.service.ubs.OrderLockServiceImpl      [0;39m [35m:62  [0;39m Unlock orders
[2025-04-06 23:20:48] [34mINFO[0;39m [36mg.service.ubs.OrderLockServiceImpl      [0;39m [35m:60  [0;39m Time: 2025-04-06T23:15:48.365452500
[2025-04-06 23:20:48] [34mINFO[0;39m [36mg.service.ubs.OrderLockServiceImpl      [0;39m [35m:62  [0;39m Unlock orders
[2025-04-06 23:21:48] [34mINFO[0;39m [36mg.service.ubs.OrderLockServiceImpl      [0;39m [35m:60  [0;39m Time: 2025-04-06T23:16:48.367846900
[2025-04-06 23:21:48] [34mINFO[0;39m [36mg.service.ubs.OrderLockServiceImpl      [0;39m [35m:62  [0;39m Unlock orders
[2025-04-06 23:22:48] [34mINFO[0;39m [36mg.service.ubs.OrderLockServiceImpl      [0;39m [35m:60  [0;39m Time: 2025-04-06T23:17:48.376717500
[2025-04-06 23:22:48] [34mINFO[0;39m [36mg.service.ubs.OrderLockServiceImpl      [0;39m [35m:62  [0;39m Unlock orders
[2025-04-06 23:23:48] [34mINFO[0;39m [36mg.service.ubs.OrderLockServiceImpl      [0;39m [35m:60  [0;39m Time: 2025-04-06T23:18:48.374871800
[2025-04-06 23:23:48] [34mINFO[0;39m [36mg.service.ubs.OrderLockServiceImpl      [0;39m [35m:62  [0;39m Unlock orders
[2025-04-06 23:24:48] [34mINFO[0;39m [36mg.service.ubs.OrderLockServiceImpl      [0;39m [35m:60  [0;39m Time: 2025-04-06T23:19:48.371712
[2025-04-06 23:24:48] [34mINFO[0;39m [36mg.service.ubs.OrderLockServiceImpl      [0;39m [35m:62  [0;39m Unlock orders
[2025-04-06 23:25:48] [34mINFO[0;39m [36mg.service.ubs.OrderLockServiceImpl      [0;39m [35m:60  [0;39m Time: 2025-04-06T23:20:48.367564900
[2025-04-06 23:25:48] [34mINFO[0;39m [36mg.service.ubs.OrderLockServiceImpl      [0;39m [35m:62  [0;39m Unlock orders
[2025-04-06 23:26:48] [34mINFO[0;39m [36mg.service.ubs.OrderLockServiceImpl      [0;39m [35m:60  [0;39m Time: 2025-04-06T23:21:48.364012
[2025-04-06 23:26:48] [34mINFO[0;39m [36mg.service.ubs.OrderLockServiceImpl      [0;39m [35m:62  [0;39m Unlock orders
[2025-04-06 23:27:48] [34mINFO[0;39m [36mg.service.ubs.OrderLockServiceImpl      [0;39m [35m:60  [0;39m Time: 2025-04-06T23:22:48.378292
[2025-04-06 23:27:48] [34mINFO[0;39m [36mg.service.ubs.OrderLockServiceImpl      [0;39m [35m:62  [0;39m Unlock orders
[2025-04-06 23:28:48] [34mINFO[0;39m [36mg.service.ubs.OrderLockServiceImpl      [0;39m [35m:60  [0;39m Time: 2025-04-06T23:23:48.377003600
[2025-04-06 23:28:48] [34mINFO[0;39m [36mg.service.ubs.OrderLockServiceImpl      [0;39m [35m:62  [0;39m Unlock orders
[2025-04-06 23:29:48] [34mINFO[0;39m [36mg.service.ubs.OrderLockServiceImpl      [0;39m [35m:60  [0;39m Time: 2025-04-06T23:24:48.366126100
[2025-04-06 23:29:48] [34mINFO[0;39m [36mg.service.ubs.OrderLockServiceImpl      [0;39m [35m:62  [0;39m Unlock orders
[2025-04-06 23:30:48] [34mINFO[0;39m [36mg.service.ubs.OrderLockServiceImpl      [0;39m [35m:60  [0;39m Time: 2025-04-06T23:25:48.366117200
[2025-04-06 23:30:48] [34mINFO[0;39m [36mg.service.ubs.OrderLockServiceImpl      [0;39m [35m:62  [0;39m Unlock orders
[2025-04-06 23:31:48] [34mINFO[0;39m [36mg.service.ubs.OrderLockServiceImpl      [0;39m [35m:60  [0;39m Time: 2025-04-06T23:26:48.378046500
[2025-04-06 23:31:48] [34mINFO[0;39m [36mg.service.ubs.OrderLockServiceImpl      [0;39m [35m:62  [0;39m Unlock orders
[2025-04-06 23:32:48] [34mINFO[0;39m [36mg.service.ubs.OrderLockServiceImpl      [0;39m [35m:60  [0;39m Time: 2025-04-06T23:27:48.367248200
[2025-04-06 23:32:48] [34mINFO[0;39m [36mg.service.ubs.OrderLockServiceImpl      [0;39m [35m:62  [0;39m Unlock orders
[2025-04-06 23:33:48] [34mINFO[0;39m [36mg.service.ubs.OrderLockServiceImpl      [0;39m [35m:60  [0;39m Time: 2025-04-06T23:28:48.377844
[2025-04-06 23:33:48] [34mINFO[0;39m [36mg.service.ubs.OrderLockServiceImpl      [0;39m [35m:62  [0;39m Unlock orders
[2025-04-06 23:34:48] [34mINFO[0;39m [36mg.service.ubs.OrderLockServiceImpl      [0;39m [35m:60  [0;39m Time: 2025-04-06T23:29:48.365119900
[2025-04-06 23:34:48] [34mINFO[0;39m [36mg.service.ubs.OrderLockServiceImpl      [0;39m [35m:62  [0;39m Unlock orders
[2025-04-06 23:35:48] [34mINFO[0;39m [36mg.service.ubs.OrderLockServiceImpl      [0;39m [35m:60  [0;39m Time: 2025-04-06T23:30:48.368729200
[2025-04-06 23:35:48] [34mINFO[0;39m [36mg.service.ubs.OrderLockServiceImpl      [0;39m [35m:62  [0;39m Unlock orders
[2025-04-06 23:36:48] [34mINFO[0;39m [36mg.service.ubs.OrderLockServiceImpl      [0;39m [35m:60  [0;39m Time: 2025-04-06T23:31:48.367597700
[2025-04-06 23:36:48] [34mINFO[0;39m [36mg.service.ubs.OrderLockServiceImpl      [0;39m [35m:62  [0;39m Unlock orders
[2025-04-06 23:37:48] [34mINFO[0;39m [36mg.service.ubs.OrderLockServiceImpl      [0;39m [35m:60  [0;39m Time: 2025-04-06T23:32:48.369522200
[2025-04-06 23:37:48] [34mINFO[0;39m [36mg.service.ubs.OrderLockServiceImpl      [0;39m [35m:62  [0;39m Unlock orders
[2025-04-06 23:38:48] [34mINFO[0;39m [36mg.service.ubs.OrderLockServiceImpl      [0;39m [35m:60  [0;39m Time: 2025-04-06T23:33:48.371736200
[2025-04-06 23:38:48] [34mINFO[0;39m [36mg.service.ubs.OrderLockServiceImpl      [0;39m [35m:62  [0;39m Unlock orders
[2025-04-06 23:39:48] [34mINFO[0;39m [36mg.service.ubs.OrderLockServiceImpl      [0;39m [35m:60  [0;39m Time: 2025-04-06T23:34:48.374539300
[2025-04-06 23:39:48] [34mINFO[0;39m [36mg.service.ubs.OrderLockServiceImpl      [0;39m [35m:62  [0;39m Unlock orders
[2025-04-06 23:40:48] [34mINFO[0;39m [36mg.service.ubs.OrderLockServiceImpl      [0;39m [35m:60  [0;39m Time: 2025-04-06T23:35:48.367588900
[2025-04-06 23:40:48] [34mINFO[0;39m [36mg.service.ubs.OrderLockServiceImpl      [0;39m [35m:62  [0;39m Unlock orders
[2025-04-06 23:41:48] [34mINFO[0;39m [36mg.service.ubs.OrderLockServiceImpl      [0;39m [35m:60  [0;39m Time: 2025-04-06T23:36:48.373291800
[2025-04-06 23:41:48] [34mINFO[0;39m [36mg.service.ubs.OrderLockServiceImpl      [0;39m [35m:62  [0;39m Unlock orders
[2025-04-06 23:42:48] [34mINFO[0;39m [36mg.service.ubs.OrderLockServiceImpl      [0;39m [35m:60  [0;39m Time: 2025-04-06T23:37:48.369997400
[2025-04-06 23:42:48] [34mINFO[0;39m [36mg.service.ubs.OrderLockServiceImpl      [0;39m [35m:62  [0;39m Unlock orders
[2025-04-06 23:43:48] [34mINFO[0;39m [36mg.service.ubs.OrderLockServiceImpl      [0;39m [35m:60  [0;39m Time: 2025-04-06T23:38:48.364756300
[2025-04-06 23:43:48] [34mINFO[0;39m [36mg.service.ubs.OrderLockServiceImpl      [0;39m [35m:62  [0;39m Unlock orders
[2025-04-06 23:44:48] [34mINFO[0;39m [36mg.service.ubs.OrderLockServiceImpl      [0;39m [35m:60  [0;39m Time: 2025-04-06T23:39:48.377488500
[2025-04-06 23:44:48] [34mINFO[0;39m [36mg.service.ubs.OrderLockServiceImpl      [0;39m [35m:62  [0;39m Unlock orders
[2025-04-06 23:45:48] [34mINFO[0;39m [36mg.service.ubs.OrderLockServiceImpl      [0;39m [35m:60  [0;39m Time: 2025-04-06T23:40:48.376294500
[2025-04-06 23:45:48] [34mINFO[0;39m [36mg.service.ubs.OrderLockServiceImpl      [0;39m [35m:62  [0;39m Unlock orders
[2025-04-06 23:46:48] [34mINFO[0;39m [36mg.service.ubs.OrderLockServiceImpl      [0;39m [35m:60  [0;39m Time: 2025-04-06T23:41:48.378086200
[2025-04-06 23:46:48] [34mINFO[0;39m [36mg.service.ubs.OrderLockServiceImpl      [0;39m [35m:62  [0;39m Unlock orders
[2025-04-06 23:47:48] [34mINFO[0;39m [36mg.service.ubs.OrderLockServiceImpl      [0;39m [35m:60  [0;39m Time: 2025-04-06T23:42:48.365252900
[2025-04-06 23:47:48] [34mINFO[0;39m [36mg.service.ubs.OrderLockServiceImpl      [0;39m [35m:62  [0;39m Unlock orders
[2025-04-06 23:48:48] [34mINFO[0;39m [36mg.service.ubs.OrderLockServiceImpl      [0;39m [35m:60  [0;39m Time: 2025-04-06T23:43:48.374492600
[2025-04-06 23:48:48] [34mINFO[0;39m [36mg.service.ubs.OrderLockServiceImpl      [0;39m [35m:62  [0;39m Unlock orders
[2025-04-06 23:49:48] [34mINFO[0;39m [36mg.service.ubs.OrderLockServiceImpl      [0;39m [35m:60  [0;39m Time: 2025-04-06T23:44:48.371615900
[2025-04-06 23:49:48] [34mINFO[0;39m [36mg.service.ubs.OrderLockServiceImpl      [0;39m [35m:62  [0;39m Unlock orders
[2025-04-06 23:50:48] [34mINFO[0;39m [36mg.service.ubs.OrderLockServiceImpl      [0;39m [35m:60  [0;39m Time: 2025-04-06T23:45:48.373758100
[2025-04-06 23:50:48] [34mINFO[0;39m [36mg.service.ubs.OrderLockServiceImpl      [0;39m [35m:62  [0;39m Unlock orders
[2025-04-06 23:51:48] [34mINFO[0;39m [36mg.service.ubs.OrderLockServiceImpl      [0;39m [35m:60  [0;39m Time: 2025-04-06T23:46:48.367951300
[2025-04-06 23:51:48] [34mINFO[0;39m [36mg.service.ubs.OrderLockServiceImpl      [0;39m [35m:62  [0;39m Unlock orders
[2025-04-06 23:52:48] [34mINFO[0;39m [36mg.service.ubs.OrderLockServiceImpl      [0;39m [35m:60  [0;39m Time: 2025-04-06T23:47:48.377757700
[2025-04-06 23:52:48] [34mINFO[0;39m [36mg.service.ubs.OrderLockServiceImpl      [0;39m [35m:62  [0;39m Unlock orders
[2025-04-06 23:53:48] [34mINFO[0;39m [36mg.service.ubs.OrderLockServiceImpl      [0;39m [35m:60  [0;39m Time: 2025-04-06T23:48:48.378876400
[2025-04-06 23:53:48] [34mINFO[0;39m [36mg.service.ubs.OrderLockServiceImpl      [0;39m [35m:62  [0;39m Unlock orders
[2025-04-06 23:54:48] [34mINFO[0;39m [36mg.service.ubs.OrderLockServiceImpl      [0;39m [35m:60  [0;39m Time: 2025-04-06T23:49:48.366591500
[2025-04-06 23:54:48] [34mINFO[0;39m [36mg.service.ubs.OrderLockServiceImpl      [0;39m [35m:62  [0;39m Unlock orders
[2025-04-06 23:55:48] [34mINFO[0;39m [36mg.service.ubs.OrderLockServiceImpl      [0;39m [35m:60  [0;39m Time: 2025-04-06T23:50:48.376725700
[2025-04-06 23:55:48] [34mINFO[0;39m [36mg.service.ubs.OrderLockServiceImpl      [0;39m [35m:62  [0;39m Unlock orders
[2025-04-06 23:56:48] [34mINFO[0;39m [36mg.service.ubs.OrderLockServiceImpl      [0;39m [35m:60  [0;39m Time: 2025-04-06T23:51:48.369780600
[2025-04-06 23:56:48] [34mINFO[0;39m [36mg.service.ubs.OrderLockServiceImpl      [0;39m [35m:62  [0;39m Unlock orders
[2025-04-06 23:57:48] [34mINFO[0;39m [36mg.service.ubs.OrderLockServiceImpl      [0;39m [35m:60  [0;39m Time: 2025-04-06T23:52:48.369923700
[2025-04-06 23:57:48] [34mINFO[0;39m [36mg.service.ubs.OrderLockServiceImpl      [0;39m [35m:62  [0;39m Unlock orders
[2025-04-06 23:58:48] [34mINFO[0;39m [36mg.service.ubs.OrderLockServiceImpl      [0;39m [35m:60  [0;39m Time: 2025-04-06T23:53:48.365035900
[2025-04-06 23:58:48] [34mINFO[0;39m [36mg.service.ubs.OrderLockServiceImpl      [0;39m [35m:62  [0;39m Unlock orders
[2025-04-06 23:59:48] [34mINFO[0;39m [36mg.service.ubs.OrderLockServiceImpl      [0;39m [35m:60  [0;39m Time: 2025-04-06T23:54:48.364265900
[2025-04-06 23:59:48] [34mINFO[0;39m [36mg.service.ubs.OrderLockServiceImpl      [0;39m [35m:62  [0;39m Unlock orders
[2025-04-06 23:59:57] [34mINFO[0;39m [36mgreencity.config.OrderStatusScheduler   [0;39m [35m:23  [0;39m Update order status from actual status to expected status by the day of export
[2025-04-06 23:59:57] [34mINFO[0;39m [36mgreencity.config.CertificatesScheduler  [0;39m [35m:26  [0;39m Changing certificates status if expiration date has expired
