[2025-04-13 00:00:26] [34mINFO[0;39m [36mg.service.ubs.OrderLockServiceImpl      [0;39m [35m:60  [0;39m Time: 2025-04-12T23:55:26.095378500
[2025-04-13 00:00:26] [34mINFO[0;39m [36mg.service.ubs.OrderLockServiceImpl      [0;39m [35m:62  [0;39m Unlock orders
[2025-04-13 00:01:26] [34mINFO[0;39m [36mg.service.ubs.OrderLockServiceImpl      [0;39m [35m:60  [0;39m Time: 2025-04-12T23:56:26.099374700
[2025-04-13 00:01:26] [34mINFO[0;39m [36mg.service.ubs.OrderLockServiceImpl      [0;39m [35m:62  [0;39m Unlock orders
[2025-04-13 00:02:26] [34mINFO[0;39m [36mg.service.ubs.OrderLockServiceImpl      [0;39m [35m:60  [0;39m Time: 2025-04-12T23:57:26.100652900
[2025-04-13 00:02:26] [34mINFO[0;39m [36mg.service.ubs.OrderLockServiceImpl      [0;39m [35m:62  [0;39m Unlock orders
[2025-04-13 00:03:26] [34mINFO[0;39m [36mg.service.ubs.OrderLockServiceImpl      [0;39m [35m:60  [0;39m Time: 2025-04-12T23:58:26.102474700
[2025-04-13 00:03:26] [34mINFO[0;39m [36mg.service.ubs.OrderLockServiceImpl      [0;39m [35m:62  [0;39m Unlock orders
[2025-04-13 00:04:26] [34mINFO[0;39m [36mg.service.ubs.OrderLockServiceImpl      [0;39m [35m:60  [0;39m Time: 2025-04-12T23:59:26.087507
[2025-04-13 00:04:26] [34mINFO[0;39m [36mg.service.ubs.OrderLockServiceImpl      [0;39m [35m:62  [0;39m Unlock orders
[2025-04-13 00:05:26] [34mINFO[0;39m [36mg.service.ubs.OrderLockServiceImpl      [0;39m [35m:60  [0;39m Time: 2025-04-13T00:00:26.093699300
[2025-04-13 00:05:26] [34mINFO[0;39m [36mg.service.ubs.OrderLockServiceImpl      [0;39m [35m:62  [0;39m Unlock orders
[2025-04-13 00:06:26] [34mINFO[0;39m [36mg.service.ubs.OrderLockServiceImpl      [0;39m [35m:60  [0;39m Time: 2025-04-13T00:01:26.101330100
[2025-04-13 00:06:26] [34mINFO[0;39m [36mg.service.ubs.OrderLockServiceImpl      [0;39m [35m:62  [0;39m Unlock orders
[2025-04-13 00:08:28] [31mWARN[0;39m [36mcom.zaxxer.hikari.pool.HikariPool       [0;39m [35m:804 [0;39m HikariPool-1 - Thread starvation or clock leap detected (housekeeper delta=1m44s491ms923µs700ns).
[2025-04-13 00:08:40] [34mINFO[0;39m [36mg.service.ubs.OrderLockServiceImpl      [0;39m [35m:60  [0;39m Time: 2025-04-13T00:03:40.581544400
[2025-04-13 00:08:40] [34mINFO[0;39m [36mg.service.ubs.OrderLockServiceImpl      [0;39m [35m:62  [0;39m Unlock orders
[2025-04-13 00:08:40] [34mINFO[0;39m [36mg.service.ubs.OrderLockServiceImpl      [0;39m [35m:60  [0;39m Time: 2025-04-13T00:03:40.583540400
[2025-04-13 00:08:40] [34mINFO[0;39m [36mg.service.ubs.OrderLockServiceImpl      [0;39m [35m:62  [0;39m Unlock orders
[2025-04-13 00:09:21] [31mWARN[0;39m [36mcom.zaxxer.hikari.pool.HikariPool       [0;39m [35m:804 [0;39m HikariPool-1 - Thread starvation or clock leap detected (housekeeper delta=53s97ms706µs200ns).
[2025-04-13 00:09:49] [34mINFO[0;39m [36mg.service.ubs.OrderLockServiceImpl      [0;39m [35m:60  [0;39m Time: 2025-04-13T00:04:49.173422100
[2025-04-13 00:09:49] [34mINFO[0;39m [36mg.service.ubs.OrderLockServiceImpl      [0;39m [35m:62  [0;39m Unlock orders
[2025-04-13 00:10:26] [34mINFO[0;39m [36mg.service.ubs.OrderLockServiceImpl      [0;39m [35m:60  [0;39m Time: 2025-04-13T00:05:26.101754300
[2025-04-13 00:10:26] [34mINFO[0;39m [36mg.service.ubs.OrderLockServiceImpl      [0;39m [35m:62  [0;39m Unlock orders
[2025-04-13 00:11:26] [34mINFO[0;39m [36mg.service.ubs.OrderLockServiceImpl      [0;39m [35m:60  [0;39m Time: 2025-04-13T00:06:26.088817900
[2025-04-13 00:11:26] [34mINFO[0;39m [36mg.service.ubs.OrderLockServiceImpl      [0;39m [35m:62  [0;39m Unlock orders
[2025-04-13 00:12:26] [34mINFO[0;39m [36mg.service.ubs.OrderLockServiceImpl      [0;39m [35m:60  [0;39m Time: 2025-04-13T00:07:26.100885500
[2025-04-13 00:12:26] [34mINFO[0;39m [36mg.service.ubs.OrderLockServiceImpl      [0;39m [35m:62  [0;39m Unlock orders
[2025-04-13 00:13:26] [34mINFO[0;39m [36mg.service.ubs.OrderLockServiceImpl      [0;39m [35m:60  [0;39m Time: 2025-04-13T00:08:26.095856700
[2025-04-13 00:13:26] [34mINFO[0;39m [36mg.service.ubs.OrderLockServiceImpl      [0;39m [35m:62  [0;39m Unlock orders
[2025-04-13 02:03:55] [31mWARN[0;39m [36mcom.zaxxer.hikari.pool.HikariPool       [0;39m [35m:804 [0;39m HikariPool-1 - Thread starvation or clock leap detected (housekeeper delta=1h50m33s550ms812µs900ns).
[2025-04-13 03:14:40] [34mINFO[0;39m [36mg.service.ubs.OrderLockServiceImpl      [0;39m [35m:60  [0;39m Time: 2025-04-13T03:09:40.432023300
[2025-04-13 03:14:40] [34mINFO[0;39m [36mg.service.ubs.OrderLockServiceImpl      [0;39m [35m:62  [0;39m Unlock orders
[2025-04-13 03:14:40] [34mINFO[0;39m [36mg.service.ubs.OrderLockServiceImpl      [0;39m [35m:60  [0;39m Time: 2025-04-13T03:09:40.456021700
[2025-04-13 03:14:40] [34mINFO[0;39m [36mg.service.ubs.OrderLockServiceImpl      [0;39m [35m:62  [0;39m Unlock orders
[2025-04-13 03:14:40] [34mINFO[0;39m [36mg.service.ubs.OrderLockServiceImpl      [0;39m [35m:60  [0;39m Time: 2025-04-13T03:09:40.459023800
[2025-04-13 03:14:40] [34mINFO[0;39m [36mg.service.ubs.OrderLockServiceImpl      [0;39m [35m:62  [0;39m Unlock orders
[2025-04-13 03:14:40] [34mINFO[0;39m [36mg.service.ubs.OrderLockServiceImpl      [0;39m [35m:60  [0;39m Time: 2025-04-13T03:09:40.461024200
[2025-04-13 03:14:40] [34mINFO[0;39m [36mg.service.ubs.OrderLockServiceImpl      [0;39m [35m:62  [0;39m Unlock orders
[2025-04-13 03:14:40] [34mINFO[0;39m [36mg.service.ubs.OrderLockServiceImpl      [0;39m [35m:60  [0;39m Time: 2025-04-13T03:09:40.462024300
[2025-04-13 03:14:40] [34mINFO[0;39m [36mg.service.ubs.OrderLockServiceImpl      [0;39m [35m:62  [0;39m Unlock orders
[2025-04-13 03:14:40] [34mINFO[0;39m [36mg.service.ubs.OrderLockServiceImpl      [0;39m [35m:60  [0;39m Time: 2025-04-13T03:09:40.465023300
[2025-04-13 03:14:40] [34mINFO[0;39m [36mg.service.ubs.OrderLockServiceImpl      [0;39m [35m:62  [0;39m Unlock orders
[2025-04-13 03:14:40] [34mINFO[0;39m [36mg.service.ubs.OrderLockServiceImpl      [0;39m [35m:60  [0;39m Time: 2025-04-13T03:09:40.466023300
[2025-04-13 03:14:40] [34mINFO[0;39m [36mg.service.ubs.OrderLockServiceImpl      [0;39m [35m:62  [0;39m Unlock orders
[2025-04-13 03:14:40] [34mINFO[0;39m [36mg.service.ubs.OrderLockServiceImpl      [0;39m [35m:60  [0;39m Time: 2025-04-13T03:09:40.468023200
[2025-04-13 03:14:40] [34mINFO[0;39m [36mg.service.ubs.OrderLockServiceImpl      [0;39m [35m:62  [0;39m Unlock orders
[2025-04-13 03:14:40] [34mINFO[0;39m [36mg.service.ubs.OrderLockServiceImpl      [0;39m [35m:60  [0;39m Time: 2025-04-13T03:09:40.469021700
[2025-04-13 03:14:40] [34mINFO[0;39m [36mg.service.ubs.OrderLockServiceImpl      [0;39m [35m:62  [0;39m Unlock orders
[2025-04-13 03:14:40] [34mINFO[0;39m [36mg.service.ubs.OrderLockServiceImpl      [0;39m [35m:60  [0;39m Time: 2025-04-13T03:09:40.471026300
[2025-04-13 03:14:40] [34mINFO[0;39m [36mg.service.ubs.OrderLockServiceImpl      [0;39m [35m:62  [0;39m Unlock orders
[2025-04-13 03:14:40] [34mINFO[0;39m [36mg.service.ubs.OrderLockServiceImpl      [0;39m [35m:60  [0;39m Time: 2025-04-13T03:09:40.472024900
[2025-04-13 03:14:40] [34mINFO[0;39m [36mg.service.ubs.OrderLockServiceImpl      [0;39m [35m:62  [0;39m Unlock orders
[2025-04-13 03:14:40] [34mINFO[0;39m [36mg.service.ubs.OrderLockServiceImpl      [0;39m [35m:60  [0;39m Time: 2025-04-13T03:09:40.474023500
[2025-04-13 03:14:40] [34mINFO[0;39m [36mg.service.ubs.OrderLockServiceImpl      [0;39m [35m:62  [0;39m Unlock orders
[2025-04-13 03:14:40] [34mINFO[0;39m [36mg.service.ubs.OrderLockServiceImpl      [0;39m [35m:60  [0;39m Time: 2025-04-13T03:09:40.475023700
[2025-04-13 03:14:40] [34mINFO[0;39m [36mg.service.ubs.OrderLockServiceImpl      [0;39m [35m:62  [0;39m Unlock orders
[2025-04-13 03:14:40] [34mINFO[0;39m [36mg.service.ubs.OrderLockServiceImpl      [0;39m [35m:60  [0;39m Time: 2025-04-13T03:09:40.476023800
[2025-04-13 03:14:40] [34mINFO[0;39m [36mg.service.ubs.OrderLockServiceImpl      [0;39m [35m:62  [0;39m Unlock orders
[2025-04-13 03:14:40] [34mINFO[0;39m [36mg.service.ubs.OrderLockServiceImpl      [0;39m [35m:60  [0;39m Time: 2025-04-13T03:09:40.478022200
[2025-04-13 03:14:40] [34mINFO[0;39m [36mg.service.ubs.OrderLockServiceImpl      [0;39m [35m:62  [0;39m Unlock orders
[2025-04-13 03:14:40] [34mINFO[0;39m [36mg.service.ubs.OrderLockServiceImpl      [0;39m [35m:60  [0;39m Time: 2025-04-13T03:09:40.479023700
[2025-04-13 03:14:40] [34mINFO[0;39m [36mg.service.ubs.OrderLockServiceImpl      [0;39m [35m:62  [0;39m Unlock orders
[2025-04-13 03:14:40] [34mINFO[0;39m [36mg.service.ubs.OrderLockServiceImpl      [0;39m [35m:60  [0;39m Time: 2025-04-13T03:09:40.480021900
[2025-04-13 03:14:40] [34mINFO[0;39m [36mg.service.ubs.OrderLockServiceImpl      [0;39m [35m:62  [0;39m Unlock orders
[2025-04-13 03:14:40] [34mINFO[0;39m [36mg.service.ubs.OrderLockServiceImpl      [0;39m [35m:60  [0;39m Time: 2025-04-13T03:09:40.481022600
[2025-04-13 03:14:40] [34mINFO[0;39m [36mg.service.ubs.OrderLockServiceImpl      [0;39m [35m:62  [0;39m Unlock orders
[2025-04-13 03:14:40] [34mINFO[0;39m [36mg.service.ubs.OrderLockServiceImpl      [0;39m [35m:60  [0;39m Time: 2025-04-13T03:09:40.485023300
[2025-04-13 03:14:40] [34mINFO[0;39m [36mg.service.ubs.OrderLockServiceImpl      [0;39m [35m:62  [0;39m Unlock orders
[2025-04-13 03:14:40] [34mINFO[0;39m [36mg.service.ubs.OrderLockServiceImpl      [0;39m [35m:60  [0;39m Time: 2025-04-13T03:09:40.489021900
[2025-04-13 03:14:40] [34mINFO[0;39m [36mg.service.ubs.OrderLockServiceImpl      [0;39m [35m:62  [0;39m Unlock orders
[2025-04-13 03:14:40] [34mINFO[0;39m [36mg.service.ubs.OrderLockServiceImpl      [0;39m [35m:60  [0;39m Time: 2025-04-13T03:09:40.492021300
[2025-04-13 03:14:40] [34mINFO[0;39m [36mg.service.ubs.OrderLockServiceImpl      [0;39m [35m:62  [0;39m Unlock orders
[2025-04-13 03:14:40] [34mINFO[0;39m [36mg.service.ubs.OrderLockServiceImpl      [0;39m [35m:60  [0;39m Time: 2025-04-13T03:09:40.493021400
[2025-04-13 03:14:40] [34mINFO[0;39m [36mg.service.ubs.OrderLockServiceImpl      [0;39m [35m:62  [0;39m Unlock orders
[2025-04-13 03:14:40] [34mINFO[0;39m [36mg.service.ubs.OrderLockServiceImpl      [0;39m [35m:60  [0;39m Time: 2025-04-13T03:09:40.494523200
[2025-04-13 03:14:40] [34mINFO[0;39m [36mg.service.ubs.OrderLockServiceImpl      [0;39m [35m:62  [0;39m Unlock orders
[2025-04-13 03:14:40] [34mINFO[0;39m [36mg.service.ubs.OrderLockServiceImpl      [0;39m [35m:60  [0;39m Time: 2025-04-13T03:09:40.495239500
[2025-04-13 03:14:40] [34mINFO[0;39m [36mg.service.ubs.OrderLockServiceImpl      [0;39m [35m:62  [0;39m Unlock orders
[2025-04-13 03:14:40] [34mINFO[0;39m [36mg.service.ubs.OrderLockServiceImpl      [0;39m [35m:60  [0;39m Time: 2025-04-13T03:09:40.496042200
[2025-04-13 03:14:40] [34mINFO[0;39m [36mg.service.ubs.OrderLockServiceImpl      [0;39m [35m:62  [0;39m Unlock orders
[2025-04-13 03:14:40] [34mINFO[0;39m [36mg.service.ubs.OrderLockServiceImpl      [0;39m [35m:60  [0;39m Time: 2025-04-13T03:09:40.497040200
[2025-04-13 03:14:40] [34mINFO[0;39m [36mg.service.ubs.OrderLockServiceImpl      [0;39m [35m:62  [0;39m Unlock orders
[2025-04-13 03:14:40] [34mINFO[0;39m [36mg.service.ubs.OrderLockServiceImpl      [0;39m [35m:60  [0;39m Time: 2025-04-13T03:09:40.498039700
[2025-04-13 03:14:40] [34mINFO[0;39m [36mg.service.ubs.OrderLockServiceImpl      [0;39m [35m:62  [0;39m Unlock orders
[2025-04-13 03:14:40] [34mINFO[0;39m [36mg.service.ubs.OrderLockServiceImpl      [0;39m [35m:60  [0;39m Time: 2025-04-13T03:09:40.499040200
[2025-04-13 03:14:40] [34mINFO[0;39m [36mg.service.ubs.OrderLockServiceImpl      [0;39m [35m:62  [0;39m Unlock orders
[2025-04-13 03:14:40] [34mINFO[0;39m [36mg.service.ubs.OrderLockServiceImpl      [0;39m [35m:60  [0;39m Time: 2025-04-13T03:09:40.500040
[2025-04-13 03:14:40] [34mINFO[0;39m [36mg.service.ubs.OrderLockServiceImpl      [0;39m [35m:62  [0;39m Unlock orders
[2025-04-13 03:14:40] [34mINFO[0;39m [36mg.service.ubs.OrderLockServiceImpl      [0;39m [35m:60  [0;39m Time: 2025-04-13T03:09:40.501039500
[2025-04-13 03:14:40] [34mINFO[0;39m [36mg.service.ubs.OrderLockServiceImpl      [0;39m [35m:62  [0;39m Unlock orders
[2025-04-13 03:14:40] [34mINFO[0;39m [36mg.service.ubs.OrderLockServiceImpl      [0;39m [35m:60  [0;39m Time: 2025-04-13T03:09:40.502039900
[2025-04-13 03:14:40] [34mINFO[0;39m [36mg.service.ubs.OrderLockServiceImpl      [0;39m [35m:62  [0;39m Unlock orders
[2025-04-13 03:14:40] [34mINFO[0;39m [36mg.service.ubs.OrderLockServiceImpl      [0;39m [35m:60  [0;39m Time: 2025-04-13T03:09:40.502039900
[2025-04-13 03:14:40] [34mINFO[0;39m [36mg.service.ubs.OrderLockServiceImpl      [0;39m [35m:62  [0;39m Unlock orders
[2025-04-13 03:14:40] [34mINFO[0;39m [36mg.service.ubs.OrderLockServiceImpl      [0;39m [35m:60  [0;39m Time: 2025-04-13T03:09:40.503040
[2025-04-13 03:14:40] [34mINFO[0;39m [36mg.service.ubs.OrderLockServiceImpl      [0;39m [35m:62  [0;39m Unlock orders
[2025-04-13 03:14:40] [34mINFO[0;39m [36mg.service.ubs.OrderLockServiceImpl      [0;39m [35m:60  [0;39m Time: 2025-04-13T03:09:40.504039900
[2025-04-13 03:14:40] [34mINFO[0;39m [36mg.service.ubs.OrderLockServiceImpl      [0;39m [35m:62  [0;39m Unlock orders
[2025-04-13 03:14:40] [34mINFO[0;39m [36mg.service.ubs.OrderLockServiceImpl      [0;39m [35m:60  [0;39m Time: 2025-04-13T03:09:40.505040400
[2025-04-13 03:14:40] [34mINFO[0;39m [36mg.service.ubs.OrderLockServiceImpl      [0;39m [35m:62  [0;39m Unlock orders
[2025-04-13 03:14:40] [34mINFO[0;39m [36mg.service.ubs.OrderLockServiceImpl      [0;39m [35m:60  [0;39m Time: 2025-04-13T03:09:40.506039800
[2025-04-13 03:14:40] [34mINFO[0;39m [36mg.service.ubs.OrderLockServiceImpl      [0;39m [35m:62  [0;39m Unlock orders
[2025-04-13 03:14:40] [34mINFO[0;39m [36mg.service.ubs.OrderLockServiceImpl      [0;39m [35m:60  [0;39m Time: 2025-04-13T03:09:40.506039800
[2025-04-13 03:14:40] [34mINFO[0;39m [36mg.service.ubs.OrderLockServiceImpl      [0;39m [35m:62  [0;39m Unlock orders
[2025-04-13 03:14:40] [34mINFO[0;39m [36mg.service.ubs.OrderLockServiceImpl      [0;39m [35m:60  [0;39m Time: 2025-04-13T03:09:40.507039500
[2025-04-13 03:14:40] [34mINFO[0;39m [36mg.service.ubs.OrderLockServiceImpl      [0;39m [35m:62  [0;39m Unlock orders
[2025-04-13 03:14:40] [34mINFO[0;39m [36mg.service.ubs.OrderLockServiceImpl      [0;39m [35m:60  [0;39m Time: 2025-04-13T03:09:40.508040700
[2025-04-13 03:14:40] [34mINFO[0;39m [36mg.service.ubs.OrderLockServiceImpl      [0;39m [35m:62  [0;39m Unlock orders
[2025-04-13 03:14:40] [34mINFO[0;39m [36mg.service.ubs.OrderLockServiceImpl      [0;39m [35m:60  [0;39m Time: 2025-04-13T03:09:40.508040700
[2025-04-13 03:14:40] [34mINFO[0;39m [36mg.service.ubs.OrderLockServiceImpl      [0;39m [35m:62  [0;39m Unlock orders
[2025-04-13 03:14:40] [34mINFO[0;39m [36mg.service.ubs.OrderLockServiceImpl      [0;39m [35m:60  [0;39m Time: 2025-04-13T03:09:40.509039100
[2025-04-13 03:14:40] [34mINFO[0;39m [36mg.service.ubs.OrderLockServiceImpl      [0;39m [35m:62  [0;39m Unlock orders
[2025-04-13 03:14:40] [34mINFO[0;39m [36mg.service.ubs.OrderLockServiceImpl      [0;39m [35m:60  [0;39m Time: 2025-04-13T03:09:40.510040
[2025-04-13 03:14:40] [34mINFO[0;39m [36mg.service.ubs.OrderLockServiceImpl      [0;39m [35m:62  [0;39m Unlock orders
[2025-04-13 03:14:40] [34mINFO[0;39m [36mg.service.ubs.OrderLockServiceImpl      [0;39m [35m:60  [0;39m Time: 2025-04-13T03:09:40.511040700
[2025-04-13 03:14:40] [34mINFO[0;39m [36mg.service.ubs.OrderLockServiceImpl      [0;39m [35m:62  [0;39m Unlock orders
[2025-04-13 03:14:40] [34mINFO[0;39m [36mg.service.ubs.OrderLockServiceImpl      [0;39m [35m:60  [0;39m Time: 2025-04-13T03:09:40.511040700
[2025-04-13 03:14:40] [34mINFO[0;39m [36mg.service.ubs.OrderLockServiceImpl      [0;39m [35m:62  [0;39m Unlock orders
[2025-04-13 03:14:40] [34mINFO[0;39m [36mg.service.ubs.OrderLockServiceImpl      [0;39m [35m:60  [0;39m Time: 2025-04-13T03:09:40.512042900
[2025-04-13 03:14:40] [34mINFO[0;39m [36mg.service.ubs.OrderLockServiceImpl      [0;39m [35m:62  [0;39m Unlock orders
[2025-04-13 03:14:40] [34mINFO[0;39m [36mg.service.ubs.OrderLockServiceImpl      [0;39m [35m:60  [0;39m Time: 2025-04-13T03:09:40.513040600
[2025-04-13 03:14:40] [34mINFO[0;39m [36mg.service.ubs.OrderLockServiceImpl      [0;39m [35m:62  [0;39m Unlock orders
[2025-04-13 03:14:40] [34mINFO[0;39m [36mg.service.ubs.OrderLockServiceImpl      [0;39m [35m:60  [0;39m Time: 2025-04-13T03:09:40.514039500
[2025-04-13 03:14:40] [34mINFO[0;39m [36mg.service.ubs.OrderLockServiceImpl      [0;39m [35m:62  [0;39m Unlock orders
[2025-04-13 03:14:40] [34mINFO[0;39m [36mg.service.ubs.OrderLockServiceImpl      [0;39m [35m:60  [0;39m Time: 2025-04-13T03:09:40.515040100
[2025-04-13 03:14:40] [34mINFO[0;39m [36mg.service.ubs.OrderLockServiceImpl      [0;39m [35m:62  [0;39m Unlock orders
[2025-04-13 03:14:40] [34mINFO[0;39m [36mg.service.ubs.OrderLockServiceImpl      [0;39m [35m:60  [0;39m Time: 2025-04-13T03:09:40.515040100
[2025-04-13 03:14:40] [34mINFO[0;39m [36mg.service.ubs.OrderLockServiceImpl      [0;39m [35m:62  [0;39m Unlock orders
[2025-04-13 03:14:40] [34mINFO[0;39m [36mg.service.ubs.OrderLockServiceImpl      [0;39m [35m:60  [0;39m Time: 2025-04-13T03:09:40.516041
[2025-04-13 03:14:40] [34mINFO[0;39m [36mg.service.ubs.OrderLockServiceImpl      [0;39m [35m:62  [0;39m Unlock orders
[2025-04-13 03:14:40] [34mINFO[0;39m [36mg.service.ubs.OrderLockServiceImpl      [0;39m [35m:60  [0;39m Time: 2025-04-13T03:09:40.517044600
[2025-04-13 03:14:40] [34mINFO[0;39m [36mg.service.ubs.OrderLockServiceImpl      [0;39m [35m:62  [0;39m Unlock orders
[2025-04-13 03:14:40] [34mINFO[0;39m [36mg.service.ubs.OrderLockServiceImpl      [0;39m [35m:60  [0;39m Time: 2025-04-13T03:09:40.518040400
[2025-04-13 03:14:40] [34mINFO[0;39m [36mg.service.ubs.OrderLockServiceImpl      [0;39m [35m:62  [0;39m Unlock orders
[2025-04-13 03:14:40] [34mINFO[0;39m [36mg.service.ubs.OrderLockServiceImpl      [0;39m [35m:60  [0;39m Time: 2025-04-13T03:09:40.519041600
[2025-04-13 03:14:40] [34mINFO[0;39m [36mg.service.ubs.OrderLockServiceImpl      [0;39m [35m:62  [0;39m Unlock orders
[2025-04-13 03:14:40] [34mINFO[0;39m [36mg.service.ubs.OrderLockServiceImpl      [0;39m [35m:60  [0;39m Time: 2025-04-13T03:09:40.520042100
[2025-04-13 03:14:40] [34mINFO[0;39m [36mg.service.ubs.OrderLockServiceImpl      [0;39m [35m:62  [0;39m Unlock orders
[2025-04-13 03:14:40] [34mINFO[0;39m [36mg.service.ubs.OrderLockServiceImpl      [0;39m [35m:60  [0;39m Time: 2025-04-13T03:09:40.522042
[2025-04-13 03:14:40] [34mINFO[0;39m [36mg.service.ubs.OrderLockServiceImpl      [0;39m [35m:62  [0;39m Unlock orders
[2025-04-13 03:14:40] [34mINFO[0;39m [36mg.service.ubs.OrderLockServiceImpl      [0;39m [35m:60  [0;39m Time: 2025-04-13T03:09:40.523040800
[2025-04-13 03:14:40] [34mINFO[0;39m [36mg.service.ubs.OrderLockServiceImpl      [0;39m [35m:62  [0;39m Unlock orders
[2025-04-13 03:14:40] [34mINFO[0;39m [36mg.service.ubs.OrderLockServiceImpl      [0;39m [35m:60  [0;39m Time: 2025-04-13T03:09:40.524039900
[2025-04-13 03:14:40] [34mINFO[0;39m [36mg.service.ubs.OrderLockServiceImpl      [0;39m [35m:62  [0;39m Unlock orders
[2025-04-13 03:14:40] [34mINFO[0;39m [36mg.service.ubs.OrderLockServiceImpl      [0;39m [35m:60  [0;39m Time: 2025-04-13T03:09:40.525041100
[2025-04-13 03:14:40] [34mINFO[0;39m [36mg.service.ubs.OrderLockServiceImpl      [0;39m [35m:62  [0;39m Unlock orders
[2025-04-13 03:14:40] [34mINFO[0;39m [36mg.service.ubs.OrderLockServiceImpl      [0;39m [35m:60  [0;39m Time: 2025-04-13T03:09:40.525041100
[2025-04-13 03:14:40] [34mINFO[0;39m [36mg.service.ubs.OrderLockServiceImpl      [0;39m [35m:62  [0;39m Unlock orders
[2025-04-13 03:14:40] [34mINFO[0;39m [36mg.service.ubs.OrderLockServiceImpl      [0;39m [35m:60  [0;39m Time: 2025-04-13T03:09:40.526041400
[2025-04-13 03:14:40] [34mINFO[0;39m [36mg.service.ubs.OrderLockServiceImpl      [0;39m [35m:62  [0;39m Unlock orders
[2025-04-13 03:14:40] [34mINFO[0;39m [36mg.service.ubs.OrderLockServiceImpl      [0;39m [35m:60  [0;39m Time: 2025-04-13T03:09:40.527041300
[2025-04-13 03:14:40] [34mINFO[0;39m [36mg.service.ubs.OrderLockServiceImpl      [0;39m [35m:62  [0;39m Unlock orders
[2025-04-13 03:14:40] [34mINFO[0;39m [36mg.service.ubs.OrderLockServiceImpl      [0;39m [35m:60  [0;39m Time: 2025-04-13T03:09:40.528040300
[2025-04-13 03:14:40] [34mINFO[0;39m [36mg.service.ubs.OrderLockServiceImpl      [0;39m [35m:62  [0;39m Unlock orders
[2025-04-13 03:14:40] [34mINFO[0;39m [36mg.service.ubs.OrderLockServiceImpl      [0;39m [35m:60  [0;39m Time: 2025-04-13T03:09:40.528040300
[2025-04-13 03:14:40] [34mINFO[0;39m [36mg.service.ubs.OrderLockServiceImpl      [0;39m [35m:62  [0;39m Unlock orders
[2025-04-13 03:14:40] [34mINFO[0;39m [36mg.service.ubs.OrderLockServiceImpl      [0;39m [35m:60  [0;39m Time: 2025-04-13T03:09:40.529040100
[2025-04-13 03:14:40] [34mINFO[0;39m [36mg.service.ubs.OrderLockServiceImpl      [0;39m [35m:62  [0;39m Unlock orders
[2025-04-13 03:14:40] [34mINFO[0;39m [36mg.service.ubs.OrderLockServiceImpl      [0;39m [35m:60  [0;39m Time: 2025-04-13T03:09:40.530663100
[2025-04-13 03:14:40] [34mINFO[0;39m [36mg.service.ubs.OrderLockServiceImpl      [0;39m [35m:62  [0;39m Unlock orders
[2025-04-13 03:14:40] [34mINFO[0;39m [36mg.service.ubs.OrderLockServiceImpl      [0;39m [35m:60  [0;39m Time: 2025-04-13T03:09:40.532088500
[2025-04-13 03:14:40] [34mINFO[0;39m [36mg.service.ubs.OrderLockServiceImpl      [0;39m [35m:62  [0;39m Unlock orders
[2025-04-13 03:14:40] [34mINFO[0;39m [36mg.service.ubs.OrderLockServiceImpl      [0;39m [35m:60  [0;39m Time: 2025-04-13T03:09:40.533414900
[2025-04-13 03:14:40] [34mINFO[0;39m [36mg.service.ubs.OrderLockServiceImpl      [0;39m [35m:62  [0;39m Unlock orders
[2025-04-13 03:14:40] [34mINFO[0;39m [36mg.service.ubs.OrderLockServiceImpl      [0;39m [35m:60  [0;39m Time: 2025-04-13T03:09:40.534545100
[2025-04-13 03:14:40] [34mINFO[0;39m [36mg.service.ubs.OrderLockServiceImpl      [0;39m [35m:62  [0;39m Unlock orders
[2025-04-13 03:14:40] [34mINFO[0;39m [36mg.service.ubs.OrderLockServiceImpl      [0;39m [35m:60  [0;39m Time: 2025-04-13T03:09:40.536056500
[2025-04-13 03:14:40] [34mINFO[0;39m [36mg.service.ubs.OrderLockServiceImpl      [0;39m [35m:62  [0;39m Unlock orders
[2025-04-13 03:14:40] [34mINFO[0;39m [36mg.service.ubs.OrderLockServiceImpl      [0;39m [35m:60  [0;39m Time: 2025-04-13T03:09:40.536827300
[2025-04-13 03:14:40] [34mINFO[0;39m [36mg.service.ubs.OrderLockServiceImpl      [0;39m [35m:62  [0;39m Unlock orders
[2025-04-13 03:14:40] [34mINFO[0;39m [36mg.service.ubs.OrderLockServiceImpl      [0;39m [35m:60  [0;39m Time: 2025-04-13T03:09:40.537876200
[2025-04-13 03:14:40] [34mINFO[0;39m [36mg.service.ubs.OrderLockServiceImpl      [0;39m [35m:62  [0;39m Unlock orders
[2025-04-13 03:14:40] [34mINFO[0;39m [36mg.service.ubs.OrderLockServiceImpl      [0;39m [35m:60  [0;39m Time: 2025-04-13T03:09:40.538874100
[2025-04-13 03:14:40] [34mINFO[0;39m [36mg.service.ubs.OrderLockServiceImpl      [0;39m [35m:62  [0;39m Unlock orders
[2025-04-13 03:14:40] [34mINFO[0;39m [36mg.service.ubs.OrderLockServiceImpl      [0;39m [35m:60  [0;39m Time: 2025-04-13T03:09:40.540872100
[2025-04-13 03:14:40] [34mINFO[0;39m [36mg.service.ubs.OrderLockServiceImpl      [0;39m [35m:62  [0;39m Unlock orders
[2025-04-13 03:14:40] [34mINFO[0;39m [36mg.service.ubs.OrderLockServiceImpl      [0;39m [35m:60  [0;39m Time: 2025-04-13T03:09:40.542516100
[2025-04-13 03:14:40] [34mINFO[0;39m [36mg.service.ubs.OrderLockServiceImpl      [0;39m [35m:62  [0;39m Unlock orders
[2025-04-13 03:14:40] [34mINFO[0;39m [36mg.service.ubs.OrderLockServiceImpl      [0;39m [35m:60  [0;39m Time: 2025-04-13T03:09:40.543716900
[2025-04-13 03:14:40] [34mINFO[0;39m [36mg.service.ubs.OrderLockServiceImpl      [0;39m [35m:62  [0;39m Unlock orders
[2025-04-13 03:14:40] [34mINFO[0;39m [36mg.service.ubs.OrderLockServiceImpl      [0;39m [35m:60  [0;39m Time: 2025-04-13T03:09:40.544959200
[2025-04-13 03:14:40] [34mINFO[0;39m [36mg.service.ubs.OrderLockServiceImpl      [0;39m [35m:62  [0;39m Unlock orders
[2025-04-13 03:14:40] [34mINFO[0;39m [36mg.service.ubs.OrderLockServiceImpl      [0;39m [35m:60  [0;39m Time: 2025-04-13T03:09:40.546037
[2025-04-13 03:14:40] [34mINFO[0;39m [36mg.service.ubs.OrderLockServiceImpl      [0;39m [35m:62  [0;39m Unlock orders
[2025-04-13 03:14:40] [34mINFO[0;39m [36mg.service.ubs.OrderLockServiceImpl      [0;39m [35m:60  [0;39m Time: 2025-04-13T03:09:40.547074400
[2025-04-13 03:14:40] [34mINFO[0;39m [36mg.service.ubs.OrderLockServiceImpl      [0;39m [35m:62  [0;39m Unlock orders
[2025-04-13 03:14:40] [34mINFO[0;39m [36mg.service.ubs.OrderLockServiceImpl      [0;39m [35m:60  [0;39m Time: 2025-04-13T03:09:40.548137
[2025-04-13 03:14:40] [34mINFO[0;39m [36mg.service.ubs.OrderLockServiceImpl      [0;39m [35m:62  [0;39m Unlock orders
[2025-04-13 03:14:40] [34mINFO[0;39m [36mg.service.ubs.OrderLockServiceImpl      [0;39m [35m:60  [0;39m Time: 2025-04-13T03:09:40.549225900
[2025-04-13 03:14:40] [34mINFO[0;39m [36mg.service.ubs.OrderLockServiceImpl      [0;39m [35m:62  [0;39m Unlock orders
[2025-04-13 03:14:40] [34mINFO[0;39m [36mg.service.ubs.OrderLockServiceImpl      [0;39m [35m:60  [0;39m Time: 2025-04-13T03:09:40.550450700
[2025-04-13 03:14:40] [34mINFO[0;39m [36mg.service.ubs.OrderLockServiceImpl      [0;39m [35m:62  [0;39m Unlock orders
[2025-04-13 03:14:40] [34mINFO[0;39m [36mg.service.ubs.OrderLockServiceImpl      [0;39m [35m:60  [0;39m Time: 2025-04-13T03:09:40.551336200
[2025-04-13 03:14:40] [34mINFO[0;39m [36mg.service.ubs.OrderLockServiceImpl      [0;39m [35m:62  [0;39m Unlock orders
[2025-04-13 03:14:40] [34mINFO[0;39m [36mg.service.ubs.OrderLockServiceImpl      [0;39m [35m:60  [0;39m Time: 2025-04-13T03:09:40.552453100
[2025-04-13 03:14:40] [34mINFO[0;39m [36mg.service.ubs.OrderLockServiceImpl      [0;39m [35m:62  [0;39m Unlock orders
[2025-04-13 03:14:40] [34mINFO[0;39m [36mg.service.ubs.OrderLockServiceImpl      [0;39m [35m:60  [0;39m Time: 2025-04-13T03:09:40.553502400
[2025-04-13 03:14:40] [34mINFO[0;39m [36mg.service.ubs.OrderLockServiceImpl      [0;39m [35m:62  [0;39m Unlock orders
[2025-04-13 03:14:40] [34mINFO[0;39m [36mg.service.ubs.OrderLockServiceImpl      [0;39m [35m:60  [0;39m Time: 2025-04-13T03:09:40.554501300
[2025-04-13 03:14:40] [34mINFO[0;39m [36mg.service.ubs.OrderLockServiceImpl      [0;39m [35m:62  [0;39m Unlock orders
[2025-04-13 03:14:40] [34mINFO[0;39m [36mg.service.ubs.OrderLockServiceImpl      [0;39m [35m:60  [0;39m Time: 2025-04-13T03:09:40.554501300
[2025-04-13 03:14:40] [34mINFO[0;39m [36mg.service.ubs.OrderLockServiceImpl      [0;39m [35m:62  [0;39m Unlock orders
[2025-04-13 03:14:40] [34mINFO[0;39m [36mg.service.ubs.OrderLockServiceImpl      [0;39m [35m:60  [0;39m Time: 2025-04-13T03:09:40.555501800
[2025-04-13 03:14:40] [34mINFO[0;39m [36mg.service.ubs.OrderLockServiceImpl      [0;39m [35m:62  [0;39m Unlock orders
[2025-04-13 03:14:40] [34mINFO[0;39m [36mg.service.ubs.OrderLockServiceImpl      [0;39m [35m:60  [0;39m Time: 2025-04-13T03:09:40.556503400
[2025-04-13 03:14:40] [34mINFO[0;39m [36mg.service.ubs.OrderLockServiceImpl      [0;39m [35m:62  [0;39m Unlock orders
[2025-04-13 03:14:40] [34mINFO[0;39m [36mg.service.ubs.OrderLockServiceImpl      [0;39m [35m:60  [0;39m Time: 2025-04-13T03:09:40.557503900
[2025-04-13 03:14:40] [34mINFO[0;39m [36mg.service.ubs.OrderLockServiceImpl      [0;39m [35m:62  [0;39m Unlock orders
[2025-04-13 03:14:40] [34mINFO[0;39m [36mg.service.ubs.OrderLockServiceImpl      [0;39m [35m:60  [0;39m Time: 2025-04-13T03:09:40.558503900
[2025-04-13 03:14:40] [34mINFO[0;39m [36mg.service.ubs.OrderLockServiceImpl      [0;39m [35m:62  [0;39m Unlock orders
[2025-04-13 03:14:40] [34mINFO[0;39m [36mg.service.ubs.OrderLockServiceImpl      [0;39m [35m:60  [0;39m Time: 2025-04-13T03:09:40.559503400
[2025-04-13 03:14:40] [34mINFO[0;39m [36mg.service.ubs.OrderLockServiceImpl      [0;39m [35m:62  [0;39m Unlock orders
[2025-04-13 03:14:40] [34mINFO[0;39m [36mg.service.ubs.OrderLockServiceImpl      [0;39m [35m:60  [0;39m Time: 2025-04-13T03:09:40.560502100
[2025-04-13 03:14:40] [34mINFO[0;39m [36mg.service.ubs.OrderLockServiceImpl      [0;39m [35m:62  [0;39m Unlock orders
[2025-04-13 03:14:40] [34mINFO[0;39m [36mg.service.ubs.OrderLockServiceImpl      [0;39m [35m:60  [0;39m Time: 2025-04-13T03:09:40.561502800
[2025-04-13 03:14:40] [34mINFO[0;39m [36mg.service.ubs.OrderLockServiceImpl      [0;39m [35m:62  [0;39m Unlock orders
[2025-04-13 03:14:40] [34mINFO[0;39m [36mg.service.ubs.OrderLockServiceImpl      [0;39m [35m:60  [0;39m Time: 2025-04-13T03:09:40.562502300
[2025-04-13 03:14:40] [34mINFO[0;39m [36mg.service.ubs.OrderLockServiceImpl      [0;39m [35m:62  [0;39m Unlock orders
[2025-04-13 03:14:40] [34mINFO[0;39m [36mg.service.ubs.OrderLockServiceImpl      [0;39m [35m:60  [0;39m Time: 2025-04-13T03:09:40.563503100
[2025-04-13 03:14:40] [34mINFO[0;39m [36mg.service.ubs.OrderLockServiceImpl      [0;39m [35m:62  [0;39m Unlock orders
[2025-04-13 03:14:40] [34mINFO[0;39m [36mg.service.ubs.OrderLockServiceImpl      [0;39m [35m:60  [0;39m Time: 2025-04-13T03:09:40.564503200
[2025-04-13 03:14:40] [34mINFO[0;39m [36mg.service.ubs.OrderLockServiceImpl      [0;39m [35m:62  [0;39m Unlock orders
[2025-04-13 03:14:40] [34mINFO[0;39m [36mg.service.ubs.OrderLockServiceImpl      [0;39m [35m:60  [0;39m Time: 2025-04-13T03:09:40.565503900
[2025-04-13 03:14:40] [34mINFO[0;39m [36mg.service.ubs.OrderLockServiceImpl      [0;39m [35m:62  [0;39m Unlock orders
[2025-04-13 03:14:40] [34mINFO[0;39m [36mg.service.ubs.OrderLockServiceImpl      [0;39m [35m:60  [0;39m Time: 2025-04-13T03:09:40.567503200
[2025-04-13 03:14:40] [34mINFO[0;39m [36mg.service.ubs.OrderLockServiceImpl      [0;39m [35m:62  [0;39m Unlock orders
[2025-04-13 03:14:40] [34mINFO[0;39m [36mg.service.ubs.OrderLockServiceImpl      [0;39m [35m:60  [0;39m Time: 2025-04-13T03:09:40.568502700
[2025-04-13 03:14:40] [34mINFO[0;39m [36mg.service.ubs.OrderLockServiceImpl      [0;39m [35m:62  [0;39m Unlock orders
[2025-04-13 03:14:40] [34mINFO[0;39m [36mg.service.ubs.OrderLockServiceImpl      [0;39m [35m:60  [0;39m Time: 2025-04-13T03:09:40.570505
[2025-04-13 03:14:40] [34mINFO[0;39m [36mg.service.ubs.OrderLockServiceImpl      [0;39m [35m:62  [0;39m Unlock orders
[2025-04-13 03:14:40] [34mINFO[0;39m [36mg.service.ubs.OrderLockServiceImpl      [0;39m [35m:60  [0;39m Time: 2025-04-13T03:09:40.571501300
[2025-04-13 03:14:40] [34mINFO[0;39m [36mg.service.ubs.OrderLockServiceImpl      [0;39m [35m:62  [0;39m Unlock orders
[2025-04-13 03:14:40] [34mINFO[0;39m [36mg.service.ubs.OrderLockServiceImpl      [0;39m [35m:60  [0;39m Time: 2025-04-13T03:09:40.573503200
[2025-04-13 03:14:40] [34mINFO[0;39m [36mg.service.ubs.OrderLockServiceImpl      [0;39m [35m:62  [0;39m Unlock orders
[2025-04-13 03:14:40] [34mINFO[0;39m [36mg.service.ubs.OrderLockServiceImpl      [0;39m [35m:60  [0;39m Time: 2025-04-13T03:09:40.575501800
[2025-04-13 03:14:40] [34mINFO[0;39m [36mg.service.ubs.OrderLockServiceImpl      [0;39m [35m:62  [0;39m Unlock orders
[2025-04-13 03:14:40] [34mINFO[0;39m [36mg.service.ubs.OrderLockServiceImpl      [0;39m [35m:60  [0;39m Time: 2025-04-13T03:09:40.577502800
[2025-04-13 03:14:40] [34mINFO[0;39m [36mg.service.ubs.OrderLockServiceImpl      [0;39m [35m:62  [0;39m Unlock orders
[2025-04-13 03:14:40] [34mINFO[0;39m [36mg.service.ubs.OrderLockServiceImpl      [0;39m [35m:60  [0;39m Time: 2025-04-13T03:09:40.578503200
[2025-04-13 03:14:40] [34mINFO[0;39m [36mg.service.ubs.OrderLockServiceImpl      [0;39m [35m:62  [0;39m Unlock orders
[2025-04-13 03:14:40] [34mINFO[0;39m [36mg.service.ubs.OrderLockServiceImpl      [0;39m [35m:60  [0;39m Time: 2025-04-13T03:09:40.580503300
[2025-04-13 03:14:40] [34mINFO[0;39m [36mg.service.ubs.OrderLockServiceImpl      [0;39m [35m:62  [0;39m Unlock orders
[2025-04-13 03:14:40] [34mINFO[0;39m [36mg.service.ubs.OrderLockServiceImpl      [0;39m [35m:60  [0;39m Time: 2025-04-13T03:09:40.581608200
[2025-04-13 03:14:40] [34mINFO[0;39m [36mg.service.ubs.OrderLockServiceImpl      [0;39m [35m:62  [0;39m Unlock orders
[2025-04-13 03:14:40] [34mINFO[0;39m [36mg.service.ubs.OrderLockServiceImpl      [0;39m [35m:60  [0;39m Time: 2025-04-13T03:09:40.583131900
[2025-04-13 03:14:40] [34mINFO[0;39m [36mg.service.ubs.OrderLockServiceImpl      [0;39m [35m:62  [0;39m Unlock orders
[2025-04-13 03:14:40] [34mINFO[0;39m [36mg.service.ubs.OrderLockServiceImpl      [0;39m [35m:60  [0;39m Time: 2025-04-13T03:09:40.584132900
[2025-04-13 03:14:40] [34mINFO[0;39m [36mg.service.ubs.OrderLockServiceImpl      [0;39m [35m:62  [0;39m Unlock orders
[2025-04-13 03:14:40] [34mINFO[0;39m [36mg.service.ubs.OrderLockServiceImpl      [0;39m [35m:60  [0;39m Time: 2025-04-13T03:09:40.586131
[2025-04-13 03:14:40] [34mINFO[0;39m [36mg.service.ubs.OrderLockServiceImpl      [0;39m [35m:62  [0;39m Unlock orders
[2025-04-13 03:14:40] [34mINFO[0;39m [36mg.service.ubs.OrderLockServiceImpl      [0;39m [35m:60  [0;39m Time: 2025-04-13T03:09:40.587132300
[2025-04-13 03:14:40] [34mINFO[0;39m [36mg.service.ubs.OrderLockServiceImpl      [0;39m [35m:62  [0;39m Unlock orders
[2025-04-13 03:14:40] [34mINFO[0;39m [36mg.service.ubs.OrderLockServiceImpl      [0;39m [35m:60  [0;39m Time: 2025-04-13T03:09:40.589131700
[2025-04-13 03:14:40] [34mINFO[0;39m [36mg.service.ubs.OrderLockServiceImpl      [0;39m [35m:62  [0;39m Unlock orders
[2025-04-13 03:14:40] [34mINFO[0;39m [36mg.service.ubs.OrderLockServiceImpl      [0;39m [35m:60  [0;39m Time: 2025-04-13T03:09:40.590132400
[2025-04-13 03:14:40] [34mINFO[0;39m [36mg.service.ubs.OrderLockServiceImpl      [0;39m [35m:62  [0;39m Unlock orders
[2025-04-13 03:14:40] [34mINFO[0;39m [36mg.service.ubs.OrderLockServiceImpl      [0;39m [35m:60  [0;39m Time: 2025-04-13T03:09:40.592130500
[2025-04-13 03:14:40] [34mINFO[0;39m [36mg.service.ubs.OrderLockServiceImpl      [0;39m [35m:62  [0;39m Unlock orders
[2025-04-13 03:14:40] [34mINFO[0;39m [36mg.service.ubs.OrderLockServiceImpl      [0;39m [35m:60  [0;39m Time: 2025-04-13T03:09:40.593131100
[2025-04-13 03:14:40] [34mINFO[0;39m [36mg.service.ubs.OrderLockServiceImpl      [0;39m [35m:62  [0;39m Unlock orders
[2025-04-13 03:14:40] [34mINFO[0;39m [36mg.service.ubs.OrderLockServiceImpl      [0;39m [35m:60  [0;39m Time: 2025-04-13T03:09:40.594132400
[2025-04-13 03:14:40] [34mINFO[0;39m [36mg.service.ubs.OrderLockServiceImpl      [0;39m [35m:62  [0;39m Unlock orders
[2025-04-13 03:14:40] [34mINFO[0;39m [36mg.service.ubs.OrderLockServiceImpl      [0;39m [35m:60  [0;39m Time: 2025-04-13T03:09:40.596131200
[2025-04-13 03:14:40] [34mINFO[0;39m [36mg.service.ubs.OrderLockServiceImpl      [0;39m [35m:62  [0;39m Unlock orders
[2025-04-13 03:14:40] [34mINFO[0;39m [36mg.service.ubs.OrderLockServiceImpl      [0;39m [35m:60  [0;39m Time: 2025-04-13T03:09:40.597132600
[2025-04-13 03:14:40] [34mINFO[0;39m [36mg.service.ubs.OrderLockServiceImpl      [0;39m [35m:62  [0;39m Unlock orders
[2025-04-13 03:14:40] [34mINFO[0;39m [36mg.service.ubs.OrderLockServiceImpl      [0;39m [35m:60  [0;39m Time: 2025-04-13T03:09:40.599131800
[2025-04-13 03:14:40] [34mINFO[0;39m [36mg.service.ubs.OrderLockServiceImpl      [0;39m [35m:62  [0;39m Unlock orders
[2025-04-13 03:14:40] [34mINFO[0;39m [36mg.service.ubs.OrderLockServiceImpl      [0;39m [35m:60  [0;39m Time: 2025-04-13T03:09:40.600131500
[2025-04-13 03:14:40] [34mINFO[0;39m [36mg.service.ubs.OrderLockServiceImpl      [0;39m [35m:62  [0;39m Unlock orders
[2025-04-13 03:14:40] [34mINFO[0;39m [36mg.service.ubs.OrderLockServiceImpl      [0;39m [35m:60  [0;39m Time: 2025-04-13T03:09:40.602132500
[2025-04-13 03:14:40] [34mINFO[0;39m [36mg.service.ubs.OrderLockServiceImpl      [0;39m [35m:62  [0;39m Unlock orders
[2025-04-13 03:14:40] [34mINFO[0;39m [36mg.service.ubs.OrderLockServiceImpl      [0;39m [35m:60  [0;39m Time: 2025-04-13T03:09:40.603131400
[2025-04-13 03:14:40] [34mINFO[0;39m [36mg.service.ubs.OrderLockServiceImpl      [0;39m [35m:62  [0;39m Unlock orders
[2025-04-13 03:14:40] [34mINFO[0;39m [36mg.service.ubs.OrderLockServiceImpl      [0;39m [35m:60  [0;39m Time: 2025-04-13T03:09:40.605130200
[2025-04-13 03:14:40] [34mINFO[0;39m [36mg.service.ubs.OrderLockServiceImpl      [0;39m [35m:62  [0;39m Unlock orders
[2025-04-13 03:14:40] [34mINFO[0;39m [36mg.service.ubs.OrderLockServiceImpl      [0;39m [35m:60  [0;39m Time: 2025-04-13T03:09:40.606131700
[2025-04-13 03:14:40] [34mINFO[0;39m [36mg.service.ubs.OrderLockServiceImpl      [0;39m [35m:62  [0;39m Unlock orders
[2025-04-13 03:14:40] [34mINFO[0;39m [36mg.service.ubs.OrderLockServiceImpl      [0;39m [35m:60  [0;39m Time: 2025-04-13T03:09:40.607131500
[2025-04-13 03:14:40] [34mINFO[0;39m [36mg.service.ubs.OrderLockServiceImpl      [0;39m [35m:62  [0;39m Unlock orders
[2025-04-13 03:14:40] [34mINFO[0;39m [36mg.service.ubs.OrderLockServiceImpl      [0;39m [35m:60  [0;39m Time: 2025-04-13T03:09:40.608131100
[2025-04-13 03:14:40] [34mINFO[0;39m [36mg.service.ubs.OrderLockServiceImpl      [0;39m [35m:62  [0;39m Unlock orders
[2025-04-13 03:14:40] [34mINFO[0;39m [36mg.service.ubs.OrderLockServiceImpl      [0;39m [35m:60  [0;39m Time: 2025-04-13T03:09:40.610132800
[2025-04-13 03:14:40] [34mINFO[0;39m [36mg.service.ubs.OrderLockServiceImpl      [0;39m [35m:62  [0;39m Unlock orders
[2025-04-13 03:14:40] [34mINFO[0;39m [36mg.service.ubs.OrderLockServiceImpl      [0;39m [35m:60  [0;39m Time: 2025-04-13T03:09:40.611131
[2025-04-13 03:14:40] [34mINFO[0;39m [36mg.service.ubs.OrderLockServiceImpl      [0;39m [35m:62  [0;39m Unlock orders
[2025-04-13 03:14:40] [34mINFO[0;39m [36mg.service.ubs.OrderLockServiceImpl      [0;39m [35m:60  [0;39m Time: 2025-04-13T03:09:40.613131700
[2025-04-13 03:14:40] [34mINFO[0;39m [36mg.service.ubs.OrderLockServiceImpl      [0;39m [35m:62  [0;39m Unlock orders
[2025-04-13 03:14:40] [34mINFO[0;39m [36mg.service.ubs.OrderLockServiceImpl      [0;39m [35m:60  [0;39m Time: 2025-04-13T03:09:40.614132300
[2025-04-13 03:14:40] [34mINFO[0;39m [36mg.service.ubs.OrderLockServiceImpl      [0;39m [35m:62  [0;39m Unlock orders
[2025-04-13 03:14:40] [34mINFO[0;39m [36mg.service.ubs.OrderLockServiceImpl      [0;39m [35m:60  [0;39m Time: 2025-04-13T03:09:40.615131300
[2025-04-13 03:14:40] [34mINFO[0;39m [36mg.service.ubs.OrderLockServiceImpl      [0;39m [35m:62  [0;39m Unlock orders
[2025-04-13 03:14:40] [34mINFO[0;39m [36mg.service.ubs.OrderLockServiceImpl      [0;39m [35m:60  [0;39m Time: 2025-04-13T03:09:40.617130900
[2025-04-13 03:14:40] [34mINFO[0;39m [36mg.service.ubs.OrderLockServiceImpl      [0;39m [35m:62  [0;39m Unlock orders
[2025-04-13 03:14:40] [34mINFO[0;39m [36mg.service.ubs.OrderLockServiceImpl      [0;39m [35m:60  [0;39m Time: 2025-04-13T03:09:40.618131
[2025-04-13 03:14:40] [34mINFO[0;39m [36mg.service.ubs.OrderLockServiceImpl      [0;39m [35m:62  [0;39m Unlock orders
[2025-04-13 03:14:40] [34mINFO[0;39m [36mg.service.ubs.OrderLockServiceImpl      [0;39m [35m:60  [0;39m Time: 2025-04-13T03:09:40.619253700
[2025-04-13 03:14:40] [34mINFO[0;39m [36mg.service.ubs.OrderLockServiceImpl      [0;39m [35m:62  [0;39m Unlock orders
[2025-04-13 03:14:40] [34mINFO[0;39m [36mg.service.ubs.OrderLockServiceImpl      [0;39m [35m:60  [0;39m Time: 2025-04-13T03:09:40.621191500
[2025-04-13 03:14:40] [34mINFO[0;39m [36mg.service.ubs.OrderLockServiceImpl      [0;39m [35m:62  [0;39m Unlock orders
[2025-04-13 03:14:40] [34mINFO[0;39m [36mg.service.ubs.OrderLockServiceImpl      [0;39m [35m:60  [0;39m Time: 2025-04-13T03:09:40.624193500
[2025-04-13 03:14:40] [34mINFO[0;39m [36mg.service.ubs.OrderLockServiceImpl      [0;39m [35m:62  [0;39m Unlock orders
[2025-04-13 03:14:40] [34mINFO[0;39m [36mg.service.ubs.OrderLockServiceImpl      [0;39m [35m:60  [0;39m Time: 2025-04-13T03:09:40.625191800
[2025-04-13 03:14:40] [34mINFO[0;39m [36mg.service.ubs.OrderLockServiceImpl      [0;39m [35m:62  [0;39m Unlock orders
[2025-04-13 03:14:40] [34mINFO[0;39m [36mg.service.ubs.OrderLockServiceImpl      [0;39m [35m:60  [0;39m Time: 2025-04-13T03:09:40.627190700
[2025-04-13 03:14:40] [34mINFO[0;39m [36mg.service.ubs.OrderLockServiceImpl      [0;39m [35m:62  [0;39m Unlock orders
[2025-04-13 03:14:40] [34mINFO[0;39m [36mg.service.ubs.OrderLockServiceImpl      [0;39m [35m:60  [0;39m Time: 2025-04-13T03:09:40.629366600
[2025-04-13 03:14:40] [34mINFO[0;39m [36mg.service.ubs.OrderLockServiceImpl      [0;39m [35m:62  [0;39m Unlock orders
[2025-04-13 03:14:40] [34mINFO[0;39m [36mg.service.ubs.OrderLockServiceImpl      [0;39m [35m:60  [0;39m Time: 2025-04-13T03:09:40.631328200
[2025-04-13 03:14:40] [34mINFO[0;39m [36mg.service.ubs.OrderLockServiceImpl      [0;39m [35m:62  [0;39m Unlock orders
[2025-04-13 03:14:40] [34mINFO[0;39m [36mg.service.ubs.OrderLockServiceImpl      [0;39m [35m:60  [0;39m Time: 2025-04-13T03:09:40.633333200
[2025-04-13 03:14:40] [34mINFO[0;39m [36mg.service.ubs.OrderLockServiceImpl      [0;39m [35m:62  [0;39m Unlock orders
[2025-04-13 03:14:40] [34mINFO[0;39m [36mg.service.ubs.OrderLockServiceImpl      [0;39m [35m:60  [0;39m Time: 2025-04-13T03:09:40.635333200
[2025-04-13 03:14:40] [34mINFO[0;39m [36mg.service.ubs.OrderLockServiceImpl      [0;39m [35m:62  [0;39m Unlock orders
[2025-04-13 03:14:40] [34mINFO[0;39m [36mg.service.ubs.OrderLockServiceImpl      [0;39m [35m:60  [0;39m Time: 2025-04-13T03:09:40.637329200
[2025-04-13 03:14:40] [34mINFO[0;39m [36mg.service.ubs.OrderLockServiceImpl      [0;39m [35m:62  [0;39m Unlock orders
[2025-04-13 03:14:40] [34mINFO[0;39m [36mg.service.ubs.OrderLockServiceImpl      [0;39m [35m:60  [0;39m Time: 2025-04-13T03:09:40.638872100
[2025-04-13 03:14:40] [34mINFO[0;39m [36mg.service.ubs.OrderLockServiceImpl      [0;39m [35m:62  [0;39m Unlock orders
[2025-04-13 03:14:40] [34mINFO[0;39m [36mg.service.ubs.OrderLockServiceImpl      [0;39m [35m:60  [0;39m Time: 2025-04-13T03:09:40.640397100
[2025-04-13 03:14:40] [34mINFO[0;39m [36mg.service.ubs.OrderLockServiceImpl      [0;39m [35m:62  [0;39m Unlock orders
[2025-04-13 03:14:40] [34mINFO[0;39m [36mg.service.ubs.OrderLockServiceImpl      [0;39m [35m:60  [0;39m Time: 2025-04-13T03:09:40.642395500
[2025-04-13 03:14:40] [34mINFO[0;39m [36mg.service.ubs.OrderLockServiceImpl      [0;39m [35m:62  [0;39m Unlock orders
[2025-04-13 03:14:40] [34mINFO[0;39m [36mg.service.ubs.OrderLockServiceImpl      [0;39m [35m:60  [0;39m Time: 2025-04-13T03:09:40.644397600
[2025-04-13 03:14:40] [34mINFO[0;39m [36mg.service.ubs.OrderLockServiceImpl      [0;39m [35m:62  [0;39m Unlock orders
[2025-04-13 03:14:40] [34mINFO[0;39m [36mg.service.ubs.OrderLockServiceImpl      [0;39m [35m:60  [0;39m Time: 2025-04-13T03:09:40.646395400
[2025-04-13 03:14:40] [34mINFO[0;39m [36mg.service.ubs.OrderLockServiceImpl      [0;39m [35m:62  [0;39m Unlock orders
[2025-04-13 03:14:40] [34mINFO[0;39m [36mg.service.ubs.OrderLockServiceImpl      [0;39m [35m:60  [0;39m Time: 2025-04-13T03:09:40.648952800
[2025-04-13 03:14:40] [34mINFO[0;39m [36mg.service.ubs.OrderLockServiceImpl      [0;39m [35m:62  [0;39m Unlock orders
[2025-04-13 03:14:40] [34mINFO[0;39m [36mg.service.ubs.OrderLockServiceImpl      [0;39m [35m:60  [0;39m Time: 2025-04-13T03:09:40.650478800
[2025-04-13 03:14:40] [34mINFO[0;39m [36mg.service.ubs.OrderLockServiceImpl      [0;39m [35m:62  [0;39m Unlock orders
[2025-04-13 03:14:40] [34mINFO[0;39m [36mg.service.ubs.OrderLockServiceImpl      [0;39m [35m:60  [0;39m Time: 2025-04-13T03:09:40.653478300
[2025-04-13 03:14:40] [34mINFO[0;39m [36mg.service.ubs.OrderLockServiceImpl      [0;39m [35m:62  [0;39m Unlock orders
[2025-04-13 03:14:40] [34mINFO[0;39m [36mg.service.ubs.OrderLockServiceImpl      [0;39m [35m:60  [0;39m Time: 2025-04-13T03:09:40.655478700
[2025-04-13 03:14:40] [34mINFO[0;39m [36mg.service.ubs.OrderLockServiceImpl      [0;39m [35m:62  [0;39m Unlock orders
[2025-04-13 03:14:40] [34mINFO[0;39m [36mg.service.ubs.OrderLockServiceImpl      [0;39m [35m:60  [0;39m Time: 2025-04-13T03:09:40.661545400
[2025-04-13 03:14:40] [34mINFO[0;39m [36mg.service.ubs.OrderLockServiceImpl      [0;39m [35m:62  [0;39m Unlock orders
[2025-04-13 03:14:40] [34mINFO[0;39m [36mg.service.ubs.OrderLockServiceImpl      [0;39m [35m:60  [0;39m Time: 2025-04-13T03:09:40.664542800
[2025-04-13 03:14:40] [34mINFO[0;39m [36mg.service.ubs.OrderLockServiceImpl      [0;39m [35m:62  [0;39m Unlock orders
[2025-04-13 03:14:40] [34mINFO[0;39m [36mg.service.ubs.OrderLockServiceImpl      [0;39m [35m:60  [0;39m Time: 2025-04-13T03:09:40.666545200
[2025-04-13 03:14:40] [34mINFO[0;39m [36mg.service.ubs.OrderLockServiceImpl      [0;39m [35m:62  [0;39m Unlock orders
[2025-04-13 03:14:40] [34mINFO[0;39m [36mg.service.ubs.OrderLockServiceImpl      [0;39m [35m:60  [0;39m Time: 2025-04-13T03:09:40.667544100
[2025-04-13 03:14:40] [34mINFO[0;39m [36mg.service.ubs.OrderLockServiceImpl      [0;39m [35m:62  [0;39m Unlock orders
[2025-04-13 03:14:40] [34mINFO[0;39m [36mg.service.ubs.OrderLockServiceImpl      [0;39m [35m:60  [0;39m Time: 2025-04-13T03:09:40.669543300
[2025-04-13 03:14:40] [34mINFO[0;39m [36mg.service.ubs.OrderLockServiceImpl      [0;39m [35m:62  [0;39m Unlock orders
[2025-04-13 03:14:40] [34mINFO[0;39m [36mg.service.ubs.OrderLockServiceImpl      [0;39m [35m:60  [0;39m Time: 2025-04-13T03:09:40.670542500
[2025-04-13 03:14:40] [34mINFO[0;39m [36mg.service.ubs.OrderLockServiceImpl      [0;39m [35m:62  [0;39m Unlock orders
[2025-04-13 03:14:40] [34mINFO[0;39m [36mg.service.ubs.OrderLockServiceImpl      [0;39m [35m:60  [0;39m Time: 2025-04-13T03:09:40.671543600
[2025-04-13 03:14:40] [34mINFO[0;39m [36mg.service.ubs.OrderLockServiceImpl      [0;39m [35m:62  [0;39m Unlock orders
[2025-04-13 03:14:40] [34mINFO[0;39m [36mg.service.ubs.OrderLockServiceImpl      [0;39m [35m:60  [0;39m Time: 2025-04-13T03:09:40.672543600
[2025-04-13 03:14:40] [34mINFO[0;39m [36mg.service.ubs.OrderLockServiceImpl      [0;39m [35m:62  [0;39m Unlock orders
[2025-04-13 03:14:40] [34mINFO[0;39m [36mg.service.ubs.OrderLockServiceImpl      [0;39m [35m:60  [0;39m Time: 2025-04-13T03:09:40.673543500
[2025-04-13 03:14:40] [34mINFO[0;39m [36mg.service.ubs.OrderLockServiceImpl      [0;39m [35m:62  [0;39m Unlock orders
[2025-04-13 03:14:40] [34mINFO[0;39m [36mg.service.ubs.OrderLockServiceImpl      [0;39m [35m:60  [0;39m Time: 2025-04-13T03:09:40.674542500
[2025-04-13 03:14:40] [34mINFO[0;39m [36mg.service.ubs.OrderLockServiceImpl      [0;39m [35m:62  [0;39m Unlock orders
[2025-04-13 03:14:40] [34mINFO[0;39m [36mg.service.ubs.OrderLockServiceImpl      [0;39m [35m:60  [0;39m Time: 2025-04-13T03:09:40.675543400
[2025-04-13 03:14:40] [34mINFO[0;39m [36mg.service.ubs.OrderLockServiceImpl      [0;39m [35m:62  [0;39m Unlock orders
[2025-04-13 03:14:40] [34mINFO[0;39m [36mg.service.ubs.OrderLockServiceImpl      [0;39m [35m:60  [0;39m Time: 2025-04-13T03:09:40.676546300
[2025-04-13 03:14:40] [34mINFO[0;39m [36mg.service.ubs.OrderLockServiceImpl      [0;39m [35m:62  [0;39m Unlock orders
[2025-04-13 03:14:40] [34mINFO[0;39m [36mg.service.ubs.OrderLockServiceImpl      [0;39m [35m:60  [0;39m Time: 2025-04-13T03:09:40.676546300
[2025-04-13 03:14:40] [34mINFO[0;39m [36mg.service.ubs.OrderLockServiceImpl      [0;39m [35m:62  [0;39m Unlock orders
[2025-04-13 03:14:40] [34mINFO[0;39m [36mg.service.ubs.OrderLockServiceImpl      [0;39m [35m:60  [0;39m Time: 2025-04-13T03:09:40.677549400
[2025-04-13 03:14:40] [34mINFO[0;39m [36mg.service.ubs.OrderLockServiceImpl      [0;39m [35m:62  [0;39m Unlock orders
[2025-04-13 03:14:40] [34mINFO[0;39m [36mg.service.ubs.OrderLockServiceImpl      [0;39m [35m:60  [0;39m Time: 2025-04-13T03:09:40.678549200
[2025-04-13 03:14:40] [34mINFO[0;39m [36mg.service.ubs.OrderLockServiceImpl      [0;39m [35m:62  [0;39m Unlock orders
[2025-04-13 03:14:40] [34mINFO[0;39m [36mg.service.ubs.OrderLockServiceImpl      [0;39m [35m:60  [0;39m Time: 2025-04-13T03:09:40.679546100
[2025-04-13 03:14:40] [34mINFO[0;39m [36mg.service.ubs.OrderLockServiceImpl      [0;39m [35m:62  [0;39m Unlock orders
[2025-04-13 03:14:40] [34mINFO[0;39m [36mg.service.ubs.OrderLockServiceImpl      [0;39m [35m:60  [0;39m Time: 2025-04-13T03:09:40.680543600
[2025-04-13 03:14:40] [34mINFO[0;39m [36mg.service.ubs.OrderLockServiceImpl      [0;39m [35m:62  [0;39m Unlock orders
[2025-04-13 03:14:40] [34mINFO[0;39m [36mg.service.ubs.OrderLockServiceImpl      [0;39m [35m:60  [0;39m Time: 2025-04-13T03:09:40.681546
[2025-04-13 03:14:40] [34mINFO[0;39m [36mg.service.ubs.OrderLockServiceImpl      [0;39m [35m:62  [0;39m Unlock orders
[2025-04-13 03:14:40] [34mINFO[0;39m [36mg.service.ubs.OrderLockServiceImpl      [0;39m [35m:60  [0;39m Time: 2025-04-13T03:09:40.682546100
[2025-04-13 03:14:40] [34mINFO[0;39m [36mg.service.ubs.OrderLockServiceImpl      [0;39m [35m:62  [0;39m Unlock orders
[2025-04-13 03:14:40] [34mINFO[0;39m [36mg.service.ubs.OrderLockServiceImpl      [0;39m [35m:60  [0;39m Time: 2025-04-13T03:09:40.683545200
[2025-04-13 03:14:40] [34mINFO[0;39m [36mg.service.ubs.OrderLockServiceImpl      [0;39m [35m:62  [0;39m Unlock orders
[2025-04-13 03:14:40] [34mINFO[0;39m [36mg.service.ubs.OrderLockServiceImpl      [0;39m [35m:60  [0;39m Time: 2025-04-13T03:09:40.684543600
[2025-04-13 03:14:40] [34mINFO[0;39m [36mg.service.ubs.OrderLockServiceImpl      [0;39m [35m:62  [0;39m Unlock orders
[2025-04-13 03:14:40] [34mINFO[0;39m [36mg.service.ubs.OrderLockServiceImpl      [0;39m [35m:60  [0;39m Time: 2025-04-13T03:09:40.684543600
[2025-04-13 03:14:40] [34mINFO[0;39m [36mg.service.ubs.OrderLockServiceImpl      [0;39m [35m:62  [0;39m Unlock orders
[2025-04-13 03:14:40] [34mINFO[0;39m [36mg.service.ubs.OrderLockServiceImpl      [0;39m [35m:60  [0;39m Time: 2025-04-13T03:09:40.685545300
[2025-04-13 03:14:40] [34mINFO[0;39m [36mg.service.ubs.OrderLockServiceImpl      [0;39m [35m:62  [0;39m Unlock orders
[2025-04-13 03:14:40] [34mINFO[0;39m [36mg.service.ubs.OrderLockServiceImpl      [0;39m [35m:60  [0;39m Time: 2025-04-13T03:09:40.686546300
[2025-04-13 03:14:40] [34mINFO[0;39m [36mg.service.ubs.OrderLockServiceImpl      [0;39m [35m:62  [0;39m Unlock orders
[2025-04-13 03:14:40] [34mINFO[0;39m [36mg.service.ubs.OrderLockServiceImpl      [0;39m [35m:60  [0;39m Time: 2025-04-13T03:09:40.687548200
[2025-04-13 03:14:40] [34mINFO[0;39m [36mg.service.ubs.OrderLockServiceImpl      [0;39m [35m:62  [0;39m Unlock orders
[2025-04-13 03:14:40] [34mINFO[0;39m [36mg.service.ubs.OrderLockServiceImpl      [0;39m [35m:60  [0;39m Time: 2025-04-13T03:09:40.688546600
[2025-04-13 03:14:40] [34mINFO[0;39m [36mg.service.ubs.OrderLockServiceImpl      [0;39m [35m:62  [0;39m Unlock orders
[2025-04-13 03:14:40] [34mINFO[0;39m [36mg.service.ubs.OrderLockServiceImpl      [0;39m [35m:60  [0;39m Time: 2025-04-13T03:09:40.689543200
[2025-04-13 03:14:40] [34mINFO[0;39m [36mg.service.ubs.OrderLockServiceImpl      [0;39m [35m:62  [0;39m Unlock orders
[2025-04-13 03:14:40] [34mINFO[0;39m [36mg.service.ubs.OrderLockServiceImpl      [0;39m [35m:60  [0;39m Time: 2025-04-13T03:09:40.691083900
[2025-04-13 03:14:40] [34mINFO[0;39m [36mg.service.ubs.OrderLockServiceImpl      [0;39m [35m:62  [0;39m Unlock orders
[2025-04-13 03:14:40] [34mINFO[0;39m [36mg.service.ubs.OrderLockServiceImpl      [0;39m [35m:60  [0;39m Time: 2025-04-13T03:09:40.691083900
[2025-04-13 03:14:40] [34mINFO[0;39m [36mg.service.ubs.OrderLockServiceImpl      [0;39m [35m:62  [0;39m Unlock orders
[2025-04-13 09:27:13] [31mWARN[0;39m [36mcom.zaxxer.hikari.pool.HikariPool       [0;39m [35m:804 [0;39m HikariPool-1 - Thread starvation or clock leap detected (housekeeper delta=7h22m47s953ms954µs200ns).
[2025-04-13 09:27:30] [34mINFO[0;39m [36mg.service.ubs.OrderLockServiceImpl      [0;39m [35m:60  [0;39m Time: 2025-04-13T09:22:30.150011600
[2025-04-13 09:27:30] [34mINFO[0;39m [36mg.service.ubs.OrderLockServiceImpl      [0;39m [35m:62  [0;39m Unlock orders
[2025-04-13 09:27:30] [34mINFO[0;39m [36mg.service.ubs.OrderLockServiceImpl      [0;39m [35m:60  [0;39m Time: 2025-04-13T09:22:30.176533100
[2025-04-13 09:27:30] [34mINFO[0;39m [36mg.service.ubs.OrderLockServiceImpl      [0;39m [35m:62  [0;39m Unlock orders
[2025-04-13 09:27:30] [34mINFO[0;39m [36mg.service.ubs.OrderLockServiceImpl      [0;39m [35m:60  [0;39m Time: 2025-04-13T09:22:30.178535400
[2025-04-13 09:27:30] [34mINFO[0;39m [36mg.service.ubs.OrderLockServiceImpl      [0;39m [35m:62  [0;39m Unlock orders
[2025-04-13 09:27:30] [34mINFO[0;39m [36mg.service.ubs.OrderLockServiceImpl      [0;39m [35m:60  [0;39m Time: 2025-04-13T09:22:30.180532700
[2025-04-13 09:27:30] [34mINFO[0;39m [36mg.service.ubs.OrderLockServiceImpl      [0;39m [35m:62  [0;39m Unlock orders
[2025-04-13 09:27:30] [34mINFO[0;39m [36mg.service.ubs.OrderLockServiceImpl      [0;39m [35m:60  [0;39m Time: 2025-04-13T09:22:30.181532700
[2025-04-13 09:27:30] [34mINFO[0;39m [36mg.service.ubs.OrderLockServiceImpl      [0;39m [35m:62  [0;39m Unlock orders
[2025-04-13 09:27:30] [34mINFO[0;39m [36mg.service.ubs.OrderLockServiceImpl      [0;39m [35m:60  [0;39m Time: 2025-04-13T09:22:30.182532700
[2025-04-13 09:27:30] [34mINFO[0;39m [36mg.service.ubs.OrderLockServiceImpl      [0;39m [35m:62  [0;39m Unlock orders
[2025-04-13 09:27:30] [34mINFO[0;39m [36mg.service.ubs.OrderLockServiceImpl      [0;39m [35m:60  [0;39m Time: 2025-04-13T09:22:30.183533400
[2025-04-13 09:27:30] [34mINFO[0;39m [36mg.service.ubs.OrderLockServiceImpl      [0;39m [35m:62  [0;39m Unlock orders
[2025-04-13 09:27:30] [34mINFO[0;39m [36mg.service.ubs.OrderLockServiceImpl      [0;39m [35m:60  [0;39m Time: 2025-04-13T09:22:30.184533400
[2025-04-13 09:27:30] [34mINFO[0;39m [36mg.service.ubs.OrderLockServiceImpl      [0;39m [35m:62  [0;39m Unlock orders
[2025-04-13 09:27:30] [34mINFO[0;39m [36mg.service.ubs.OrderLockServiceImpl      [0;39m [35m:60  [0;39m Time: 2025-04-13T09:22:30.185534500
[2025-04-13 09:27:30] [34mINFO[0;39m [36mg.service.ubs.OrderLockServiceImpl      [0;39m [35m:62  [0;39m Unlock orders
[2025-04-13 09:27:30] [34mINFO[0;39m [36mg.service.ubs.OrderLockServiceImpl      [0;39m [35m:60  [0;39m Time: 2025-04-13T09:22:30.186534600
[2025-04-13 09:27:30] [34mINFO[0;39m [36mg.service.ubs.OrderLockServiceImpl      [0;39m [35m:62  [0;39m Unlock orders
[2025-04-13 09:27:30] [34mINFO[0;39m [36mg.service.ubs.OrderLockServiceImpl      [0;39m [35m:60  [0;39m Time: 2025-04-13T09:22:30.188532700
[2025-04-13 09:27:30] [34mINFO[0;39m [36mg.service.ubs.OrderLockServiceImpl      [0;39m [35m:62  [0;39m Unlock orders
[2025-04-13 09:27:30] [34mINFO[0;39m [36mg.service.ubs.OrderLockServiceImpl      [0;39m [35m:60  [0;39m Time: 2025-04-13T09:22:30.190536
[2025-04-13 09:27:30] [34mINFO[0;39m [36mg.service.ubs.OrderLockServiceImpl      [0;39m [35m:62  [0;39m Unlock orders
[2025-04-13 09:27:30] [34mINFO[0;39m [36mg.service.ubs.OrderLockServiceImpl      [0;39m [35m:60  [0;39m Time: 2025-04-13T09:22:30.191536600
[2025-04-13 09:27:30] [34mINFO[0;39m [36mg.service.ubs.OrderLockServiceImpl      [0;39m [35m:62  [0;39m Unlock orders
[2025-04-13 09:27:30] [34mINFO[0;39m [36mg.service.ubs.OrderLockServiceImpl      [0;39m [35m:60  [0;39m Time: 2025-04-13T09:22:30.192532700
[2025-04-13 09:27:30] [34mINFO[0;39m [36mg.service.ubs.OrderLockServiceImpl      [0;39m [35m:62  [0;39m Unlock orders
[2025-04-13 09:27:30] [34mINFO[0;39m [36mg.service.ubs.OrderLockServiceImpl      [0;39m [35m:60  [0;39m Time: 2025-04-13T09:22:30.193533400
[2025-04-13 09:27:30] [34mINFO[0;39m [36mg.service.ubs.OrderLockServiceImpl      [0;39m [35m:62  [0;39m Unlock orders
[2025-04-13 09:27:30] [34mINFO[0;39m [36mg.service.ubs.OrderLockServiceImpl      [0;39m [35m:60  [0;39m Time: 2025-04-13T09:22:30.194534
[2025-04-13 09:27:30] [34mINFO[0;39m [36mg.service.ubs.OrderLockServiceImpl      [0;39m [35m:62  [0;39m Unlock orders
[2025-04-13 09:27:30] [34mINFO[0;39m [36mg.service.ubs.OrderLockServiceImpl      [0;39m [35m:60  [0;39m Time: 2025-04-13T09:22:30.195534400
[2025-04-13 09:27:30] [34mINFO[0;39m [36mg.service.ubs.OrderLockServiceImpl      [0;39m [35m:62  [0;39m Unlock orders
[2025-04-13 09:27:30] [34mINFO[0;39m [36mg.service.ubs.OrderLockServiceImpl      [0;39m [35m:60  [0;39m Time: 2025-04-13T09:22:30.196534
[2025-04-13 09:27:30] [34mINFO[0;39m [36mg.service.ubs.OrderLockServiceImpl      [0;39m [35m:62  [0;39m Unlock orders
[2025-04-13 09:27:30] [34mINFO[0;39m [36mg.service.ubs.OrderLockServiceImpl      [0;39m [35m:60  [0;39m Time: 2025-04-13T09:22:30.197533500
[2025-04-13 09:27:30] [34mINFO[0;39m [36mg.service.ubs.OrderLockServiceImpl      [0;39m [35m:62  [0;39m Unlock orders
[2025-04-13 09:27:30] [34mINFO[0;39m [36mg.service.ubs.OrderLockServiceImpl      [0;39m [35m:60  [0;39m Time: 2025-04-13T09:22:30.198534400
[2025-04-13 09:27:30] [34mINFO[0;39m [36mg.service.ubs.OrderLockServiceImpl      [0;39m [35m:62  [0;39m Unlock orders
[2025-04-13 09:27:30] [34mINFO[0;39m [36mg.service.ubs.OrderLockServiceImpl      [0;39m [35m:60  [0;39m Time: 2025-04-13T09:22:30.199535100
[2025-04-13 09:27:30] [34mINFO[0;39m [36mg.service.ubs.OrderLockServiceImpl      [0;39m [35m:62  [0;39m Unlock orders
[2025-04-13 09:27:30] [34mINFO[0;39m [36mg.service.ubs.OrderLockServiceImpl      [0;39m [35m:60  [0;39m Time: 2025-04-13T09:22:30.200535
[2025-04-13 09:27:30] [34mINFO[0;39m [36mg.service.ubs.OrderLockServiceImpl      [0;39m [35m:62  [0;39m Unlock orders
[2025-04-13 09:27:30] [34mINFO[0;39m [36mg.service.ubs.OrderLockServiceImpl      [0;39m [35m:60  [0;39m Time: 2025-04-13T09:22:30.201534700
[2025-04-13 09:27:30] [34mINFO[0;39m [36mg.service.ubs.OrderLockServiceImpl      [0;39m [35m:62  [0;39m Unlock orders
[2025-04-13 09:27:30] [34mINFO[0;39m [36mg.service.ubs.OrderLockServiceImpl      [0;39m [35m:60  [0;39m Time: 2025-04-13T09:22:30.202533100
[2025-04-13 09:27:30] [34mINFO[0;39m [36mg.service.ubs.OrderLockServiceImpl      [0;39m [35m:62  [0;39m Unlock orders
[2025-04-13 09:27:30] [34mINFO[0;39m [36mg.service.ubs.OrderLockServiceImpl      [0;39m [35m:60  [0;39m Time: 2025-04-13T09:22:30.203531800
[2025-04-13 09:27:30] [34mINFO[0;39m [36mg.service.ubs.OrderLockServiceImpl      [0;39m [35m:62  [0;39m Unlock orders
[2025-04-13 09:27:30] [34mINFO[0;39m [36mg.service.ubs.OrderLockServiceImpl      [0;39m [35m:60  [0;39m Time: 2025-04-13T09:22:30.204534400
[2025-04-13 09:27:30] [34mINFO[0;39m [36mg.service.ubs.OrderLockServiceImpl      [0;39m [35m:62  [0;39m Unlock orders
[2025-04-13 09:27:30] [34mINFO[0;39m [36mg.service.ubs.OrderLockServiceImpl      [0;39m [35m:60  [0;39m Time: 2025-04-13T09:22:30.206536100
[2025-04-13 09:27:30] [34mINFO[0;39m [36mg.service.ubs.OrderLockServiceImpl      [0;39m [35m:62  [0;39m Unlock orders
[2025-04-13 09:27:30] [34mINFO[0;39m [36mg.service.ubs.OrderLockServiceImpl      [0;39m [35m:60  [0;39m Time: 2025-04-13T09:22:30.209533100
[2025-04-13 09:27:30] [34mINFO[0;39m [36mg.service.ubs.OrderLockServiceImpl      [0;39m [35m:62  [0;39m Unlock orders
[2025-04-13 09:27:30] [34mINFO[0;39m [36mg.service.ubs.OrderLockServiceImpl      [0;39m [35m:60  [0;39m Time: 2025-04-13T09:22:30.210534
[2025-04-13 09:27:30] [34mINFO[0;39m [36mg.service.ubs.OrderLockServiceImpl      [0;39m [35m:62  [0;39m Unlock orders
[2025-04-13 09:27:30] [34mINFO[0;39m [36mg.service.ubs.OrderLockServiceImpl      [0;39m [35m:60  [0;39m Time: 2025-04-13T09:22:30.211535100
[2025-04-13 09:27:30] [34mINFO[0;39m [36mg.service.ubs.OrderLockServiceImpl      [0;39m [35m:62  [0;39m Unlock orders
[2025-04-13 09:27:30] [34mINFO[0;39m [36mg.service.ubs.OrderLockServiceImpl      [0;39m [35m:60  [0;39m Time: 2025-04-13T09:22:30.212480
[2025-04-13 09:27:30] [34mINFO[0;39m [36mg.service.ubs.OrderLockServiceImpl      [0;39m [35m:62  [0;39m Unlock orders
[2025-04-13 09:27:30] [34mINFO[0;39m [36mg.service.ubs.OrderLockServiceImpl      [0;39m [35m:60  [0;39m Time: 2025-04-13T09:22:30.213474100
[2025-04-13 09:27:30] [34mINFO[0;39m [36mg.service.ubs.OrderLockServiceImpl      [0;39m [35m:62  [0;39m Unlock orders
[2025-04-13 09:27:30] [34mINFO[0;39m [36mg.service.ubs.OrderLockServiceImpl      [0;39m [35m:60  [0;39m Time: 2025-04-13T09:22:30.214474600
[2025-04-13 09:27:30] [34mINFO[0;39m [36mg.service.ubs.OrderLockServiceImpl      [0;39m [35m:62  [0;39m Unlock orders
[2025-04-13 09:27:30] [34mINFO[0;39m [36mg.service.ubs.OrderLockServiceImpl      [0;39m [35m:60  [0;39m Time: 2025-04-13T09:22:30.215474400
[2025-04-13 09:27:30] [34mINFO[0;39m [36mg.service.ubs.OrderLockServiceImpl      [0;39m [35m:62  [0;39m Unlock orders
[2025-04-13 09:27:30] [34mINFO[0;39m [36mg.service.ubs.OrderLockServiceImpl      [0;39m [35m:60  [0;39m Time: 2025-04-13T09:22:30.216474800
[2025-04-13 09:27:30] [34mINFO[0;39m [36mg.service.ubs.OrderLockServiceImpl      [0;39m [35m:62  [0;39m Unlock orders
[2025-04-13 09:27:30] [34mINFO[0;39m [36mg.service.ubs.OrderLockServiceImpl      [0;39m [35m:60  [0;39m Time: 2025-04-13T09:22:30.217474200
[2025-04-13 09:27:30] [34mINFO[0;39m [36mg.service.ubs.OrderLockServiceImpl      [0;39m [35m:62  [0;39m Unlock orders
[2025-04-13 09:27:30] [34mINFO[0;39m [36mg.service.ubs.OrderLockServiceImpl      [0;39m [35m:60  [0;39m Time: 2025-04-13T09:22:30.218473700
[2025-04-13 09:27:30] [34mINFO[0;39m [36mg.service.ubs.OrderLockServiceImpl      [0;39m [35m:62  [0;39m Unlock orders
[2025-04-13 09:27:30] [34mINFO[0;39m [36mg.service.ubs.OrderLockServiceImpl      [0;39m [35m:60  [0;39m Time: 2025-04-13T09:22:30.219474200
[2025-04-13 09:27:30] [34mINFO[0;39m [36mg.service.ubs.OrderLockServiceImpl      [0;39m [35m:62  [0;39m Unlock orders
[2025-04-13 09:27:30] [34mINFO[0;39m [36mg.service.ubs.OrderLockServiceImpl      [0;39m [35m:60  [0;39m Time: 2025-04-13T09:22:30.220475200
[2025-04-13 09:27:30] [34mINFO[0;39m [36mg.service.ubs.OrderLockServiceImpl      [0;39m [35m:62  [0;39m Unlock orders
[2025-04-13 09:27:30] [34mINFO[0;39m [36mg.service.ubs.OrderLockServiceImpl      [0;39m [35m:60  [0;39m Time: 2025-04-13T09:22:30.222478500
[2025-04-13 09:27:30] [34mINFO[0;39m [36mg.service.ubs.OrderLockServiceImpl      [0;39m [35m:62  [0;39m Unlock orders
[2025-04-13 09:27:30] [34mINFO[0;39m [36mg.service.ubs.OrderLockServiceImpl      [0;39m [35m:60  [0;39m Time: 2025-04-13T09:22:30.224474400
[2025-04-13 09:27:30] [34mINFO[0;39m [36mg.service.ubs.OrderLockServiceImpl      [0;39m [35m:62  [0;39m Unlock orders
[2025-04-13 09:27:30] [34mINFO[0;39m [36mg.service.ubs.OrderLockServiceImpl      [0;39m [35m:60  [0;39m Time: 2025-04-13T09:22:30.225476700
[2025-04-13 09:27:30] [34mINFO[0;39m [36mg.service.ubs.OrderLockServiceImpl      [0;39m [35m:62  [0;39m Unlock orders
[2025-04-13 09:27:30] [34mINFO[0;39m [36mg.service.ubs.OrderLockServiceImpl      [0;39m [35m:60  [0;39m Time: 2025-04-13T09:22:30.226477300
[2025-04-13 09:27:30] [34mINFO[0;39m [36mg.service.ubs.OrderLockServiceImpl      [0;39m [35m:62  [0;39m Unlock orders
[2025-04-13 09:27:30] [34mINFO[0;39m [36mg.service.ubs.OrderLockServiceImpl      [0;39m [35m:60  [0;39m Time: 2025-04-13T09:22:30.227476200
[2025-04-13 09:27:30] [34mINFO[0;39m [36mg.service.ubs.OrderLockServiceImpl      [0;39m [35m:62  [0;39m Unlock orders
[2025-04-13 09:27:30] [34mINFO[0;39m [36mg.service.ubs.OrderLockServiceImpl      [0;39m [35m:60  [0;39m Time: 2025-04-13T09:22:30.228475900
[2025-04-13 09:27:30] [34mINFO[0;39m [36mg.service.ubs.OrderLockServiceImpl      [0;39m [35m:62  [0;39m Unlock orders
[2025-04-13 09:27:30] [34mINFO[0;39m [36mg.service.ubs.OrderLockServiceImpl      [0;39m [35m:60  [0;39m Time: 2025-04-13T09:22:30.229473400
[2025-04-13 09:27:30] [34mINFO[0;39m [36mg.service.ubs.OrderLockServiceImpl      [0;39m [35m:62  [0;39m Unlock orders
[2025-04-13 09:27:30] [34mINFO[0;39m [36mg.service.ubs.OrderLockServiceImpl      [0;39m [35m:60  [0;39m Time: 2025-04-13T09:22:30.230472900
[2025-04-13 09:27:30] [34mINFO[0;39m [36mg.service.ubs.OrderLockServiceImpl      [0;39m [35m:62  [0;39m Unlock orders
[2025-04-13 09:27:30] [34mINFO[0;39m [36mg.service.ubs.OrderLockServiceImpl      [0;39m [35m:60  [0;39m Time: 2025-04-13T09:22:30.231473200
[2025-04-13 09:27:30] [34mINFO[0;39m [36mg.service.ubs.OrderLockServiceImpl      [0;39m [35m:62  [0;39m Unlock orders
[2025-04-13 09:27:30] [34mINFO[0;39m [36mg.service.ubs.OrderLockServiceImpl      [0;39m [35m:60  [0;39m Time: 2025-04-13T09:22:30.232474800
[2025-04-13 09:27:30] [34mINFO[0;39m [36mg.service.ubs.OrderLockServiceImpl      [0;39m [35m:62  [0;39m Unlock orders
[2025-04-13 09:27:30] [34mINFO[0;39m [36mg.service.ubs.OrderLockServiceImpl      [0;39m [35m:60  [0;39m Time: 2025-04-13T09:22:30.233476200
[2025-04-13 09:27:30] [34mINFO[0;39m [36mg.service.ubs.OrderLockServiceImpl      [0;39m [35m:62  [0;39m Unlock orders
[2025-04-13 09:27:30] [34mINFO[0;39m [36mg.service.ubs.OrderLockServiceImpl      [0;39m [35m:60  [0;39m Time: 2025-04-13T09:22:30.234476300
[2025-04-13 09:27:30] [34mINFO[0;39m [36mg.service.ubs.OrderLockServiceImpl      [0;39m [35m:62  [0;39m Unlock orders
[2025-04-13 09:27:30] [34mINFO[0;39m [36mg.service.ubs.OrderLockServiceImpl      [0;39m [35m:60  [0;39m Time: 2025-04-13T09:22:30.234476300
[2025-04-13 09:27:30] [34mINFO[0;39m [36mg.service.ubs.OrderLockServiceImpl      [0;39m [35m:62  [0;39m Unlock orders
[2025-04-13 09:27:30] [34mINFO[0;39m [36mg.service.ubs.OrderLockServiceImpl      [0;39m [35m:60  [0;39m Time: 2025-04-13T09:22:30.235476900
[2025-04-13 09:27:30] [34mINFO[0;39m [36mg.service.ubs.OrderLockServiceImpl      [0;39m [35m:62  [0;39m Unlock orders
[2025-04-13 09:27:30] [34mINFO[0;39m [36mg.service.ubs.OrderLockServiceImpl      [0;39m [35m:60  [0;39m Time: 2025-04-13T09:22:30.236477100
[2025-04-13 09:27:30] [34mINFO[0;39m [36mg.service.ubs.OrderLockServiceImpl      [0;39m [35m:62  [0;39m Unlock orders
[2025-04-13 09:27:30] [34mINFO[0;39m [36mg.service.ubs.OrderLockServiceImpl      [0;39m [35m:60  [0;39m Time: 2025-04-13T09:22:30.238479700
[2025-04-13 09:27:30] [34mINFO[0;39m [36mg.service.ubs.OrderLockServiceImpl      [0;39m [35m:62  [0;39m Unlock orders
[2025-04-13 09:27:30] [34mINFO[0;39m [36mg.service.ubs.OrderLockServiceImpl      [0;39m [35m:60  [0;39m Time: 2025-04-13T09:22:30.242479300
[2025-04-13 09:27:30] [34mINFO[0;39m [36mg.service.ubs.OrderLockServiceImpl      [0;39m [35m:62  [0;39m Unlock orders
[2025-04-13 09:27:30] [34mINFO[0;39m [36mg.service.ubs.OrderLockServiceImpl      [0;39m [35m:60  [0;39m Time: 2025-04-13T09:22:30.244478100
[2025-04-13 09:27:30] [34mINFO[0;39m [36mg.service.ubs.OrderLockServiceImpl      [0;39m [35m:62  [0;39m Unlock orders
[2025-04-13 09:27:30] [34mINFO[0;39m [36mg.service.ubs.OrderLockServiceImpl      [0;39m [35m:60  [0;39m Time: 2025-04-13T09:22:30.245476400
[2025-04-13 09:27:30] [34mINFO[0;39m [36mg.service.ubs.OrderLockServiceImpl      [0;39m [35m:62  [0;39m Unlock orders
[2025-04-13 09:27:30] [34mINFO[0;39m [36mg.service.ubs.OrderLockServiceImpl      [0;39m [35m:60  [0;39m Time: 2025-04-13T09:22:30.247474900
[2025-04-13 09:27:30] [34mINFO[0;39m [36mg.service.ubs.OrderLockServiceImpl      [0;39m [35m:62  [0;39m Unlock orders
[2025-04-13 09:27:30] [34mINFO[0;39m [36mg.service.ubs.OrderLockServiceImpl      [0;39m [35m:60  [0;39m Time: 2025-04-13T09:22:30.248474900
[2025-04-13 09:27:30] [34mINFO[0;39m [36mg.service.ubs.OrderLockServiceImpl      [0;39m [35m:62  [0;39m Unlock orders
[2025-04-13 09:27:30] [34mINFO[0;39m [36mg.service.ubs.OrderLockServiceImpl      [0;39m [35m:60  [0;39m Time: 2025-04-13T09:22:30.249475500
[2025-04-13 09:27:30] [34mINFO[0;39m [36mg.service.ubs.OrderLockServiceImpl      [0;39m [35m:62  [0;39m Unlock orders
[2025-04-13 09:27:30] [34mINFO[0;39m [36mg.service.ubs.OrderLockServiceImpl      [0;39m [35m:60  [0;39m Time: 2025-04-13T09:22:30.250475600
[2025-04-13 09:27:30] [34mINFO[0;39m [36mg.service.ubs.OrderLockServiceImpl      [0;39m [35m:62  [0;39m Unlock orders
[2025-04-13 09:27:30] [34mINFO[0;39m [36mg.service.ubs.OrderLockServiceImpl      [0;39m [35m:60  [0;39m Time: 2025-04-13T09:22:30.251475900
[2025-04-13 09:27:30] [34mINFO[0;39m [36mg.service.ubs.OrderLockServiceImpl      [0;39m [35m:62  [0;39m Unlock orders
[2025-04-13 09:27:30] [34mINFO[0;39m [36mg.service.ubs.OrderLockServiceImpl      [0;39m [35m:60  [0;39m Time: 2025-04-13T09:22:30.252475200
[2025-04-13 09:27:30] [34mINFO[0;39m [36mg.service.ubs.OrderLockServiceImpl      [0;39m [35m:62  [0;39m Unlock orders
[2025-04-13 09:27:30] [34mINFO[0;39m [36mg.service.ubs.OrderLockServiceImpl      [0;39m [35m:60  [0;39m Time: 2025-04-13T09:22:30.253476100
[2025-04-13 09:27:30] [34mINFO[0;39m [36mg.service.ubs.OrderLockServiceImpl      [0;39m [35m:62  [0;39m Unlock orders
[2025-04-13 09:27:30] [34mINFO[0;39m [36mg.service.ubs.OrderLockServiceImpl      [0;39m [35m:60  [0;39m Time: 2025-04-13T09:22:30.255477900
[2025-04-13 09:27:30] [34mINFO[0;39m [36mg.service.ubs.OrderLockServiceImpl      [0;39m [35m:62  [0;39m Unlock orders
[2025-04-13 09:27:30] [34mINFO[0;39m [36mg.service.ubs.OrderLockServiceImpl      [0;39m [35m:60  [0;39m Time: 2025-04-13T09:22:30.257554
[2025-04-13 09:27:30] [34mINFO[0;39m [36mg.service.ubs.OrderLockServiceImpl      [0;39m [35m:62  [0;39m Unlock orders
[2025-04-13 09:27:30] [34mINFO[0;39m [36mg.service.ubs.OrderLockServiceImpl      [0;39m [35m:60  [0;39m Time: 2025-04-13T09:22:30.259317200
[2025-04-13 09:27:30] [34mINFO[0;39m [36mg.service.ubs.OrderLockServiceImpl      [0;39m [35m:62  [0;39m Unlock orders
[2025-04-13 09:27:30] [34mINFO[0;39m [36mg.service.ubs.OrderLockServiceImpl      [0;39m [35m:60  [0;39m Time: 2025-04-13T09:22:30.260839
[2025-04-13 09:27:30] [34mINFO[0;39m [36mg.service.ubs.OrderLockServiceImpl      [0;39m [35m:62  [0;39m Unlock orders
[2025-04-13 09:27:30] [34mINFO[0;39m [36mg.service.ubs.OrderLockServiceImpl      [0;39m [35m:60  [0;39m Time: 2025-04-13T09:22:30.262840200
[2025-04-13 09:27:30] [34mINFO[0;39m [36mg.service.ubs.OrderLockServiceImpl      [0;39m [35m:62  [0;39m Unlock orders
[2025-04-13 09:27:30] [34mINFO[0;39m [36mg.service.ubs.OrderLockServiceImpl      [0;39m [35m:60  [0;39m Time: 2025-04-13T09:22:30.263838300
[2025-04-13 09:27:30] [34mINFO[0;39m [36mg.service.ubs.OrderLockServiceImpl      [0;39m [35m:62  [0;39m Unlock orders
[2025-04-13 09:27:30] [34mINFO[0;39m [36mg.service.ubs.OrderLockServiceImpl      [0;39m [35m:60  [0;39m Time: 2025-04-13T09:22:30.265840600
[2025-04-13 09:27:30] [34mINFO[0;39m [36mg.service.ubs.OrderLockServiceImpl      [0;39m [35m:62  [0;39m Unlock orders
[2025-04-13 09:27:30] [34mINFO[0;39m [36mg.service.ubs.OrderLockServiceImpl      [0;39m [35m:60  [0;39m Time: 2025-04-13T09:22:30.266837600
[2025-04-13 09:27:30] [34mINFO[0;39m [36mg.service.ubs.OrderLockServiceImpl      [0;39m [35m:62  [0;39m Unlock orders
[2025-04-13 09:27:30] [34mINFO[0;39m [36mg.service.ubs.OrderLockServiceImpl      [0;39m [35m:60  [0;39m Time: 2025-04-13T09:22:30.267842400
[2025-04-13 09:27:30] [34mINFO[0;39m [36mg.service.ubs.OrderLockServiceImpl      [0;39m [35m:62  [0;39m Unlock orders
[2025-04-13 09:27:30] [34mINFO[0;39m [36mg.service.ubs.OrderLockServiceImpl      [0;39m [35m:60  [0;39m Time: 2025-04-13T09:22:30.268845200
[2025-04-13 09:27:30] [34mINFO[0;39m [36mg.service.ubs.OrderLockServiceImpl      [0;39m [35m:62  [0;39m Unlock orders
[2025-04-13 09:27:30] [34mINFO[0;39m [36mg.service.ubs.OrderLockServiceImpl      [0;39m [35m:60  [0;39m Time: 2025-04-13T09:22:30.270062800
[2025-04-13 09:27:30] [34mINFO[0;39m [36mg.service.ubs.OrderLockServiceImpl      [0;39m [35m:62  [0;39m Unlock orders
[2025-04-13 09:27:30] [34mINFO[0;39m [36mg.service.ubs.OrderLockServiceImpl      [0;39m [35m:60  [0;39m Time: 2025-04-13T09:22:30.272113700
[2025-04-13 09:27:30] [34mINFO[0;39m [36mg.service.ubs.OrderLockServiceImpl      [0;39m [35m:62  [0;39m Unlock orders
[2025-04-13 09:27:30] [34mINFO[0;39m [36mg.service.ubs.OrderLockServiceImpl      [0;39m [35m:60  [0;39m Time: 2025-04-13T09:22:30.273111700
[2025-04-13 09:27:30] [34mINFO[0;39m [36mg.service.ubs.OrderLockServiceImpl      [0;39m [35m:62  [0;39m Unlock orders
[2025-04-13 09:27:30] [34mINFO[0;39m [36mg.service.ubs.OrderLockServiceImpl      [0;39m [35m:60  [0;39m Time: 2025-04-13T09:22:30.275112200
[2025-04-13 09:27:30] [34mINFO[0;39m [36mg.service.ubs.OrderLockServiceImpl      [0;39m [35m:62  [0;39m Unlock orders
[2025-04-13 09:27:30] [34mINFO[0;39m [36mg.service.ubs.OrderLockServiceImpl      [0;39m [35m:60  [0;39m Time: 2025-04-13T09:22:30.276112600
[2025-04-13 09:27:30] [34mINFO[0;39m [36mg.service.ubs.OrderLockServiceImpl      [0;39m [35m:62  [0;39m Unlock orders
[2025-04-13 09:27:30] [34mINFO[0;39m [36mg.service.ubs.OrderLockServiceImpl      [0;39m [35m:60  [0;39m Time: 2025-04-13T09:22:30.277113500
[2025-04-13 09:27:30] [34mINFO[0;39m [36mg.service.ubs.OrderLockServiceImpl      [0;39m [35m:62  [0;39m Unlock orders
[2025-04-13 09:27:30] [34mINFO[0;39m [36mg.service.ubs.OrderLockServiceImpl      [0;39m [35m:60  [0;39m Time: 2025-04-13T09:22:30.279111300
[2025-04-13 09:27:30] [34mINFO[0;39m [36mg.service.ubs.OrderLockServiceImpl      [0;39m [35m:62  [0;39m Unlock orders
[2025-04-13 09:27:30] [34mINFO[0;39m [36mg.service.ubs.OrderLockServiceImpl      [0;39m [35m:60  [0;39m Time: 2025-04-13T09:22:30.280112400
[2025-04-13 09:27:30] [34mINFO[0;39m [36mg.service.ubs.OrderLockServiceImpl      [0;39m [35m:62  [0;39m Unlock orders
[2025-04-13 09:27:30] [34mINFO[0;39m [36mg.service.ubs.OrderLockServiceImpl      [0;39m [35m:60  [0;39m Time: 2025-04-13T09:22:30.281112800
[2025-04-13 09:27:30] [34mINFO[0;39m [36mg.service.ubs.OrderLockServiceImpl      [0;39m [35m:62  [0;39m Unlock orders
[2025-04-13 09:27:30] [34mINFO[0;39m [36mg.service.ubs.OrderLockServiceImpl      [0;39m [35m:60  [0;39m Time: 2025-04-13T09:22:30.282114700
[2025-04-13 09:27:30] [34mINFO[0;39m [36mg.service.ubs.OrderLockServiceImpl      [0;39m [35m:62  [0;39m Unlock orders
[2025-04-13 09:27:30] [34mINFO[0;39m [36mg.service.ubs.OrderLockServiceImpl      [0;39m [35m:60  [0;39m Time: 2025-04-13T09:22:30.284110600
[2025-04-13 09:27:30] [34mINFO[0;39m [36mg.service.ubs.OrderLockServiceImpl      [0;39m [35m:62  [0;39m Unlock orders
[2025-04-13 09:27:30] [34mINFO[0;39m [36mg.service.ubs.OrderLockServiceImpl      [0;39m [35m:60  [0;39m Time: 2025-04-13T09:22:30.285110500
[2025-04-13 09:27:30] [34mINFO[0;39m [36mg.service.ubs.OrderLockServiceImpl      [0;39m [35m:62  [0;39m Unlock orders
[2025-04-13 09:27:30] [34mINFO[0;39m [36mg.service.ubs.OrderLockServiceImpl      [0;39m [35m:60  [0;39m Time: 2025-04-13T09:22:30.286110900
[2025-04-13 09:27:30] [34mINFO[0;39m [36mg.service.ubs.OrderLockServiceImpl      [0;39m [35m:62  [0;39m Unlock orders
[2025-04-13 09:27:30] [34mINFO[0;39m [36mg.service.ubs.OrderLockServiceImpl      [0;39m [35m:60  [0;39m Time: 2025-04-13T09:22:30.288111400
[2025-04-13 09:27:30] [34mINFO[0;39m [36mg.service.ubs.OrderLockServiceImpl      [0;39m [35m:62  [0;39m Unlock orders
[2025-04-13 09:27:30] [34mINFO[0;39m [36mg.service.ubs.OrderLockServiceImpl      [0;39m [35m:60  [0;39m Time: 2025-04-13T09:22:30.291111100
[2025-04-13 09:27:30] [34mINFO[0;39m [36mg.service.ubs.OrderLockServiceImpl      [0;39m [35m:62  [0;39m Unlock orders
[2025-04-13 09:27:30] [34mINFO[0;39m [36mg.service.ubs.OrderLockServiceImpl      [0;39m [35m:60  [0;39m Time: 2025-04-13T09:22:30.293111500
[2025-04-13 09:27:30] [34mINFO[0;39m [36mg.service.ubs.OrderLockServiceImpl      [0;39m [35m:62  [0;39m Unlock orders
[2025-04-13 09:27:30] [34mINFO[0;39m [36mg.service.ubs.OrderLockServiceImpl      [0;39m [35m:60  [0;39m Time: 2025-04-13T09:22:30.294112100
[2025-04-13 09:27:30] [34mINFO[0;39m [36mg.service.ubs.OrderLockServiceImpl      [0;39m [35m:62  [0;39m Unlock orders
[2025-04-13 09:27:30] [34mINFO[0;39m [36mg.service.ubs.OrderLockServiceImpl      [0;39m [35m:60  [0;39m Time: 2025-04-13T09:22:30.295114400
[2025-04-13 09:27:30] [34mINFO[0;39m [36mg.service.ubs.OrderLockServiceImpl      [0;39m [35m:62  [0;39m Unlock orders
[2025-04-13 09:27:30] [34mINFO[0;39m [36mg.service.ubs.OrderLockServiceImpl      [0;39m [35m:60  [0;39m Time: 2025-04-13T09:22:30.297309100
[2025-04-13 09:27:30] [34mINFO[0;39m [36mg.service.ubs.OrderLockServiceImpl      [0;39m [35m:62  [0;39m Unlock orders
[2025-04-13 09:27:30] [34mINFO[0;39m [36mg.service.ubs.OrderLockServiceImpl      [0;39m [35m:60  [0;39m Time: 2025-04-13T09:22:30.298380300
[2025-04-13 09:27:30] [34mINFO[0;39m [36mg.service.ubs.OrderLockServiceImpl      [0;39m [35m:62  [0;39m Unlock orders
[2025-04-13 09:27:30] [34mINFO[0;39m [36mg.service.ubs.OrderLockServiceImpl      [0;39m [35m:60  [0;39m Time: 2025-04-13T09:22:30.299381300
[2025-04-13 09:27:30] [34mINFO[0;39m [36mg.service.ubs.OrderLockServiceImpl      [0;39m [35m:62  [0;39m Unlock orders
[2025-04-13 09:27:30] [34mINFO[0;39m [36mg.service.ubs.OrderLockServiceImpl      [0;39m [35m:60  [0;39m Time: 2025-04-13T09:22:30.301379900
[2025-04-13 09:27:30] [34mINFO[0;39m [36mg.service.ubs.OrderLockServiceImpl      [0;39m [35m:62  [0;39m Unlock orders
[2025-04-13 09:27:30] [34mINFO[0;39m [36mg.service.ubs.OrderLockServiceImpl      [0;39m [35m:60  [0;39m Time: 2025-04-13T09:22:30.302377900
[2025-04-13 09:27:30] [34mINFO[0;39m [36mg.service.ubs.OrderLockServiceImpl      [0;39m [35m:62  [0;39m Unlock orders
[2025-04-13 09:27:30] [34mINFO[0;39m [36mg.service.ubs.OrderLockServiceImpl      [0;39m [35m:60  [0;39m Time: 2025-04-13T09:22:30.303380800
[2025-04-13 09:27:30] [34mINFO[0;39m [36mg.service.ubs.OrderLockServiceImpl      [0;39m [35m:62  [0;39m Unlock orders
[2025-04-13 09:27:30] [34mINFO[0;39m [36mg.service.ubs.OrderLockServiceImpl      [0;39m [35m:60  [0;39m Time: 2025-04-13T09:22:30.306378600
[2025-04-13 09:27:30] [34mINFO[0;39m [36mg.service.ubs.OrderLockServiceImpl      [0;39m [35m:62  [0;39m Unlock orders
[2025-04-13 09:27:30] [34mINFO[0;39m [36mg.service.ubs.OrderLockServiceImpl      [0;39m [35m:60  [0;39m Time: 2025-04-13T09:22:30.308378600
[2025-04-13 09:27:30] [34mINFO[0;39m [36mg.service.ubs.OrderLockServiceImpl      [0;39m [35m:62  [0;39m Unlock orders
[2025-04-13 09:27:30] [34mINFO[0;39m [36mg.service.ubs.OrderLockServiceImpl      [0;39m [35m:60  [0;39m Time: 2025-04-13T09:22:30.309381700
[2025-04-13 09:27:30] [34mINFO[0;39m [36mg.service.ubs.OrderLockServiceImpl      [0;39m [35m:62  [0;39m Unlock orders
[2025-04-13 09:27:30] [34mINFO[0;39m [36mg.service.ubs.OrderLockServiceImpl      [0;39m [35m:60  [0;39m Time: 2025-04-13T09:22:30.311381300
[2025-04-13 09:27:30] [34mINFO[0;39m [36mg.service.ubs.OrderLockServiceImpl      [0;39m [35m:62  [0;39m Unlock orders
[2025-04-13 09:27:30] [34mINFO[0;39m [36mg.service.ubs.OrderLockServiceImpl      [0;39m [35m:60  [0;39m Time: 2025-04-13T09:22:30.312383
[2025-04-13 09:27:30] [34mINFO[0;39m [36mg.service.ubs.OrderLockServiceImpl      [0;39m [35m:62  [0;39m Unlock orders
[2025-04-13 09:27:30] [34mINFO[0;39m [36mg.service.ubs.OrderLockServiceImpl      [0;39m [35m:60  [0;39m Time: 2025-04-13T09:22:30.314381600
[2025-04-13 09:27:30] [34mINFO[0;39m [36mg.service.ubs.OrderLockServiceImpl      [0;39m [35m:62  [0;39m Unlock orders
[2025-04-13 09:27:30] [34mINFO[0;39m [36mg.service.ubs.OrderLockServiceImpl      [0;39m [35m:60  [0;39m Time: 2025-04-13T09:22:30.315379200
[2025-04-13 09:27:30] [34mINFO[0;39m [36mg.service.ubs.OrderLockServiceImpl      [0;39m [35m:62  [0;39m Unlock orders
[2025-04-13 09:27:30] [34mINFO[0;39m [36mg.service.ubs.OrderLockServiceImpl      [0;39m [35m:60  [0;39m Time: 2025-04-13T09:22:30.316379300
[2025-04-13 09:27:30] [34mINFO[0;39m [36mg.service.ubs.OrderLockServiceImpl      [0;39m [35m:62  [0;39m Unlock orders
[2025-04-13 09:27:30] [34mINFO[0;39m [36mg.service.ubs.OrderLockServiceImpl      [0;39m [35m:60  [0;39m Time: 2025-04-13T09:22:30.317379500
[2025-04-13 09:27:30] [34mINFO[0;39m [36mg.service.ubs.OrderLockServiceImpl      [0;39m [35m:62  [0;39m Unlock orders
[2025-04-13 09:27:30] [34mINFO[0;39m [36mg.service.ubs.OrderLockServiceImpl      [0;39m [35m:60  [0;39m Time: 2025-04-13T09:22:30.318379800
[2025-04-13 09:27:30] [34mINFO[0;39m [36mg.service.ubs.OrderLockServiceImpl      [0;39m [35m:62  [0;39m Unlock orders
[2025-04-13 09:27:30] [34mINFO[0;39m [36mg.service.ubs.OrderLockServiceImpl      [0;39m [35m:60  [0;39m Time: 2025-04-13T09:22:30.319380400
[2025-04-13 09:27:30] [34mINFO[0;39m [36mg.service.ubs.OrderLockServiceImpl      [0;39m [35m:62  [0;39m Unlock orders
[2025-04-13 09:27:30] [34mINFO[0;39m [36mg.service.ubs.OrderLockServiceImpl      [0;39m [35m:60  [0;39m Time: 2025-04-13T09:22:30.321380500
[2025-04-13 09:27:30] [34mINFO[0;39m [36mg.service.ubs.OrderLockServiceImpl      [0;39m [35m:62  [0;39m Unlock orders
[2025-04-13 09:27:30] [34mINFO[0;39m [36mg.service.ubs.OrderLockServiceImpl      [0;39m [35m:60  [0;39m Time: 2025-04-13T09:22:30.323381900
[2025-04-13 09:27:30] [34mINFO[0;39m [36mg.service.ubs.OrderLockServiceImpl      [0;39m [35m:62  [0;39m Unlock orders
[2025-04-13 09:27:30] [34mINFO[0;39m [36mg.service.ubs.OrderLockServiceImpl      [0;39m [35m:60  [0;39m Time: 2025-04-13T09:22:30.325381700
[2025-04-13 09:27:30] [34mINFO[0;39m [36mg.service.ubs.OrderLockServiceImpl      [0;39m [35m:62  [0;39m Unlock orders
[2025-04-13 09:27:30] [34mINFO[0;39m [36mg.service.ubs.OrderLockServiceImpl      [0;39m [35m:60  [0;39m Time: 2025-04-13T09:22:30.326381300
[2025-04-13 09:27:30] [34mINFO[0;39m [36mg.service.ubs.OrderLockServiceImpl      [0;39m [35m:62  [0;39m Unlock orders
[2025-04-13 09:27:30] [34mINFO[0;39m [36mg.service.ubs.OrderLockServiceImpl      [0;39m [35m:60  [0;39m Time: 2025-04-13T09:22:30.328380400
[2025-04-13 09:27:30] [34mINFO[0;39m [36mg.service.ubs.OrderLockServiceImpl      [0;39m [35m:62  [0;39m Unlock orders
[2025-04-13 09:27:30] [34mINFO[0;39m [36mg.service.ubs.OrderLockServiceImpl      [0;39m [35m:60  [0;39m Time: 2025-04-13T09:22:30.329382400
[2025-04-13 09:27:30] [34mINFO[0;39m [36mg.service.ubs.OrderLockServiceImpl      [0;39m [35m:62  [0;39m Unlock orders
[2025-04-13 09:27:30] [34mINFO[0;39m [36mg.service.ubs.OrderLockServiceImpl      [0;39m [35m:60  [0;39m Time: 2025-04-13T09:22:30.330381800
[2025-04-13 09:27:30] [34mINFO[0;39m [36mg.service.ubs.OrderLockServiceImpl      [0;39m [35m:62  [0;39m Unlock orders
[2025-04-13 09:27:30] [34mINFO[0;39m [36mg.service.ubs.OrderLockServiceImpl      [0;39m [35m:60  [0;39m Time: 2025-04-13T09:22:30.331379500
[2025-04-13 09:27:30] [34mINFO[0;39m [36mg.service.ubs.OrderLockServiceImpl      [0;39m [35m:62  [0;39m Unlock orders
[2025-04-13 09:27:30] [34mINFO[0;39m [36mg.service.ubs.OrderLockServiceImpl      [0;39m [35m:60  [0;39m Time: 2025-04-13T09:22:30.332384600
[2025-04-13 09:27:30] [34mINFO[0;39m [36mg.service.ubs.OrderLockServiceImpl      [0;39m [35m:62  [0;39m Unlock orders
[2025-04-13 09:27:30] [34mINFO[0;39m [36mg.service.ubs.OrderLockServiceImpl      [0;39m [35m:60  [0;39m Time: 2025-04-13T09:22:30.333380300
[2025-04-13 09:27:30] [34mINFO[0;39m [36mg.service.ubs.OrderLockServiceImpl      [0;39m [35m:62  [0;39m Unlock orders
[2025-04-13 09:27:30] [34mINFO[0;39m [36mg.service.ubs.OrderLockServiceImpl      [0;39m [35m:60  [0;39m Time: 2025-04-13T09:22:30.334381400
[2025-04-13 09:27:30] [34mINFO[0;39m [36mg.service.ubs.OrderLockServiceImpl      [0;39m [35m:62  [0;39m Unlock orders
[2025-04-13 09:27:30] [34mINFO[0;39m [36mg.service.ubs.OrderLockServiceImpl      [0;39m [35m:60  [0;39m Time: 2025-04-13T09:22:30.336378800
[2025-04-13 09:27:30] [34mINFO[0;39m [36mg.service.ubs.OrderLockServiceImpl      [0;39m [35m:62  [0;39m Unlock orders
[2025-04-13 09:27:30] [34mINFO[0;39m [36mg.service.ubs.OrderLockServiceImpl      [0;39m [35m:60  [0;39m Time: 2025-04-13T09:22:30.338379800
[2025-04-13 09:27:30] [34mINFO[0;39m [36mg.service.ubs.OrderLockServiceImpl      [0;39m [35m:62  [0;39m Unlock orders
[2025-04-13 09:27:30] [34mINFO[0;39m [36mg.service.ubs.OrderLockServiceImpl      [0;39m [35m:60  [0;39m Time: 2025-04-13T09:22:30.340379600
[2025-04-13 09:27:30] [34mINFO[0;39m [36mg.service.ubs.OrderLockServiceImpl      [0;39m [35m:62  [0;39m Unlock orders
[2025-04-13 09:27:30] [34mINFO[0;39m [36mg.service.ubs.OrderLockServiceImpl      [0;39m [35m:60  [0;39m Time: 2025-04-13T09:22:30.342378400
[2025-04-13 09:27:30] [34mINFO[0;39m [36mg.service.ubs.OrderLockServiceImpl      [0;39m [35m:62  [0;39m Unlock orders
[2025-04-13 09:27:30] [34mINFO[0;39m [36mg.service.ubs.OrderLockServiceImpl      [0;39m [35m:60  [0;39m Time: 2025-04-13T09:22:30.344379500
[2025-04-13 09:27:30] [34mINFO[0;39m [36mg.service.ubs.OrderLockServiceImpl      [0;39m [35m:62  [0;39m Unlock orders
[2025-04-13 09:27:30] [34mINFO[0;39m [36mg.service.ubs.OrderLockServiceImpl      [0;39m [35m:60  [0;39m Time: 2025-04-13T09:22:30.345379500
[2025-04-13 09:27:30] [34mINFO[0;39m [36mg.service.ubs.OrderLockServiceImpl      [0;39m [35m:62  [0;39m Unlock orders
[2025-04-13 09:27:30] [34mINFO[0;39m [36mg.service.ubs.OrderLockServiceImpl      [0;39m [35m:60  [0;39m Time: 2025-04-13T09:22:30.346382800
[2025-04-13 09:27:30] [34mINFO[0;39m [36mg.service.ubs.OrderLockServiceImpl      [0;39m [35m:62  [0;39m Unlock orders
[2025-04-13 09:27:30] [34mINFO[0;39m [36mg.service.ubs.OrderLockServiceImpl      [0;39m [35m:60  [0;39m Time: 2025-04-13T09:22:30.347381500
[2025-04-13 09:27:30] [34mINFO[0;39m [36mg.service.ubs.OrderLockServiceImpl      [0;39m [35m:62  [0;39m Unlock orders
[2025-04-13 09:27:30] [34mINFO[0;39m [36mg.service.ubs.OrderLockServiceImpl      [0;39m [35m:60  [0;39m Time: 2025-04-13T09:22:30.348380900
[2025-04-13 09:27:30] [34mINFO[0;39m [36mg.service.ubs.OrderLockServiceImpl      [0;39m [35m:62  [0;39m Unlock orders
[2025-04-13 09:27:30] [34mINFO[0;39m [36mg.service.ubs.OrderLockServiceImpl      [0;39m [35m:60  [0;39m Time: 2025-04-13T09:22:30.349380200
[2025-04-13 09:27:30] [34mINFO[0;39m [36mg.service.ubs.OrderLockServiceImpl      [0;39m [35m:62  [0;39m Unlock orders
[2025-04-13 09:27:30] [34mINFO[0;39m [36mg.service.ubs.OrderLockServiceImpl      [0;39m [35m:60  [0;39m Time: 2025-04-13T09:22:30.350380
[2025-04-13 09:27:30] [34mINFO[0;39m [36mg.service.ubs.OrderLockServiceImpl      [0;39m [35m:62  [0;39m Unlock orders
[2025-04-13 09:27:30] [34mINFO[0;39m [36mg.service.ubs.OrderLockServiceImpl      [0;39m [35m:60  [0;39m Time: 2025-04-13T09:22:30.351377300
[2025-04-13 09:27:30] [34mINFO[0;39m [36mg.service.ubs.OrderLockServiceImpl      [0;39m [35m:62  [0;39m Unlock orders
[2025-04-13 09:27:30] [34mINFO[0;39m [36mg.service.ubs.OrderLockServiceImpl      [0;39m [35m:60  [0;39m Time: 2025-04-13T09:22:30.352377800
[2025-04-13 09:27:30] [34mINFO[0;39m [36mg.service.ubs.OrderLockServiceImpl      [0;39m [35m:62  [0;39m Unlock orders
[2025-04-13 09:27:30] [34mINFO[0;39m [36mg.service.ubs.OrderLockServiceImpl      [0;39m [35m:60  [0;39m Time: 2025-04-13T09:22:30.353380900
[2025-04-13 09:27:30] [34mINFO[0;39m [36mg.service.ubs.OrderLockServiceImpl      [0;39m [35m:62  [0;39m Unlock orders
[2025-04-13 09:27:30] [34mINFO[0;39m [36mg.service.ubs.OrderLockServiceImpl      [0;39m [35m:60  [0;39m Time: 2025-04-13T09:22:30.355381
[2025-04-13 09:27:30] [34mINFO[0;39m [36mg.service.ubs.OrderLockServiceImpl      [0;39m [35m:62  [0;39m Unlock orders
[2025-04-13 09:27:30] [34mINFO[0;39m [36mg.service.ubs.OrderLockServiceImpl      [0;39m [35m:60  [0;39m Time: 2025-04-13T09:22:30.357379600
[2025-04-13 09:27:30] [34mINFO[0;39m [36mg.service.ubs.OrderLockServiceImpl      [0;39m [35m:62  [0;39m Unlock orders
[2025-04-13 09:27:30] [34mINFO[0;39m [36mg.service.ubs.OrderLockServiceImpl      [0;39m [35m:60  [0;39m Time: 2025-04-13T09:22:30.358380500
[2025-04-13 09:27:30] [34mINFO[0;39m [36mg.service.ubs.OrderLockServiceImpl      [0;39m [35m:62  [0;39m Unlock orders
[2025-04-13 09:27:30] [34mINFO[0;39m [36mg.service.ubs.OrderLockServiceImpl      [0;39m [35m:60  [0;39m Time: 2025-04-13T09:22:30.359380700
[2025-04-13 09:27:30] [34mINFO[0;39m [36mg.service.ubs.OrderLockServiceImpl      [0;39m [35m:62  [0;39m Unlock orders
[2025-04-13 09:27:30] [34mINFO[0;39m [36mg.service.ubs.OrderLockServiceImpl      [0;39m [35m:60  [0;39m Time: 2025-04-13T09:22:30.360382600
[2025-04-13 09:27:30] [34mINFO[0;39m [36mg.service.ubs.OrderLockServiceImpl      [0;39m [35m:62  [0;39m Unlock orders
[2025-04-13 09:27:30] [34mINFO[0;39m [36mg.service.ubs.OrderLockServiceImpl      [0;39m [35m:60  [0;39m Time: 2025-04-13T09:22:30.361379400
[2025-04-13 09:27:30] [34mINFO[0;39m [36mg.service.ubs.OrderLockServiceImpl      [0;39m [35m:62  [0;39m Unlock orders
[2025-04-13 09:27:30] [34mINFO[0;39m [36mg.service.ubs.OrderLockServiceImpl      [0;39m [35m:60  [0;39m Time: 2025-04-13T09:22:30.362380
[2025-04-13 09:27:30] [34mINFO[0;39m [36mg.service.ubs.OrderLockServiceImpl      [0;39m [35m:62  [0;39m Unlock orders
[2025-04-13 09:27:30] [34mINFO[0;39m [36mg.service.ubs.OrderLockServiceImpl      [0;39m [35m:60  [0;39m Time: 2025-04-13T09:22:30.363378
[2025-04-13 09:27:30] [34mINFO[0;39m [36mg.service.ubs.OrderLockServiceImpl      [0;39m [35m:62  [0;39m Unlock orders
[2025-04-13 09:27:30] [34mINFO[0;39m [36mg.service.ubs.OrderLockServiceImpl      [0;39m [35m:60  [0;39m Time: 2025-04-13T09:22:30.364379500
[2025-04-13 09:27:30] [34mINFO[0;39m [36mg.service.ubs.OrderLockServiceImpl      [0;39m [35m:62  [0;39m Unlock orders
[2025-04-13 09:27:30] [34mINFO[0;39m [36mg.service.ubs.OrderLockServiceImpl      [0;39m [35m:60  [0;39m Time: 2025-04-13T09:22:30.364379500
[2025-04-13 09:27:30] [34mINFO[0;39m [36mg.service.ubs.OrderLockServiceImpl      [0;39m [35m:62  [0;39m Unlock orders
[2025-04-13 09:27:30] [34mINFO[0;39m [36mg.service.ubs.OrderLockServiceImpl      [0;39m [35m:60  [0;39m Time: 2025-04-13T09:22:30.365381500
[2025-04-13 09:27:30] [34mINFO[0;39m [36mg.service.ubs.OrderLockServiceImpl      [0;39m [35m:62  [0;39m Unlock orders
[2025-04-13 09:27:30] [34mINFO[0;39m [36mg.service.ubs.OrderLockServiceImpl      [0;39m [35m:60  [0;39m Time: 2025-04-13T09:22:30.366380800
[2025-04-13 09:27:30] [34mINFO[0;39m [36mg.service.ubs.OrderLockServiceImpl      [0;39m [35m:62  [0;39m Unlock orders
[2025-04-13 09:27:30] [34mINFO[0;39m [36mg.service.ubs.OrderLockServiceImpl      [0;39m [35m:60  [0;39m Time: 2025-04-13T09:22:30.367996200
[2025-04-13 09:27:30] [34mINFO[0;39m [36mg.service.ubs.OrderLockServiceImpl      [0;39m [35m:62  [0;39m Unlock orders
[2025-04-13 09:27:30] [34mINFO[0;39m [36mg.service.ubs.OrderLockServiceImpl      [0;39m [35m:60  [0;39m Time: 2025-04-13T09:22:30.368990400
[2025-04-13 09:27:30] [34mINFO[0;39m [36mg.service.ubs.OrderLockServiceImpl      [0;39m [35m:62  [0;39m Unlock orders
[2025-04-13 09:27:30] [34mINFO[0;39m [36mg.service.ubs.OrderLockServiceImpl      [0;39m [35m:60  [0;39m Time: 2025-04-13T09:22:30.369989500
[2025-04-13 09:27:30] [34mINFO[0;39m [36mg.service.ubs.OrderLockServiceImpl      [0;39m [35m:62  [0;39m Unlock orders
[2025-04-13 09:27:30] [34mINFO[0;39m [36mg.service.ubs.OrderLockServiceImpl      [0;39m [35m:60  [0;39m Time: 2025-04-13T09:22:30.371994800
[2025-04-13 09:27:30] [34mINFO[0;39m [36mg.service.ubs.OrderLockServiceImpl      [0;39m [35m:62  [0;39m Unlock orders
[2025-04-13 09:27:30] [34mINFO[0;39m [36mg.service.ubs.OrderLockServiceImpl      [0;39m [35m:60  [0;39m Time: 2025-04-13T09:22:30.373997500
[2025-04-13 09:27:30] [34mINFO[0;39m [36mg.service.ubs.OrderLockServiceImpl      [0;39m [35m:62  [0;39m Unlock orders
[2025-04-13 09:27:30] [34mINFO[0;39m [36mg.service.ubs.OrderLockServiceImpl      [0;39m [35m:60  [0;39m Time: 2025-04-13T09:22:30.375992
[2025-04-13 09:27:30] [34mINFO[0;39m [36mg.service.ubs.OrderLockServiceImpl      [0;39m [35m:62  [0;39m Unlock orders
[2025-04-13 09:27:30] [34mINFO[0;39m [36mg.service.ubs.OrderLockServiceImpl      [0;39m [35m:60  [0;39m Time: 2025-04-13T09:22:30.376990600
[2025-04-13 09:27:30] [34mINFO[0;39m [36mg.service.ubs.OrderLockServiceImpl      [0;39m [35m:62  [0;39m Unlock orders
[2025-04-13 09:27:30] [34mINFO[0;39m [36mg.service.ubs.OrderLockServiceImpl      [0;39m [35m:60  [0;39m Time: 2025-04-13T09:22:30.377991400
[2025-04-13 09:27:30] [34mINFO[0;39m [36mg.service.ubs.OrderLockServiceImpl      [0;39m [35m:62  [0;39m Unlock orders
[2025-04-13 09:27:30] [34mINFO[0;39m [36mg.service.ubs.OrderLockServiceImpl      [0;39m [35m:60  [0;39m Time: 2025-04-13T09:22:30.378990300
[2025-04-13 09:27:30] [34mINFO[0;39m [36mg.service.ubs.OrderLockServiceImpl      [0;39m [35m:62  [0;39m Unlock orders
[2025-04-13 09:27:30] [34mINFO[0;39m [36mg.service.ubs.OrderLockServiceImpl      [0;39m [35m:60  [0;39m Time: 2025-04-13T09:22:30.379991500
[2025-04-13 09:27:30] [34mINFO[0;39m [36mg.service.ubs.OrderLockServiceImpl      [0;39m [35m:62  [0;39m Unlock orders
[2025-04-13 09:27:30] [34mINFO[0;39m [36mg.service.ubs.OrderLockServiceImpl      [0;39m [35m:60  [0;39m Time: 2025-04-13T09:22:30.380992600
[2025-04-13 09:27:30] [34mINFO[0;39m [36mg.service.ubs.OrderLockServiceImpl      [0;39m [35m:62  [0;39m Unlock orders
[2025-04-13 09:27:30] [34mINFO[0;39m [36mg.service.ubs.OrderLockServiceImpl      [0;39m [35m:60  [0;39m Time: 2025-04-13T09:22:30.380992600
[2025-04-13 09:27:30] [34mINFO[0;39m [36mg.service.ubs.OrderLockServiceImpl      [0;39m [35m:62  [0;39m Unlock orders
[2025-04-13 09:27:30] [34mINFO[0;39m [36mg.service.ubs.OrderLockServiceImpl      [0;39m [35m:60  [0;39m Time: 2025-04-13T09:22:30.381991400
[2025-04-13 09:27:30] [34mINFO[0;39m [36mg.service.ubs.OrderLockServiceImpl      [0;39m [35m:62  [0;39m Unlock orders
[2025-04-13 09:27:30] [34mINFO[0;39m [36mg.service.ubs.OrderLockServiceImpl      [0;39m [35m:60  [0;39m Time: 2025-04-13T09:22:30.382989900
[2025-04-13 09:27:30] [34mINFO[0;39m [36mg.service.ubs.OrderLockServiceImpl      [0;39m [35m:62  [0;39m Unlock orders
[2025-04-13 09:27:30] [34mINFO[0;39m [36mg.service.ubs.OrderLockServiceImpl      [0;39m [35m:60  [0;39m Time: 2025-04-13T09:22:30.383989600
[2025-04-13 09:27:30] [34mINFO[0;39m [36mg.service.ubs.OrderLockServiceImpl      [0;39m [35m:62  [0;39m Unlock orders
[2025-04-13 09:27:30] [34mINFO[0;39m [36mg.service.ubs.OrderLockServiceImpl      [0;39m [35m:60  [0;39m Time: 2025-04-13T09:22:30.384992900
[2025-04-13 09:27:30] [34mINFO[0;39m [36mg.service.ubs.OrderLockServiceImpl      [0;39m [35m:62  [0;39m Unlock orders
[2025-04-13 09:27:30] [34mINFO[0;39m [36mg.service.ubs.OrderLockServiceImpl      [0;39m [35m:60  [0;39m Time: 2025-04-13T09:22:30.385989800
[2025-04-13 09:27:30] [34mINFO[0;39m [36mg.service.ubs.OrderLockServiceImpl      [0;39m [35m:62  [0;39m Unlock orders
[2025-04-13 09:27:30] [34mINFO[0;39m [36mg.service.ubs.OrderLockServiceImpl      [0;39m [35m:60  [0;39m Time: 2025-04-13T09:22:30.386990500
[2025-04-13 09:27:30] [34mINFO[0;39m [36mg.service.ubs.OrderLockServiceImpl      [0;39m [35m:62  [0;39m Unlock orders
[2025-04-13 09:27:30] [34mINFO[0;39m [36mg.service.ubs.OrderLockServiceImpl      [0;39m [35m:60  [0;39m Time: 2025-04-13T09:22:30.388993600
[2025-04-13 09:27:30] [34mINFO[0;39m [36mg.service.ubs.OrderLockServiceImpl      [0;39m [35m:62  [0;39m Unlock orders
[2025-04-13 09:27:30] [34mINFO[0;39m [36mg.service.ubs.OrderLockServiceImpl      [0;39m [35m:60  [0;39m Time: 2025-04-13T09:22:30.390989700
[2025-04-13 09:27:30] [34mINFO[0;39m [36mg.service.ubs.OrderLockServiceImpl      [0;39m [35m:62  [0;39m Unlock orders
[2025-04-13 09:27:30] [34mINFO[0;39m [36mg.service.ubs.OrderLockServiceImpl      [0;39m [35m:60  [0;39m Time: 2025-04-13T09:22:30.391990300
[2025-04-13 09:27:30] [34mINFO[0;39m [36mg.service.ubs.OrderLockServiceImpl      [0;39m [35m:62  [0;39m Unlock orders
[2025-04-13 09:27:30] [34mINFO[0;39m [36mg.service.ubs.OrderLockServiceImpl      [0;39m [35m:60  [0;39m Time: 2025-04-13T09:22:30.392991100
[2025-04-13 09:27:30] [34mINFO[0;39m [36mg.service.ubs.OrderLockServiceImpl      [0;39m [35m:62  [0;39m Unlock orders
[2025-04-13 09:27:30] [34mINFO[0;39m [36mg.service.ubs.OrderLockServiceImpl      [0;39m [35m:60  [0;39m Time: 2025-04-13T09:22:30.393992900
[2025-04-13 09:27:30] [34mINFO[0;39m [36mg.service.ubs.OrderLockServiceImpl      [0;39m [35m:62  [0;39m Unlock orders
[2025-04-13 09:27:30] [34mINFO[0;39m [36mg.service.ubs.OrderLockServiceImpl      [0;39m [35m:60  [0;39m Time: 2025-04-13T09:22:30.394991300
[2025-04-13 09:27:30] [34mINFO[0;39m [36mg.service.ubs.OrderLockServiceImpl      [0;39m [35m:62  [0;39m Unlock orders
[2025-04-13 09:27:30] [34mINFO[0;39m [36mg.service.ubs.OrderLockServiceImpl      [0;39m [35m:60  [0;39m Time: 2025-04-13T09:22:30.395995600
[2025-04-13 09:27:30] [34mINFO[0;39m [36mg.service.ubs.OrderLockServiceImpl      [0;39m [35m:62  [0;39m Unlock orders
[2025-04-13 09:27:30] [34mINFO[0;39m [36mg.service.ubs.OrderLockServiceImpl      [0;39m [35m:60  [0;39m Time: 2025-04-13T09:22:30.396990600
[2025-04-13 09:27:30] [34mINFO[0;39m [36mg.service.ubs.OrderLockServiceImpl      [0;39m [35m:62  [0;39m Unlock orders
[2025-04-13 09:27:30] [34mINFO[0;39m [36mg.service.ubs.OrderLockServiceImpl      [0;39m [35m:60  [0;39m Time: 2025-04-13T09:22:30.397991200
[2025-04-13 09:27:30] [34mINFO[0;39m [36mg.service.ubs.OrderLockServiceImpl      [0;39m [35m:62  [0;39m Unlock orders
[2025-04-13 09:27:30] [34mINFO[0;39m [36mg.service.ubs.OrderLockServiceImpl      [0;39m [35m:60  [0;39m Time: 2025-04-13T09:22:30.399103
[2025-04-13 09:27:30] [34mINFO[0;39m [36mg.service.ubs.OrderLockServiceImpl      [0;39m [35m:62  [0;39m Unlock orders
[2025-04-13 09:27:30] [34mINFO[0;39m [36mg.service.ubs.OrderLockServiceImpl      [0;39m [35m:60  [0;39m Time: 2025-04-13T09:22:30.400174800
[2025-04-13 09:27:30] [34mINFO[0;39m [36mg.service.ubs.OrderLockServiceImpl      [0;39m [35m:62  [0;39m Unlock orders
[2025-04-13 09:27:30] [34mINFO[0;39m [36mg.service.ubs.OrderLockServiceImpl      [0;39m [35m:60  [0;39m Time: 2025-04-13T09:22:30.401786700
[2025-04-13 09:27:30] [34mINFO[0;39m [36mg.service.ubs.OrderLockServiceImpl      [0;39m [35m:62  [0;39m Unlock orders
[2025-04-13 09:27:30] [34mINFO[0;39m [36mg.service.ubs.OrderLockServiceImpl      [0;39m [35m:60  [0;39m Time: 2025-04-13T09:22:30.402893400
[2025-04-13 09:27:30] [34mINFO[0;39m [36mg.service.ubs.OrderLockServiceImpl      [0;39m [35m:62  [0;39m Unlock orders
[2025-04-13 09:27:30] [34mINFO[0;39m [36mg.service.ubs.OrderLockServiceImpl      [0;39m [35m:60  [0;39m Time: 2025-04-13T09:22:30.405438100
[2025-04-13 09:27:30] [34mINFO[0;39m [36mg.service.ubs.OrderLockServiceImpl      [0;39m [35m:62  [0;39m Unlock orders
[2025-04-13 09:27:30] [34mINFO[0;39m [36mg.service.ubs.OrderLockServiceImpl      [0;39m [35m:60  [0;39m Time: 2025-04-13T09:22:30.407781800
[2025-04-13 09:27:30] [34mINFO[0;39m [36mg.service.ubs.OrderLockServiceImpl      [0;39m [35m:62  [0;39m Unlock orders
[2025-04-13 09:27:30] [34mINFO[0;39m [36mg.service.ubs.OrderLockServiceImpl      [0;39m [35m:60  [0;39m Time: 2025-04-13T09:22:30.408877700
[2025-04-13 09:27:30] [34mINFO[0;39m [36mg.service.ubs.OrderLockServiceImpl      [0;39m [35m:62  [0;39m Unlock orders
[2025-04-13 09:27:30] [34mINFO[0;39m [36mg.service.ubs.OrderLockServiceImpl      [0;39m [35m:60  [0;39m Time: 2025-04-13T09:22:30.409941200
[2025-04-13 09:27:30] [34mINFO[0;39m [36mg.service.ubs.OrderLockServiceImpl      [0;39m [35m:62  [0;39m Unlock orders
[2025-04-13 09:27:30] [34mINFO[0;39m [36mg.service.ubs.OrderLockServiceImpl      [0;39m [35m:60  [0;39m Time: 2025-04-13T09:22:30.411013900
[2025-04-13 09:27:30] [34mINFO[0;39m [36mg.service.ubs.OrderLockServiceImpl      [0;39m [35m:62  [0;39m Unlock orders
[2025-04-13 09:27:30] [34mINFO[0;39m [36mg.service.ubs.OrderLockServiceImpl      [0;39m [35m:60  [0;39m Time: 2025-04-13T09:22:30.412067200
[2025-04-13 09:27:30] [34mINFO[0;39m [36mg.service.ubs.OrderLockServiceImpl      [0;39m [35m:62  [0;39m Unlock orders
[2025-04-13 09:27:30] [34mINFO[0;39m [36mg.service.ubs.OrderLockServiceImpl      [0;39m [35m:60  [0;39m Time: 2025-04-13T09:22:30.413134700
[2025-04-13 09:27:30] [34mINFO[0;39m [36mg.service.ubs.OrderLockServiceImpl      [0;39m [35m:62  [0;39m Unlock orders
[2025-04-13 09:27:30] [34mINFO[0;39m [36mg.service.ubs.OrderLockServiceImpl      [0;39m [35m:60  [0;39m Time: 2025-04-13T09:22:30.413134700
[2025-04-13 09:27:30] [34mINFO[0;39m [36mg.service.ubs.OrderLockServiceImpl      [0;39m [35m:62  [0;39m Unlock orders
[2025-04-13 09:27:30] [34mINFO[0;39m [36mg.service.ubs.OrderLockServiceImpl      [0;39m [35m:60  [0;39m Time: 2025-04-13T09:22:30.414134100
[2025-04-13 09:27:30] [34mINFO[0;39m [36mg.service.ubs.OrderLockServiceImpl      [0;39m [35m:62  [0;39m Unlock orders
[2025-04-13 09:27:30] [34mINFO[0;39m [36mg.service.ubs.OrderLockServiceImpl      [0;39m [35m:60  [0;39m Time: 2025-04-13T09:22:30.415133800
[2025-04-13 09:27:30] [34mINFO[0;39m [36mg.service.ubs.OrderLockServiceImpl      [0;39m [35m:62  [0;39m Unlock orders
[2025-04-13 09:27:30] [34mINFO[0;39m [36mg.service.ubs.OrderLockServiceImpl      [0;39m [35m:60  [0;39m Time: 2025-04-13T09:22:30.416133100
[2025-04-13 09:27:30] [34mINFO[0;39m [36mg.service.ubs.OrderLockServiceImpl      [0;39m [35m:62  [0;39m Unlock orders
[2025-04-13 09:27:30] [34mINFO[0;39m [36mg.service.ubs.OrderLockServiceImpl      [0;39m [35m:60  [0;39m Time: 2025-04-13T09:22:30.417135500
[2025-04-13 09:27:30] [34mINFO[0;39m [36mg.service.ubs.OrderLockServiceImpl      [0;39m [35m:62  [0;39m Unlock orders
[2025-04-13 09:27:30] [34mINFO[0;39m [36mg.service.ubs.OrderLockServiceImpl      [0;39m [35m:60  [0;39m Time: 2025-04-13T09:22:30.418135400
[2025-04-13 09:27:30] [34mINFO[0;39m [36mg.service.ubs.OrderLockServiceImpl      [0;39m [35m:62  [0;39m Unlock orders
[2025-04-13 09:27:30] [34mINFO[0;39m [36mg.service.ubs.OrderLockServiceImpl      [0;39m [35m:60  [0;39m Time: 2025-04-13T09:22:30.419133700
[2025-04-13 09:27:30] [34mINFO[0;39m [36mg.service.ubs.OrderLockServiceImpl      [0;39m [35m:62  [0;39m Unlock orders
[2025-04-13 09:27:30] [34mINFO[0;39m [36mg.service.ubs.OrderLockServiceImpl      [0;39m [35m:60  [0;39m Time: 2025-04-13T09:22:30.420135500
[2025-04-13 09:27:30] [34mINFO[0;39m [36mg.service.ubs.OrderLockServiceImpl      [0;39m [35m:62  [0;39m Unlock orders
[2025-04-13 09:27:30] [34mINFO[0;39m [36mg.service.ubs.OrderLockServiceImpl      [0;39m [35m:60  [0;39m Time: 2025-04-13T09:22:30.422138400
[2025-04-13 09:27:30] [34mINFO[0;39m [36mg.service.ubs.OrderLockServiceImpl      [0;39m [35m:62  [0;39m Unlock orders
[2025-04-13 09:27:30] [34mINFO[0;39m [36mg.service.ubs.OrderLockServiceImpl      [0;39m [35m:60  [0;39m Time: 2025-04-13T09:22:30.423136800
[2025-04-13 09:27:30] [34mINFO[0;39m [36mg.service.ubs.OrderLockServiceImpl      [0;39m [35m:62  [0;39m Unlock orders
[2025-04-13 09:27:30] [34mINFO[0;39m [36mg.service.ubs.OrderLockServiceImpl      [0;39m [35m:60  [0;39m Time: 2025-04-13T09:22:30.425136600
[2025-04-13 09:27:30] [34mINFO[0;39m [36mg.service.ubs.OrderLockServiceImpl      [0;39m [35m:62  [0;39m Unlock orders
[2025-04-13 09:27:30] [34mINFO[0;39m [36mg.service.ubs.OrderLockServiceImpl      [0;39m [35m:60  [0;39m Time: 2025-04-13T09:22:30.426133700
[2025-04-13 09:27:30] [34mINFO[0;39m [36mg.service.ubs.OrderLockServiceImpl      [0;39m [35m:62  [0;39m Unlock orders
[2025-04-13 09:27:30] [34mINFO[0;39m [36mg.service.ubs.OrderLockServiceImpl      [0;39m [35m:60  [0;39m Time: 2025-04-13T09:22:30.427135800
[2025-04-13 09:27:30] [34mINFO[0;39m [36mg.service.ubs.OrderLockServiceImpl      [0;39m [35m:62  [0;39m Unlock orders
[2025-04-13 09:27:30] [34mINFO[0;39m [36mg.service.ubs.OrderLockServiceImpl      [0;39m [35m:60  [0;39m Time: 2025-04-13T09:22:30.428135800
[2025-04-13 09:27:30] [34mINFO[0;39m [36mg.service.ubs.OrderLockServiceImpl      [0;39m [35m:62  [0;39m Unlock orders
[2025-04-13 09:27:30] [34mINFO[0;39m [36mg.service.ubs.OrderLockServiceImpl      [0;39m [35m:60  [0;39m Time: 2025-04-13T09:22:30.428135800
[2025-04-13 09:27:30] [34mINFO[0;39m [36mg.service.ubs.OrderLockServiceImpl      [0;39m [35m:62  [0;39m Unlock orders
[2025-04-13 09:27:30] [34mINFO[0;39m [36mg.service.ubs.OrderLockServiceImpl      [0;39m [35m:60  [0;39m Time: 2025-04-13T09:22:30.429132600
[2025-04-13 09:27:30] [34mINFO[0;39m [36mg.service.ubs.OrderLockServiceImpl      [0;39m [35m:62  [0;39m Unlock orders
[2025-04-13 09:27:30] [34mINFO[0;39m [36mg.service.ubs.OrderLockServiceImpl      [0;39m [35m:60  [0;39m Time: 2025-04-13T09:22:30.430134
[2025-04-13 09:27:30] [34mINFO[0;39m [36mg.service.ubs.OrderLockServiceImpl      [0;39m [35m:62  [0;39m Unlock orders
[2025-04-13 09:27:30] [34mINFO[0;39m [36mg.service.ubs.OrderLockServiceImpl      [0;39m [35m:60  [0;39m Time: 2025-04-13T09:22:30.431132400
[2025-04-13 09:27:30] [34mINFO[0;39m [36mg.service.ubs.OrderLockServiceImpl      [0;39m [35m:62  [0;39m Unlock orders
[2025-04-13 09:27:30] [34mINFO[0;39m [36mg.service.ubs.OrderLockServiceImpl      [0;39m [35m:60  [0;39m Time: 2025-04-13T09:22:30.432134100
[2025-04-13 09:27:30] [34mINFO[0;39m [36mg.service.ubs.OrderLockServiceImpl      [0;39m [35m:62  [0;39m Unlock orders
[2025-04-13 09:27:30] [34mINFO[0;39m [36mg.service.ubs.OrderLockServiceImpl      [0;39m [35m:60  [0;39m Time: 2025-04-13T09:22:30.433132
[2025-04-13 09:27:30] [34mINFO[0;39m [36mg.service.ubs.OrderLockServiceImpl      [0;39m [35m:62  [0;39m Unlock orders
[2025-04-13 09:27:30] [34mINFO[0;39m [36mg.service.ubs.OrderLockServiceImpl      [0;39m [35m:60  [0;39m Time: 2025-04-13T09:22:30.434134300
[2025-04-13 09:27:30] [34mINFO[0;39m [36mg.service.ubs.OrderLockServiceImpl      [0;39m [35m:62  [0;39m Unlock orders
[2025-04-13 09:27:30] [34mINFO[0;39m [36mg.service.ubs.OrderLockServiceImpl      [0;39m [35m:60  [0;39m Time: 2025-04-13T09:22:30.435135500
[2025-04-13 09:27:30] [34mINFO[0;39m [36mg.service.ubs.OrderLockServiceImpl      [0;39m [35m:62  [0;39m Unlock orders
[2025-04-13 09:27:30] [34mINFO[0;39m [36mg.service.ubs.OrderLockServiceImpl      [0;39m [35m:60  [0;39m Time: 2025-04-13T09:22:30.435135500
[2025-04-13 09:27:30] [34mINFO[0;39m [36mg.service.ubs.OrderLockServiceImpl      [0;39m [35m:62  [0;39m Unlock orders
[2025-04-13 09:27:30] [34mINFO[0;39m [36mg.service.ubs.OrderLockServiceImpl      [0;39m [35m:60  [0;39m Time: 2025-04-13T09:22:30.436135100
[2025-04-13 09:27:30] [34mINFO[0;39m [36mg.service.ubs.OrderLockServiceImpl      [0;39m [35m:62  [0;39m Unlock orders
[2025-04-13 09:27:30] [34mINFO[0;39m [36mg.service.ubs.OrderLockServiceImpl      [0;39m [35m:60  [0;39m Time: 2025-04-13T09:22:30.438134200
[2025-04-13 09:27:30] [34mINFO[0;39m [36mg.service.ubs.OrderLockServiceImpl      [0;39m [35m:62  [0;39m Unlock orders
[2025-04-13 09:27:30] [34mINFO[0;39m [36mg.service.ubs.OrderLockServiceImpl      [0;39m [35m:60  [0;39m Time: 2025-04-13T09:22:30.440137800
[2025-04-13 09:27:30] [34mINFO[0;39m [36mg.service.ubs.OrderLockServiceImpl      [0;39m [35m:62  [0;39m Unlock orders
[2025-04-13 09:27:30] [34mINFO[0;39m [36mg.service.ubs.OrderLockServiceImpl      [0;39m [35m:60  [0;39m Time: 2025-04-13T09:22:30.443134300
[2025-04-13 09:27:30] [34mINFO[0;39m [36mg.service.ubs.OrderLockServiceImpl      [0;39m [35m:62  [0;39m Unlock orders
[2025-04-13 09:27:30] [34mINFO[0;39m [36mg.service.ubs.OrderLockServiceImpl      [0;39m [35m:60  [0;39m Time: 2025-04-13T09:22:30.445133100
[2025-04-13 09:27:30] [34mINFO[0;39m [36mg.service.ubs.OrderLockServiceImpl      [0;39m [35m:62  [0;39m Unlock orders
[2025-04-13 09:27:30] [34mINFO[0;39m [36mg.service.ubs.OrderLockServiceImpl      [0;39m [35m:60  [0;39m Time: 2025-04-13T09:22:30.447135200
[2025-04-13 09:27:30] [34mINFO[0;39m [36mg.service.ubs.OrderLockServiceImpl      [0;39m [35m:62  [0;39m Unlock orders
[2025-04-13 09:27:30] [34mINFO[0;39m [36mg.service.ubs.OrderLockServiceImpl      [0;39m [35m:60  [0;39m Time: 2025-04-13T09:22:30.448135100
[2025-04-13 09:27:30] [34mINFO[0;39m [36mg.service.ubs.OrderLockServiceImpl      [0;39m [35m:62  [0;39m Unlock orders
[2025-04-13 09:27:30] [34mINFO[0;39m [36mg.service.ubs.OrderLockServiceImpl      [0;39m [35m:60  [0;39m Time: 2025-04-13T09:22:30.450135200
[2025-04-13 09:27:30] [34mINFO[0;39m [36mg.service.ubs.OrderLockServiceImpl      [0;39m [35m:62  [0;39m Unlock orders
[2025-04-13 09:27:30] [34mINFO[0;39m [36mg.service.ubs.OrderLockServiceImpl      [0;39m [35m:60  [0;39m Time: 2025-04-13T09:22:30.451138500
[2025-04-13 09:27:30] [34mINFO[0;39m [36mg.service.ubs.OrderLockServiceImpl      [0;39m [35m:62  [0;39m Unlock orders
[2025-04-13 09:27:30] [34mINFO[0;39m [36mg.service.ubs.OrderLockServiceImpl      [0;39m [35m:60  [0;39m Time: 2025-04-13T09:22:30.452134200
[2025-04-13 09:27:30] [34mINFO[0;39m [36mg.service.ubs.OrderLockServiceImpl      [0;39m [35m:62  [0;39m Unlock orders
[2025-04-13 09:27:30] [34mINFO[0;39m [36mg.service.ubs.OrderLockServiceImpl      [0;39m [35m:60  [0;39m Time: 2025-04-13T09:22:30.453136400
[2025-04-13 09:27:30] [34mINFO[0;39m [36mg.service.ubs.OrderLockServiceImpl      [0;39m [35m:62  [0;39m Unlock orders
[2025-04-13 09:27:30] [34mINFO[0;39m [36mg.service.ubs.OrderLockServiceImpl      [0;39m [35m:60  [0;39m Time: 2025-04-13T09:22:30.456135400
[2025-04-13 09:27:30] [34mINFO[0;39m [36mg.service.ubs.OrderLockServiceImpl      [0;39m [35m:62  [0;39m Unlock orders
[2025-04-13 09:27:30] [34mINFO[0;39m [36mg.service.ubs.OrderLockServiceImpl      [0;39m [35m:60  [0;39m Time: 2025-04-13T09:22:30.458135100
[2025-04-13 09:27:30] [34mINFO[0;39m [36mg.service.ubs.OrderLockServiceImpl      [0;39m [35m:62  [0;39m Unlock orders
[2025-04-13 09:27:30] [34mINFO[0;39m [36mg.service.ubs.OrderLockServiceImpl      [0;39m [35m:60  [0;39m Time: 2025-04-13T09:22:30.459135600
[2025-04-13 09:27:30] [34mINFO[0;39m [36mg.service.ubs.OrderLockServiceImpl      [0;39m [35m:62  [0;39m Unlock orders
[2025-04-13 09:27:30] [34mINFO[0;39m [36mg.service.ubs.OrderLockServiceImpl      [0;39m [35m:60  [0;39m Time: 2025-04-13T09:22:30.460135
[2025-04-13 09:27:30] [34mINFO[0;39m [36mg.service.ubs.OrderLockServiceImpl      [0;39m [35m:62  [0;39m Unlock orders
[2025-04-13 09:27:30] [34mINFO[0;39m [36mg.service.ubs.OrderLockServiceImpl      [0;39m [35m:60  [0;39m Time: 2025-04-13T09:22:30.462133200
[2025-04-13 09:27:30] [34mINFO[0;39m [36mg.service.ubs.OrderLockServiceImpl      [0;39m [35m:62  [0;39m Unlock orders
[2025-04-13 09:27:30] [34mINFO[0;39m [36mg.service.ubs.OrderLockServiceImpl      [0;39m [35m:60  [0;39m Time: 2025-04-13T09:22:30.463132800
[2025-04-13 09:27:30] [34mINFO[0;39m [36mg.service.ubs.OrderLockServiceImpl      [0;39m [35m:62  [0;39m Unlock orders
[2025-04-13 09:27:30] [34mINFO[0;39m [36mg.service.ubs.OrderLockServiceImpl      [0;39m [35m:60  [0;39m Time: 2025-04-13T09:22:30.464133900
[2025-04-13 09:27:30] [34mINFO[0;39m [36mg.service.ubs.OrderLockServiceImpl      [0;39m [35m:62  [0;39m Unlock orders
[2025-04-13 09:27:30] [34mINFO[0;39m [36mg.service.ubs.OrderLockServiceImpl      [0;39m [35m:60  [0;39m Time: 2025-04-13T09:22:30.464133900
[2025-04-13 09:27:30] [34mINFO[0;39m [36mg.service.ubs.OrderLockServiceImpl      [0;39m [35m:62  [0;39m Unlock orders
[2025-04-13 09:27:30] [34mINFO[0;39m [36mg.service.ubs.OrderLockServiceImpl      [0;39m [35m:60  [0;39m Time: 2025-04-13T09:22:30.466134400
[2025-04-13 09:27:30] [34mINFO[0;39m [36mg.service.ubs.OrderLockServiceImpl      [0;39m [35m:62  [0;39m Unlock orders
[2025-04-13 09:27:30] [34mINFO[0;39m [36mg.service.ubs.OrderLockServiceImpl      [0;39m [35m:60  [0;39m Time: 2025-04-13T09:22:30.466134400
[2025-04-13 09:27:30] [34mINFO[0;39m [36mg.service.ubs.OrderLockServiceImpl      [0;39m [35m:62  [0;39m Unlock orders
[2025-04-13 09:27:30] [34mINFO[0;39m [36mg.service.ubs.OrderLockServiceImpl      [0;39m [35m:60  [0;39m Time: 2025-04-13T09:22:30.467135200
[2025-04-13 09:27:30] [34mINFO[0;39m [36mg.service.ubs.OrderLockServiceImpl      [0;39m [35m:62  [0;39m Unlock orders
[2025-04-13 09:27:30] [34mINFO[0;39m [36mg.service.ubs.OrderLockServiceImpl      [0;39m [35m:60  [0;39m Time: 2025-04-13T09:22:30.468134700
[2025-04-13 09:27:30] [34mINFO[0;39m [36mg.service.ubs.OrderLockServiceImpl      [0;39m [35m:62  [0;39m Unlock orders
[2025-04-13 09:27:30] [34mINFO[0;39m [36mg.service.ubs.OrderLockServiceImpl      [0;39m [35m:60  [0;39m Time: 2025-04-13T09:22:30.469134400
[2025-04-13 09:27:30] [34mINFO[0;39m [36mg.service.ubs.OrderLockServiceImpl      [0;39m [35m:62  [0;39m Unlock orders
[2025-04-13 09:27:30] [34mINFO[0;39m [36mg.service.ubs.OrderLockServiceImpl      [0;39m [35m:60  [0;39m Time: 2025-04-13T09:22:30.471137200
[2025-04-13 09:27:30] [34mINFO[0;39m [36mg.service.ubs.OrderLockServiceImpl      [0;39m [35m:62  [0;39m Unlock orders
[2025-04-13 09:27:30] [34mINFO[0;39m [36mg.service.ubs.OrderLockServiceImpl      [0;39m [35m:60  [0;39m Time: 2025-04-13T09:22:30.473139100
[2025-04-13 09:27:30] [34mINFO[0;39m [36mg.service.ubs.OrderLockServiceImpl      [0;39m [35m:62  [0;39m Unlock orders
[2025-04-13 09:27:30] [34mINFO[0;39m [36mg.service.ubs.OrderLockServiceImpl      [0;39m [35m:60  [0;39m Time: 2025-04-13T09:22:30.475134
[2025-04-13 09:27:30] [34mINFO[0;39m [36mg.service.ubs.OrderLockServiceImpl      [0;39m [35m:62  [0;39m Unlock orders
[2025-04-13 09:27:30] [34mINFO[0;39m [36mg.service.ubs.OrderLockServiceImpl      [0;39m [35m:60  [0;39m Time: 2025-04-13T09:22:30.476931
[2025-04-13 09:27:30] [34mINFO[0;39m [36mg.service.ubs.OrderLockServiceImpl      [0;39m [35m:62  [0;39m Unlock orders
[2025-04-13 09:27:30] [34mINFO[0;39m [36mg.service.ubs.OrderLockServiceImpl      [0;39m [35m:60  [0;39m Time: 2025-04-13T09:22:30.477928500
[2025-04-13 09:27:30] [34mINFO[0;39m [36mg.service.ubs.OrderLockServiceImpl      [0;39m [35m:62  [0;39m Unlock orders
[2025-04-13 09:27:30] [34mINFO[0;39m [36mg.service.ubs.OrderLockServiceImpl      [0;39m [35m:60  [0;39m Time: 2025-04-13T09:22:30.478930400
[2025-04-13 09:27:30] [34mINFO[0;39m [36mg.service.ubs.OrderLockServiceImpl      [0;39m [35m:62  [0;39m Unlock orders
[2025-04-13 09:27:30] [34mINFO[0;39m [36mg.service.ubs.OrderLockServiceImpl      [0;39m [35m:60  [0;39m Time: 2025-04-13T09:22:30.480927700
[2025-04-13 09:27:30] [34mINFO[0;39m [36mg.service.ubs.OrderLockServiceImpl      [0;39m [35m:62  [0;39m Unlock orders
[2025-04-13 09:27:30] [34mINFO[0;39m [36mg.service.ubs.OrderLockServiceImpl      [0;39m [35m:60  [0;39m Time: 2025-04-13T09:22:30.481927600
[2025-04-13 09:27:30] [34mINFO[0;39m [36mg.service.ubs.OrderLockServiceImpl      [0;39m [35m:62  [0;39m Unlock orders
[2025-04-13 09:27:30] [34mINFO[0;39m [36mg.service.ubs.OrderLockServiceImpl      [0;39m [35m:60  [0;39m Time: 2025-04-13T09:22:30.482927300
[2025-04-13 09:27:30] [34mINFO[0;39m [36mg.service.ubs.OrderLockServiceImpl      [0;39m [35m:62  [0;39m Unlock orders
[2025-04-13 09:27:30] [34mINFO[0;39m [36mg.service.ubs.OrderLockServiceImpl      [0;39m [35m:60  [0;39m Time: 2025-04-13T09:22:30.483927600
[2025-04-13 09:27:30] [34mINFO[0;39m [36mg.service.ubs.OrderLockServiceImpl      [0;39m [35m:62  [0;39m Unlock orders
[2025-04-13 09:27:30] [34mINFO[0;39m [36mg.service.ubs.OrderLockServiceImpl      [0;39m [35m:60  [0;39m Time: 2025-04-13T09:22:30.484929900
[2025-04-13 09:27:30] [34mINFO[0;39m [36mg.service.ubs.OrderLockServiceImpl      [0;39m [35m:62  [0;39m Unlock orders
[2025-04-13 09:27:30] [34mINFO[0;39m [36mg.service.ubs.OrderLockServiceImpl      [0;39m [35m:60  [0;39m Time: 2025-04-13T09:22:30.485928800
[2025-04-13 09:27:30] [34mINFO[0;39m [36mg.service.ubs.OrderLockServiceImpl      [0;39m [35m:62  [0;39m Unlock orders
[2025-04-13 09:27:30] [34mINFO[0;39m [36mg.service.ubs.OrderLockServiceImpl      [0;39m [35m:60  [0;39m Time: 2025-04-13T09:22:30.487928900
[2025-04-13 09:27:30] [34mINFO[0;39m [36mg.service.ubs.OrderLockServiceImpl      [0;39m [35m:62  [0;39m Unlock orders
[2025-04-13 09:27:30] [34mINFO[0;39m [36mg.service.ubs.OrderLockServiceImpl      [0;39m [35m:60  [0;39m Time: 2025-04-13T09:22:30.489932900
[2025-04-13 09:27:30] [34mINFO[0;39m [36mg.service.ubs.OrderLockServiceImpl      [0;39m [35m:62  [0;39m Unlock orders
[2025-04-13 09:27:30] [34mINFO[0;39m [36mg.service.ubs.OrderLockServiceImpl      [0;39m [35m:60  [0;39m Time: 2025-04-13T09:22:30.491926300
[2025-04-13 09:27:30] [34mINFO[0;39m [36mg.service.ubs.OrderLockServiceImpl      [0;39m [35m:62  [0;39m Unlock orders
[2025-04-13 09:27:30] [34mINFO[0;39m [36mg.service.ubs.OrderLockServiceImpl      [0;39m [35m:60  [0;39m Time: 2025-04-13T09:22:30.492927600
[2025-04-13 09:27:30] [34mINFO[0;39m [36mg.service.ubs.OrderLockServiceImpl      [0;39m [35m:62  [0;39m Unlock orders
[2025-04-13 09:27:30] [34mINFO[0;39m [36mg.service.ubs.OrderLockServiceImpl      [0;39m [35m:60  [0;39m Time: 2025-04-13T09:22:30.493928800
[2025-04-13 09:27:30] [34mINFO[0;39m [36mg.service.ubs.OrderLockServiceImpl      [0;39m [35m:62  [0;39m Unlock orders
[2025-04-13 09:27:30] [34mINFO[0;39m [36mg.service.ubs.OrderLockServiceImpl      [0;39m [35m:60  [0;39m Time: 2025-04-13T09:22:30.494928300
[2025-04-13 09:27:30] [34mINFO[0;39m [36mg.service.ubs.OrderLockServiceImpl      [0;39m [35m:62  [0;39m Unlock orders
[2025-04-13 09:27:30] [34mINFO[0;39m [36mg.service.ubs.OrderLockServiceImpl      [0;39m [35m:60  [0;39m Time: 2025-04-13T09:22:30.495928400
[2025-04-13 09:27:30] [34mINFO[0;39m [36mg.service.ubs.OrderLockServiceImpl      [0;39m [35m:62  [0;39m Unlock orders
[2025-04-13 09:27:30] [34mINFO[0;39m [36mg.service.ubs.OrderLockServiceImpl      [0;39m [35m:60  [0;39m Time: 2025-04-13T09:22:30.496928800
[2025-04-13 09:27:30] [34mINFO[0;39m [36mg.service.ubs.OrderLockServiceImpl      [0;39m [35m:62  [0;39m Unlock orders
[2025-04-13 09:27:30] [34mINFO[0;39m [36mg.service.ubs.OrderLockServiceImpl      [0;39m [35m:60  [0;39m Time: 2025-04-13T09:22:30.497929600
[2025-04-13 09:27:30] [34mINFO[0;39m [36mg.service.ubs.OrderLockServiceImpl      [0;39m [35m:62  [0;39m Unlock orders
[2025-04-13 09:27:30] [34mINFO[0;39m [36mg.service.ubs.OrderLockServiceImpl      [0;39m [35m:60  [0;39m Time: 2025-04-13T09:22:30.498930700
[2025-04-13 09:27:30] [34mINFO[0;39m [36mg.service.ubs.OrderLockServiceImpl      [0;39m [35m:62  [0;39m Unlock orders
[2025-04-13 09:27:30] [34mINFO[0;39m [36mg.service.ubs.OrderLockServiceImpl      [0;39m [35m:60  [0;39m Time: 2025-04-13T09:22:30.499931400
[2025-04-13 09:27:30] [34mINFO[0;39m [36mg.service.ubs.OrderLockServiceImpl      [0;39m [35m:62  [0;39m Unlock orders
[2025-04-13 09:27:30] [34mINFO[0;39m [36mg.service.ubs.OrderLockServiceImpl      [0;39m [35m:60  [0;39m Time: 2025-04-13T09:22:30.500929100
[2025-04-13 09:27:30] [34mINFO[0;39m [36mg.service.ubs.OrderLockServiceImpl      [0;39m [35m:62  [0;39m Unlock orders
[2025-04-13 09:27:30] [34mINFO[0;39m [36mg.service.ubs.OrderLockServiceImpl      [0;39m [35m:60  [0;39m Time: 2025-04-13T09:22:30.501928500
[2025-04-13 09:27:30] [34mINFO[0;39m [36mg.service.ubs.OrderLockServiceImpl      [0;39m [35m:62  [0;39m Unlock orders
[2025-04-13 09:27:30] [34mINFO[0;39m [36mg.service.ubs.OrderLockServiceImpl      [0;39m [35m:60  [0;39m Time: 2025-04-13T09:22:30.502932200
[2025-04-13 09:27:30] [34mINFO[0;39m [36mg.service.ubs.OrderLockServiceImpl      [0;39m [35m:62  [0;39m Unlock orders
[2025-04-13 09:27:30] [34mINFO[0;39m [36mg.service.ubs.OrderLockServiceImpl      [0;39m [35m:60  [0;39m Time: 2025-04-13T09:22:30.506931100
[2025-04-13 09:27:30] [34mINFO[0;39m [36mg.service.ubs.OrderLockServiceImpl      [0;39m [35m:62  [0;39m Unlock orders
[2025-04-13 09:27:30] [34mINFO[0;39m [36mg.service.ubs.OrderLockServiceImpl      [0;39m [35m:60  [0;39m Time: 2025-04-13T09:22:30.508932900
[2025-04-13 09:27:30] [34mINFO[0;39m [36mg.service.ubs.OrderLockServiceImpl      [0;39m [35m:62  [0;39m Unlock orders
[2025-04-13 09:27:30] [34mINFO[0;39m [36mg.service.ubs.OrderLockServiceImpl      [0;39m [35m:60  [0;39m Time: 2025-04-13T09:22:30.510928400
[2025-04-13 09:27:30] [34mINFO[0;39m [36mg.service.ubs.OrderLockServiceImpl      [0;39m [35m:62  [0;39m Unlock orders
[2025-04-13 09:27:30] [34mINFO[0;39m [36mg.service.ubs.OrderLockServiceImpl      [0;39m [35m:60  [0;39m Time: 2025-04-13T09:22:30.511929900
[2025-04-13 09:27:30] [34mINFO[0;39m [36mg.service.ubs.OrderLockServiceImpl      [0;39m [35m:62  [0;39m Unlock orders
[2025-04-13 09:27:30] [34mINFO[0;39m [36mg.service.ubs.OrderLockServiceImpl      [0;39m [35m:60  [0;39m Time: 2025-04-13T09:22:30.512929400
[2025-04-13 09:27:30] [34mINFO[0;39m [36mg.service.ubs.OrderLockServiceImpl      [0;39m [35m:62  [0;39m Unlock orders
[2025-04-13 09:27:30] [34mINFO[0;39m [36mg.service.ubs.OrderLockServiceImpl      [0;39m [35m:60  [0;39m Time: 2025-04-13T09:22:30.513926500
[2025-04-13 09:27:30] [34mINFO[0;39m [36mg.service.ubs.OrderLockServiceImpl      [0;39m [35m:62  [0;39m Unlock orders
[2025-04-13 09:27:30] [34mINFO[0;39m [36mg.service.ubs.OrderLockServiceImpl      [0;39m [35m:60  [0;39m Time: 2025-04-13T09:22:30.514927200
[2025-04-13 09:27:30] [34mINFO[0;39m [36mg.service.ubs.OrderLockServiceImpl      [0;39m [35m:62  [0;39m Unlock orders
[2025-04-13 09:27:30] [34mINFO[0;39m [36mg.service.ubs.OrderLockServiceImpl      [0;39m [35m:60  [0;39m Time: 2025-04-13T09:22:30.515926900
[2025-04-13 09:27:30] [34mINFO[0;39m [36mg.service.ubs.OrderLockServiceImpl      [0;39m [35m:62  [0;39m Unlock orders
[2025-04-13 09:27:30] [34mINFO[0;39m [36mg.service.ubs.OrderLockServiceImpl      [0;39m [35m:60  [0;39m Time: 2025-04-13T09:22:30.516930400
[2025-04-13 09:27:30] [34mINFO[0;39m [36mg.service.ubs.OrderLockServiceImpl      [0;39m [35m:62  [0;39m Unlock orders
[2025-04-13 09:27:30] [34mINFO[0;39m [36mg.service.ubs.OrderLockServiceImpl      [0;39m [35m:60  [0;39m Time: 2025-04-13T09:22:30.517932500
[2025-04-13 09:27:30] [34mINFO[0;39m [36mg.service.ubs.OrderLockServiceImpl      [0;39m [35m:62  [0;39m Unlock orders
[2025-04-13 09:27:30] [34mINFO[0;39m [36mg.service.ubs.OrderLockServiceImpl      [0;39m [35m:60  [0;39m Time: 2025-04-13T09:22:30.518929300
[2025-04-13 09:27:30] [34mINFO[0;39m [36mg.service.ubs.OrderLockServiceImpl      [0;39m [35m:62  [0;39m Unlock orders
[2025-04-13 09:27:30] [34mINFO[0;39m [36mg.service.ubs.OrderLockServiceImpl      [0;39m [35m:60  [0;39m Time: 2025-04-13T09:22:30.520928800
[2025-04-13 09:27:30] [34mINFO[0;39m [36mg.service.ubs.OrderLockServiceImpl      [0;39m [35m:62  [0;39m Unlock orders
[2025-04-13 09:27:30] [34mINFO[0;39m [36mg.service.ubs.OrderLockServiceImpl      [0;39m [35m:60  [0;39m Time: 2025-04-13T09:22:30.522927300
[2025-04-13 09:27:30] [34mINFO[0;39m [36mg.service.ubs.OrderLockServiceImpl      [0;39m [35m:62  [0;39m Unlock orders
[2025-04-13 09:27:30] [34mINFO[0;39m [36mg.service.ubs.OrderLockServiceImpl      [0;39m [35m:60  [0;39m Time: 2025-04-13T09:22:30.524927700
[2025-04-13 09:27:30] [34mINFO[0;39m [36mg.service.ubs.OrderLockServiceImpl      [0;39m [35m:62  [0;39m Unlock orders
[2025-04-13 09:27:30] [34mINFO[0;39m [36mg.service.ubs.OrderLockServiceImpl      [0;39m [35m:60  [0;39m Time: 2025-04-13T09:22:30.525929700
[2025-04-13 09:27:30] [34mINFO[0;39m [36mg.service.ubs.OrderLockServiceImpl      [0;39m [35m:62  [0;39m Unlock orders
[2025-04-13 09:27:30] [34mINFO[0;39m [36mg.service.ubs.OrderLockServiceImpl      [0;39m [35m:60  [0;39m Time: 2025-04-13T09:22:30.528928500
[2025-04-13 09:27:30] [34mINFO[0;39m [36mg.service.ubs.OrderLockServiceImpl      [0;39m [35m:62  [0;39m Unlock orders
[2025-04-13 09:27:30] [34mINFO[0;39m [36mg.service.ubs.OrderLockServiceImpl      [0;39m [35m:60  [0;39m Time: 2025-04-13T09:22:30.529930200
[2025-04-13 09:27:30] [34mINFO[0;39m [36mg.service.ubs.OrderLockServiceImpl      [0;39m [35m:62  [0;39m Unlock orders
[2025-04-13 09:27:30] [34mINFO[0;39m [36mg.service.ubs.OrderLockServiceImpl      [0;39m [35m:60  [0;39m Time: 2025-04-13T09:22:30.530927800
[2025-04-13 09:27:30] [34mINFO[0;39m [36mg.service.ubs.OrderLockServiceImpl      [0;39m [35m:62  [0;39m Unlock orders
[2025-04-13 09:27:30] [34mINFO[0;39m [36mg.service.ubs.OrderLockServiceImpl      [0;39m [35m:60  [0;39m Time: 2025-04-13T09:22:30.531928900
[2025-04-13 09:27:30] [34mINFO[0;39m [36mg.service.ubs.OrderLockServiceImpl      [0;39m [35m:62  [0;39m Unlock orders
[2025-04-13 09:27:30] [34mINFO[0;39m [36mg.service.ubs.OrderLockServiceImpl      [0;39m [35m:60  [0;39m Time: 2025-04-13T09:22:30.532929200
[2025-04-13 09:27:30] [34mINFO[0;39m [36mg.service.ubs.OrderLockServiceImpl      [0;39m [35m:62  [0;39m Unlock orders
[2025-04-13 09:27:30] [34mINFO[0;39m [36mg.service.ubs.OrderLockServiceImpl      [0;39m [35m:60  [0;39m Time: 2025-04-13T09:22:30.533931100
[2025-04-13 09:27:30] [34mINFO[0;39m [36mg.service.ubs.OrderLockServiceImpl      [0;39m [35m:62  [0;39m Unlock orders
[2025-04-13 09:27:30] [34mINFO[0;39m [36mg.service.ubs.OrderLockServiceImpl      [0;39m [35m:60  [0;39m Time: 2025-04-13T09:22:30.534927800
[2025-04-13 09:27:30] [34mINFO[0;39m [36mg.service.ubs.OrderLockServiceImpl      [0;39m [35m:62  [0;39m Unlock orders
[2025-04-13 09:27:30] [34mINFO[0;39m [36mg.service.ubs.OrderLockServiceImpl      [0;39m [35m:60  [0;39m Time: 2025-04-13T09:22:30.535926700
[2025-04-13 09:27:30] [34mINFO[0;39m [36mg.service.ubs.OrderLockServiceImpl      [0;39m [35m:62  [0;39m Unlock orders
[2025-04-13 09:27:30] [34mINFO[0;39m [36mg.service.ubs.OrderLockServiceImpl      [0;39m [35m:60  [0;39m Time: 2025-04-13T09:22:30.536928700
[2025-04-13 09:27:30] [34mINFO[0;39m [36mg.service.ubs.OrderLockServiceImpl      [0;39m [35m:62  [0;39m Unlock orders
[2025-04-13 09:27:30] [34mINFO[0;39m [36mg.service.ubs.OrderLockServiceImpl      [0;39m [35m:60  [0;39m Time: 2025-04-13T09:22:30.538932600
[2025-04-13 09:27:30] [34mINFO[0;39m [36mg.service.ubs.OrderLockServiceImpl      [0;39m [35m:62  [0;39m Unlock orders
[2025-04-13 09:27:30] [34mINFO[0;39m [36mg.service.ubs.OrderLockServiceImpl      [0;39m [35m:60  [0;39m Time: 2025-04-13T09:22:30.540929500
[2025-04-13 09:27:30] [34mINFO[0;39m [36mg.service.ubs.OrderLockServiceImpl      [0;39m [35m:62  [0;39m Unlock orders
[2025-04-13 09:27:30] [34mINFO[0;39m [36mg.service.ubs.OrderLockServiceImpl      [0;39m [35m:60  [0;39m Time: 2025-04-13T09:22:30.541927400
[2025-04-13 09:27:30] [34mINFO[0;39m [36mg.service.ubs.OrderLockServiceImpl      [0;39m [35m:62  [0;39m Unlock orders
[2025-04-13 09:27:30] [34mINFO[0;39m [36mg.service.ubs.OrderLockServiceImpl      [0;39m [35m:60  [0;39m Time: 2025-04-13T09:22:30.542929600
[2025-04-13 09:27:30] [34mINFO[0;39m [36mg.service.ubs.OrderLockServiceImpl      [0;39m [35m:62  [0;39m Unlock orders
[2025-04-13 09:27:30] [34mINFO[0;39m [36mg.service.ubs.OrderLockServiceImpl      [0;39m [35m:60  [0;39m Time: 2025-04-13T09:22:30.543929
[2025-04-13 09:27:30] [34mINFO[0;39m [36mg.service.ubs.OrderLockServiceImpl      [0;39m [35m:62  [0;39m Unlock orders
[2025-04-13 09:27:30] [34mINFO[0;39m [36mg.service.ubs.OrderLockServiceImpl      [0;39m [35m:60  [0;39m Time: 2025-04-13T09:22:30.544927900
[2025-04-13 09:27:30] [34mINFO[0;39m [36mg.service.ubs.OrderLockServiceImpl      [0;39m [35m:62  [0;39m Unlock orders
[2025-04-13 09:27:30] [34mINFO[0;39m [36mg.service.ubs.OrderLockServiceImpl      [0;39m [35m:60  [0;39m Time: 2025-04-13T09:22:30.545927700
[2025-04-13 09:27:30] [34mINFO[0;39m [36mg.service.ubs.OrderLockServiceImpl      [0;39m [35m:62  [0;39m Unlock orders
[2025-04-13 09:27:30] [34mINFO[0;39m [36mg.service.ubs.OrderLockServiceImpl      [0;39m [35m:60  [0;39m Time: 2025-04-13T09:22:30.546927500
[2025-04-13 09:27:30] [34mINFO[0;39m [36mg.service.ubs.OrderLockServiceImpl      [0;39m [35m:62  [0;39m Unlock orders
[2025-04-13 09:27:30] [34mINFO[0;39m [36mg.service.ubs.OrderLockServiceImpl      [0;39m [35m:60  [0;39m Time: 2025-04-13T09:22:30.547928900
[2025-04-13 09:27:30] [34mINFO[0;39m [36mg.service.ubs.OrderLockServiceImpl      [0;39m [35m:62  [0;39m Unlock orders
[2025-04-13 09:27:30] [34mINFO[0;39m [36mg.service.ubs.OrderLockServiceImpl      [0;39m [35m:60  [0;39m Time: 2025-04-13T09:22:30.548928
[2025-04-13 09:27:30] [34mINFO[0;39m [36mg.service.ubs.OrderLockServiceImpl      [0;39m [35m:62  [0;39m Unlock orders
[2025-04-13 09:27:30] [34mINFO[0;39m [36mg.service.ubs.OrderLockServiceImpl      [0;39m [35m:60  [0;39m Time: 2025-04-13T09:22:30.549929200
[2025-04-13 09:27:30] [34mINFO[0;39m [36mg.service.ubs.OrderLockServiceImpl      [0;39m [35m:62  [0;39m Unlock orders
[2025-04-13 09:27:30] [34mINFO[0;39m [36mg.service.ubs.OrderLockServiceImpl      [0;39m [35m:60  [0;39m Time: 2025-04-13T09:22:30.550929500
[2025-04-13 09:27:30] [34mINFO[0;39m [36mg.service.ubs.OrderLockServiceImpl      [0;39m [35m:62  [0;39m Unlock orders
[2025-04-13 09:27:30] [34mINFO[0;39m [36mg.service.ubs.OrderLockServiceImpl      [0;39m [35m:60  [0;39m Time: 2025-04-13T09:22:30.551929100
[2025-04-13 09:27:30] [34mINFO[0;39m [36mg.service.ubs.OrderLockServiceImpl      [0;39m [35m:62  [0;39m Unlock orders
[2025-04-13 09:27:30] [34mINFO[0;39m [36mg.service.ubs.OrderLockServiceImpl      [0;39m [35m:60  [0;39m Time: 2025-04-13T09:22:30.552930300
[2025-04-13 09:27:30] [34mINFO[0;39m [36mg.service.ubs.OrderLockServiceImpl      [0;39m [35m:62  [0;39m Unlock orders
[2025-04-13 09:27:30] [34mINFO[0;39m [36mg.service.ubs.OrderLockServiceImpl      [0;39m [35m:60  [0;39m Time: 2025-04-13T09:22:30.552930300
[2025-04-13 09:27:30] [34mINFO[0;39m [36mg.service.ubs.OrderLockServiceImpl      [0;39m [35m:62  [0;39m Unlock orders
[2025-04-13 09:27:30] [34mINFO[0;39m [36mg.service.ubs.OrderLockServiceImpl      [0;39m [35m:60  [0;39m Time: 2025-04-13T09:22:30.556927500
[2025-04-13 09:27:30] [34mINFO[0;39m [36mg.service.ubs.OrderLockServiceImpl      [0;39m [35m:62  [0;39m Unlock orders
[2025-04-13 09:27:30] [34mINFO[0;39m [36mg.service.ubs.OrderLockServiceImpl      [0;39m [35m:60  [0;39m Time: 2025-04-13T09:22:30.558927800
[2025-04-13 09:27:30] [34mINFO[0;39m [36mg.service.ubs.OrderLockServiceImpl      [0;39m [35m:62  [0;39m Unlock orders
[2025-04-13 09:27:30] [34mINFO[0;39m [36mg.service.ubs.OrderLockServiceImpl      [0;39m [35m:60  [0;39m Time: 2025-04-13T09:22:30.559929
[2025-04-13 09:27:30] [34mINFO[0;39m [36mg.service.ubs.OrderLockServiceImpl      [0;39m [35m:62  [0;39m Unlock orders
[2025-04-13 09:27:30] [34mINFO[0;39m [36mg.service.ubs.OrderLockServiceImpl      [0;39m [35m:60  [0;39m Time: 2025-04-13T09:22:30.560928500
[2025-04-13 09:27:30] [34mINFO[0;39m [36mg.service.ubs.OrderLockServiceImpl      [0;39m [35m:62  [0;39m Unlock orders
[2025-04-13 09:27:30] [34mINFO[0;39m [36mg.service.ubs.OrderLockServiceImpl      [0;39m [35m:60  [0;39m Time: 2025-04-13T09:22:30.561926700
[2025-04-13 09:27:30] [34mINFO[0;39m [36mg.service.ubs.OrderLockServiceImpl      [0;39m [35m:62  [0;39m Unlock orders
[2025-04-13 09:27:30] [34mINFO[0;39m [36mg.service.ubs.OrderLockServiceImpl      [0;39m [35m:60  [0;39m Time: 2025-04-13T09:22:30.562926100
[2025-04-13 09:27:30] [34mINFO[0;39m [36mg.service.ubs.OrderLockServiceImpl      [0;39m [35m:62  [0;39m Unlock orders
[2025-04-13 09:27:30] [34mINFO[0;39m [36mg.service.ubs.OrderLockServiceImpl      [0;39m [35m:60  [0;39m Time: 2025-04-13T09:22:30.563927400
[2025-04-13 09:27:30] [34mINFO[0;39m [36mg.service.ubs.OrderLockServiceImpl      [0;39m [35m:62  [0;39m Unlock orders
[2025-04-13 09:27:30] [34mINFO[0;39m [36mg.service.ubs.OrderLockServiceImpl      [0;39m [35m:60  [0;39m Time: 2025-04-13T09:22:30.564927200
[2025-04-13 09:27:30] [34mINFO[0;39m [36mg.service.ubs.OrderLockServiceImpl      [0;39m [35m:62  [0;39m Unlock orders
[2025-04-13 09:27:30] [34mINFO[0;39m [36mg.service.ubs.OrderLockServiceImpl      [0;39m [35m:60  [0;39m Time: 2025-04-13T09:22:30.565926400
[2025-04-13 09:27:30] [34mINFO[0;39m [36mg.service.ubs.OrderLockServiceImpl      [0;39m [35m:62  [0;39m Unlock orders
[2025-04-13 09:27:30] [34mINFO[0;39m [36mg.service.ubs.OrderLockServiceImpl      [0;39m [35m:60  [0;39m Time: 2025-04-13T09:22:30.566927200
[2025-04-13 09:27:30] [34mINFO[0;39m [36mg.service.ubs.OrderLockServiceImpl      [0;39m [35m:62  [0;39m Unlock orders
[2025-04-13 09:27:30] [34mINFO[0;39m [36mg.service.ubs.OrderLockServiceImpl      [0;39m [35m:60  [0;39m Time: 2025-04-13T09:22:30.567926900
[2025-04-13 09:27:30] [34mINFO[0;39m [36mg.service.ubs.OrderLockServiceImpl      [0;39m [35m:62  [0;39m Unlock orders
[2025-04-13 09:27:30] [34mINFO[0;39m [36mg.service.ubs.OrderLockServiceImpl      [0;39m [35m:60  [0;39m Time: 2025-04-13T09:22:30.568927900
[2025-04-13 09:27:30] [34mINFO[0;39m [36mg.service.ubs.OrderLockServiceImpl      [0;39m [35m:62  [0;39m Unlock orders
[2025-04-13 09:27:30] [34mINFO[0;39m [36mg.service.ubs.OrderLockServiceImpl      [0;39m [35m:60  [0;39m Time: 2025-04-13T09:22:30.569928500
[2025-04-13 09:27:30] [34mINFO[0;39m [36mg.service.ubs.OrderLockServiceImpl      [0;39m [35m:62  [0;39m Unlock orders
[2025-04-13 09:27:30] [34mINFO[0;39m [36mg.service.ubs.OrderLockServiceImpl      [0;39m [35m:60  [0;39m Time: 2025-04-13T09:22:30.575930300
[2025-04-13 09:27:30] [34mINFO[0;39m [36mg.service.ubs.OrderLockServiceImpl      [0;39m [35m:62  [0;39m Unlock orders
[2025-04-13 09:27:30] [34mINFO[0;39m [36mg.service.ubs.OrderLockServiceImpl      [0;39m [35m:60  [0;39m Time: 2025-04-13T09:22:30.577927900
[2025-04-13 09:27:30] [34mINFO[0;39m [36mg.service.ubs.OrderLockServiceImpl      [0;39m [35m:62  [0;39m Unlock orders
[2025-04-13 09:27:30] [34mINFO[0;39m [36mg.service.ubs.OrderLockServiceImpl      [0;39m [35m:60  [0;39m Time: 2025-04-13T09:22:30.578927700
[2025-04-13 09:27:30] [34mINFO[0;39m [36mg.service.ubs.OrderLockServiceImpl      [0;39m [35m:62  [0;39m Unlock orders
[2025-04-13 09:27:30] [34mINFO[0;39m [36mg.service.ubs.OrderLockServiceImpl      [0;39m [35m:60  [0;39m Time: 2025-04-13T09:22:30.579929100
[2025-04-13 09:27:30] [34mINFO[0;39m [36mg.service.ubs.OrderLockServiceImpl      [0;39m [35m:62  [0;39m Unlock orders
[2025-04-13 09:27:30] [34mINFO[0;39m [36mg.service.ubs.OrderLockServiceImpl      [0;39m [35m:60  [0;39m Time: 2025-04-13T09:22:30.580926400
[2025-04-13 09:27:30] [34mINFO[0;39m [36mg.service.ubs.OrderLockServiceImpl      [0;39m [35m:62  [0;39m Unlock orders
[2025-04-13 09:27:30] [34mINFO[0;39m [36mg.service.ubs.OrderLockServiceImpl      [0;39m [35m:60  [0;39m Time: 2025-04-13T09:22:30.581928100
[2025-04-13 09:27:30] [34mINFO[0;39m [36mg.service.ubs.OrderLockServiceImpl      [0;39m [35m:62  [0;39m Unlock orders
[2025-04-13 09:27:30] [34mINFO[0;39m [36mg.service.ubs.OrderLockServiceImpl      [0;39m [35m:60  [0;39m Time: 2025-04-13T09:22:30.582927300
[2025-04-13 09:27:30] [34mINFO[0;39m [36mg.service.ubs.OrderLockServiceImpl      [0;39m [35m:62  [0;39m Unlock orders
[2025-04-13 09:27:30] [34mINFO[0;39m [36mg.service.ubs.OrderLockServiceImpl      [0;39m [35m:60  [0;39m Time: 2025-04-13T09:22:30.582927300
[2025-04-13 09:27:30] [34mINFO[0;39m [36mg.service.ubs.OrderLockServiceImpl      [0;39m [35m:62  [0;39m Unlock orders
[2025-04-13 09:27:30] [34mINFO[0;39m [36mg.service.ubs.OrderLockServiceImpl      [0;39m [35m:60  [0;39m Time: 2025-04-13T09:22:30.583930500
[2025-04-13 09:27:30] [34mINFO[0;39m [36mg.service.ubs.OrderLockServiceImpl      [0;39m [35m:62  [0;39m Unlock orders
[2025-04-13 09:27:30] [34mINFO[0;39m [36mg.service.ubs.OrderLockServiceImpl      [0;39m [35m:60  [0;39m Time: 2025-04-13T09:22:30.584927700
[2025-04-13 09:27:30] [34mINFO[0;39m [36mg.service.ubs.OrderLockServiceImpl      [0;39m [35m:62  [0;39m Unlock orders
[2025-04-13 09:27:30] [34mINFO[0;39m [36mg.service.ubs.OrderLockServiceImpl      [0;39m [35m:60  [0;39m Time: 2025-04-13T09:22:30.585929100
[2025-04-13 09:27:30] [34mINFO[0;39m [36mg.service.ubs.OrderLockServiceImpl      [0;39m [35m:62  [0;39m Unlock orders
[2025-04-13 09:27:30] [34mINFO[0;39m [36mg.service.ubs.OrderLockServiceImpl      [0;39m [35m:60  [0;39m Time: 2025-04-13T09:22:30.586929
[2025-04-13 09:27:30] [34mINFO[0;39m [36mg.service.ubs.OrderLockServiceImpl      [0;39m [35m:62  [0;39m Unlock orders
[2025-04-13 09:27:30] [34mINFO[0;39m [36mg.service.ubs.OrderLockServiceImpl      [0;39m [35m:60  [0;39m Time: 2025-04-13T09:22:30.589932400
[2025-04-13 09:27:30] [34mINFO[0;39m [36mg.service.ubs.OrderLockServiceImpl      [0;39m [35m:62  [0;39m Unlock orders
[2025-04-13 09:27:30] [34mINFO[0;39m [36mg.service.ubs.OrderLockServiceImpl      [0;39m [35m:60  [0;39m Time: 2025-04-13T09:22:30.591930800
[2025-04-13 09:27:30] [34mINFO[0;39m [36mg.service.ubs.OrderLockServiceImpl      [0;39m [35m:62  [0;39m Unlock orders
[2025-04-13 09:27:30] [34mINFO[0;39m [36mg.service.ubs.OrderLockServiceImpl      [0;39m [35m:60  [0;39m Time: 2025-04-13T09:22:30.592929200
[2025-04-13 09:27:30] [34mINFO[0;39m [36mg.service.ubs.OrderLockServiceImpl      [0;39m [35m:62  [0;39m Unlock orders
[2025-04-13 09:27:30] [34mINFO[0;39m [36mg.service.ubs.OrderLockServiceImpl      [0;39m [35m:60  [0;39m Time: 2025-04-13T09:22:30.593927600
[2025-04-13 09:27:30] [34mINFO[0;39m [36mg.service.ubs.OrderLockServiceImpl      [0;39m [35m:62  [0;39m Unlock orders
[2025-04-13 09:27:30] [34mINFO[0;39m [36mg.service.ubs.OrderLockServiceImpl      [0;39m [35m:60  [0;39m Time: 2025-04-13T09:22:30.594927800
[2025-04-13 09:27:30] [34mINFO[0;39m [36mg.service.ubs.OrderLockServiceImpl      [0;39m [35m:62  [0;39m Unlock orders
[2025-04-13 09:27:30] [34mINFO[0;39m [36mg.service.ubs.OrderLockServiceImpl      [0;39m [35m:60  [0;39m Time: 2025-04-13T09:22:30.595926
[2025-04-13 09:27:30] [34mINFO[0;39m [36mg.service.ubs.OrderLockServiceImpl      [0;39m [35m:62  [0;39m Unlock orders
[2025-04-13 09:27:30] [34mINFO[0;39m [36mg.service.ubs.OrderLockServiceImpl      [0;39m [35m:60  [0;39m Time: 2025-04-13T09:22:30.596927900
[2025-04-13 09:27:30] [34mINFO[0;39m [36mg.service.ubs.OrderLockServiceImpl      [0;39m [35m:62  [0;39m Unlock orders
[2025-04-13 09:27:30] [34mINFO[0;39m [36mg.service.ubs.OrderLockServiceImpl      [0;39m [35m:60  [0;39m Time: 2025-04-13T09:22:30.597928700
[2025-04-13 09:27:30] [34mINFO[0;39m [36mg.service.ubs.OrderLockServiceImpl      [0;39m [35m:62  [0;39m Unlock orders
[2025-04-13 09:27:30] [34mINFO[0;39m [36mg.service.ubs.OrderLockServiceImpl      [0;39m [35m:60  [0;39m Time: 2025-04-13T09:22:30.598929300
[2025-04-13 09:27:30] [34mINFO[0;39m [36mg.service.ubs.OrderLockServiceImpl      [0;39m [35m:62  [0;39m Unlock orders
[2025-04-13 09:27:30] [34mINFO[0;39m [36mg.service.ubs.OrderLockServiceImpl      [0;39m [35m:60  [0;39m Time: 2025-04-13T09:22:30.599929400
[2025-04-13 09:27:30] [34mINFO[0;39m [36mg.service.ubs.OrderLockServiceImpl      [0;39m [35m:62  [0;39m Unlock orders
[2025-04-13 09:27:30] [34mINFO[0;39m [36mg.service.ubs.OrderLockServiceImpl      [0;39m [35m:60  [0;39m Time: 2025-04-13T09:22:30.599929400
[2025-04-13 09:27:30] [34mINFO[0;39m [36mg.service.ubs.OrderLockServiceImpl      [0;39m [35m:62  [0;39m Unlock orders
[2025-04-13 09:27:30] [34mINFO[0;39m [36mg.service.ubs.OrderLockServiceImpl      [0;39m [35m:60  [0;39m Time: 2025-04-13T09:22:30.600927900
[2025-04-13 09:27:30] [34mINFO[0;39m [36mg.service.ubs.OrderLockServiceImpl      [0;39m [35m:62  [0;39m Unlock orders
[2025-04-13 09:27:30] [34mINFO[0;39m [36mg.service.ubs.OrderLockServiceImpl      [0;39m [35m:60  [0;39m Time: 2025-04-13T09:22:30.601926700
[2025-04-13 09:27:30] [34mINFO[0;39m [36mg.service.ubs.OrderLockServiceImpl      [0;39m [35m:62  [0;39m Unlock orders
[2025-04-13 09:27:30] [34mINFO[0;39m [36mg.service.ubs.OrderLockServiceImpl      [0;39m [35m:60  [0;39m Time: 2025-04-13T09:22:30.602927100
[2025-04-13 09:27:30] [34mINFO[0;39m [36mg.service.ubs.OrderLockServiceImpl      [0;39m [35m:62  [0;39m Unlock orders
[2025-04-13 09:27:30] [34mINFO[0;39m [36mg.service.ubs.OrderLockServiceImpl      [0;39m [35m:60  [0;39m Time: 2025-04-13T09:22:30.604928500
[2025-04-13 09:27:30] [34mINFO[0;39m [36mg.service.ubs.OrderLockServiceImpl      [0;39m [35m:62  [0;39m Unlock orders
[2025-04-13 09:27:30] [34mINFO[0;39m [36mg.service.ubs.OrderLockServiceImpl      [0;39m [35m:60  [0;39m Time: 2025-04-13T09:22:30.605927900
[2025-04-13 09:27:30] [34mINFO[0;39m [36mg.service.ubs.OrderLockServiceImpl      [0;39m [35m:62  [0;39m Unlock orders
[2025-04-13 09:27:30] [34mINFO[0;39m [36mg.service.ubs.OrderLockServiceImpl      [0;39m [35m:60  [0;39m Time: 2025-04-13T09:22:30.606928900
[2025-04-13 09:27:30] [34mINFO[0;39m [36mg.service.ubs.OrderLockServiceImpl      [0;39m [35m:62  [0;39m Unlock orders
[2025-04-13 09:27:30] [34mINFO[0;39m [36mg.service.ubs.OrderLockServiceImpl      [0;39m [35m:60  [0;39m Time: 2025-04-13T09:22:30.607929600
[2025-04-13 09:27:30] [34mINFO[0;39m [36mg.service.ubs.OrderLockServiceImpl      [0;39m [35m:62  [0;39m Unlock orders
[2025-04-13 09:27:30] [34mINFO[0;39m [36mg.service.ubs.OrderLockServiceImpl      [0;39m [35m:60  [0;39m Time: 2025-04-13T09:22:30.608929300
[2025-04-13 09:27:30] [34mINFO[0;39m [36mg.service.ubs.OrderLockServiceImpl      [0;39m [35m:62  [0;39m Unlock orders
[2025-04-13 09:27:30] [34mINFO[0;39m [36mg.service.ubs.OrderLockServiceImpl      [0;39m [35m:60  [0;39m Time: 2025-04-13T09:22:30.609929100
[2025-04-13 09:27:30] [34mINFO[0;39m [36mg.service.ubs.OrderLockServiceImpl      [0;39m [35m:62  [0;39m Unlock orders
[2025-04-13 09:27:30] [34mINFO[0;39m [36mg.service.ubs.OrderLockServiceImpl      [0;39m [35m:60  [0;39m Time: 2025-04-13T09:22:30.609929100
[2025-04-13 09:27:30] [34mINFO[0;39m [36mg.service.ubs.OrderLockServiceImpl      [0;39m [35m:62  [0;39m Unlock orders
[2025-04-13 09:27:30] [34mINFO[0;39m [36mg.service.ubs.OrderLockServiceImpl      [0;39m [35m:60  [0;39m Time: 2025-04-13T09:22:30.610926600
[2025-04-13 09:27:30] [34mINFO[0;39m [36mg.service.ubs.OrderLockServiceImpl      [0;39m [35m:62  [0;39m Unlock orders
[2025-04-13 09:27:30] [34mINFO[0;39m [36mg.service.ubs.OrderLockServiceImpl      [0;39m [35m:60  [0;39m Time: 2025-04-13T09:22:30.611927
[2025-04-13 09:27:30] [34mINFO[0;39m [36mg.service.ubs.OrderLockServiceImpl      [0;39m [35m:62  [0;39m Unlock orders
[2025-04-13 09:27:30] [34mINFO[0;39m [36mg.service.ubs.OrderLockServiceImpl      [0;39m [35m:60  [0;39m Time: 2025-04-13T09:22:30.612928
[2025-04-13 09:27:30] [34mINFO[0;39m [36mg.service.ubs.OrderLockServiceImpl      [0;39m [35m:62  [0;39m Unlock orders
[2025-04-13 09:27:30] [34mINFO[0;39m [36mg.service.ubs.OrderLockServiceImpl      [0;39m [35m:60  [0;39m Time: 2025-04-13T09:22:30.612928
[2025-04-13 09:27:30] [34mINFO[0;39m [36mg.service.ubs.OrderLockServiceImpl      [0;39m [35m:62  [0;39m Unlock orders
[2025-04-13 09:27:30] [34mINFO[0;39m [36mg.service.ubs.OrderLockServiceImpl      [0;39m [35m:60  [0;39m Time: 2025-04-13T09:22:30.613928700
[2025-04-13 09:27:30] [34mINFO[0;39m [36mg.service.ubs.OrderLockServiceImpl      [0;39m [35m:62  [0;39m Unlock orders
[2025-04-13 09:27:30] [34mINFO[0;39m [36mg.service.ubs.OrderLockServiceImpl      [0;39m [35m:60  [0;39m Time: 2025-04-13T09:22:30.614927700
[2025-04-13 09:27:30] [34mINFO[0;39m [36mg.service.ubs.OrderLockServiceImpl      [0;39m [35m:62  [0;39m Unlock orders
[2025-04-13 09:27:30] [34mINFO[0;39m [36mg.service.ubs.OrderLockServiceImpl      [0;39m [35m:60  [0;39m Time: 2025-04-13T09:22:30.615927100
[2025-04-13 09:27:30] [34mINFO[0;39m [36mg.service.ubs.OrderLockServiceImpl      [0;39m [35m:62  [0;39m Unlock orders
[2025-04-13 09:27:30] [34mINFO[0;39m [36mg.service.ubs.OrderLockServiceImpl      [0;39m [35m:60  [0;39m Time: 2025-04-13T09:22:30.615927100
[2025-04-13 09:27:30] [34mINFO[0;39m [36mg.service.ubs.OrderLockServiceImpl      [0;39m [35m:62  [0;39m Unlock orders
[2025-04-13 09:27:30] [34mINFO[0;39m [36mg.service.ubs.OrderLockServiceImpl      [0;39m [35m:60  [0;39m Time: 2025-04-13T09:22:30.616927
[2025-04-13 09:27:30] [34mINFO[0;39m [36mg.service.ubs.OrderLockServiceImpl      [0;39m [35m:62  [0;39m Unlock orders
[2025-04-13 09:27:30] [34mINFO[0;39m [36mg.service.ubs.OrderLockServiceImpl      [0;39m [35m:60  [0;39m Time: 2025-04-13T09:22:30.617927100
[2025-04-13 09:27:30] [34mINFO[0;39m [36mg.service.ubs.OrderLockServiceImpl      [0;39m [35m:62  [0;39m Unlock orders
[2025-04-13 09:27:30] [34mINFO[0;39m [36mg.service.ubs.OrderLockServiceImpl      [0;39m [35m:60  [0;39m Time: 2025-04-13T09:22:30.618929500
[2025-04-13 09:27:30] [34mINFO[0;39m [36mg.service.ubs.OrderLockServiceImpl      [0;39m [35m:62  [0;39m Unlock orders
[2025-04-13 09:27:30] [34mINFO[0;39m [36mg.service.ubs.OrderLockServiceImpl      [0;39m [35m:60  [0;39m Time: 2025-04-13T09:22:30.619928900
[2025-04-13 09:27:30] [34mINFO[0;39m [36mg.service.ubs.OrderLockServiceImpl      [0;39m [35m:62  [0;39m Unlock orders
[2025-04-13 09:27:30] [34mINFO[0;39m [36mg.service.ubs.OrderLockServiceImpl      [0;39m [35m:60  [0;39m Time: 2025-04-13T09:22:30.621927900
[2025-04-13 09:27:30] [34mINFO[0;39m [36mg.service.ubs.OrderLockServiceImpl      [0;39m [35m:62  [0;39m Unlock orders
[2025-04-13 09:27:30] [34mINFO[0;39m [36mg.service.ubs.OrderLockServiceImpl      [0;39m [35m:60  [0;39m Time: 2025-04-13T09:22:30.622928400
[2025-04-13 09:27:30] [34mINFO[0;39m [36mg.service.ubs.OrderLockServiceImpl      [0;39m [35m:62  [0;39m Unlock orders
[2025-04-13 09:27:30] [34mINFO[0;39m [36mg.service.ubs.OrderLockServiceImpl      [0;39m [35m:60  [0;39m Time: 2025-04-13T09:22:30.624925800
[2025-04-13 09:27:30] [34mINFO[0;39m [36mg.service.ubs.OrderLockServiceImpl      [0;39m [35m:62  [0;39m Unlock orders
[2025-04-13 09:27:30] [34mINFO[0;39m [36mg.service.ubs.OrderLockServiceImpl      [0;39m [35m:60  [0;39m Time: 2025-04-13T09:22:30.624925800
[2025-04-13 09:27:30] [34mINFO[0;39m [36mg.service.ubs.OrderLockServiceImpl      [0;39m [35m:62  [0;39m Unlock orders
[2025-04-13 09:27:30] [34mINFO[0;39m [36mg.service.ubs.OrderLockServiceImpl      [0;39m [35m:60  [0;39m Time: 2025-04-13T09:22:30.625927700
[2025-04-13 09:27:30] [34mINFO[0;39m [36mg.service.ubs.OrderLockServiceImpl      [0;39m [35m:62  [0;39m Unlock orders
[2025-04-13 09:27:30] [34mINFO[0;39m [36mg.service.ubs.OrderLockServiceImpl      [0;39m [35m:60  [0;39m Time: 2025-04-13T09:22:30.626928900
[2025-04-13 09:27:30] [34mINFO[0;39m [36mg.service.ubs.OrderLockServiceImpl      [0;39m [35m:62  [0;39m Unlock orders
[2025-04-13 09:27:30] [34mINFO[0;39m [36mg.service.ubs.OrderLockServiceImpl      [0;39m [35m:60  [0;39m Time: 2025-04-13T09:22:30.627927900
[2025-04-13 09:27:30] [34mINFO[0;39m [36mg.service.ubs.OrderLockServiceImpl      [0;39m [35m:62  [0;39m Unlock orders
[2025-04-13 09:27:30] [34mINFO[0;39m [36mg.service.ubs.OrderLockServiceImpl      [0;39m [35m:60  [0;39m Time: 2025-04-13T09:22:30.628929400
[2025-04-13 09:27:30] [34mINFO[0;39m [36mg.service.ubs.OrderLockServiceImpl      [0;39m [35m:62  [0;39m Unlock orders
[2025-04-13 09:27:30] [34mINFO[0;39m [36mg.service.ubs.OrderLockServiceImpl      [0;39m [35m:60  [0;39m Time: 2025-04-13T09:22:30.628929400
[2025-04-13 09:27:30] [34mINFO[0;39m [36mg.service.ubs.OrderLockServiceImpl      [0;39m [35m:62  [0;39m Unlock orders
[2025-04-13 09:27:30] [34mINFO[0;39m [36mg.service.ubs.OrderLockServiceImpl      [0;39m [35m:60  [0;39m Time: 2025-04-13T09:22:30.629927700
[2025-04-13 09:27:30] [34mINFO[0;39m [36mg.service.ubs.OrderLockServiceImpl      [0;39m [35m:62  [0;39m Unlock orders
[2025-04-13 09:27:30] [34mINFO[0;39m [36mg.service.ubs.OrderLockServiceImpl      [0;39m [35m:60  [0;39m Time: 2025-04-13T09:22:30.630927200
[2025-04-13 09:27:30] [34mINFO[0;39m [36mg.service.ubs.OrderLockServiceImpl      [0;39m [35m:62  [0;39m Unlock orders
[2025-04-13 09:27:30] [34mINFO[0;39m [36mg.service.ubs.OrderLockServiceImpl      [0;39m [35m:60  [0;39m Time: 2025-04-13T09:22:30.631925200
[2025-04-13 09:27:30] [34mINFO[0;39m [36mg.service.ubs.OrderLockServiceImpl      [0;39m [35m:62  [0;39m Unlock orders
[2025-04-13 09:27:30] [34mINFO[0;39m [36mg.service.ubs.OrderLockServiceImpl      [0;39m [35m:60  [0;39m Time: 2025-04-13T09:22:30.632931300
[2025-04-13 09:27:30] [34mINFO[0;39m [36mg.service.ubs.OrderLockServiceImpl      [0;39m [35m:62  [0;39m Unlock orders
[2025-04-13 09:27:30] [34mINFO[0;39m [36mg.service.ubs.OrderLockServiceImpl      [0;39m [35m:60  [0;39m Time: 2025-04-13T09:22:30.633925900
[2025-04-13 09:27:30] [34mINFO[0;39m [36mg.service.ubs.OrderLockServiceImpl      [0;39m [35m:62  [0;39m Unlock orders
[2025-04-13 09:27:30] [34mINFO[0;39m [36mg.service.ubs.OrderLockServiceImpl      [0;39m [35m:60  [0;39m Time: 2025-04-13T09:22:30.634928400
[2025-04-13 09:27:30] [34mINFO[0;39m [36mg.service.ubs.OrderLockServiceImpl      [0;39m [35m:62  [0;39m Unlock orders
[2025-04-13 09:27:30] [34mINFO[0;39m [36mg.service.ubs.OrderLockServiceImpl      [0;39m [35m:60  [0;39m Time: 2025-04-13T09:22:30.634928400
[2025-04-13 09:27:30] [34mINFO[0;39m [36mg.service.ubs.OrderLockServiceImpl      [0;39m [35m:62  [0;39m Unlock orders
[2025-04-13 09:27:30] [34mINFO[0;39m [36mg.service.ubs.OrderLockServiceImpl      [0;39m [35m:60  [0;39m Time: 2025-04-13T09:22:30.636553600
[2025-04-13 09:27:30] [34mINFO[0;39m [36mg.service.ubs.OrderLockServiceImpl      [0;39m [35m:62  [0;39m Unlock orders
[2025-04-13 09:27:30] [34mINFO[0;39m [36mg.service.ubs.OrderLockServiceImpl      [0;39m [35m:60  [0;39m Time: 2025-04-13T09:22:30.637544100
[2025-04-13 09:27:30] [34mINFO[0;39m [36mg.service.ubs.OrderLockServiceImpl      [0;39m [35m:62  [0;39m Unlock orders
[2025-04-13 09:28:22] [34mINFO[0;39m [36mg.service.ubs.OrderLockServiceImpl      [0;39m [35m:60  [0;39m Time: 2025-04-13T09:23:22.974238200
[2025-04-13 09:28:22] [34mINFO[0;39m [36mg.service.ubs.OrderLockServiceImpl      [0;39m [35m:62  [0;39m Unlock orders
[2025-04-13 09:29:22] [34mINFO[0;39m [36mg.service.ubs.OrderLockServiceImpl      [0;39m [35m:60  [0;39m Time: 2025-04-13T09:24:22.970555300
[2025-04-13 09:29:22] [34mINFO[0;39m [36mg.service.ubs.OrderLockServiceImpl      [0;39m [35m:62  [0;39m Unlock orders
[2025-04-13 09:30:22] [34mINFO[0;39m [36mg.service.ubs.OrderLockServiceImpl      [0;39m [35m:60  [0;39m Time: 2025-04-13T09:25:22.975674200
[2025-04-13 09:30:22] [34mINFO[0;39m [36mg.service.ubs.OrderLockServiceImpl      [0;39m [35m:62  [0;39m Unlock orders
[2025-04-13 09:31:22] [34mINFO[0;39m [36mg.service.ubs.OrderLockServiceImpl      [0;39m [35m:60  [0;39m Time: 2025-04-13T09:26:22.972592
[2025-04-13 09:31:22] [34mINFO[0;39m [36mg.service.ubs.OrderLockServiceImpl      [0;39m [35m:62  [0;39m Unlock orders
[2025-04-13 09:32:22] [34mINFO[0;39m [36mg.service.ubs.OrderLockServiceImpl      [0;39m [35m:60  [0;39m Time: 2025-04-13T09:27:22.971382400
[2025-04-13 09:32:22] [34mINFO[0;39m [36mg.service.ubs.OrderLockServiceImpl      [0;39m [35m:62  [0;39m Unlock orders
[2025-04-13 09:33:22] [34mINFO[0;39m [36mg.service.ubs.OrderLockServiceImpl      [0;39m [35m:60  [0;39m Time: 2025-04-13T09:28:22.967565700
[2025-04-13 09:33:22] [34mINFO[0;39m [36mg.service.ubs.OrderLockServiceImpl      [0;39m [35m:62  [0;39m Unlock orders
[2025-04-13 09:34:22] [34mINFO[0;39m [36mg.service.ubs.OrderLockServiceImpl      [0;39m [35m:60  [0;39m Time: 2025-04-13T09:29:22.978988600
[2025-04-13 09:34:22] [34mINFO[0;39m [36mg.service.ubs.OrderLockServiceImpl      [0;39m [35m:62  [0;39m Unlock orders
[2025-04-13 09:35:22] [34mINFO[0;39m [36mg.service.ubs.OrderLockServiceImpl      [0;39m [35m:60  [0;39m Time: 2025-04-13T09:30:22.977825400
[2025-04-13 09:35:22] [34mINFO[0;39m [36mg.service.ubs.OrderLockServiceImpl      [0;39m [35m:62  [0;39m Unlock orders
[2025-04-13 09:36:22] [34mINFO[0;39m [36mg.service.ubs.OrderLockServiceImpl      [0;39m [35m:60  [0;39m Time: 2025-04-13T09:31:22.970807600
[2025-04-13 09:36:22] [34mINFO[0;39m [36mg.service.ubs.OrderLockServiceImpl      [0;39m [35m:62  [0;39m Unlock orders
[2025-04-13 09:37:22] [34mINFO[0;39m [36mg.service.ubs.OrderLockServiceImpl      [0;39m [35m:60  [0;39m Time: 2025-04-13T09:32:22.975424300
[2025-04-13 09:37:22] [34mINFO[0;39m [36mg.service.ubs.OrderLockServiceImpl      [0;39m [35m:62  [0;39m Unlock orders
[2025-04-13 09:38:22] [34mINFO[0;39m [36mg.service.ubs.OrderLockServiceImpl      [0;39m [35m:60  [0;39m Time: 2025-04-13T09:33:22.978256
[2025-04-13 09:38:22] [34mINFO[0;39m [36mg.service.ubs.OrderLockServiceImpl      [0;39m [35m:62  [0;39m Unlock orders
[2025-04-13 09:39:22] [34mINFO[0;39m [36mg.service.ubs.OrderLockServiceImpl      [0;39m [35m:60  [0;39m Time: 2025-04-13T09:34:22.968181600
[2025-04-13 09:39:22] [34mINFO[0;39m [36mg.service.ubs.OrderLockServiceImpl      [0;39m [35m:62  [0;39m Unlock orders
[2025-04-13 09:40:22] [34mINFO[0;39m [36mg.service.ubs.OrderLockServiceImpl      [0;39m [35m:60  [0;39m Time: 2025-04-13T09:35:22.980369800
[2025-04-13 09:40:22] [34mINFO[0;39m [36mg.service.ubs.OrderLockServiceImpl      [0;39m [35m:62  [0;39m Unlock orders
[2025-04-13 09:41:22] [34mINFO[0;39m [36mg.service.ubs.OrderLockServiceImpl      [0;39m [35m:60  [0;39m Time: 2025-04-13T09:36:22.967708500
[2025-04-13 09:41:22] [34mINFO[0;39m [36mg.service.ubs.OrderLockServiceImpl      [0;39m [35m:62  [0;39m Unlock orders
[2025-04-13 09:42:22] [34mINFO[0;39m [36mg.service.ubs.OrderLockServiceImpl      [0;39m [35m:60  [0;39m Time: 2025-04-13T09:37:22.965800200
[2025-04-13 09:42:22] [34mINFO[0;39m [36mg.service.ubs.OrderLockServiceImpl      [0;39m [35m:62  [0;39m Unlock orders
[2025-04-13 09:43:22] [34mINFO[0;39m [36mg.service.ubs.OrderLockServiceImpl      [0;39m [35m:60  [0;39m Time: 2025-04-13T09:38:22.967649200
[2025-04-13 09:43:22] [34mINFO[0;39m [36mg.service.ubs.OrderLockServiceImpl      [0;39m [35m:62  [0;39m Unlock orders
[2025-04-13 09:44:22] [34mINFO[0;39m [36mg.service.ubs.OrderLockServiceImpl      [0;39m [35m:60  [0;39m Time: 2025-04-13T09:39:22.974340100
[2025-04-13 09:44:22] [34mINFO[0;39m [36mg.service.ubs.OrderLockServiceImpl      [0;39m [35m:62  [0;39m Unlock orders
[2025-04-13 09:45:22] [34mINFO[0;39m [36mg.service.ubs.OrderLockServiceImpl      [0;39m [35m:60  [0;39m Time: 2025-04-13T09:40:22.976058700
[2025-04-13 09:45:22] [34mINFO[0;39m [36mg.service.ubs.OrderLockServiceImpl      [0;39m [35m:62  [0;39m Unlock orders
[2025-04-13 09:46:22] [34mINFO[0;39m [36mg.service.ubs.OrderLockServiceImpl      [0;39m [35m:60  [0;39m Time: 2025-04-13T09:41:22.978818300
[2025-04-13 09:46:22] [34mINFO[0;39m [36mg.service.ubs.OrderLockServiceImpl      [0;39m [35m:62  [0;39m Unlock orders
[2025-04-13 09:47:22] [34mINFO[0;39m [36mg.service.ubs.OrderLockServiceImpl      [0;39m [35m:60  [0;39m Time: 2025-04-13T09:42:22.978336100
[2025-04-13 09:47:22] [34mINFO[0;39m [36mg.service.ubs.OrderLockServiceImpl      [0;39m [35m:62  [0;39m Unlock orders
[2025-04-13 09:48:22] [34mINFO[0;39m [36mg.service.ubs.OrderLockServiceImpl      [0;39m [35m:60  [0;39m Time: 2025-04-13T09:43:22.971743800
[2025-04-13 09:48:22] [34mINFO[0;39m [36mg.service.ubs.OrderLockServiceImpl      [0;39m [35m:62  [0;39m Unlock orders
[2025-04-13 09:49:22] [34mINFO[0;39m [36mg.service.ubs.OrderLockServiceImpl      [0;39m [35m:60  [0;39m Time: 2025-04-13T09:44:22.978715200
[2025-04-13 09:49:22] [34mINFO[0;39m [36mg.service.ubs.OrderLockServiceImpl      [0;39m [35m:62  [0;39m Unlock orders
[2025-04-13 09:50:22] [34mINFO[0;39m [36mg.service.ubs.OrderLockServiceImpl      [0;39m [35m:60  [0;39m Time: 2025-04-13T09:45:22.967905
[2025-04-13 09:50:22] [34mINFO[0;39m [36mg.service.ubs.OrderLockServiceImpl      [0;39m [35m:62  [0;39m Unlock orders
[2025-04-13 09:51:22] [34mINFO[0;39m [36mg.service.ubs.OrderLockServiceImpl      [0;39m [35m:60  [0;39m Time: 2025-04-13T09:46:22.975869600
[2025-04-13 09:51:22] [34mINFO[0;39m [36mg.service.ubs.OrderLockServiceImpl      [0;39m [35m:62  [0;39m Unlock orders
[2025-04-13 09:52:22] [34mINFO[0;39m [36mg.service.ubs.OrderLockServiceImpl      [0;39m [35m:60  [0;39m Time: 2025-04-13T09:47:22.970852400
[2025-04-13 09:52:22] [34mINFO[0;39m [36mg.service.ubs.OrderLockServiceImpl      [0;39m [35m:62  [0;39m Unlock orders
[2025-04-13 09:53:22] [34mINFO[0;39m [36mg.service.ubs.OrderLockServiceImpl      [0;39m [35m:60  [0;39m Time: 2025-04-13T09:48:22.971605900
[2025-04-13 09:53:22] [34mINFO[0;39m [36mg.service.ubs.OrderLockServiceImpl      [0;39m [35m:62  [0;39m Unlock orders
[2025-04-13 09:54:22] [34mINFO[0;39m [36mg.service.ubs.OrderLockServiceImpl      [0;39m [35m:60  [0;39m Time: 2025-04-13T09:49:22.966239400
[2025-04-13 09:54:22] [34mINFO[0;39m [36mg.service.ubs.OrderLockServiceImpl      [0;39m [35m:62  [0;39m Unlock orders
[2025-04-13 09:55:22] [34mINFO[0;39m [36mg.service.ubs.OrderLockServiceImpl      [0;39m [35m:60  [0;39m Time: 2025-04-13T09:50:22.967375
[2025-04-13 09:55:22] [34mINFO[0;39m [36mg.service.ubs.OrderLockServiceImpl      [0;39m [35m:62  [0;39m Unlock orders
[2025-04-13 09:56:22] [34mINFO[0;39m [36mg.service.ubs.OrderLockServiceImpl      [0;39m [35m:60  [0;39m Time: 2025-04-13T09:51:22.972498500
[2025-04-13 09:56:22] [34mINFO[0;39m [36mg.service.ubs.OrderLockServiceImpl      [0;39m [35m:62  [0;39m Unlock orders
[2025-04-13 09:57:22] [34mINFO[0;39m [36mg.service.ubs.OrderLockServiceImpl      [0;39m [35m:60  [0;39m Time: 2025-04-13T09:52:22.967121
[2025-04-13 09:57:22] [34mINFO[0;39m [36mg.service.ubs.OrderLockServiceImpl      [0;39m [35m:62  [0;39m Unlock orders
[2025-04-13 09:58:22] [34mINFO[0;39m [36mg.service.ubs.OrderLockServiceImpl      [0;39m [35m:60  [0;39m Time: 2025-04-13T09:53:22.978026100
[2025-04-13 09:58:22] [34mINFO[0;39m [36mg.service.ubs.OrderLockServiceImpl      [0;39m [35m:62  [0;39m Unlock orders
[2025-04-13 09:59:22] [34mINFO[0;39m [36mg.service.ubs.OrderLockServiceImpl      [0;39m [35m:60  [0;39m Time: 2025-04-13T09:54:22.965782900
[2025-04-13 09:59:22] [34mINFO[0;39m [36mg.service.ubs.OrderLockServiceImpl      [0;39m [35m:62  [0;39m Unlock orders
[2025-04-13 10:00:22] [34mINFO[0;39m [36mg.service.ubs.OrderLockServiceImpl      [0;39m [35m:60  [0;39m Time: 2025-04-13T09:55:22.974360200
[2025-04-13 10:00:22] [34mINFO[0;39m [36mg.service.ubs.OrderLockServiceImpl      [0;39m [35m:62  [0;39m Unlock orders
[2025-04-13 10:01:22] [34mINFO[0;39m [36mg.service.ubs.OrderLockServiceImpl      [0;39m [35m:60  [0;39m Time: 2025-04-13T09:56:22.965129600
[2025-04-13 10:01:22] [34mINFO[0;39m [36mg.service.ubs.OrderLockServiceImpl      [0;39m [35m:62  [0;39m Unlock orders
[2025-04-13 10:02:22] [34mINFO[0;39m [36mg.service.ubs.OrderLockServiceImpl      [0;39m [35m:60  [0;39m Time: 2025-04-13T09:57:22.978160800
[2025-04-13 10:02:22] [34mINFO[0;39m [36mg.service.ubs.OrderLockServiceImpl      [0;39m [35m:62  [0;39m Unlock orders
[2025-04-13 10:03:22] [34mINFO[0;39m [36mg.service.ubs.OrderLockServiceImpl      [0;39m [35m:60  [0;39m Time: 2025-04-13T09:58:22.976475600
[2025-04-13 10:03:22] [34mINFO[0;39m [36mg.service.ubs.OrderLockServiceImpl      [0;39m [35m:62  [0;39m Unlock orders
[2025-04-13 10:04:22] [34mINFO[0;39m [36mg.service.ubs.OrderLockServiceImpl      [0;39m [35m:60  [0;39m Time: 2025-04-13T09:59:22.979770400
[2025-04-13 10:04:22] [34mINFO[0;39m [36mg.service.ubs.OrderLockServiceImpl      [0;39m [35m:62  [0;39m Unlock orders
[2025-04-13 10:05:22] [34mINFO[0;39m [36mg.service.ubs.OrderLockServiceImpl      [0;39m [35m:60  [0;39m Time: 2025-04-13T10:00:22.966514300
[2025-04-13 10:05:22] [34mINFO[0;39m [36mg.service.ubs.OrderLockServiceImpl      [0;39m [35m:62  [0;39m Unlock orders
[2025-04-13 10:06:22] [34mINFO[0;39m [36mg.service.ubs.OrderLockServiceImpl      [0;39m [35m:60  [0;39m Time: 2025-04-13T10:01:22.971390500
[2025-04-13 10:06:22] [34mINFO[0;39m [36mg.service.ubs.OrderLockServiceImpl      [0;39m [35m:62  [0;39m Unlock orders
[2025-04-13 10:07:22] [34mINFO[0;39m [36mg.service.ubs.OrderLockServiceImpl      [0;39m [35m:60  [0;39m Time: 2025-04-13T10:02:22.970039800
[2025-04-13 10:07:22] [34mINFO[0;39m [36mg.service.ubs.OrderLockServiceImpl      [0;39m [35m:62  [0;39m Unlock orders
[2025-04-13 10:08:22] [34mINFO[0;39m [36mg.service.ubs.OrderLockServiceImpl      [0;39m [35m:60  [0;39m Time: 2025-04-13T10:03:22.975540200
[2025-04-13 10:08:22] [34mINFO[0;39m [36mg.service.ubs.OrderLockServiceImpl      [0;39m [35m:62  [0;39m Unlock orders
[2025-04-13 10:09:22] [34mINFO[0;39m [36mg.service.ubs.OrderLockServiceImpl      [0;39m [35m:60  [0;39m Time: 2025-04-13T10:04:22.974976200
[2025-04-13 10:09:22] [34mINFO[0;39m [36mg.service.ubs.OrderLockServiceImpl      [0;39m [35m:62  [0;39m Unlock orders
[2025-04-13 10:10:22] [34mINFO[0;39m [36mg.service.ubs.OrderLockServiceImpl      [0;39m [35m:60  [0;39m Time: 2025-04-13T10:05:22.977770300
[2025-04-13 10:10:22] [34mINFO[0;39m [36mg.service.ubs.OrderLockServiceImpl      [0;39m [35m:62  [0;39m Unlock orders
[2025-04-13 10:11:22] [34mINFO[0;39m [36mg.service.ubs.OrderLockServiceImpl      [0;39m [35m:60  [0;39m Time: 2025-04-13T10:06:22.973668900
[2025-04-13 10:11:22] [34mINFO[0;39m [36mg.service.ubs.OrderLockServiceImpl      [0;39m [35m:62  [0;39m Unlock orders
[2025-04-13 10:12:22] [34mINFO[0;39m [36mg.service.ubs.OrderLockServiceImpl      [0;39m [35m:60  [0;39m Time: 2025-04-13T10:07:22.966845400
[2025-04-13 10:12:22] [34mINFO[0;39m [36mg.service.ubs.OrderLockServiceImpl      [0;39m [35m:62  [0;39m Unlock orders
[2025-04-13 10:13:22] [34mINFO[0;39m [36mg.service.ubs.OrderLockServiceImpl      [0;39m [35m:60  [0;39m Time: 2025-04-13T10:08:22.967321300
[2025-04-13 10:13:22] [34mINFO[0;39m [36mg.service.ubs.OrderLockServiceImpl      [0;39m [35m:62  [0;39m Unlock orders
[2025-04-13 10:14:22] [34mINFO[0;39m [36mg.service.ubs.OrderLockServiceImpl      [0;39m [35m:60  [0;39m Time: 2025-04-13T10:09:22.985583100
[2025-04-13 10:14:22] [34mINFO[0;39m [36mg.service.ubs.OrderLockServiceImpl      [0;39m [35m:62  [0;39m Unlock orders
[2025-04-13 10:15:22] [34mINFO[0;39m [36mg.service.ubs.OrderLockServiceImpl      [0;39m [35m:60  [0;39m Time: 2025-04-13T10:10:22.968826200
[2025-04-13 10:15:22] [34mINFO[0;39m [36mg.service.ubs.OrderLockServiceImpl      [0;39m [35m:62  [0;39m Unlock orders
[2025-04-13 10:16:22] [34mINFO[0;39m [36mg.service.ubs.OrderLockServiceImpl      [0;39m [35m:60  [0;39m Time: 2025-04-13T10:11:22.979224600
[2025-04-13 10:16:22] [34mINFO[0;39m [36mg.service.ubs.OrderLockServiceImpl      [0;39m [35m:62  [0;39m Unlock orders
[2025-04-13 10:17:22] [34mINFO[0;39m [36mg.service.ubs.OrderLockServiceImpl      [0;39m [35m:60  [0;39m Time: 2025-04-13T10:12:22.965010200
[2025-04-13 10:17:22] [34mINFO[0;39m [36mg.service.ubs.OrderLockServiceImpl      [0;39m [35m:62  [0;39m Unlock orders
[2025-04-13 10:18:22] [34mINFO[0;39m [36mg.service.ubs.OrderLockServiceImpl      [0;39m [35m:60  [0;39m Time: 2025-04-13T10:13:22.964729100
[2025-04-13 10:18:22] [34mINFO[0;39m [36mg.service.ubs.OrderLockServiceImpl      [0;39m [35m:62  [0;39m Unlock orders
[2025-04-13 10:19:22] [34mINFO[0;39m [36mg.service.ubs.OrderLockServiceImpl      [0;39m [35m:60  [0;39m Time: 2025-04-13T10:14:22.968481100
[2025-04-13 10:19:22] [34mINFO[0;39m [36mg.service.ubs.OrderLockServiceImpl      [0;39m [35m:62  [0;39m Unlock orders
[2025-04-13 10:20:22] [34mINFO[0;39m [36mg.service.ubs.OrderLockServiceImpl      [0;39m [35m:60  [0;39m Time: 2025-04-13T10:15:22.965765700
[2025-04-13 10:20:22] [34mINFO[0;39m [36mg.service.ubs.OrderLockServiceImpl      [0;39m [35m:62  [0;39m Unlock orders
[2025-04-13 10:21:22] [34mINFO[0;39m [36mg.service.ubs.OrderLockServiceImpl      [0;39m [35m:60  [0;39m Time: 2025-04-13T10:16:22.980052800
[2025-04-13 10:21:22] [34mINFO[0;39m [36mg.service.ubs.OrderLockServiceImpl      [0;39m [35m:62  [0;39m Unlock orders
[2025-04-13 10:22:22] [34mINFO[0;39m [36mg.service.ubs.OrderLockServiceImpl      [0;39m [35m:60  [0;39m Time: 2025-04-13T10:17:22.971010
[2025-04-13 10:22:22] [34mINFO[0;39m [36mg.service.ubs.OrderLockServiceImpl      [0;39m [35m:62  [0;39m Unlock orders
[2025-04-13 10:23:22] [34mINFO[0;39m [36mg.service.ubs.OrderLockServiceImpl      [0;39m [35m:60  [0;39m Time: 2025-04-13T10:18:22.967336
[2025-04-13 10:23:22] [34mINFO[0;39m [36mg.service.ubs.OrderLockServiceImpl      [0;39m [35m:62  [0;39m Unlock orders
[2025-04-13 10:24:22] [34mINFO[0;39m [36mg.service.ubs.OrderLockServiceImpl      [0;39m [35m:60  [0;39m Time: 2025-04-13T10:19:22.978780600
[2025-04-13 10:24:22] [34mINFO[0;39m [36mg.service.ubs.OrderLockServiceImpl      [0;39m [35m:62  [0;39m Unlock orders
[2025-04-13 10:25:22] [34mINFO[0;39m [36mg.service.ubs.OrderLockServiceImpl      [0;39m [35m:60  [0;39m Time: 2025-04-13T10:20:22.967471
[2025-04-13 10:25:22] [34mINFO[0;39m [36mg.service.ubs.OrderLockServiceImpl      [0;39m [35m:62  [0;39m Unlock orders
[2025-04-13 10:26:22] [34mINFO[0;39m [36mg.service.ubs.OrderLockServiceImpl      [0;39m [35m:60  [0;39m Time: 2025-04-13T10:21:22.967674200
[2025-04-13 10:26:22] [34mINFO[0;39m [36mg.service.ubs.OrderLockServiceImpl      [0;39m [35m:62  [0;39m Unlock orders
[2025-04-13 10:27:22] [34mINFO[0;39m [36mg.service.ubs.OrderLockServiceImpl      [0;39m [35m:60  [0;39m Time: 2025-04-13T10:22:22.977025500
[2025-04-13 10:27:22] [34mINFO[0;39m [36mg.service.ubs.OrderLockServiceImpl      [0;39m [35m:62  [0;39m Unlock orders
[2025-04-13 10:28:22] [34mINFO[0;39m [36mg.service.ubs.OrderLockServiceImpl      [0;39m [35m:60  [0;39m Time: 2025-04-13T10:23:22.974949700
[2025-04-13 10:28:22] [34mINFO[0;39m [36mg.service.ubs.OrderLockServiceImpl      [0;39m [35m:62  [0;39m Unlock orders
[2025-04-13 10:29:22] [34mINFO[0;39m [36mg.service.ubs.OrderLockServiceImpl      [0;39m [35m:60  [0;39m Time: 2025-04-13T10:24:22.973712700
[2025-04-13 10:29:22] [34mINFO[0;39m [36mg.service.ubs.OrderLockServiceImpl      [0;39m [35m:62  [0;39m Unlock orders
[2025-04-13 10:30:22] [34mINFO[0;39m [36mg.service.ubs.OrderLockServiceImpl      [0;39m [35m:60  [0;39m Time: 2025-04-13T10:25:22.966701
[2025-04-13 10:30:22] [34mINFO[0;39m [36mg.service.ubs.OrderLockServiceImpl      [0;39m [35m:62  [0;39m Unlock orders
[2025-04-13 10:31:22] [34mINFO[0;39m [36mg.service.ubs.OrderLockServiceImpl      [0;39m [35m:60  [0;39m Time: 2025-04-13T10:26:22.966267
[2025-04-13 10:31:22] [34mINFO[0;39m [36mg.service.ubs.OrderLockServiceImpl      [0;39m [35m:62  [0;39m Unlock orders
[2025-04-13 10:32:22] [34mINFO[0;39m [36mg.service.ubs.OrderLockServiceImpl      [0;39m [35m:60  [0;39m Time: 2025-04-13T10:27:22.975984200
[2025-04-13 10:32:22] [34mINFO[0;39m [36mg.service.ubs.OrderLockServiceImpl      [0;39m [35m:62  [0;39m Unlock orders
[2025-04-13 10:33:22] [34mINFO[0;39m [36mg.service.ubs.OrderLockServiceImpl      [0;39m [35m:60  [0;39m Time: 2025-04-13T10:28:22.977544400
[2025-04-13 10:33:22] [34mINFO[0;39m [36mg.service.ubs.OrderLockServiceImpl      [0;39m [35m:62  [0;39m Unlock orders
[2025-04-13 10:34:22] [34mINFO[0;39m [36mg.service.ubs.OrderLockServiceImpl      [0;39m [35m:60  [0;39m Time: 2025-04-13T10:29:22.965203600
[2025-04-13 10:34:22] [34mINFO[0;39m [36mg.service.ubs.OrderLockServiceImpl      [0;39m [35m:62  [0;39m Unlock orders
[2025-04-13 10:35:22] [34mINFO[0;39m [36mg.service.ubs.OrderLockServiceImpl      [0;39m [35m:60  [0;39m Time: 2025-04-13T10:30:22.965323700
[2025-04-13 10:35:22] [34mINFO[0;39m [36mg.service.ubs.OrderLockServiceImpl      [0;39m [35m:62  [0;39m Unlock orders
[2025-04-13 10:36:22] [34mINFO[0;39m [36mg.service.ubs.OrderLockServiceImpl      [0;39m [35m:60  [0;39m Time: 2025-04-13T10:31:22.966554
[2025-04-13 10:36:22] [34mINFO[0;39m [36mg.service.ubs.OrderLockServiceImpl      [0;39m [35m:62  [0;39m Unlock orders
[2025-04-13 10:37:22] [34mINFO[0;39m [36mg.service.ubs.OrderLockServiceImpl      [0;39m [35m:60  [0;39m Time: 2025-04-13T10:32:22.976955800
[2025-04-13 10:37:22] [34mINFO[0;39m [36mg.service.ubs.OrderLockServiceImpl      [0;39m [35m:62  [0;39m Unlock orders
[2025-04-13 10:38:22] [34mINFO[0;39m [36mg.service.ubs.OrderLockServiceImpl      [0;39m [35m:60  [0;39m Time: 2025-04-13T10:33:22.972968100
[2025-04-13 10:38:22] [34mINFO[0;39m [36mg.service.ubs.OrderLockServiceImpl      [0;39m [35m:62  [0;39m Unlock orders
[2025-04-13 10:39:22] [34mINFO[0;39m [36mg.service.ubs.OrderLockServiceImpl      [0;39m [35m:60  [0;39m Time: 2025-04-13T10:34:22.974216300
[2025-04-13 10:39:22] [34mINFO[0;39m [36mg.service.ubs.OrderLockServiceImpl      [0;39m [35m:62  [0;39m Unlock orders
[2025-04-13 10:40:22] [34mINFO[0;39m [36mg.service.ubs.OrderLockServiceImpl      [0;39m [35m:60  [0;39m Time: 2025-04-13T10:35:22.976996700
[2025-04-13 10:40:22] [34mINFO[0;39m [36mg.service.ubs.OrderLockServiceImpl      [0;39m [35m:62  [0;39m Unlock orders
[2025-04-13 10:41:22] [34mINFO[0;39m [36mg.service.ubs.OrderLockServiceImpl      [0;39m [35m:60  [0;39m Time: 2025-04-13T10:36:22.974876100
[2025-04-13 10:41:22] [34mINFO[0;39m [36mg.service.ubs.OrderLockServiceImpl      [0;39m [35m:62  [0;39m Unlock orders
[2025-04-13 10:42:22] [34mINFO[0;39m [36mg.service.ubs.OrderLockServiceImpl      [0;39m [35m:60  [0;39m Time: 2025-04-13T10:37:22.973398600
[2025-04-13 10:42:22] [34mINFO[0;39m [36mg.service.ubs.OrderLockServiceImpl      [0;39m [35m:62  [0;39m Unlock orders
[2025-04-13 10:43:22] [34mINFO[0;39m [36mg.service.ubs.OrderLockServiceImpl      [0;39m [35m:60  [0;39m Time: 2025-04-13T10:38:22.966180
[2025-04-13 10:43:22] [34mINFO[0;39m [36mg.service.ubs.OrderLockServiceImpl      [0;39m [35m:62  [0;39m Unlock orders
[2025-04-13 10:44:22] [34mINFO[0;39m [36mg.service.ubs.OrderLockServiceImpl      [0;39m [35m:60  [0;39m Time: 2025-04-13T10:39:22.979680400
[2025-04-13 10:44:22] [34mINFO[0;39m [36mg.service.ubs.OrderLockServiceImpl      [0;39m [35m:62  [0;39m Unlock orders
[2025-04-13 10:45:22] [34mINFO[0;39m [36mg.service.ubs.OrderLockServiceImpl      [0;39m [35m:60  [0;39m Time: 2025-04-13T10:40:22.970917700
[2025-04-13 10:45:22] [34mINFO[0;39m [36mg.service.ubs.OrderLockServiceImpl      [0;39m [35m:62  [0;39m Unlock orders
[2025-04-13 10:46:22] [34mINFO[0;39m [36mg.service.ubs.OrderLockServiceImpl      [0;39m [35m:60  [0;39m Time: 2025-04-13T10:41:22.967246800
[2025-04-13 10:46:22] [34mINFO[0;39m [36mg.service.ubs.OrderLockServiceImpl      [0;39m [35m:62  [0;39m Unlock orders
[2025-04-13 10:47:22] [34mINFO[0;39m [36mg.service.ubs.OrderLockServiceImpl      [0;39m [35m:60  [0;39m Time: 2025-04-13T10:42:22.967540200
[2025-04-13 10:47:22] [34mINFO[0;39m [36mg.service.ubs.OrderLockServiceImpl      [0;39m [35m:62  [0;39m Unlock orders
[2025-04-13 10:48:22] [34mINFO[0;39m [36mg.service.ubs.OrderLockServiceImpl      [0;39m [35m:60  [0;39m Time: 2025-04-13T10:43:22.972014900
[2025-04-13 10:48:22] [34mINFO[0;39m [36mg.service.ubs.OrderLockServiceImpl      [0;39m [35m:62  [0;39m Unlock orders
[2025-04-13 10:49:22] [34mINFO[0;39m [36mg.service.ubs.OrderLockServiceImpl      [0;39m [35m:60  [0;39m Time: 2025-04-13T10:44:22.978851300
[2025-04-13 10:49:22] [34mINFO[0;39m [36mg.service.ubs.OrderLockServiceImpl      [0;39m [35m:62  [0;39m Unlock orders
[2025-04-13 10:50:22] [34mINFO[0;39m [36mg.service.ubs.OrderLockServiceImpl      [0;39m [35m:60  [0;39m Time: 2025-04-13T10:45:22.970422300
[2025-04-13 10:50:22] [34mINFO[0;39m [36mg.service.ubs.OrderLockServiceImpl      [0;39m [35m:62  [0;39m Unlock orders
[2025-04-13 10:51:22] [34mINFO[0;39m [36mg.service.ubs.OrderLockServiceImpl      [0;39m [35m:60  [0;39m Time: 2025-04-13T10:46:22.973406400
[2025-04-13 10:51:22] [34mINFO[0;39m [36mg.service.ubs.OrderLockServiceImpl      [0;39m [35m:62  [0;39m Unlock orders
[2025-04-13 10:52:22] [34mINFO[0;39m [36mg.service.ubs.OrderLockServiceImpl      [0;39m [35m:60  [0;39m Time: 2025-04-13T10:47:22.970797500
[2025-04-13 10:52:22] [34mINFO[0;39m [36mg.service.ubs.OrderLockServiceImpl      [0;39m [35m:62  [0;39m Unlock orders
[2025-04-13 10:53:22] [34mINFO[0;39m [36mg.service.ubs.OrderLockServiceImpl      [0;39m [35m:60  [0;39m Time: 2025-04-13T10:48:22.969817100
[2025-04-13 10:53:22] [34mINFO[0;39m [36mg.service.ubs.OrderLockServiceImpl      [0;39m [35m:62  [0;39m Unlock orders
[2025-04-13 10:54:22] [34mINFO[0;39m [36mg.service.ubs.OrderLockServiceImpl      [0;39m [35m:60  [0;39m Time: 2025-04-13T10:49:22.971697700
[2025-04-13 10:54:22] [34mINFO[0;39m [36mg.service.ubs.OrderLockServiceImpl      [0;39m [35m:62  [0;39m Unlock orders
[2025-04-13 10:55:22] [34mINFO[0;39m [36mg.service.ubs.OrderLockServiceImpl      [0;39m [35m:60  [0;39m Time: 2025-04-13T10:50:22.985649
[2025-04-13 10:55:22] [34mINFO[0;39m [36mg.service.ubs.OrderLockServiceImpl      [0;39m [35m:62  [0;39m Unlock orders
[2025-04-13 10:56:22] [34mINFO[0;39m [36mg.service.ubs.OrderLockServiceImpl      [0;39m [35m:60  [0;39m Time: 2025-04-13T10:51:22.966042300
[2025-04-13 10:56:22] [34mINFO[0;39m [36mg.service.ubs.OrderLockServiceImpl      [0;39m [35m:62  [0;39m Unlock orders
[2025-04-13 10:57:22] [34mINFO[0;39m [36mg.service.ubs.OrderLockServiceImpl      [0;39m [35m:60  [0;39m Time: 2025-04-13T10:52:22.973030800
[2025-04-13 10:57:22] [34mINFO[0;39m [36mg.service.ubs.OrderLockServiceImpl      [0;39m [35m:62  [0;39m Unlock orders
[2025-04-13 10:58:22] [34mINFO[0;39m [36mg.service.ubs.OrderLockServiceImpl      [0;39m [35m:60  [0;39m Time: 2025-04-13T10:53:22.968029800
[2025-04-13 10:58:22] [34mINFO[0;39m [36mg.service.ubs.OrderLockServiceImpl      [0;39m [35m:62  [0;39m Unlock orders
[2025-04-13 10:59:22] [34mINFO[0;39m [36mg.service.ubs.OrderLockServiceImpl      [0;39m [35m:60  [0;39m Time: 2025-04-13T10:54:22.969567
[2025-04-13 10:59:22] [34mINFO[0;39m [36mg.service.ubs.OrderLockServiceImpl      [0;39m [35m:62  [0;39m Unlock orders
[2025-04-13 11:00:22] [34mINFO[0;39m [36mg.service.ubs.OrderLockServiceImpl      [0;39m [35m:60  [0;39m Time: 2025-04-13T10:55:22.971287100
[2025-04-13 11:00:22] [34mINFO[0;39m [36mg.service.ubs.OrderLockServiceImpl      [0;39m [35m:62  [0;39m Unlock orders
[2025-04-13 11:01:22] [34mINFO[0;39m [36mg.service.ubs.OrderLockServiceImpl      [0;39m [35m:60  [0;39m Time: 2025-04-13T10:56:22.972262400
[2025-04-13 11:01:22] [34mINFO[0;39m [36mg.service.ubs.OrderLockServiceImpl      [0;39m [35m:62  [0;39m Unlock orders
[2025-04-13 11:02:22] [34mINFO[0;39m [36mg.service.ubs.OrderLockServiceImpl      [0;39m [35m:60  [0;39m Time: 2025-04-13T10:57:22.977076300
[2025-04-13 11:02:22] [34mINFO[0;39m [36mg.service.ubs.OrderLockServiceImpl      [0;39m [35m:62  [0;39m Unlock orders
[2025-04-13 11:03:22] [34mINFO[0;39m [36mg.service.ubs.OrderLockServiceImpl      [0;39m [35m:60  [0;39m Time: 2025-04-13T10:58:22.968574500
[2025-04-13 11:03:22] [34mINFO[0;39m [36mg.service.ubs.OrderLockServiceImpl      [0;39m [35m:62  [0;39m Unlock orders
[2025-04-13 11:04:22] [34mINFO[0;39m [36mg.service.ubs.OrderLockServiceImpl      [0;39m [35m:60  [0;39m Time: 2025-04-13T10:59:22.975140500
[2025-04-13 11:04:22] [34mINFO[0;39m [36mg.service.ubs.OrderLockServiceImpl      [0;39m [35m:62  [0;39m Unlock orders
[2025-04-13 11:05:22] [34mINFO[0;39m [36mg.service.ubs.OrderLockServiceImpl      [0;39m [35m:60  [0;39m Time: 2025-04-13T11:00:22.966529500
[2025-04-13 11:05:22] [34mINFO[0;39m [36mg.service.ubs.OrderLockServiceImpl      [0;39m [35m:62  [0;39m Unlock orders
[2025-04-13 11:06:22] [34mINFO[0;39m [36mg.service.ubs.OrderLockServiceImpl      [0;39m [35m:60  [0;39m Time: 2025-04-13T11:01:22.966250100
[2025-04-13 11:06:22] [34mINFO[0;39m [36mg.service.ubs.OrderLockServiceImpl      [0;39m [35m:62  [0;39m Unlock orders
[2025-04-13 11:07:22] [34mINFO[0;39m [36mg.service.ubs.OrderLockServiceImpl      [0;39m [35m:60  [0;39m Time: 2025-04-13T11:02:22.966871
[2025-04-13 11:07:22] [34mINFO[0;39m [36mg.service.ubs.OrderLockServiceImpl      [0;39m [35m:62  [0;39m Unlock orders
[2025-04-13 11:08:22] [34mINFO[0;39m [36mg.service.ubs.OrderLockServiceImpl      [0;39m [35m:60  [0;39m Time: 2025-04-13T11:03:22.971719700
[2025-04-13 11:08:22] [34mINFO[0;39m [36mg.service.ubs.OrderLockServiceImpl      [0;39m [35m:62  [0;39m Unlock orders
[2025-04-13 11:09:22] [34mINFO[0;39m [36mg.service.ubs.OrderLockServiceImpl      [0;39m [35m:60  [0;39m Time: 2025-04-13T11:04:22.965686500
[2025-04-13 11:09:22] [34mINFO[0;39m [36mg.service.ubs.OrderLockServiceImpl      [0;39m [35m:62  [0;39m Unlock orders
[2025-04-13 11:10:22] [34mINFO[0;39m [36mg.service.ubs.OrderLockServiceImpl      [0;39m [35m:60  [0;39m Time: 2025-04-13T11:05:22.980021300
[2025-04-13 11:10:22] [34mINFO[0;39m [36mg.service.ubs.OrderLockServiceImpl      [0;39m [35m:62  [0;39m Unlock orders
[2025-04-13 11:11:22] [34mINFO[0;39m [36mg.service.ubs.OrderLockServiceImpl      [0;39m [35m:60  [0;39m Time: 2025-04-13T11:06:22.975896700
[2025-04-13 11:11:22] [34mINFO[0;39m [36mg.service.ubs.OrderLockServiceImpl      [0;39m [35m:62  [0;39m Unlock orders
[2025-04-13 11:12:22] [34mINFO[0;39m [36mg.service.ubs.OrderLockServiceImpl      [0;39m [35m:60  [0;39m Time: 2025-04-13T11:07:22.976273800
[2025-04-13 11:12:22] [34mINFO[0;39m [36mg.service.ubs.OrderLockServiceImpl      [0;39m [35m:62  [0;39m Unlock orders
[2025-04-13 11:13:22] [34mINFO[0;39m [36mg.service.ubs.OrderLockServiceImpl      [0;39m [35m:60  [0;39m Time: 2025-04-13T11:08:22.978561400
[2025-04-13 11:13:22] [34mINFO[0;39m [36mg.service.ubs.OrderLockServiceImpl      [0;39m [35m:62  [0;39m Unlock orders
[2025-04-13 11:14:22] [34mINFO[0;39m [36mg.service.ubs.OrderLockServiceImpl      [0;39m [35m:60  [0;39m Time: 2025-04-13T11:09:22.972620100
[2025-04-13 11:14:22] [34mINFO[0;39m [36mg.service.ubs.OrderLockServiceImpl      [0;39m [35m:62  [0;39m Unlock orders
[2025-04-13 11:15:22] [34mINFO[0;39m [36mg.service.ubs.OrderLockServiceImpl      [0;39m [35m:60  [0;39m Time: 2025-04-13T11:10:22.966644200
[2025-04-13 11:15:22] [34mINFO[0;39m [36mg.service.ubs.OrderLockServiceImpl      [0;39m [35m:62  [0;39m Unlock orders
[2025-04-13 11:16:22] [34mINFO[0;39m [36mg.service.ubs.OrderLockServiceImpl      [0;39m [35m:60  [0;39m Time: 2025-04-13T11:11:22.975654400
[2025-04-13 11:16:22] [34mINFO[0;39m [36mg.service.ubs.OrderLockServiceImpl      [0;39m [35m:62  [0;39m Unlock orders
[2025-04-13 11:17:22] [34mINFO[0;39m [36mg.service.ubs.OrderLockServiceImpl      [0;39m [35m:60  [0;39m Time: 2025-04-13T11:12:22.967276800
[2025-04-13 11:17:22] [34mINFO[0;39m [36mg.service.ubs.OrderLockServiceImpl      [0;39m [35m:62  [0;39m Unlock orders
[2025-04-13 11:18:22] [34mINFO[0;39m [36mg.service.ubs.OrderLockServiceImpl      [0;39m [35m:60  [0;39m Time: 2025-04-13T11:13:22.974651900
[2025-04-13 11:18:22] [34mINFO[0;39m [36mg.service.ubs.OrderLockServiceImpl      [0;39m [35m:62  [0;39m Unlock orders
[2025-04-13 11:19:22] [34mINFO[0;39m [36mg.service.ubs.OrderLockServiceImpl      [0;39m [35m:60  [0;39m Time: 2025-04-13T11:14:22.968589300
[2025-04-13 11:19:22] [34mINFO[0;39m [36mg.service.ubs.OrderLockServiceImpl      [0;39m [35m:62  [0;39m Unlock orders
[2025-04-13 11:20:22] [34mINFO[0;39m [36mg.service.ubs.OrderLockServiceImpl      [0;39m [35m:60  [0;39m Time: 2025-04-13T11:15:22.971774200
[2025-04-13 11:20:22] [34mINFO[0;39m [36mg.service.ubs.OrderLockServiceImpl      [0;39m [35m:62  [0;39m Unlock orders
[2025-04-13 11:21:22] [34mINFO[0;39m [36mg.service.ubs.OrderLockServiceImpl      [0;39m [35m:60  [0;39m Time: 2025-04-13T11:16:22.968679
[2025-04-13 11:21:22] [34mINFO[0;39m [36mg.service.ubs.OrderLockServiceImpl      [0;39m [35m:62  [0;39m Unlock orders
[2025-04-13 11:22:22] [34mINFO[0;39m [36mg.service.ubs.OrderLockServiceImpl      [0;39m [35m:60  [0;39m Time: 2025-04-13T11:17:22.977580800
[2025-04-13 11:22:22] [34mINFO[0;39m [36mg.service.ubs.OrderLockServiceImpl      [0;39m [35m:62  [0;39m Unlock orders
[2025-04-13 11:23:22] [34mINFO[0;39m [36mg.service.ubs.OrderLockServiceImpl      [0;39m [35m:60  [0;39m Time: 2025-04-13T11:18:22.977990300
[2025-04-13 11:23:22] [34mINFO[0;39m [36mg.service.ubs.OrderLockServiceImpl      [0;39m [35m:62  [0;39m Unlock orders
[2025-04-13 11:24:22] [34mINFO[0;39m [36mg.service.ubs.OrderLockServiceImpl      [0;39m [35m:60  [0;39m Time: 2025-04-13T11:19:22.966872300
[2025-04-13 11:24:22] [34mINFO[0;39m [36mg.service.ubs.OrderLockServiceImpl      [0;39m [35m:62  [0;39m Unlock orders
[2025-04-13 11:25:22] [34mINFO[0;39m [36mg.service.ubs.OrderLockServiceImpl      [0;39m [35m:60  [0;39m Time: 2025-04-13T11:20:22.971533900
[2025-04-13 11:25:22] [34mINFO[0;39m [36mg.service.ubs.OrderLockServiceImpl      [0;39m [35m:62  [0;39m Unlock orders
[2025-04-13 11:26:23] [34mINFO[0;39m [36mg.service.ubs.OrderLockServiceImpl      [0;39m [35m:60  [0;39m Time: 2025-04-13T11:21:23.056386400
[2025-04-13 11:26:23] [34mINFO[0;39m [36mg.service.ubs.OrderLockServiceImpl      [0;39m [35m:62  [0;39m Unlock orders
[2025-04-13 11:27:22] [34mINFO[0;39m [36mg.service.ubs.OrderLockServiceImpl      [0;39m [35m:60  [0;39m Time: 2025-04-13T11:22:22.976538
[2025-04-13 11:27:22] [34mINFO[0;39m [36mg.service.ubs.OrderLockServiceImpl      [0;39m [35m:62  [0;39m Unlock orders
[2025-04-13 11:28:22] [34mINFO[0;39m [36mg.service.ubs.OrderLockServiceImpl      [0;39m [35m:60  [0;39m Time: 2025-04-13T11:23:22.967539400
[2025-04-13 11:28:22] [34mINFO[0;39m [36mg.service.ubs.OrderLockServiceImpl      [0;39m [35m:62  [0;39m Unlock orders
[2025-04-13 11:29:22] [34mINFO[0;39m [36mg.service.ubs.OrderLockServiceImpl      [0;39m [35m:60  [0;39m Time: 2025-04-13T11:24:22.973537800
[2025-04-13 11:29:22] [34mINFO[0;39m [36mg.service.ubs.OrderLockServiceImpl      [0;39m [35m:62  [0;39m Unlock orders
[2025-04-13 11:30:22] [34mINFO[0;39m [36mg.service.ubs.OrderLockServiceImpl      [0;39m [35m:60  [0;39m Time: 2025-04-13T11:25:22.968046800
[2025-04-13 11:30:22] [34mINFO[0;39m [36mg.service.ubs.OrderLockServiceImpl      [0;39m [35m:62  [0;39m Unlock orders
[2025-04-13 11:31:22] [34mINFO[0;39m [36mg.service.ubs.OrderLockServiceImpl      [0;39m [35m:60  [0;39m Time: 2025-04-13T11:26:22.975699700
[2025-04-13 11:31:22] [34mINFO[0;39m [36mg.service.ubs.OrderLockServiceImpl      [0;39m [35m:62  [0;39m Unlock orders
[2025-04-13 11:32:22] [34mINFO[0;39m [36mg.service.ubs.OrderLockServiceImpl      [0;39m [35m:60  [0;39m Time: 2025-04-13T11:27:22.971987400
[2025-04-13 11:32:22] [34mINFO[0;39m [36mg.service.ubs.OrderLockServiceImpl      [0;39m [35m:62  [0;39m Unlock orders
[2025-04-13 11:33:22] [34mINFO[0;39m [36mg.service.ubs.OrderLockServiceImpl      [0;39m [35m:60  [0;39m Time: 2025-04-13T11:28:22.973563100
[2025-04-13 11:33:22] [34mINFO[0;39m [36mg.service.ubs.OrderLockServiceImpl      [0;39m [35m:62  [0;39m Unlock orders
[2025-04-13 11:34:22] [34mINFO[0;39m [36mg.service.ubs.OrderLockServiceImpl      [0;39m [35m:60  [0;39m Time: 2025-04-13T11:29:22.966941300
[2025-04-13 11:34:22] [34mINFO[0;39m [36mg.service.ubs.OrderLockServiceImpl      [0;39m [35m:62  [0;39m Unlock orders
[2025-04-13 11:35:22] [34mINFO[0;39m [36mg.service.ubs.OrderLockServiceImpl      [0;39m [35m:60  [0;39m Time: 2025-04-13T11:30:22.978674
[2025-04-13 11:35:22] [34mINFO[0;39m [36mg.service.ubs.OrderLockServiceImpl      [0;39m [35m:62  [0;39m Unlock orders
[2025-04-13 11:36:22] [34mINFO[0;39m [36mg.service.ubs.OrderLockServiceImpl      [0;39m [35m:60  [0;39m Time: 2025-04-13T11:31:22.971503300
[2025-04-13 11:36:22] [34mINFO[0;39m [36mg.service.ubs.OrderLockServiceImpl      [0;39m [35m:62  [0;39m Unlock orders
[2025-04-13 11:37:22] [34mINFO[0;39m [36mg.service.ubs.OrderLockServiceImpl      [0;39m [35m:60  [0;39m Time: 2025-04-13T11:32:22.968567800
[2025-04-13 11:37:22] [34mINFO[0;39m [36mg.service.ubs.OrderLockServiceImpl      [0;39m [35m:62  [0;39m Unlock orders
[2025-04-13 11:38:22] [34mINFO[0;39m [36mg.service.ubs.OrderLockServiceImpl      [0;39m [35m:60  [0;39m Time: 2025-04-13T11:33:22.973203200
[2025-04-13 11:38:22] [34mINFO[0;39m [36mg.service.ubs.OrderLockServiceImpl      [0;39m [35m:62  [0;39m Unlock orders
[2025-04-13 11:39:22] [34mINFO[0;39m [36mg.service.ubs.OrderLockServiceImpl      [0;39m [35m:60  [0;39m Time: 2025-04-13T11:34:22.968792700
[2025-04-13 11:39:22] [34mINFO[0;39m [36mg.service.ubs.OrderLockServiceImpl      [0;39m [35m:62  [0;39m Unlock orders
[2025-04-13 11:40:22] [34mINFO[0;39m [36mg.service.ubs.OrderLockServiceImpl      [0;39m [35m:60  [0;39m Time: 2025-04-13T11:35:22.977643200
[2025-04-13 11:40:22] [34mINFO[0;39m [36mg.service.ubs.OrderLockServiceImpl      [0;39m [35m:62  [0;39m Unlock orders
[2025-04-13 11:41:22] [34mINFO[0;39m [36mg.service.ubs.OrderLockServiceImpl      [0;39m [35m:60  [0;39m Time: 2025-04-13T11:36:22.974092700
[2025-04-13 11:41:22] [34mINFO[0;39m [36mg.service.ubs.OrderLockServiceImpl      [0;39m [35m:62  [0;39m Unlock orders
[2025-04-13 11:42:22] [34mINFO[0;39m [36mg.service.ubs.OrderLockServiceImpl      [0;39m [35m:60  [0;39m Time: 2025-04-13T11:37:22.965540800
[2025-04-13 11:42:22] [34mINFO[0;39m [36mg.service.ubs.OrderLockServiceImpl      [0;39m [35m:62  [0;39m Unlock orders
[2025-04-13 11:43:22] [34mINFO[0;39m [36mg.service.ubs.OrderLockServiceImpl      [0;39m [35m:60  [0;39m Time: 2025-04-13T11:38:22.964874900
[2025-04-13 11:43:22] [34mINFO[0;39m [36mg.service.ubs.OrderLockServiceImpl      [0;39m [35m:62  [0;39m Unlock orders
[2025-04-13 11:44:22] [34mINFO[0;39m [36mg.service.ubs.OrderLockServiceImpl      [0;39m [35m:60  [0;39m Time: 2025-04-13T11:39:22.976381900
[2025-04-13 11:44:22] [34mINFO[0;39m [36mg.service.ubs.OrderLockServiceImpl      [0;39m [35m:62  [0;39m Unlock orders
[2025-04-13 11:45:22] [34mINFO[0;39m [36mg.service.ubs.OrderLockServiceImpl      [0;39m [35m:60  [0;39m Time: 2025-04-13T11:40:22.969593
[2025-04-13 11:45:22] [34mINFO[0;39m [36mg.service.ubs.OrderLockServiceImpl      [0;39m [35m:62  [0;39m Unlock orders
[2025-04-13 11:46:22] [34mINFO[0;39m [36mg.service.ubs.OrderLockServiceImpl      [0;39m [35m:60  [0;39m Time: 2025-04-13T11:41:22.972990900
[2025-04-13 11:46:22] [34mINFO[0;39m [36mg.service.ubs.OrderLockServiceImpl      [0;39m [35m:62  [0;39m Unlock orders
[2025-04-13 11:47:22] [34mINFO[0;39m [36mg.service.ubs.OrderLockServiceImpl      [0;39m [35m:60  [0;39m Time: 2025-04-13T11:42:22.967079100
[2025-04-13 11:47:22] [34mINFO[0;39m [36mg.service.ubs.OrderLockServiceImpl      [0;39m [35m:62  [0;39m Unlock orders
[2025-04-13 11:48:22] [34mINFO[0;39m [36mg.service.ubs.OrderLockServiceImpl      [0;39m [35m:60  [0;39m Time: 2025-04-13T11:43:22.978800100
[2025-04-13 11:48:22] [34mINFO[0;39m [36mg.service.ubs.OrderLockServiceImpl      [0;39m [35m:62  [0;39m Unlock orders
[2025-04-13 11:49:22] [34mINFO[0;39m [36mg.service.ubs.OrderLockServiceImpl      [0;39m [35m:60  [0;39m Time: 2025-04-13T11:44:22.972558700
[2025-04-13 11:49:22] [34mINFO[0;39m [36mg.service.ubs.OrderLockServiceImpl      [0;39m [35m:62  [0;39m Unlock orders
[2025-04-13 11:50:22] [34mINFO[0;39m [36mg.service.ubs.OrderLockServiceImpl      [0;39m [35m:60  [0;39m Time: 2025-04-13T11:45:22.976714200
[2025-04-13 11:50:22] [34mINFO[0;39m [36mg.service.ubs.OrderLockServiceImpl      [0;39m [35m:62  [0;39m Unlock orders
[2025-04-13 11:51:22] [34mINFO[0;39m [36mg.service.ubs.OrderLockServiceImpl      [0;39m [35m:60  [0;39m Time: 2025-04-13T11:46:22.968791
[2025-04-13 11:51:22] [34mINFO[0;39m [36mg.service.ubs.OrderLockServiceImpl      [0;39m [35m:62  [0;39m Unlock orders
[2025-04-13 11:52:22] [34mINFO[0;39m [36mg.service.ubs.OrderLockServiceImpl      [0;39m [35m:60  [0;39m Time: 2025-04-13T11:47:22.971164400
[2025-04-13 11:52:22] [34mINFO[0;39m [36mg.service.ubs.OrderLockServiceImpl      [0;39m [35m:62  [0;39m Unlock orders
[2025-04-13 11:53:22] [34mINFO[0;39m [36mg.service.ubs.OrderLockServiceImpl      [0;39m [35m:60  [0;39m Time: 2025-04-13T11:48:22.965224100
[2025-04-13 11:53:22] [34mINFO[0;39m [36mg.service.ubs.OrderLockServiceImpl      [0;39m [35m:62  [0;39m Unlock orders
[2025-04-13 11:54:22] [34mINFO[0;39m [36mg.service.ubs.OrderLockServiceImpl      [0;39m [35m:60  [0;39m Time: 2025-04-13T11:49:22.970197200
[2025-04-13 11:54:22] [34mINFO[0;39m [36mg.service.ubs.OrderLockServiceImpl      [0;39m [35m:62  [0;39m Unlock orders
[2025-04-13 11:55:22] [34mINFO[0;39m [36mg.service.ubs.OrderLockServiceImpl      [0;39m [35m:60  [0;39m Time: 2025-04-13T11:50:22.965999200
[2025-04-13 11:55:22] [34mINFO[0;39m [36mg.service.ubs.OrderLockServiceImpl      [0;39m [35m:62  [0;39m Unlock orders
[2025-04-13 11:56:22] [34mINFO[0;39m [36mg.service.ubs.OrderLockServiceImpl      [0;39m [35m:60  [0;39m Time: 2025-04-13T11:51:22.966545
[2025-04-13 11:56:22] [34mINFO[0;39m [36mg.service.ubs.OrderLockServiceImpl      [0;39m [35m:62  [0;39m Unlock orders
[2025-04-13 11:57:22] [34mINFO[0;39m [36mg.service.ubs.OrderLockServiceImpl      [0;39m [35m:60  [0;39m Time: 2025-04-13T11:52:22.971577100
[2025-04-13 11:57:22] [34mINFO[0;39m [36mg.service.ubs.OrderLockServiceImpl      [0;39m [35m:62  [0;39m Unlock orders
[2025-04-13 11:58:22] [34mINFO[0;39m [36mg.service.ubs.OrderLockServiceImpl      [0;39m [35m:60  [0;39m Time: 2025-04-13T11:53:22.971248200
[2025-04-13 11:58:22] [34mINFO[0;39m [36mg.service.ubs.OrderLockServiceImpl      [0;39m [35m:62  [0;39m Unlock orders
[2025-04-13 11:59:22] [34mINFO[0;39m [36mg.service.ubs.OrderLockServiceImpl      [0;39m [35m:60  [0;39m Time: 2025-04-13T11:54:22.968449900
[2025-04-13 11:59:22] [34mINFO[0;39m [36mg.service.ubs.OrderLockServiceImpl      [0;39m [35m:62  [0;39m Unlock orders
[2025-04-13 12:00:22] [34mINFO[0;39m [36mg.service.ubs.OrderLockServiceImpl      [0;39m [35m:60  [0;39m Time: 2025-04-13T11:55:22.965148400
[2025-04-13 12:00:22] [34mINFO[0;39m [36mg.service.ubs.OrderLockServiceImpl      [0;39m [35m:62  [0;39m Unlock orders
[2025-04-13 12:01:22] [34mINFO[0;39m [36mg.service.ubs.OrderLockServiceImpl      [0;39m [35m:60  [0;39m Time: 2025-04-13T11:56:22.974727700
[2025-04-13 12:01:22] [34mINFO[0;39m [36mg.service.ubs.OrderLockServiceImpl      [0;39m [35m:62  [0;39m Unlock orders
[2025-04-13 12:02:22] [34mINFO[0;39m [36mg.service.ubs.OrderLockServiceImpl      [0;39m [35m:60  [0;39m Time: 2025-04-13T11:57:22.977916900
[2025-04-13 12:02:22] [34mINFO[0;39m [36mg.service.ubs.OrderLockServiceImpl      [0;39m [35m:62  [0;39m Unlock orders
[2025-04-13 12:03:22] [34mINFO[0;39m [36mg.service.ubs.OrderLockServiceImpl      [0;39m [35m:60  [0;39m Time: 2025-04-13T11:58:22.975666600
[2025-04-13 12:03:22] [34mINFO[0;39m [36mg.service.ubs.OrderLockServiceImpl      [0;39m [35m:62  [0;39m Unlock orders
[2025-04-13 12:04:22] [34mINFO[0;39m [36mg.service.ubs.OrderLockServiceImpl      [0;39m [35m:60  [0;39m Time: 2025-04-13T11:59:22.978934400
[2025-04-13 12:04:22] [34mINFO[0;39m [36mg.service.ubs.OrderLockServiceImpl      [0;39m [35m:62  [0;39m Unlock orders
[2025-04-13 12:52:52] [31mWARN[0;39m [36mcom.zaxxer.hikari.pool.HikariPool       [0;39m [35m:804 [0;39m HikariPool-1 - Thread starvation or clock leap detected (housekeeper delta=48m9s384ms21µs100ns).
[2025-04-13 12:53:02] [34mINFO[0;39m [36mg.service.ubs.OrderLockServiceImpl      [0;39m [35m:60  [0;39m Time: 2025-04-13T12:48:02.348999500
[2025-04-13 12:53:02] [34mINFO[0;39m [36mg.service.ubs.OrderLockServiceImpl      [0;39m [35m:62  [0;39m Unlock orders
[2025-04-13 12:53:02] [34mINFO[0;39m [36mg.service.ubs.OrderLockServiceImpl      [0;39m [35m:60  [0;39m Time: 2025-04-13T12:48:02.352999300
[2025-04-13 12:53:02] [34mINFO[0;39m [36mg.service.ubs.OrderLockServiceImpl      [0;39m [35m:62  [0;39m Unlock orders
[2025-04-13 12:53:02] [34mINFO[0;39m [36mg.service.ubs.OrderLockServiceImpl      [0;39m [35m:60  [0;39m Time: 2025-04-13T12:48:02.353999500
[2025-04-13 12:53:02] [34mINFO[0;39m [36mg.service.ubs.OrderLockServiceImpl      [0;39m [35m:62  [0;39m Unlock orders
[2025-04-13 12:53:02] [34mINFO[0;39m [36mg.service.ubs.OrderLockServiceImpl      [0;39m [35m:60  [0;39m Time: 2025-04-13T12:48:02.354999900
[2025-04-13 12:53:02] [34mINFO[0;39m [36mg.service.ubs.OrderLockServiceImpl      [0;39m [35m:62  [0;39m Unlock orders
[2025-04-13 12:53:02] [34mINFO[0;39m [36mg.service.ubs.OrderLockServiceImpl      [0;39m [35m:60  [0;39m Time: 2025-04-13T12:48:02.356020800
[2025-04-13 12:53:02] [34mINFO[0;39m [36mg.service.ubs.OrderLockServiceImpl      [0;39m [35m:62  [0;39m Unlock orders
[2025-04-13 12:53:02] [34mINFO[0;39m [36mg.service.ubs.OrderLockServiceImpl      [0;39m [35m:60  [0;39m Time: 2025-04-13T12:48:02.357087400
[2025-04-13 12:53:02] [34mINFO[0;39m [36mg.service.ubs.OrderLockServiceImpl      [0;39m [35m:62  [0;39m Unlock orders
[2025-04-13 12:53:02] [34mINFO[0;39m [36mg.service.ubs.OrderLockServiceImpl      [0;39m [35m:60  [0;39m Time: 2025-04-13T12:48:02.358085900
[2025-04-13 12:53:02] [34mINFO[0;39m [36mg.service.ubs.OrderLockServiceImpl      [0;39m [35m:62  [0;39m Unlock orders
[2025-04-13 12:53:02] [34mINFO[0;39m [36mg.service.ubs.OrderLockServiceImpl      [0;39m [35m:60  [0;39m Time: 2025-04-13T12:48:02.358085900
[2025-04-13 12:53:02] [34mINFO[0;39m [36mg.service.ubs.OrderLockServiceImpl      [0;39m [35m:62  [0;39m Unlock orders
[2025-04-13 12:53:02] [34mINFO[0;39m [36mg.service.ubs.OrderLockServiceImpl      [0;39m [35m:60  [0;39m Time: 2025-04-13T12:48:02.359086
[2025-04-13 12:53:02] [34mINFO[0;39m [36mg.service.ubs.OrderLockServiceImpl      [0;39m [35m:62  [0;39m Unlock orders
[2025-04-13 12:53:02] [34mINFO[0;39m [36mg.service.ubs.OrderLockServiceImpl      [0;39m [35m:60  [0;39m Time: 2025-04-13T12:48:02.360086
[2025-04-13 12:53:02] [34mINFO[0;39m [36mg.service.ubs.OrderLockServiceImpl      [0;39m [35m:62  [0;39m Unlock orders
[2025-04-13 12:53:02] [34mINFO[0;39m [36mg.service.ubs.OrderLockServiceImpl      [0;39m [35m:60  [0;39m Time: 2025-04-13T12:48:02.361085900
[2025-04-13 12:53:02] [34mINFO[0;39m [36mg.service.ubs.OrderLockServiceImpl      [0;39m [35m:62  [0;39m Unlock orders
[2025-04-13 12:53:02] [34mINFO[0;39m [36mg.service.ubs.OrderLockServiceImpl      [0;39m [35m:60  [0;39m Time: 2025-04-13T12:48:02.362086700
[2025-04-13 12:53:02] [34mINFO[0;39m [36mg.service.ubs.OrderLockServiceImpl      [0;39m [35m:62  [0;39m Unlock orders
[2025-04-13 12:53:02] [34mINFO[0;39m [36mg.service.ubs.OrderLockServiceImpl      [0;39m [35m:60  [0;39m Time: 2025-04-13T12:48:02.362086700
[2025-04-13 12:53:02] [34mINFO[0;39m [36mg.service.ubs.OrderLockServiceImpl      [0;39m [35m:62  [0;39m Unlock orders
[2025-04-13 12:53:02] [34mINFO[0;39m [36mg.service.ubs.OrderLockServiceImpl      [0;39m [35m:60  [0;39m Time: 2025-04-13T12:48:02.363086100
[2025-04-13 12:53:02] [34mINFO[0;39m [36mg.service.ubs.OrderLockServiceImpl      [0;39m [35m:62  [0;39m Unlock orders
[2025-04-13 12:53:02] [34mINFO[0;39m [36mg.service.ubs.OrderLockServiceImpl      [0;39m [35m:60  [0;39m Time: 2025-04-13T12:48:02.364086100
[2025-04-13 12:53:02] [34mINFO[0;39m [36mg.service.ubs.OrderLockServiceImpl      [0;39m [35m:62  [0;39m Unlock orders
[2025-04-13 12:53:02] [34mINFO[0;39m [36mg.service.ubs.OrderLockServiceImpl      [0;39m [35m:60  [0;39m Time: 2025-04-13T12:48:02.365086500
[2025-04-13 12:53:02] [34mINFO[0;39m [36mg.service.ubs.OrderLockServiceImpl      [0;39m [35m:62  [0;39m Unlock orders
[2025-04-13 12:53:02] [34mINFO[0;39m [36mg.service.ubs.OrderLockServiceImpl      [0;39m [35m:60  [0;39m Time: 2025-04-13T12:48:02.365936
[2025-04-13 12:53:02] [34mINFO[0;39m [36mg.service.ubs.OrderLockServiceImpl      [0;39m [35m:62  [0;39m Unlock orders
[2025-04-13 12:53:02] [34mINFO[0;39m [36mg.service.ubs.OrderLockServiceImpl      [0;39m [35m:60  [0;39m Time: 2025-04-13T12:48:02.366927700
[2025-04-13 12:53:02] [34mINFO[0;39m [36mg.service.ubs.OrderLockServiceImpl      [0;39m [35m:62  [0;39m Unlock orders
[2025-04-13 12:53:02] [34mINFO[0;39m [36mg.service.ubs.OrderLockServiceImpl      [0;39m [35m:60  [0;39m Time: 2025-04-13T12:48:02.366927700
[2025-04-13 12:53:02] [34mINFO[0;39m [36mg.service.ubs.OrderLockServiceImpl      [0;39m [35m:62  [0;39m Unlock orders
[2025-04-13 12:53:02] [34mINFO[0;39m [36mg.service.ubs.OrderLockServiceImpl      [0;39m [35m:60  [0;39m Time: 2025-04-13T12:48:02.367929700
[2025-04-13 12:53:02] [34mINFO[0;39m [36mg.service.ubs.OrderLockServiceImpl      [0;39m [35m:62  [0;39m Unlock orders
[2025-04-13 12:53:02] [34mINFO[0;39m [36mg.service.ubs.OrderLockServiceImpl      [0;39m [35m:60  [0;39m Time: 2025-04-13T12:48:02.368926100
[2025-04-13 12:53:02] [34mINFO[0;39m [36mg.service.ubs.OrderLockServiceImpl      [0;39m [35m:62  [0;39m Unlock orders
[2025-04-13 12:53:02] [34mINFO[0;39m [36mg.service.ubs.OrderLockServiceImpl      [0;39m [35m:60  [0;39m Time: 2025-04-13T12:48:02.368926100
[2025-04-13 12:53:02] [34mINFO[0;39m [36mg.service.ubs.OrderLockServiceImpl      [0;39m [35m:62  [0;39m Unlock orders
[2025-04-13 12:53:02] [34mINFO[0;39m [36mg.service.ubs.OrderLockServiceImpl      [0;39m [35m:60  [0;39m Time: 2025-04-13T12:48:02.369926400
[2025-04-13 12:53:02] [34mINFO[0;39m [36mg.service.ubs.OrderLockServiceImpl      [0;39m [35m:62  [0;39m Unlock orders
[2025-04-13 12:53:02] [34mINFO[0;39m [36mg.service.ubs.OrderLockServiceImpl      [0;39m [35m:60  [0;39m Time: 2025-04-13T12:48:02.369926400
[2025-04-13 12:53:02] [34mINFO[0;39m [36mg.service.ubs.OrderLockServiceImpl      [0;39m [35m:62  [0;39m Unlock orders
[2025-04-13 12:53:02] [34mINFO[0;39m [36mg.service.ubs.OrderLockServiceImpl      [0;39m [35m:60  [0;39m Time: 2025-04-13T12:48:02.370925700
[2025-04-13 12:53:02] [34mINFO[0;39m [36mg.service.ubs.OrderLockServiceImpl      [0;39m [35m:62  [0;39m Unlock orders
[2025-04-13 12:53:02] [34mINFO[0;39m [36mg.service.ubs.OrderLockServiceImpl      [0;39m [35m:60  [0;39m Time: 2025-04-13T12:48:02.370925700
[2025-04-13 12:53:02] [34mINFO[0;39m [36mg.service.ubs.OrderLockServiceImpl      [0;39m [35m:62  [0;39m Unlock orders
[2025-04-13 12:53:02] [34mINFO[0;39m [36mg.service.ubs.OrderLockServiceImpl      [0;39m [35m:60  [0;39m Time: 2025-04-13T12:48:02.371926200
[2025-04-13 12:53:02] [34mINFO[0;39m [36mg.service.ubs.OrderLockServiceImpl      [0;39m [35m:62  [0;39m Unlock orders
[2025-04-13 12:53:02] [34mINFO[0;39m [36mg.service.ubs.OrderLockServiceImpl      [0;39m [35m:60  [0;39m Time: 2025-04-13T12:48:02.371926200
[2025-04-13 12:53:02] [34mINFO[0;39m [36mg.service.ubs.OrderLockServiceImpl      [0;39m [35m:62  [0;39m Unlock orders
[2025-04-13 12:53:02] [34mINFO[0;39m [36mg.service.ubs.OrderLockServiceImpl      [0;39m [35m:60  [0;39m Time: 2025-04-13T12:48:02.372925600
[2025-04-13 12:53:02] [34mINFO[0;39m [36mg.service.ubs.OrderLockServiceImpl      [0;39m [35m:62  [0;39m Unlock orders
[2025-04-13 12:53:02] [34mINFO[0;39m [36mg.service.ubs.OrderLockServiceImpl      [0;39m [35m:60  [0;39m Time: 2025-04-13T12:48:02.372925600
[2025-04-13 12:53:02] [34mINFO[0;39m [36mg.service.ubs.OrderLockServiceImpl      [0;39m [35m:62  [0;39m Unlock orders
[2025-04-13 12:53:02] [34mINFO[0;39m [36mg.service.ubs.OrderLockServiceImpl      [0;39m [35m:60  [0;39m Time: 2025-04-13T12:48:02.373926
[2025-04-13 12:53:02] [34mINFO[0;39m [36mg.service.ubs.OrderLockServiceImpl      [0;39m [35m:62  [0;39m Unlock orders
[2025-04-13 12:53:02] [34mINFO[0;39m [36mg.service.ubs.OrderLockServiceImpl      [0;39m [35m:60  [0;39m Time: 2025-04-13T12:48:02.373926
[2025-04-13 12:53:02] [34mINFO[0;39m [36mg.service.ubs.OrderLockServiceImpl      [0;39m [35m:62  [0;39m Unlock orders
[2025-04-13 12:53:02] [34mINFO[0;39m [36mg.service.ubs.OrderLockServiceImpl      [0;39m [35m:60  [0;39m Time: 2025-04-13T12:48:02.374924800
[2025-04-13 12:53:02] [34mINFO[0;39m [36mg.service.ubs.OrderLockServiceImpl      [0;39m [35m:62  [0;39m Unlock orders
[2025-04-13 12:53:02] [34mINFO[0;39m [36mg.service.ubs.OrderLockServiceImpl      [0;39m [35m:60  [0;39m Time: 2025-04-13T12:48:02.374924800
[2025-04-13 12:53:02] [34mINFO[0;39m [36mg.service.ubs.OrderLockServiceImpl      [0;39m [35m:62  [0;39m Unlock orders
[2025-04-13 12:53:02] [34mINFO[0;39m [36mg.service.ubs.OrderLockServiceImpl      [0;39m [35m:60  [0;39m Time: 2025-04-13T12:48:02.375946400
[2025-04-13 12:53:02] [34mINFO[0;39m [36mg.service.ubs.OrderLockServiceImpl      [0;39m [35m:62  [0;39m Unlock orders
[2025-04-13 12:53:02] [34mINFO[0;39m [36mg.service.ubs.OrderLockServiceImpl      [0;39m [35m:60  [0;39m Time: 2025-04-13T12:48:02.375946400
[2025-04-13 12:53:02] [34mINFO[0;39m [36mg.service.ubs.OrderLockServiceImpl      [0;39m [35m:62  [0;39m Unlock orders
[2025-04-13 12:53:02] [34mINFO[0;39m [36mg.service.ubs.OrderLockServiceImpl      [0;39m [35m:60  [0;39m Time: 2025-04-13T12:48:02.376935600
[2025-04-13 12:53:02] [34mINFO[0;39m [36mg.service.ubs.OrderLockServiceImpl      [0;39m [35m:62  [0;39m Unlock orders
[2025-04-13 12:53:02] [34mINFO[0;39m [36mg.service.ubs.OrderLockServiceImpl      [0;39m [35m:60  [0;39m Time: 2025-04-13T12:48:02.376935600
[2025-04-13 12:53:02] [34mINFO[0;39m [36mg.service.ubs.OrderLockServiceImpl      [0;39m [35m:62  [0;39m Unlock orders
[2025-04-13 12:53:02] [34mINFO[0;39m [36mg.service.ubs.OrderLockServiceImpl      [0;39m [35m:60  [0;39m Time: 2025-04-13T12:48:02.377935600
[2025-04-13 12:53:02] [34mINFO[0;39m [36mg.service.ubs.OrderLockServiceImpl      [0;39m [35m:62  [0;39m Unlock orders
[2025-04-13 12:53:02] [34mINFO[0;39m [36mg.service.ubs.OrderLockServiceImpl      [0;39m [35m:60  [0;39m Time: 2025-04-13T12:48:02.377935600
[2025-04-13 12:53:02] [34mINFO[0;39m [36mg.service.ubs.OrderLockServiceImpl      [0;39m [35m:62  [0;39m Unlock orders
[2025-04-13 12:53:02] [34mINFO[0;39m [36mg.service.ubs.OrderLockServiceImpl      [0;39m [35m:60  [0;39m Time: 2025-04-13T12:48:02.378935600
[2025-04-13 12:53:02] [34mINFO[0;39m [36mg.service.ubs.OrderLockServiceImpl      [0;39m [35m:62  [0;39m Unlock orders
[2025-04-13 12:53:02] [34mINFO[0;39m [36mg.service.ubs.OrderLockServiceImpl      [0;39m [35m:60  [0;39m Time: 2025-04-13T12:48:02.379937800
[2025-04-13 12:53:02] [34mINFO[0;39m [36mg.service.ubs.OrderLockServiceImpl      [0;39m [35m:62  [0;39m Unlock orders
[2025-04-13 12:53:02] [34mINFO[0;39m [36mg.service.ubs.OrderLockServiceImpl      [0;39m [35m:60  [0;39m Time: 2025-04-13T12:48:02.379937800
[2025-04-13 12:53:02] [34mINFO[0;39m [36mg.service.ubs.OrderLockServiceImpl      [0;39m [35m:62  [0;39m Unlock orders
[2025-04-13 12:53:02] [34mINFO[0;39m [36mg.service.ubs.OrderLockServiceImpl      [0;39m [35m:60  [0;39m Time: 2025-04-13T12:48:02.380935100
[2025-04-13 12:53:02] [34mINFO[0;39m [36mg.service.ubs.OrderLockServiceImpl      [0;39m [35m:62  [0;39m Unlock orders
[2025-04-13 12:53:02] [34mINFO[0;39m [36mg.service.ubs.OrderLockServiceImpl      [0;39m [35m:60  [0;39m Time: 2025-04-13T12:48:02.380935100
[2025-04-13 12:53:02] [34mINFO[0;39m [36mg.service.ubs.OrderLockServiceImpl      [0;39m [35m:62  [0;39m Unlock orders
[2025-04-13 12:53:02] [34mINFO[0;39m [36mg.service.ubs.OrderLockServiceImpl      [0;39m [35m:60  [0;39m Time: 2025-04-13T12:48:02.381934400
[2025-04-13 12:53:02] [34mINFO[0;39m [36mg.service.ubs.OrderLockServiceImpl      [0;39m [35m:62  [0;39m Unlock orders
[2025-04-13 12:53:02] [34mINFO[0;39m [36mg.service.ubs.OrderLockServiceImpl      [0;39m [35m:60  [0;39m Time: 2025-04-13T12:48:02.381934400
[2025-04-13 12:53:02] [34mINFO[0;39m [36mg.service.ubs.OrderLockServiceImpl      [0;39m [35m:62  [0;39m Unlock orders
[2025-04-13 12:53:02] [34mINFO[0;39m [36mg.service.ubs.OrderLockServiceImpl      [0;39m [35m:60  [0;39m Time: 2025-04-13T12:48:02.382935800
[2025-04-13 12:53:02] [34mINFO[0;39m [36mg.service.ubs.OrderLockServiceImpl      [0;39m [35m:62  [0;39m Unlock orders
[2025-04-13 12:53:22] [34mINFO[0;39m [36mg.service.ubs.OrderLockServiceImpl      [0;39m [35m:60  [0;39m Time: 2025-04-13T12:48:22.969895500
[2025-04-13 12:53:22] [34mINFO[0;39m [36mg.service.ubs.OrderLockServiceImpl      [0;39m [35m:62  [0;39m Unlock orders
[2025-04-13 12:54:22] [34mINFO[0;39m [36mg.service.ubs.OrderLockServiceImpl      [0;39m [35m:60  [0;39m Time: 2025-04-13T12:49:22.978808600
[2025-04-13 12:54:22] [34mINFO[0;39m [36mg.service.ubs.OrderLockServiceImpl      [0;39m [35m:62  [0;39m Unlock orders
[2025-04-13 12:55:22] [34mINFO[0;39m [36mg.service.ubs.OrderLockServiceImpl      [0;39m [35m:60  [0;39m Time: 2025-04-13T12:50:22.970001200
[2025-04-13 12:55:22] [34mINFO[0;39m [36mg.service.ubs.OrderLockServiceImpl      [0;39m [35m:62  [0;39m Unlock orders
[2025-04-13 12:56:22] [34mINFO[0;39m [36mg.service.ubs.OrderLockServiceImpl      [0;39m [35m:60  [0;39m Time: 2025-04-13T12:51:22.972866600
[2025-04-13 12:56:22] [34mINFO[0;39m [36mg.service.ubs.OrderLockServiceImpl      [0;39m [35m:62  [0;39m Unlock orders
[2025-04-13 12:57:22] [34mINFO[0;39m [36mg.service.ubs.OrderLockServiceImpl      [0;39m [35m:60  [0;39m Time: 2025-04-13T12:52:22.978751700
[2025-04-13 12:57:22] [34mINFO[0;39m [36mg.service.ubs.OrderLockServiceImpl      [0;39m [35m:62  [0;39m Unlock orders
[2025-04-13 12:58:22] [34mINFO[0;39m [36mg.service.ubs.OrderLockServiceImpl      [0;39m [35m:60  [0;39m Time: 2025-04-13T12:53:22.970434800
[2025-04-13 12:58:22] [34mINFO[0;39m [36mg.service.ubs.OrderLockServiceImpl      [0;39m [35m:62  [0;39m Unlock orders
[2025-04-13 12:59:22] [34mINFO[0;39m [36mg.service.ubs.OrderLockServiceImpl      [0;39m [35m:60  [0;39m Time: 2025-04-13T12:54:22.977932
[2025-04-13 12:59:22] [34mINFO[0;39m [36mg.service.ubs.OrderLockServiceImpl      [0;39m [35m:62  [0;39m Unlock orders
[2025-04-13 13:00:22] [34mINFO[0;39m [36mg.service.ubs.OrderLockServiceImpl      [0;39m [35m:60  [0;39m Time: 2025-04-13T12:55:22.978001100
[2025-04-13 13:00:22] [34mINFO[0;39m [36mg.service.ubs.OrderLockServiceImpl      [0;39m [35m:62  [0;39m Unlock orders
[2025-04-13 13:01:22] [34mINFO[0;39m [36mg.service.ubs.OrderLockServiceImpl      [0;39m [35m:60  [0;39m Time: 2025-04-13T12:56:22.969820300
[2025-04-13 13:01:22] [34mINFO[0;39m [36mg.service.ubs.OrderLockServiceImpl      [0;39m [35m:62  [0;39m Unlock orders
[2025-04-13 13:02:22] [34mINFO[0;39m [36mg.service.ubs.OrderLockServiceImpl      [0;39m [35m:60  [0;39m Time: 2025-04-13T12:57:22.972713700
[2025-04-13 13:02:22] [34mINFO[0;39m [36mg.service.ubs.OrderLockServiceImpl      [0;39m [35m:62  [0;39m Unlock orders
[2025-04-13 13:03:22] [34mINFO[0;39m [36mg.service.ubs.OrderLockServiceImpl      [0;39m [35m:60  [0;39m Time: 2025-04-13T12:58:22.977143600
[2025-04-13 13:03:22] [34mINFO[0;39m [36mg.service.ubs.OrderLockServiceImpl      [0;39m [35m:62  [0;39m Unlock orders
[2025-04-13 13:04:22] [34mINFO[0;39m [36mg.service.ubs.OrderLockServiceImpl      [0;39m [35m:60  [0;39m Time: 2025-04-13T12:59:22.966145900
[2025-04-13 13:04:22] [34mINFO[0;39m [36mg.service.ubs.OrderLockServiceImpl      [0;39m [35m:62  [0;39m Unlock orders
[2025-04-13 13:05:22] [34mINFO[0;39m [36mg.service.ubs.OrderLockServiceImpl      [0;39m [35m:60  [0;39m Time: 2025-04-13T13:00:22.969077300
[2025-04-13 13:05:22] [34mINFO[0;39m [36mg.service.ubs.OrderLockServiceImpl      [0;39m [35m:62  [0;39m Unlock orders
[2025-04-13 13:06:22] [34mINFO[0;39m [36mg.service.ubs.OrderLockServiceImpl      [0;39m [35m:60  [0;39m Time: 2025-04-13T13:01:22.979129
[2025-04-13 13:06:22] [34mINFO[0;39m [36mg.service.ubs.OrderLockServiceImpl      [0;39m [35m:62  [0;39m Unlock orders
[2025-04-13 13:07:22] [34mINFO[0;39m [36mg.service.ubs.OrderLockServiceImpl      [0;39m [35m:60  [0;39m Time: 2025-04-13T13:02:22.976934300
[2025-04-13 13:07:22] [34mINFO[0;39m [36mg.service.ubs.OrderLockServiceImpl      [0;39m [35m:62  [0;39m Unlock orders
[2025-04-13 13:08:22] [34mINFO[0;39m [36mg.service.ubs.OrderLockServiceImpl      [0;39m [35m:60  [0;39m Time: 2025-04-13T13:03:22.979638900
[2025-04-13 13:08:22] [34mINFO[0;39m [36mg.service.ubs.OrderLockServiceImpl      [0;39m [35m:62  [0;39m Unlock orders
[2025-04-13 13:09:22] [34mINFO[0;39m [36mg.service.ubs.OrderLockServiceImpl      [0;39m [35m:60  [0;39m Time: 2025-04-13T13:04:22.968860900
[2025-04-13 13:09:22] [34mINFO[0;39m [36mg.service.ubs.OrderLockServiceImpl      [0;39m [35m:62  [0;39m Unlock orders
[2025-04-13 13:10:22] [34mINFO[0;39m [36mg.service.ubs.OrderLockServiceImpl      [0;39m [35m:60  [0;39m Time: 2025-04-13T13:05:22.964965
[2025-04-13 13:10:22] [34mINFO[0;39m [36mg.service.ubs.OrderLockServiceImpl      [0;39m [35m:62  [0;39m Unlock orders
[2025-04-13 13:11:22] [34mINFO[0;39m [36mg.service.ubs.OrderLockServiceImpl      [0;39m [35m:60  [0;39m Time: 2025-04-13T13:06:22.967877800
[2025-04-13 13:11:22] [34mINFO[0;39m [36mg.service.ubs.OrderLockServiceImpl      [0;39m [35m:62  [0;39m Unlock orders
[2025-04-13 13:12:22] [34mINFO[0;39m [36mg.service.ubs.OrderLockServiceImpl      [0;39m [35m:60  [0;39m Time: 2025-04-13T13:07:22.976071200
[2025-04-13 13:12:22] [34mINFO[0;39m [36mg.service.ubs.OrderLockServiceImpl      [0;39m [35m:62  [0;39m Unlock orders
[2025-04-13 13:13:22] [34mINFO[0;39m [36mg.service.ubs.OrderLockServiceImpl      [0;39m [35m:60  [0;39m Time: 2025-04-13T13:08:22.974808100
[2025-04-13 13:13:22] [34mINFO[0;39m [36mg.service.ubs.OrderLockServiceImpl      [0;39m [35m:62  [0;39m Unlock orders
[2025-04-13 13:14:28] [34mINFO[0;39m [36mg.service.ubs.OrderLockServiceImpl      [0;39m [35m:60  [0;39m Time: 2025-04-13T13:09:28.806346800
[2025-04-13 13:14:28] [34mINFO[0;39m [36mg.service.ubs.OrderLockServiceImpl      [0;39m [35m:62  [0;39m Unlock orders
[2025-04-13 13:15:22] [34mINFO[0;39m [36mg.service.ubs.OrderLockServiceImpl      [0;39m [35m:60  [0;39m Time: 2025-04-13T13:10:22.966522200
[2025-04-13 13:15:22] [34mINFO[0;39m [36mg.service.ubs.OrderLockServiceImpl      [0;39m [35m:62  [0;39m Unlock orders
[2025-04-13 13:16:22] [34mINFO[0;39m [36mg.service.ubs.OrderLockServiceImpl      [0;39m [35m:60  [0;39m Time: 2025-04-13T13:11:22.993820200
[2025-04-13 13:16:22] [34mINFO[0;39m [36mg.service.ubs.OrderLockServiceImpl      [0;39m [35m:62  [0;39m Unlock orders
[2025-04-13 13:17:22] [34mINFO[0;39m [36mg.service.ubs.OrderLockServiceImpl      [0;39m [35m:60  [0;39m Time: 2025-04-13T13:12:22.966296100
[2025-04-13 13:17:22] [34mINFO[0;39m [36mg.service.ubs.OrderLockServiceImpl      [0;39m [35m:62  [0;39m Unlock orders
[2025-04-13 13:18:22] [34mINFO[0;39m [36mg.service.ubs.OrderLockServiceImpl      [0;39m [35m:60  [0;39m Time: 2025-04-13T13:13:22.972338400
[2025-04-13 13:18:22] [34mINFO[0;39m [36mg.service.ubs.OrderLockServiceImpl      [0;39m [35m:62  [0;39m Unlock orders
[2025-04-13 13:19:22] [34mINFO[0;39m [36mg.service.ubs.OrderLockServiceImpl      [0;39m [35m:60  [0;39m Time: 2025-04-13T13:14:22.973024700
[2025-04-13 13:19:22] [34mINFO[0;39m [36mg.service.ubs.OrderLockServiceImpl      [0;39m [35m:62  [0;39m Unlock orders
[2025-04-13 13:20:22] [34mINFO[0;39m [36mg.service.ubs.OrderLockServiceImpl      [0;39m [35m:60  [0;39m Time: 2025-04-13T13:15:22.968409400
[2025-04-13 13:20:22] [34mINFO[0;39m [36mg.service.ubs.OrderLockServiceImpl      [0;39m [35m:62  [0;39m Unlock orders
[2025-04-13 13:21:22] [34mINFO[0;39m [36mg.service.ubs.OrderLockServiceImpl      [0;39m [35m:60  [0;39m Time: 2025-04-13T13:16:22.977545700
[2025-04-13 13:21:22] [34mINFO[0;39m [36mg.service.ubs.OrderLockServiceImpl      [0;39m [35m:62  [0;39m Unlock orders
[2025-04-13 13:22:22] [34mINFO[0;39m [36mg.service.ubs.OrderLockServiceImpl      [0;39m [35m:60  [0;39m Time: 2025-04-13T13:17:22.969803100
[2025-04-13 13:22:22] [34mINFO[0;39m [36mg.service.ubs.OrderLockServiceImpl      [0;39m [35m:62  [0;39m Unlock orders
[2025-04-13 13:23:22] [34mINFO[0;39m [36mg.service.ubs.OrderLockServiceImpl      [0;39m [35m:60  [0;39m Time: 2025-04-13T13:18:22.968901200
[2025-04-13 13:23:22] [34mINFO[0;39m [36mg.service.ubs.OrderLockServiceImpl      [0;39m [35m:62  [0;39m Unlock orders
[2025-04-13 13:24:22] [34mINFO[0;39m [36mg.service.ubs.OrderLockServiceImpl      [0;39m [35m:60  [0;39m Time: 2025-04-13T13:19:22.971418300
[2025-04-13 13:24:22] [34mINFO[0;39m [36mg.service.ubs.OrderLockServiceImpl      [0;39m [35m:62  [0;39m Unlock orders
[2025-04-13 13:25:22] [34mINFO[0;39m [36mg.service.ubs.OrderLockServiceImpl      [0;39m [35m:60  [0;39m Time: 2025-04-13T13:20:22.975112700
[2025-04-13 13:25:22] [34mINFO[0;39m [36mg.service.ubs.OrderLockServiceImpl      [0;39m [35m:62  [0;39m Unlock orders
[2025-04-13 13:26:22] [34mINFO[0;39m [36mg.service.ubs.OrderLockServiceImpl      [0;39m [35m:60  [0;39m Time: 2025-04-13T13:21:22.979651600
[2025-04-13 13:26:22] [34mINFO[0;39m [36mg.service.ubs.OrderLockServiceImpl      [0;39m [35m:62  [0;39m Unlock orders
[2025-04-13 13:27:22] [34mINFO[0;39m [36mg.service.ubs.OrderLockServiceImpl      [0;39m [35m:60  [0;39m Time: 2025-04-13T13:22:22.966745500
[2025-04-13 13:27:22] [34mINFO[0;39m [36mg.service.ubs.OrderLockServiceImpl      [0;39m [35m:62  [0;39m Unlock orders
[2025-04-13 13:28:22] [34mINFO[0;39m [36mg.service.ubs.OrderLockServiceImpl      [0;39m [35m:60  [0;39m Time: 2025-04-13T13:23:22.973353100
[2025-04-13 13:28:22] [34mINFO[0;39m [36mg.service.ubs.OrderLockServiceImpl      [0;39m [35m:62  [0;39m Unlock orders
[2025-04-13 13:29:22] [34mINFO[0;39m [36mg.service.ubs.OrderLockServiceImpl      [0;39m [35m:60  [0;39m Time: 2025-04-13T13:24:22.968412200
[2025-04-13 13:29:22] [34mINFO[0;39m [36mg.service.ubs.OrderLockServiceImpl      [0;39m [35m:62  [0;39m Unlock orders
[2025-04-13 13:30:22] [34mINFO[0;39m [36mg.service.ubs.OrderLockServiceImpl      [0;39m [35m:60  [0;39m Time: 2025-04-13T13:25:22.965826600
[2025-04-13 13:30:22] [34mINFO[0;39m [36mg.service.ubs.OrderLockServiceImpl      [0;39m [35m:62  [0;39m Unlock orders
[2025-04-13 13:31:22] [34mINFO[0;39m [36mg.service.ubs.OrderLockServiceImpl      [0;39m [35m:60  [0;39m Time: 2025-04-13T13:26:22.980329
[2025-04-13 13:31:22] [34mINFO[0;39m [36mg.service.ubs.OrderLockServiceImpl      [0;39m [35m:62  [0;39m Unlock orders
[2025-04-13 13:32:22] [34mINFO[0;39m [36mg.service.ubs.OrderLockServiceImpl      [0;39m [35m:60  [0;39m Time: 2025-04-13T13:27:22.971323100
[2025-04-13 13:32:22] [34mINFO[0;39m [36mg.service.ubs.OrderLockServiceImpl      [0;39m [35m:62  [0;39m Unlock orders
[2025-04-13 13:33:22] [34mINFO[0;39m [36mg.service.ubs.OrderLockServiceImpl      [0;39m [35m:60  [0;39m Time: 2025-04-13T13:28:22.968266900
[2025-04-13 13:33:22] [34mINFO[0;39m [36mg.service.ubs.OrderLockServiceImpl      [0;39m [35m:62  [0;39m Unlock orders
[2025-04-13 13:34:22] [34mINFO[0;39m [36mg.service.ubs.OrderLockServiceImpl      [0;39m [35m:60  [0;39m Time: 2025-04-13T13:29:22.979413700
[2025-04-13 13:34:22] [34mINFO[0;39m [36mg.service.ubs.OrderLockServiceImpl      [0;39m [35m:62  [0;39m Unlock orders
[2025-04-13 13:35:22] [34mINFO[0;39m [36mg.service.ubs.OrderLockServiceImpl      [0;39m [35m:60  [0;39m Time: 2025-04-13T13:30:22.979882200
[2025-04-13 13:35:22] [34mINFO[0;39m [36mg.service.ubs.OrderLockServiceImpl      [0;39m [35m:62  [0;39m Unlock orders
[2025-04-13 13:36:22] [34mINFO[0;39m [36mg.service.ubs.OrderLockServiceImpl      [0;39m [35m:60  [0;39m Time: 2025-04-13T13:31:22.978403900
[2025-04-13 13:36:22] [34mINFO[0;39m [36mg.service.ubs.OrderLockServiceImpl      [0;39m [35m:62  [0;39m Unlock orders
[2025-04-13 13:37:22] [34mINFO[0;39m [36mg.service.ubs.OrderLockServiceImpl      [0;39m [35m:60  [0;39m Time: 2025-04-13T13:32:22.973437
[2025-04-13 13:37:22] [34mINFO[0;39m [36mg.service.ubs.OrderLockServiceImpl      [0;39m [35m:62  [0;39m Unlock orders
[2025-04-13 13:38:22] [34mINFO[0;39m [36mg.service.ubs.OrderLockServiceImpl      [0;39m [35m:60  [0;39m Time: 2025-04-13T13:33:22.979127
[2025-04-13 13:38:22] [34mINFO[0;39m [36mg.service.ubs.OrderLockServiceImpl      [0;39m [35m:62  [0;39m Unlock orders
[2025-04-13 13:39:22] [34mINFO[0;39m [36mg.service.ubs.OrderLockServiceImpl      [0;39m [35m:60  [0;39m Time: 2025-04-13T13:34:22.970340700
[2025-04-13 13:39:22] [34mINFO[0;39m [36mg.service.ubs.OrderLockServiceImpl      [0;39m [35m:62  [0;39m Unlock orders
[2025-04-13 13:40:22] [34mINFO[0;39m [36mg.service.ubs.OrderLockServiceImpl      [0;39m [35m:60  [0;39m Time: 2025-04-13T13:35:22.970691800
[2025-04-13 13:40:22] [34mINFO[0;39m [36mg.service.ubs.OrderLockServiceImpl      [0;39m [35m:62  [0;39m Unlock orders
[2025-04-13 13:41:22] [34mINFO[0;39m [36mg.service.ubs.OrderLockServiceImpl      [0;39m [35m:60  [0;39m Time: 2025-04-13T13:36:22.975447
[2025-04-13 13:41:22] [34mINFO[0;39m [36mg.service.ubs.OrderLockServiceImpl      [0;39m [35m:62  [0;39m Unlock orders
[2025-04-13 13:42:22] [34mINFO[0;39m [36mg.service.ubs.OrderLockServiceImpl      [0;39m [35m:60  [0;39m Time: 2025-04-13T13:37:22.974512500
[2025-04-13 13:42:22] [34mINFO[0;39m [36mg.service.ubs.OrderLockServiceImpl      [0;39m [35m:62  [0;39m Unlock orders
[2025-04-13 13:43:22] [34mINFO[0;39m [36mg.service.ubs.OrderLockServiceImpl      [0;39m [35m:60  [0;39m Time: 2025-04-13T13:38:22.976377
[2025-04-13 13:43:22] [34mINFO[0;39m [36mg.service.ubs.OrderLockServiceImpl      [0;39m [35m:62  [0;39m Unlock orders
[2025-04-13 13:44:22] [34mINFO[0;39m [36mg.service.ubs.OrderLockServiceImpl      [0;39m [35m:60  [0;39m Time: 2025-04-13T13:39:22.965594600
[2025-04-13 13:44:22] [34mINFO[0;39m [36mg.service.ubs.OrderLockServiceImpl      [0;39m [35m:62  [0;39m Unlock orders
[2025-04-13 13:45:22] [34mINFO[0;39m [36mg.service.ubs.OrderLockServiceImpl      [0;39m [35m:60  [0;39m Time: 2025-04-13T13:40:22.973661200
[2025-04-13 13:45:22] [34mINFO[0;39m [36mg.service.ubs.OrderLockServiceImpl      [0;39m [35m:62  [0;39m Unlock orders
[2025-04-13 13:46:22] [34mINFO[0;39m [36mg.service.ubs.OrderLockServiceImpl      [0;39m [35m:60  [0;39m Time: 2025-04-13T13:41:22.979368600
[2025-04-13 13:46:22] [34mINFO[0;39m [36mg.service.ubs.OrderLockServiceImpl      [0;39m [35m:62  [0;39m Unlock orders
[2025-04-13 13:47:22] [34mINFO[0;39m [36mg.service.ubs.OrderLockServiceImpl      [0;39m [35m:60  [0;39m Time: 2025-04-13T13:42:22.970343900
[2025-04-13 13:47:22] [34mINFO[0;39m [36mg.service.ubs.OrderLockServiceImpl      [0;39m [35m:62  [0;39m Unlock orders
[2025-04-13 13:48:22] [34mINFO[0;39m [36mg.service.ubs.OrderLockServiceImpl      [0;39m [35m:60  [0;39m Time: 2025-04-13T13:43:22.970160
[2025-04-13 13:48:22] [34mINFO[0;39m [36mg.service.ubs.OrderLockServiceImpl      [0;39m [35m:62  [0;39m Unlock orders
[2025-04-13 13:49:22] [34mINFO[0;39m [36mg.service.ubs.OrderLockServiceImpl      [0;39m [35m:60  [0;39m Time: 2025-04-13T13:44:22.974279800
[2025-04-13 13:49:22] [34mINFO[0;39m [36mg.service.ubs.OrderLockServiceImpl      [0;39m [35m:62  [0;39m Unlock orders
[2025-04-13 13:50:22] [34mINFO[0;39m [36mg.service.ubs.OrderLockServiceImpl      [0;39m [35m:60  [0;39m Time: 2025-04-13T13:45:22.975024
[2025-04-13 13:50:22] [34mINFO[0;39m [36mg.service.ubs.OrderLockServiceImpl      [0;39m [35m:62  [0;39m Unlock orders
[2025-04-13 13:51:22] [34mINFO[0;39m [36mg.service.ubs.OrderLockServiceImpl      [0;39m [35m:60  [0;39m Time: 2025-04-13T13:46:22.976114500
[2025-04-13 13:51:22] [34mINFO[0;39m [36mg.service.ubs.OrderLockServiceImpl      [0;39m [35m:62  [0;39m Unlock orders
[2025-04-13 13:52:22] [34mINFO[0;39m [36mg.service.ubs.OrderLockServiceImpl      [0;39m [35m:60  [0;39m Time: 2025-04-13T13:47:22.967364700
[2025-04-13 13:52:22] [34mINFO[0;39m [36mg.service.ubs.OrderLockServiceImpl      [0;39m [35m:62  [0;39m Unlock orders
[2025-04-13 13:53:22] [34mINFO[0;39m [36mg.service.ubs.OrderLockServiceImpl      [0;39m [35m:60  [0;39m Time: 2025-04-13T13:48:22.978236
[2025-04-13 13:53:22] [34mINFO[0;39m [36mg.service.ubs.OrderLockServiceImpl      [0;39m [35m:62  [0;39m Unlock orders
[2025-04-13 13:54:22] [34mINFO[0;39m [36mg.service.ubs.OrderLockServiceImpl      [0;39m [35m:60  [0;39m Time: 2025-04-13T13:49:22.979415200
[2025-04-13 13:54:22] [34mINFO[0;39m [36mg.service.ubs.OrderLockServiceImpl      [0;39m [35m:62  [0;39m Unlock orders
[2025-04-13 13:55:22] [34mINFO[0;39m [36mg.service.ubs.OrderLockServiceImpl      [0;39m [35m:60  [0;39m Time: 2025-04-13T13:50:22.975603900
[2025-04-13 13:55:22] [34mINFO[0;39m [36mg.service.ubs.OrderLockServiceImpl      [0;39m [35m:62  [0;39m Unlock orders
[2025-04-13 13:56:22] [34mINFO[0;39m [36mg.service.ubs.OrderLockServiceImpl      [0;39m [35m:60  [0;39m Time: 2025-04-13T13:51:22.971277
[2025-04-13 13:56:22] [34mINFO[0;39m [36mg.service.ubs.OrderLockServiceImpl      [0;39m [35m:62  [0;39m Unlock orders
[2025-04-13 13:57:22] [34mINFO[0;39m [36mg.service.ubs.OrderLockServiceImpl      [0;39m [35m:60  [0;39m Time: 2025-04-13T13:52:22.975641500
[2025-04-13 13:57:22] [34mINFO[0;39m [36mg.service.ubs.OrderLockServiceImpl      [0;39m [35m:62  [0;39m Unlock orders
[2025-04-13 13:58:22] [34mINFO[0;39m [36mg.service.ubs.OrderLockServiceImpl      [0;39m [35m:60  [0;39m Time: 2025-04-13T13:53:22.975818700
[2025-04-13 13:58:22] [34mINFO[0;39m [36mg.service.ubs.OrderLockServiceImpl      [0;39m [35m:62  [0;39m Unlock orders
[2025-04-13 13:59:22] [34mINFO[0;39m [36mg.service.ubs.OrderLockServiceImpl      [0;39m [35m:60  [0;39m Time: 2025-04-13T13:54:22.977096700
[2025-04-13 13:59:22] [34mINFO[0;39m [36mg.service.ubs.OrderLockServiceImpl      [0;39m [35m:62  [0;39m Unlock orders
[2025-04-13 14:00:22] [34mINFO[0;39m [36mg.service.ubs.OrderLockServiceImpl      [0;39m [35m:60  [0;39m Time: 2025-04-13T13:55:22.967176700
[2025-04-13 14:00:22] [34mINFO[0;39m [36mg.service.ubs.OrderLockServiceImpl      [0;39m [35m:62  [0;39m Unlock orders
[2025-04-13 14:01:22] [34mINFO[0;39m [36mg.service.ubs.OrderLockServiceImpl      [0;39m [35m:60  [0;39m Time: 2025-04-13T13:56:22.978726400
[2025-04-13 14:01:22] [34mINFO[0;39m [36mg.service.ubs.OrderLockServiceImpl      [0;39m [35m:62  [0;39m Unlock orders
[2025-04-13 14:02:22] [34mINFO[0;39m [36mg.service.ubs.OrderLockServiceImpl      [0;39m [35m:60  [0;39m Time: 2025-04-13T13:57:22.971485400
[2025-04-13 14:02:22] [34mINFO[0;39m [36mg.service.ubs.OrderLockServiceImpl      [0;39m [35m:62  [0;39m Unlock orders
[2025-04-13 14:03:22] [34mINFO[0;39m [36mg.service.ubs.OrderLockServiceImpl      [0;39m [35m:60  [0;39m Time: 2025-04-13T13:58:22.972420500
[2025-04-13 14:03:22] [34mINFO[0;39m [36mg.service.ubs.OrderLockServiceImpl      [0;39m [35m:62  [0;39m Unlock orders
[2025-04-13 14:04:22] [34mINFO[0;39m [36mg.service.ubs.OrderLockServiceImpl      [0;39m [35m:60  [0;39m Time: 2025-04-13T13:59:22.970540300
[2025-04-13 14:04:22] [34mINFO[0;39m [36mg.service.ubs.OrderLockServiceImpl      [0;39m [35m:62  [0;39m Unlock orders
[2025-04-13 14:05:22] [34mINFO[0;39m [36mg.service.ubs.OrderLockServiceImpl      [0;39m [35m:60  [0;39m Time: 2025-04-13T14:00:22.978297100
[2025-04-13 14:05:22] [34mINFO[0;39m [36mg.service.ubs.OrderLockServiceImpl      [0;39m [35m:62  [0;39m Unlock orders
[2025-04-13 14:06:22] [34mINFO[0;39m [36mg.service.ubs.OrderLockServiceImpl      [0;39m [35m:60  [0;39m Time: 2025-04-13T14:01:22.968189100
[2025-04-13 14:06:22] [34mINFO[0;39m [36mg.service.ubs.OrderLockServiceImpl      [0;39m [35m:62  [0;39m Unlock orders
[2025-04-13 14:07:22] [34mINFO[0;39m [36mg.service.ubs.OrderLockServiceImpl      [0;39m [35m:60  [0;39m Time: 2025-04-13T14:02:22.973935600
[2025-04-13 14:07:22] [34mINFO[0;39m [36mg.service.ubs.OrderLockServiceImpl      [0;39m [35m:62  [0;39m Unlock orders
[2025-04-13 14:08:22] [34mINFO[0;39m [36mg.service.ubs.OrderLockServiceImpl      [0;39m [35m:60  [0;39m Time: 2025-04-13T14:03:22.967779
[2025-04-13 14:08:22] [34mINFO[0;39m [36mg.service.ubs.OrderLockServiceImpl      [0;39m [35m:62  [0;39m Unlock orders
[2025-04-13 14:09:22] [34mINFO[0;39m [36mg.service.ubs.OrderLockServiceImpl      [0;39m [35m:60  [0;39m Time: 2025-04-13T14:04:22.974766600
[2025-04-13 14:09:22] [34mINFO[0;39m [36mg.service.ubs.OrderLockServiceImpl      [0;39m [35m:62  [0;39m Unlock orders
[2025-04-13 14:10:22] [34mINFO[0;39m [36mg.service.ubs.OrderLockServiceImpl      [0;39m [35m:60  [0;39m Time: 2025-04-13T14:05:22.972038800
[2025-04-13 14:10:22] [34mINFO[0;39m [36mg.service.ubs.OrderLockServiceImpl      [0;39m [35m:62  [0;39m Unlock orders
[2025-04-13 14:11:22] [34mINFO[0;39m [36mg.service.ubs.OrderLockServiceImpl      [0;39m [35m:60  [0;39m Time: 2025-04-13T14:06:22.970456800
[2025-04-13 14:11:22] [34mINFO[0;39m [36mg.service.ubs.OrderLockServiceImpl      [0;39m [35m:62  [0;39m Unlock orders
[2025-04-13 14:12:22] [34mINFO[0;39m [36mg.service.ubs.OrderLockServiceImpl      [0;39m [35m:60  [0;39m Time: 2025-04-13T14:07:22.972554500
[2025-04-13 14:12:22] [34mINFO[0;39m [36mg.service.ubs.OrderLockServiceImpl      [0;39m [35m:62  [0;39m Unlock orders
[2025-04-13 14:13:22] [34mINFO[0;39m [36mg.service.ubs.OrderLockServiceImpl      [0;39m [35m:60  [0;39m Time: 2025-04-13T14:08:22.966382800
[2025-04-13 14:13:22] [34mINFO[0;39m [36mg.service.ubs.OrderLockServiceImpl      [0;39m [35m:62  [0;39m Unlock orders
[2025-04-13 14:14:22] [34mINFO[0;39m [36mg.service.ubs.OrderLockServiceImpl      [0;39m [35m:60  [0;39m Time: 2025-04-13T14:09:22.968467700
[2025-04-13 14:14:22] [34mINFO[0;39m [36mg.service.ubs.OrderLockServiceImpl      [0;39m [35m:62  [0;39m Unlock orders
[2025-04-13 14:15:22] [34mINFO[0;39m [36mg.service.ubs.OrderLockServiceImpl      [0;39m [35m:60  [0;39m Time: 2025-04-13T14:10:22.965737100
[2025-04-13 14:15:22] [34mINFO[0;39m [36mg.service.ubs.OrderLockServiceImpl      [0;39m [35m:62  [0;39m Unlock orders
[2025-04-13 14:16:22] [34mINFO[0;39m [36mg.service.ubs.OrderLockServiceImpl      [0;39m [35m:60  [0;39m Time: 2025-04-13T14:11:22.966172900
[2025-04-13 14:16:22] [34mINFO[0;39m [36mg.service.ubs.OrderLockServiceImpl      [0;39m [35m:62  [0;39m Unlock orders
[2025-04-13 14:17:22] [34mINFO[0;39m [36mg.service.ubs.OrderLockServiceImpl      [0;39m [35m:60  [0;39m Time: 2025-04-13T14:12:22.980389600
[2025-04-13 14:17:22] [34mINFO[0;39m [36mg.service.ubs.OrderLockServiceImpl      [0;39m [35m:62  [0;39m Unlock orders
[2025-04-13 14:18:22] [34mINFO[0;39m [36mg.service.ubs.OrderLockServiceImpl      [0;39m [35m:60  [0;39m Time: 2025-04-13T14:13:22.967858900
[2025-04-13 14:18:22] [34mINFO[0;39m [36mg.service.ubs.OrderLockServiceImpl      [0;39m [35m:62  [0;39m Unlock orders
[2025-04-13 14:19:22] [34mINFO[0;39m [36mg.service.ubs.OrderLockServiceImpl      [0;39m [35m:60  [0;39m Time: 2025-04-13T14:14:22.972819
[2025-04-13 14:19:22] [34mINFO[0;39m [36mg.service.ubs.OrderLockServiceImpl      [0;39m [35m:62  [0;39m Unlock orders
[2025-04-13 14:20:22] [34mINFO[0;39m [36mg.service.ubs.OrderLockServiceImpl      [0;39m [35m:60  [0;39m Time: 2025-04-13T14:15:22.974458100
[2025-04-13 14:20:22] [34mINFO[0;39m [36mg.service.ubs.OrderLockServiceImpl      [0;39m [35m:62  [0;39m Unlock orders
[2025-04-13 14:21:22] [34mINFO[0;39m [36mg.service.ubs.OrderLockServiceImpl      [0;39m [35m:60  [0;39m Time: 2025-04-13T14:16:22.981431100
[2025-04-13 14:21:22] [34mINFO[0;39m [36mg.service.ubs.OrderLockServiceImpl      [0;39m [35m:62  [0;39m Unlock orders
[2025-04-13 14:22:22] [34mINFO[0;39m [36mg.service.ubs.OrderLockServiceImpl      [0;39m [35m:60  [0;39m Time: 2025-04-13T14:17:22.972746500
[2025-04-13 14:22:22] [34mINFO[0;39m [36mg.service.ubs.OrderLockServiceImpl      [0;39m [35m:62  [0;39m Unlock orders
[2025-04-13 14:23:22] [34mINFO[0;39m [36mg.service.ubs.OrderLockServiceImpl      [0;39m [35m:60  [0;39m Time: 2025-04-13T14:18:22.972843800
[2025-04-13 14:23:22] [34mINFO[0;39m [36mg.service.ubs.OrderLockServiceImpl      [0;39m [35m:62  [0;39m Unlock orders
[2025-04-13 14:24:22] [34mINFO[0;39m [36mg.service.ubs.OrderLockServiceImpl      [0;39m [35m:60  [0;39m Time: 2025-04-13T14:19:22.967321300
[2025-04-13 14:24:22] [34mINFO[0;39m [36mg.service.ubs.OrderLockServiceImpl      [0;39m [35m:62  [0;39m Unlock orders
[2025-04-13 14:25:22] [34mINFO[0;39m [36mg.service.ubs.OrderLockServiceImpl      [0;39m [35m:60  [0;39m Time: 2025-04-13T14:20:22.974450500
[2025-04-13 14:25:22] [34mINFO[0;39m [36mg.service.ubs.OrderLockServiceImpl      [0;39m [35m:62  [0;39m Unlock orders
[2025-04-13 14:26:22] [34mINFO[0;39m [36mg.service.ubs.OrderLockServiceImpl      [0;39m [35m:60  [0;39m Time: 2025-04-13T14:21:22.978205800
[2025-04-13 14:26:22] [34mINFO[0;39m [36mg.service.ubs.OrderLockServiceImpl      [0;39m [35m:62  [0;39m Unlock orders
[2025-04-13 14:27:22] [34mINFO[0;39m [36mg.service.ubs.OrderLockServiceImpl      [0;39m [35m:60  [0;39m Time: 2025-04-13T14:22:22.967402400
[2025-04-13 14:27:22] [34mINFO[0;39m [36mg.service.ubs.OrderLockServiceImpl      [0;39m [35m:62  [0;39m Unlock orders
[2025-04-13 14:28:22] [34mINFO[0;39m [36mg.service.ubs.OrderLockServiceImpl      [0;39m [35m:60  [0;39m Time: 2025-04-13T14:23:22.974491800
[2025-04-13 14:28:22] [34mINFO[0;39m [36mg.service.ubs.OrderLockServiceImpl      [0;39m [35m:62  [0;39m Unlock orders
[2025-04-13 14:29:22] [34mINFO[0;39m [36mg.service.ubs.OrderLockServiceImpl      [0;39m [35m:60  [0;39m Time: 2025-04-13T14:24:22.966889700
[2025-04-13 14:29:22] [34mINFO[0;39m [36mg.service.ubs.OrderLockServiceImpl      [0;39m [35m:62  [0;39m Unlock orders
[2025-04-13 14:30:22] [34mINFO[0;39m [36mg.service.ubs.OrderLockServiceImpl      [0;39m [35m:60  [0;39m Time: 2025-04-13T14:25:22.965940500
[2025-04-13 14:30:22] [34mINFO[0;39m [36mg.service.ubs.OrderLockServiceImpl      [0;39m [35m:62  [0;39m Unlock orders
[2025-04-13 14:31:22] [34mINFO[0;39m [36mg.service.ubs.OrderLockServiceImpl      [0;39m [35m:60  [0;39m Time: 2025-04-13T14:26:22.966342200
[2025-04-13 14:31:22] [34mINFO[0;39m [36mg.service.ubs.OrderLockServiceImpl      [0;39m [35m:62  [0;39m Unlock orders
[2025-04-13 14:32:22] [34mINFO[0;39m [36mg.service.ubs.OrderLockServiceImpl      [0;39m [35m:60  [0;39m Time: 2025-04-13T14:27:22.965844600
[2025-04-13 14:32:22] [34mINFO[0;39m [36mg.service.ubs.OrderLockServiceImpl      [0;39m [35m:62  [0;39m Unlock orders
[2025-04-13 14:33:22] [34mINFO[0;39m [36mg.service.ubs.OrderLockServiceImpl      [0;39m [35m:60  [0;39m Time: 2025-04-13T14:28:22.980352200
[2025-04-13 14:33:22] [34mINFO[0;39m [36mg.service.ubs.OrderLockServiceImpl      [0;39m [35m:62  [0;39m Unlock orders
[2025-04-13 14:34:22] [34mINFO[0;39m [36mg.service.ubs.OrderLockServiceImpl      [0;39m [35m:60  [0;39m Time: 2025-04-13T14:29:22.968312
[2025-04-13 14:34:22] [34mINFO[0;39m [36mg.service.ubs.OrderLockServiceImpl      [0;39m [35m:62  [0;39m Unlock orders
[2025-04-13 14:35:22] [34mINFO[0;39m [36mg.service.ubs.OrderLockServiceImpl      [0;39m [35m:60  [0;39m Time: 2025-04-13T14:30:22.975324400
[2025-04-13 14:35:22] [34mINFO[0;39m [36mg.service.ubs.OrderLockServiceImpl      [0;39m [35m:62  [0;39m Unlock orders
[2025-04-13 14:36:22] [34mINFO[0;39m [36mg.service.ubs.OrderLockServiceImpl      [0;39m [35m:60  [0;39m Time: 2025-04-13T14:31:22.978440200
[2025-04-13 14:36:22] [34mINFO[0;39m [36mg.service.ubs.OrderLockServiceImpl      [0;39m [35m:62  [0;39m Unlock orders
[2025-04-13 14:37:22] [34mINFO[0;39m [36mg.service.ubs.OrderLockServiceImpl      [0;39m [35m:60  [0;39m Time: 2025-04-13T14:32:22.976553200
[2025-04-13 14:37:22] [34mINFO[0;39m [36mg.service.ubs.OrderLockServiceImpl      [0;39m [35m:62  [0;39m Unlock orders
[2025-04-13 14:38:22] [34mINFO[0;39m [36mg.service.ubs.OrderLockServiceImpl      [0;39m [35m:60  [0;39m Time: 2025-04-13T14:33:22.967772400
[2025-04-13 14:38:22] [34mINFO[0;39m [36mg.service.ubs.OrderLockServiceImpl      [0;39m [35m:62  [0;39m Unlock orders
[2025-04-13 14:39:22] [34mINFO[0;39m [36mg.service.ubs.OrderLockServiceImpl      [0;39m [35m:60  [0;39m Time: 2025-04-13T14:34:22.969449900
[2025-04-13 14:39:22] [34mINFO[0;39m [36mg.service.ubs.OrderLockServiceImpl      [0;39m [35m:62  [0;39m Unlock orders
[2025-04-13 14:40:22] [34mINFO[0;39m [36mg.service.ubs.OrderLockServiceImpl      [0;39m [35m:60  [0;39m Time: 2025-04-13T14:35:22.975631500
[2025-04-13 14:40:22] [34mINFO[0;39m [36mg.service.ubs.OrderLockServiceImpl      [0;39m [35m:62  [0;39m Unlock orders
[2025-04-13 14:41:22] [34mINFO[0;39m [36mg.service.ubs.OrderLockServiceImpl      [0;39m [35m:60  [0;39m Time: 2025-04-13T14:36:22.979237800
[2025-04-13 14:41:22] [34mINFO[0;39m [36mg.service.ubs.OrderLockServiceImpl      [0;39m [35m:62  [0;39m Unlock orders
[2025-04-13 14:42:22] [34mINFO[0;39m [36mg.service.ubs.OrderLockServiceImpl      [0;39m [35m:60  [0;39m Time: 2025-04-13T14:37:22.966616700
[2025-04-13 14:42:22] [34mINFO[0;39m [36mg.service.ubs.OrderLockServiceImpl      [0;39m [35m:62  [0;39m Unlock orders
[2025-04-13 14:43:22] [34mINFO[0;39m [36mg.service.ubs.OrderLockServiceImpl      [0;39m [35m:60  [0;39m Time: 2025-04-13T14:38:22.978435900
[2025-04-13 14:43:22] [34mINFO[0;39m [36mg.service.ubs.OrderLockServiceImpl      [0;39m [35m:62  [0;39m Unlock orders
[2025-04-13 14:44:22] [34mINFO[0;39m [36mg.service.ubs.OrderLockServiceImpl      [0;39m [35m:60  [0;39m Time: 2025-04-13T14:39:22.968283500
[2025-04-13 14:44:22] [34mINFO[0;39m [36mg.service.ubs.OrderLockServiceImpl      [0;39m [35m:62  [0;39m Unlock orders
[2025-04-13 14:45:22] [34mINFO[0;39m [36mg.service.ubs.OrderLockServiceImpl      [0;39m [35m:60  [0;39m Time: 2025-04-13T14:40:22.969218300
[2025-04-13 14:45:22] [34mINFO[0;39m [36mg.service.ubs.OrderLockServiceImpl      [0;39m [35m:62  [0;39m Unlock orders
[2025-04-13 14:46:22] [34mINFO[0;39m [36mg.service.ubs.OrderLockServiceImpl      [0;39m [35m:60  [0;39m Time: 2025-04-13T14:41:22.966833400
[2025-04-13 14:46:22] [34mINFO[0;39m [36mg.service.ubs.OrderLockServiceImpl      [0;39m [35m:62  [0;39m Unlock orders
[2025-04-13 14:47:22] [34mINFO[0;39m [36mg.service.ubs.OrderLockServiceImpl      [0;39m [35m:60  [0;39m Time: 2025-04-13T14:42:22.965694100
[2025-04-13 14:47:22] [34mINFO[0;39m [36mg.service.ubs.OrderLockServiceImpl      [0;39m [35m:62  [0;39m Unlock orders
[2025-04-13 14:48:22] [34mINFO[0;39m [36mg.service.ubs.OrderLockServiceImpl      [0;39m [35m:60  [0;39m Time: 2025-04-13T14:43:22.967385800
[2025-04-13 14:48:22] [34mINFO[0;39m [36mg.service.ubs.OrderLockServiceImpl      [0;39m [35m:62  [0;39m Unlock orders
[2025-04-13 14:49:22] [34mINFO[0;39m [36mg.service.ubs.OrderLockServiceImpl      [0;39m [35m:60  [0;39m Time: 2025-04-13T14:44:22.973869900
[2025-04-13 14:49:22] [34mINFO[0;39m [36mg.service.ubs.OrderLockServiceImpl      [0;39m [35m:62  [0;39m Unlock orders
[2025-04-13 14:50:22] [34mINFO[0;39m [36mg.service.ubs.OrderLockServiceImpl      [0;39m [35m:60  [0;39m Time: 2025-04-13T14:45:22.976802700
[2025-04-13 14:50:22] [34mINFO[0;39m [36mg.service.ubs.OrderLockServiceImpl      [0;39m [35m:62  [0;39m Unlock orders
[2025-04-13 14:51:22] [34mINFO[0;39m [36mg.service.ubs.OrderLockServiceImpl      [0;39m [35m:60  [0;39m Time: 2025-04-13T14:46:22.975847400
[2025-04-13 14:51:22] [34mINFO[0;39m [36mg.service.ubs.OrderLockServiceImpl      [0;39m [35m:62  [0;39m Unlock orders
[2025-04-13 14:52:22] [34mINFO[0;39m [36mg.service.ubs.OrderLockServiceImpl      [0;39m [35m:60  [0;39m Time: 2025-04-13T14:47:22.965712400
[2025-04-13 14:52:22] [34mINFO[0;39m [36mg.service.ubs.OrderLockServiceImpl      [0;39m [35m:62  [0;39m Unlock orders
[2025-04-13 14:53:22] [34mINFO[0;39m [36mg.service.ubs.OrderLockServiceImpl      [0;39m [35m:60  [0;39m Time: 2025-04-13T14:48:22.973270300
[2025-04-13 14:53:22] [34mINFO[0;39m [36mg.service.ubs.OrderLockServiceImpl      [0;39m [35m:62  [0;39m Unlock orders
[2025-04-13 14:54:22] [34mINFO[0;39m [36mg.service.ubs.OrderLockServiceImpl      [0;39m [35m:60  [0;39m Time: 2025-04-13T14:49:22.966661900
[2025-04-13 14:54:22] [34mINFO[0;39m [36mg.service.ubs.OrderLockServiceImpl      [0;39m [35m:62  [0;39m Unlock orders
[2025-04-13 14:55:22] [34mINFO[0;39m [36mg.service.ubs.OrderLockServiceImpl      [0;39m [35m:60  [0;39m Time: 2025-04-13T14:50:22.971282600
[2025-04-13 14:55:22] [34mINFO[0;39m [36mg.service.ubs.OrderLockServiceImpl      [0;39m [35m:62  [0;39m Unlock orders
[2025-04-13 14:56:22] [34mINFO[0;39m [36mg.service.ubs.OrderLockServiceImpl      [0;39m [35m:60  [0;39m Time: 2025-04-13T14:51:22.966322900
[2025-04-13 14:56:22] [34mINFO[0;39m [36mg.service.ubs.OrderLockServiceImpl      [0;39m [35m:62  [0;39m Unlock orders
[2025-04-13 14:57:22] [34mINFO[0;39m [36mg.service.ubs.OrderLockServiceImpl      [0;39m [35m:60  [0;39m Time: 2025-04-13T14:52:22.965674300
[2025-04-13 14:57:22] [34mINFO[0;39m [36mg.service.ubs.OrderLockServiceImpl      [0;39m [35m:62  [0;39m Unlock orders
[2025-04-13 14:58:22] [34mINFO[0;39m [36mg.service.ubs.OrderLockServiceImpl      [0;39m [35m:60  [0;39m Time: 2025-04-13T14:53:22.971561300
[2025-04-13 14:58:22] [34mINFO[0;39m [36mg.service.ubs.OrderLockServiceImpl      [0;39m [35m:62  [0;39m Unlock orders
[2025-04-13 14:59:22] [34mINFO[0;39m [36mg.service.ubs.OrderLockServiceImpl      [0;39m [35m:60  [0;39m Time: 2025-04-13T14:54:22.978488900
[2025-04-13 14:59:22] [34mINFO[0;39m [36mg.service.ubs.OrderLockServiceImpl      [0;39m [35m:62  [0;39m Unlock orders
[2025-04-13 15:00:22] [34mINFO[0;39m [36mg.service.ubs.OrderLockServiceImpl      [0;39m [35m:60  [0;39m Time: 2025-04-13T14:55:22.969277400
[2025-04-13 15:00:22] [34mINFO[0;39m [36mg.service.ubs.OrderLockServiceImpl      [0;39m [35m:62  [0;39m Unlock orders
[2025-04-13 15:01:22] [34mINFO[0;39m [36mg.service.ubs.OrderLockServiceImpl      [0;39m [35m:60  [0;39m Time: 2025-04-13T14:56:22.965490900
[2025-04-13 15:01:22] [34mINFO[0;39m [36mg.service.ubs.OrderLockServiceImpl      [0;39m [35m:62  [0;39m Unlock orders
[2025-04-13 15:02:22] [34mINFO[0;39m [36mg.service.ubs.OrderLockServiceImpl      [0;39m [35m:60  [0;39m Time: 2025-04-13T14:57:22.976502800
[2025-04-13 15:02:22] [34mINFO[0;39m [36mg.service.ubs.OrderLockServiceImpl      [0;39m [35m:62  [0;39m Unlock orders
[2025-04-13 15:03:22] [34mINFO[0;39m [36mg.service.ubs.OrderLockServiceImpl      [0;39m [35m:60  [0;39m Time: 2025-04-13T14:58:22.967121100
[2025-04-13 15:03:22] [34mINFO[0;39m [36mg.service.ubs.OrderLockServiceImpl      [0;39m [35m:62  [0;39m Unlock orders
[2025-04-13 15:04:22] [34mINFO[0;39m [36mg.service.ubs.OrderLockServiceImpl      [0;39m [35m:60  [0;39m Time: 2025-04-13T14:59:22.967019200
[2025-04-13 15:04:22] [34mINFO[0;39m [36mg.service.ubs.OrderLockServiceImpl      [0;39m [35m:62  [0;39m Unlock orders
[2025-04-13 15:05:22] [34mINFO[0;39m [36mg.service.ubs.OrderLockServiceImpl      [0;39m [35m:60  [0;39m Time: 2025-04-13T15:00:22.973376900
[2025-04-13 15:05:22] [34mINFO[0;39m [36mg.service.ubs.OrderLockServiceImpl      [0;39m [35m:62  [0;39m Unlock orders
[2025-04-13 15:06:22] [34mINFO[0;39m [36mg.service.ubs.OrderLockServiceImpl      [0;39m [35m:60  [0;39m Time: 2025-04-13T15:01:22.973020900
[2025-04-13 15:06:22] [34mINFO[0;39m [36mg.service.ubs.OrderLockServiceImpl      [0;39m [35m:62  [0;39m Unlock orders
[2025-04-13 15:07:22] [34mINFO[0;39m [36mg.service.ubs.OrderLockServiceImpl      [0;39m [35m:60  [0;39m Time: 2025-04-13T15:02:22.974424200
[2025-04-13 15:07:22] [34mINFO[0;39m [36mg.service.ubs.OrderLockServiceImpl      [0;39m [35m:62  [0;39m Unlock orders
[2025-04-13 15:08:22] [34mINFO[0;39m [36mg.service.ubs.OrderLockServiceImpl      [0;39m [35m:60  [0;39m Time: 2025-04-13T15:03:22.973224700
[2025-04-13 15:08:22] [34mINFO[0;39m [36mg.service.ubs.OrderLockServiceImpl      [0;39m [35m:62  [0;39m Unlock orders
[2025-04-13 15:09:22] [34mINFO[0;39m [36mg.service.ubs.OrderLockServiceImpl      [0;39m [35m:60  [0;39m Time: 2025-04-13T15:04:22.970528900
[2025-04-13 15:09:22] [34mINFO[0;39m [36mg.service.ubs.OrderLockServiceImpl      [0;39m [35m:62  [0;39m Unlock orders
[2025-04-13 15:10:22] [34mINFO[0;39m [36mg.service.ubs.OrderLockServiceImpl      [0;39m [35m:60  [0;39m Time: 2025-04-13T15:05:22.978984700
[2025-04-13 15:10:22] [34mINFO[0;39m [36mg.service.ubs.OrderLockServiceImpl      [0;39m [35m:62  [0;39m Unlock orders
[2025-04-13 15:11:22] [34mINFO[0;39m [36mg.service.ubs.OrderLockServiceImpl      [0;39m [35m:60  [0;39m Time: 2025-04-13T15:06:22.974520800
[2025-04-13 15:11:22] [34mINFO[0;39m [36mg.service.ubs.OrderLockServiceImpl      [0;39m [35m:62  [0;39m Unlock orders
[2025-04-13 15:12:22] [34mINFO[0;39m [36mg.service.ubs.OrderLockServiceImpl      [0;39m [35m:60  [0;39m Time: 2025-04-13T15:07:22.969493100
[2025-04-13 15:12:22] [34mINFO[0;39m [36mg.service.ubs.OrderLockServiceImpl      [0;39m [35m:62  [0;39m Unlock orders
[2025-04-13 15:13:22] [34mINFO[0;39m [36mg.service.ubs.OrderLockServiceImpl      [0;39m [35m:60  [0;39m Time: 2025-04-13T15:08:22.975040600
[2025-04-13 15:13:22] [34mINFO[0;39m [36mg.service.ubs.OrderLockServiceImpl      [0;39m [35m:62  [0;39m Unlock orders
[2025-04-13 15:14:22] [34mINFO[0;39m [36mg.service.ubs.OrderLockServiceImpl      [0;39m [35m:60  [0;39m Time: 2025-04-13T15:09:22.968031600
[2025-04-13 15:14:22] [34mINFO[0;39m [36mg.service.ubs.OrderLockServiceImpl      [0;39m [35m:62  [0;39m Unlock orders
[2025-04-13 15:15:22] [34mINFO[0;39m [36mg.service.ubs.OrderLockServiceImpl      [0;39m [35m:60  [0;39m Time: 2025-04-13T15:10:22.977432400
[2025-04-13 15:15:22] [34mINFO[0;39m [36mg.service.ubs.OrderLockServiceImpl      [0;39m [35m:62  [0;39m Unlock orders
[2025-04-13 15:16:22] [34mINFO[0;39m [36mg.service.ubs.OrderLockServiceImpl      [0;39m [35m:60  [0;39m Time: 2025-04-13T15:11:22.972163700
[2025-04-13 15:16:22] [34mINFO[0;39m [36mg.service.ubs.OrderLockServiceImpl      [0;39m [35m:62  [0;39m Unlock orders
[2025-04-13 15:17:22] [34mINFO[0;39m [36mg.service.ubs.OrderLockServiceImpl      [0;39m [35m:60  [0;39m Time: 2025-04-13T15:12:22.979701600
[2025-04-13 15:17:22] [34mINFO[0;39m [36mg.service.ubs.OrderLockServiceImpl      [0;39m [35m:62  [0;39m Unlock orders
[2025-04-13 15:18:22] [34mINFO[0;39m [36mg.service.ubs.OrderLockServiceImpl      [0;39m [35m:60  [0;39m Time: 2025-04-13T15:13:22.965730800
[2025-04-13 15:18:22] [34mINFO[0;39m [36mg.service.ubs.OrderLockServiceImpl      [0;39m [35m:62  [0;39m Unlock orders
[2025-04-13 15:19:22] [34mINFO[0;39m [36mg.service.ubs.OrderLockServiceImpl      [0;39m [35m:60  [0;39m Time: 2025-04-13T15:14:22.966139200
[2025-04-13 15:19:22] [34mINFO[0;39m [36mg.service.ubs.OrderLockServiceImpl      [0;39m [35m:62  [0;39m Unlock orders
[2025-04-13 15:20:22] [34mINFO[0;39m [36mg.service.ubs.OrderLockServiceImpl      [0;39m [35m:60  [0;39m Time: 2025-04-13T15:15:22.975888400
[2025-04-13 15:20:22] [34mINFO[0;39m [36mg.service.ubs.OrderLockServiceImpl      [0;39m [35m:62  [0;39m Unlock orders
[2025-04-13 15:21:22] [34mINFO[0;39m [36mg.service.ubs.OrderLockServiceImpl      [0;39m [35m:60  [0;39m Time: 2025-04-13T15:16:22.968492100
[2025-04-13 15:21:22] [34mINFO[0;39m [36mg.service.ubs.OrderLockServiceImpl      [0;39m [35m:62  [0;39m Unlock orders
[2025-04-13 15:22:22] [34mINFO[0;39m [36mg.service.ubs.OrderLockServiceImpl      [0;39m [35m:60  [0;39m Time: 2025-04-13T15:17:22.970166300
[2025-04-13 15:22:22] [34mINFO[0;39m [36mg.service.ubs.OrderLockServiceImpl      [0;39m [35m:62  [0;39m Unlock orders
[2025-04-13 15:23:22] [34mINFO[0;39m [36mg.service.ubs.OrderLockServiceImpl      [0;39m [35m:60  [0;39m Time: 2025-04-13T15:18:22.966962100
[2025-04-13 15:23:22] [34mINFO[0;39m [36mg.service.ubs.OrderLockServiceImpl      [0;39m [35m:62  [0;39m Unlock orders
[2025-04-13 15:24:22] [34mINFO[0;39m [36mg.service.ubs.OrderLockServiceImpl      [0;39m [35m:60  [0;39m Time: 2025-04-13T15:19:22.966484200
[2025-04-13 15:24:22] [34mINFO[0;39m [36mg.service.ubs.OrderLockServiceImpl      [0;39m [35m:62  [0;39m Unlock orders
[2025-04-13 15:25:22] [34mINFO[0;39m [36mg.service.ubs.OrderLockServiceImpl      [0;39m [35m:60  [0;39m Time: 2025-04-13T15:20:22.971588800
[2025-04-13 15:25:22] [34mINFO[0;39m [36mg.service.ubs.OrderLockServiceImpl      [0;39m [35m:62  [0;39m Unlock orders
[2025-04-13 15:26:22] [34mINFO[0;39m [36mg.service.ubs.OrderLockServiceImpl      [0;39m [35m:60  [0;39m Time: 2025-04-13T15:21:22.969644900
[2025-04-13 15:26:22] [34mINFO[0;39m [36mg.service.ubs.OrderLockServiceImpl      [0;39m [35m:62  [0;39m Unlock orders
[2025-04-13 15:27:22] [34mINFO[0;39m [36mg.service.ubs.OrderLockServiceImpl      [0;39m [35m:60  [0;39m Time: 2025-04-13T15:22:22.976138700
[2025-04-13 15:27:22] [34mINFO[0;39m [36mg.service.ubs.OrderLockServiceImpl      [0;39m [35m:62  [0;39m Unlock orders
[2025-04-13 15:28:22] [34mINFO[0;39m [36mg.service.ubs.OrderLockServiceImpl      [0;39m [35m:60  [0;39m Time: 2025-04-13T15:23:22.971034300
[2025-04-13 15:28:22] [34mINFO[0;39m [36mg.service.ubs.OrderLockServiceImpl      [0;39m [35m:62  [0;39m Unlock orders
[2025-04-13 15:29:22] [34mINFO[0;39m [36mg.service.ubs.OrderLockServiceImpl      [0;39m [35m:60  [0;39m Time: 2025-04-13T15:24:22.973661800
[2025-04-13 15:29:22] [34mINFO[0;39m [36mg.service.ubs.OrderLockServiceImpl      [0;39m [35m:62  [0;39m Unlock orders
[2025-04-13 15:30:22] [34mINFO[0;39m [36mg.service.ubs.OrderLockServiceImpl      [0;39m [35m:60  [0;39m Time: 2025-04-13T15:25:22.974530600
[2025-04-13 15:30:22] [34mINFO[0;39m [36mg.service.ubs.OrderLockServiceImpl      [0;39m [35m:62  [0;39m Unlock orders
[2025-04-13 15:31:22] [34mINFO[0;39m [36mg.service.ubs.OrderLockServiceImpl      [0;39m [35m:60  [0;39m Time: 2025-04-13T15:26:22.975486500
[2025-04-13 15:31:22] [34mINFO[0;39m [36mg.service.ubs.OrderLockServiceImpl      [0;39m [35m:62  [0;39m Unlock orders
[2025-04-13 15:32:22] [34mINFO[0;39m [36mg.service.ubs.OrderLockServiceImpl      [0;39m [35m:60  [0;39m Time: 2025-04-13T15:27:22.967559600
[2025-04-13 15:32:22] [34mINFO[0;39m [36mg.service.ubs.OrderLockServiceImpl      [0;39m [35m:62  [0;39m Unlock orders
[2025-04-13 15:33:22] [34mINFO[0;39m [36mg.service.ubs.OrderLockServiceImpl      [0;39m [35m:60  [0;39m Time: 2025-04-13T15:28:22.979652600
[2025-04-13 15:33:22] [34mINFO[0;39m [36mg.service.ubs.OrderLockServiceImpl      [0;39m [35m:62  [0;39m Unlock orders
[2025-04-13 15:34:22] [34mINFO[0;39m [36mg.service.ubs.OrderLockServiceImpl      [0;39m [35m:60  [0;39m Time: 2025-04-13T15:29:22.979629200
[2025-04-13 15:34:22] [34mINFO[0;39m [36mg.service.ubs.OrderLockServiceImpl      [0;39m [35m:62  [0;39m Unlock orders
[2025-04-13 15:35:22] [34mINFO[0;39m [36mg.service.ubs.OrderLockServiceImpl      [0;39m [35m:60  [0;39m Time: 2025-04-13T15:30:22.971717100
[2025-04-13 15:35:22] [34mINFO[0;39m [36mg.service.ubs.OrderLockServiceImpl      [0;39m [35m:62  [0;39m Unlock orders
[2025-04-13 15:36:22] [34mINFO[0;39m [36mg.service.ubs.OrderLockServiceImpl      [0;39m [35m:60  [0;39m Time: 2025-04-13T15:31:22.966162900
[2025-04-13 15:36:22] [34mINFO[0;39m [36mg.service.ubs.OrderLockServiceImpl      [0;39m [35m:62  [0;39m Unlock orders
[2025-04-13 15:37:22] [34mINFO[0;39m [36mg.service.ubs.OrderLockServiceImpl      [0;39m [35m:60  [0;39m Time: 2025-04-13T15:32:22.965525500
[2025-04-13 15:37:22] [34mINFO[0;39m [36mg.service.ubs.OrderLockServiceImpl      [0;39m [35m:62  [0;39m Unlock orders
[2025-04-13 15:38:22] [34mINFO[0;39m [36mg.service.ubs.OrderLockServiceImpl      [0;39m [35m:60  [0;39m Time: 2025-04-13T15:33:22.978104100
[2025-04-13 15:38:22] [34mINFO[0;39m [36mg.service.ubs.OrderLockServiceImpl      [0;39m [35m:62  [0;39m Unlock orders
[2025-04-13 15:39:22] [34mINFO[0;39m [36mg.service.ubs.OrderLockServiceImpl      [0;39m [35m:60  [0;39m Time: 2025-04-13T15:34:22.965356500
[2025-04-13 15:39:22] [34mINFO[0;39m [36mg.service.ubs.OrderLockServiceImpl      [0;39m [35m:62  [0;39m Unlock orders
[2025-04-13 15:40:22] [34mINFO[0;39m [36mg.service.ubs.OrderLockServiceImpl      [0;39m [35m:60  [0;39m Time: 2025-04-13T15:35:22.965933700
[2025-04-13 15:40:22] [34mINFO[0;39m [36mg.service.ubs.OrderLockServiceImpl      [0;39m [35m:62  [0;39m Unlock orders
[2025-04-13 15:41:22] [34mINFO[0;39m [36mg.service.ubs.OrderLockServiceImpl      [0;39m [35m:60  [0;39m Time: 2025-04-13T15:36:22.967868700
[2025-04-13 15:41:22] [34mINFO[0;39m [36mg.service.ubs.OrderLockServiceImpl      [0;39m [35m:62  [0;39m Unlock orders
[2025-04-13 15:42:22] [34mINFO[0;39m [36mg.service.ubs.OrderLockServiceImpl      [0;39m [35m:60  [0;39m Time: 2025-04-13T15:37:22.974542600
[2025-04-13 15:42:22] [34mINFO[0;39m [36mg.service.ubs.OrderLockServiceImpl      [0;39m [35m:62  [0;39m Unlock orders
[2025-04-13 15:43:22] [34mINFO[0;39m [36mg.service.ubs.OrderLockServiceImpl      [0;39m [35m:60  [0;39m Time: 2025-04-13T15:38:22.974324400
[2025-04-13 15:43:22] [34mINFO[0;39m [36mg.service.ubs.OrderLockServiceImpl      [0;39m [35m:62  [0;39m Unlock orders
[2025-04-13 15:44:22] [34mINFO[0;39m [36mg.service.ubs.OrderLockServiceImpl      [0;39m [35m:60  [0;39m Time: 2025-04-13T15:39:22.980040300
[2025-04-13 15:44:22] [34mINFO[0;39m [36mg.service.ubs.OrderLockServiceImpl      [0;39m [35m:62  [0;39m Unlock orders
[2025-04-13 15:45:22] [34mINFO[0;39m [36mg.service.ubs.OrderLockServiceImpl      [0;39m [35m:60  [0;39m Time: 2025-04-13T15:40:22.964792700
[2025-04-13 15:45:22] [34mINFO[0;39m [36mg.service.ubs.OrderLockServiceImpl      [0;39m [35m:62  [0;39m Unlock orders
[2025-04-13 15:46:22] [34mINFO[0;39m [36mg.service.ubs.OrderLockServiceImpl      [0;39m [35m:60  [0;39m Time: 2025-04-13T15:41:22.970500600
[2025-04-13 15:46:22] [34mINFO[0;39m [36mg.service.ubs.OrderLockServiceImpl      [0;39m [35m:62  [0;39m Unlock orders
[2025-04-13 15:47:22] [34mINFO[0;39m [36mg.service.ubs.OrderLockServiceImpl      [0;39m [35m:60  [0;39m Time: 2025-04-13T15:42:22.966818200
[2025-04-13 15:47:22] [34mINFO[0;39m [36mg.service.ubs.OrderLockServiceImpl      [0;39m [35m:62  [0;39m Unlock orders
[2025-04-13 15:48:22] [34mINFO[0;39m [36mg.service.ubs.OrderLockServiceImpl      [0;39m [35m:60  [0;39m Time: 2025-04-13T15:43:22.970681900
[2025-04-13 15:48:22] [34mINFO[0;39m [36mg.service.ubs.OrderLockServiceImpl      [0;39m [35m:62  [0;39m Unlock orders
[2025-04-13 15:49:22] [34mINFO[0;39m [36mg.service.ubs.OrderLockServiceImpl      [0;39m [35m:60  [0;39m Time: 2025-04-13T15:44:22.977622300
[2025-04-13 15:49:22] [34mINFO[0;39m [36mg.service.ubs.OrderLockServiceImpl      [0;39m [35m:62  [0;39m Unlock orders
[2025-04-13 15:50:22] [34mINFO[0;39m [36mg.service.ubs.OrderLockServiceImpl      [0;39m [35m:60  [0;39m Time: 2025-04-13T15:45:22.970723700
[2025-04-13 15:50:22] [34mINFO[0;39m [36mg.service.ubs.OrderLockServiceImpl      [0;39m [35m:62  [0;39m Unlock orders
[2025-04-13 15:51:22] [34mINFO[0;39m [36mg.service.ubs.OrderLockServiceImpl      [0;39m [35m:60  [0;39m Time: 2025-04-13T15:46:22.978818200
[2025-04-13 15:51:22] [34mINFO[0;39m [36mg.service.ubs.OrderLockServiceImpl      [0;39m [35m:62  [0;39m Unlock orders
[2025-04-13 15:52:22] [34mINFO[0;39m [36mg.service.ubs.OrderLockServiceImpl      [0;39m [35m:60  [0;39m Time: 2025-04-13T15:47:22.971351700
[2025-04-13 15:52:22] [34mINFO[0;39m [36mg.service.ubs.OrderLockServiceImpl      [0;39m [35m:62  [0;39m Unlock orders
[2025-04-13 15:53:22] [34mINFO[0;39m [36mg.service.ubs.OrderLockServiceImpl      [0;39m [35m:60  [0;39m Time: 2025-04-13T15:48:22.974761500
[2025-04-13 15:53:22] [34mINFO[0;39m [36mg.service.ubs.OrderLockServiceImpl      [0;39m [35m:62  [0;39m Unlock orders
[2025-04-13 15:54:22] [34mINFO[0;39m [36mg.service.ubs.OrderLockServiceImpl      [0;39m [35m:60  [0;39m Time: 2025-04-13T15:49:22.977025800
[2025-04-13 15:54:22] [34mINFO[0;39m [36mg.service.ubs.OrderLockServiceImpl      [0;39m [35m:62  [0;39m Unlock orders
[2025-04-13 15:55:22] [34mINFO[0;39m [36mg.service.ubs.OrderLockServiceImpl      [0;39m [35m:60  [0;39m Time: 2025-04-13T15:50:22.966830
[2025-04-13 15:55:22] [34mINFO[0;39m [36mg.service.ubs.OrderLockServiceImpl      [0;39m [35m:62  [0;39m Unlock orders
[2025-04-13 15:56:22] [34mINFO[0;39m [36mg.service.ubs.OrderLockServiceImpl      [0;39m [35m:60  [0;39m Time: 2025-04-13T15:51:22.974036100
[2025-04-13 15:56:22] [34mINFO[0;39m [36mg.service.ubs.OrderLockServiceImpl      [0;39m [35m:62  [0;39m Unlock orders
[2025-04-13 15:57:22] [34mINFO[0;39m [36mg.service.ubs.OrderLockServiceImpl      [0;39m [35m:60  [0;39m Time: 2025-04-13T15:52:22.970599500
[2025-04-13 15:57:22] [34mINFO[0;39m [36mg.service.ubs.OrderLockServiceImpl      [0;39m [35m:62  [0;39m Unlock orders
[2025-04-13 15:58:22] [34mINFO[0;39m [36mg.service.ubs.OrderLockServiceImpl      [0;39m [35m:60  [0;39m Time: 2025-04-13T15:53:22.974622800
[2025-04-13 15:58:22] [34mINFO[0;39m [36mg.service.ubs.OrderLockServiceImpl      [0;39m [35m:62  [0;39m Unlock orders
[2025-04-13 15:59:22] [34mINFO[0;39m [36mg.service.ubs.OrderLockServiceImpl      [0;39m [35m:60  [0;39m Time: 2025-04-13T15:54:22.976275500
[2025-04-13 15:59:22] [34mINFO[0;39m [36mg.service.ubs.OrderLockServiceImpl      [0;39m [35m:62  [0;39m Unlock orders
[2025-04-13 16:00:22] [34mINFO[0;39m [36mg.service.ubs.OrderLockServiceImpl      [0;39m [35m:60  [0;39m Time: 2025-04-13T15:55:22.967767800
[2025-04-13 16:00:22] [34mINFO[0;39m [36mg.service.ubs.OrderLockServiceImpl      [0;39m [35m:62  [0;39m Unlock orders
[2025-04-13 16:01:22] [34mINFO[0;39m [36mg.service.ubs.OrderLockServiceImpl      [0;39m [35m:60  [0;39m Time: 2025-04-13T15:56:22.968154500
[2025-04-13 16:01:22] [34mINFO[0;39m [36mg.service.ubs.OrderLockServiceImpl      [0;39m [35m:62  [0;39m Unlock orders
[2025-04-13 16:02:22] [34mINFO[0;39m [36mg.service.ubs.OrderLockServiceImpl      [0;39m [35m:60  [0;39m Time: 2025-04-13T15:57:22.970746500
[2025-04-13 16:02:22] [34mINFO[0;39m [36mg.service.ubs.OrderLockServiceImpl      [0;39m [35m:62  [0;39m Unlock orders
[2025-04-13 16:03:22] [34mINFO[0;39m [36mg.service.ubs.OrderLockServiceImpl      [0;39m [35m:60  [0;39m Time: 2025-04-13T15:58:22.976654700
[2025-04-13 16:03:22] [34mINFO[0;39m [36mg.service.ubs.OrderLockServiceImpl      [0;39m [35m:62  [0;39m Unlock orders
[2025-04-13 16:04:22] [34mINFO[0;39m [36mg.service.ubs.OrderLockServiceImpl      [0;39m [35m:60  [0;39m Time: 2025-04-13T15:59:22.971254
[2025-04-13 16:04:22] [34mINFO[0;39m [36mg.service.ubs.OrderLockServiceImpl      [0;39m [35m:62  [0;39m Unlock orders
[2025-04-13 16:05:22] [34mINFO[0;39m [36mg.service.ubs.OrderLockServiceImpl      [0;39m [35m:60  [0;39m Time: 2025-04-13T16:00:22.975739500
[2025-04-13 16:05:22] [34mINFO[0;39m [36mg.service.ubs.OrderLockServiceImpl      [0;39m [35m:62  [0;39m Unlock orders
[2025-04-13 16:06:22] [34mINFO[0;39m [36mg.service.ubs.OrderLockServiceImpl      [0;39m [35m:60  [0;39m Time: 2025-04-13T16:01:22.974026100
[2025-04-13 16:06:22] [34mINFO[0;39m [36mg.service.ubs.OrderLockServiceImpl      [0;39m [35m:62  [0;39m Unlock orders
[2025-04-13 16:07:22] [34mINFO[0;39m [36mg.service.ubs.OrderLockServiceImpl      [0;39m [35m:60  [0;39m Time: 2025-04-13T16:02:22.979997200
[2025-04-13 16:07:22] [34mINFO[0;39m [36mg.service.ubs.OrderLockServiceImpl      [0;39m [35m:62  [0;39m Unlock orders
[2025-04-13 16:08:22] [34mINFO[0;39m [36mg.service.ubs.OrderLockServiceImpl      [0;39m [35m:60  [0;39m Time: 2025-04-13T16:03:22.979036400
[2025-04-13 16:08:22] [34mINFO[0;39m [36mg.service.ubs.OrderLockServiceImpl      [0;39m [35m:62  [0;39m Unlock orders
[2025-04-13 16:09:22] [34mINFO[0;39m [36mg.service.ubs.OrderLockServiceImpl      [0;39m [35m:60  [0;39m Time: 2025-04-13T16:04:22.965568300
[2025-04-13 16:09:22] [34mINFO[0;39m [36mg.service.ubs.OrderLockServiceImpl      [0;39m [35m:62  [0;39m Unlock orders
[2025-04-13 16:10:22] [34mINFO[0;39m [36mg.service.ubs.OrderLockServiceImpl      [0;39m [35m:60  [0;39m Time: 2025-04-13T16:05:22.975991100
[2025-04-13 16:10:22] [34mINFO[0;39m [36mg.service.ubs.OrderLockServiceImpl      [0;39m [35m:62  [0;39m Unlock orders
[2025-04-13 16:11:22] [34mINFO[0;39m [36mg.service.ubs.OrderLockServiceImpl      [0;39m [35m:60  [0;39m Time: 2025-04-13T16:06:22.971921300
[2025-04-13 16:11:22] [34mINFO[0;39m [36mg.service.ubs.OrderLockServiceImpl      [0;39m [35m:62  [0;39m Unlock orders
[2025-04-13 16:12:22] [34mINFO[0;39m [36mg.service.ubs.OrderLockServiceImpl      [0;39m [35m:60  [0;39m Time: 2025-04-13T16:07:22.978702400
[2025-04-13 16:12:22] [34mINFO[0;39m [36mg.service.ubs.OrderLockServiceImpl      [0;39m [35m:62  [0;39m Unlock orders
[2025-04-13 16:13:22] [34mINFO[0;39m [36mg.service.ubs.OrderLockServiceImpl      [0;39m [35m:60  [0;39m Time: 2025-04-13T16:08:22.979863600
[2025-04-13 16:13:22] [34mINFO[0;39m [36mg.service.ubs.OrderLockServiceImpl      [0;39m [35m:62  [0;39m Unlock orders
[2025-04-13 16:14:22] [34mINFO[0;39m [36mg.service.ubs.OrderLockServiceImpl      [0;39m [35m:60  [0;39m Time: 2025-04-13T16:09:22.970945200
[2025-04-13 16:14:22] [34mINFO[0;39m [36mg.service.ubs.OrderLockServiceImpl      [0;39m [35m:62  [0;39m Unlock orders
[2025-04-13 16:15:22] [34mINFO[0;39m [36mg.service.ubs.OrderLockServiceImpl      [0;39m [35m:60  [0;39m Time: 2025-04-13T16:10:22.977697700
[2025-04-13 16:15:22] [34mINFO[0;39m [36mg.service.ubs.OrderLockServiceImpl      [0;39m [35m:62  [0;39m Unlock orders
[2025-04-13 16:16:22] [34mINFO[0;39m [36mg.service.ubs.OrderLockServiceImpl      [0;39m [35m:60  [0;39m Time: 2025-04-13T16:11:22.964738300
[2025-04-13 16:16:22] [34mINFO[0;39m [36mg.service.ubs.OrderLockServiceImpl      [0;39m [35m:62  [0;39m Unlock orders
[2025-04-13 16:17:22] [34mINFO[0;39m [36mg.service.ubs.OrderLockServiceImpl      [0;39m [35m:60  [0;39m Time: 2025-04-13T16:12:22.975233400
[2025-04-13 16:17:22] [34mINFO[0;39m [36mg.service.ubs.OrderLockServiceImpl      [0;39m [35m:62  [0;39m Unlock orders
[2025-04-13 16:18:22] [34mINFO[0;39m [36mg.service.ubs.OrderLockServiceImpl      [0;39m [35m:60  [0;39m Time: 2025-04-13T16:13:22.976101200
[2025-04-13 16:18:22] [34mINFO[0;39m [36mg.service.ubs.OrderLockServiceImpl      [0;39m [35m:62  [0;39m Unlock orders
[2025-04-13 16:19:22] [34mINFO[0;39m [36mg.service.ubs.OrderLockServiceImpl      [0;39m [35m:60  [0;39m Time: 2025-04-13T16:14:22.968930500
[2025-04-13 16:19:22] [34mINFO[0;39m [36mg.service.ubs.OrderLockServiceImpl      [0;39m [35m:62  [0;39m Unlock orders
[2025-04-13 16:20:22] [34mINFO[0;39m [36mg.service.ubs.OrderLockServiceImpl      [0;39m [35m:60  [0;39m Time: 2025-04-13T16:15:22.978444300
[2025-04-13 16:20:22] [34mINFO[0;39m [36mg.service.ubs.OrderLockServiceImpl      [0;39m [35m:62  [0;39m Unlock orders
[2025-04-13 16:21:22] [34mINFO[0;39m [36mg.service.ubs.OrderLockServiceImpl      [0;39m [35m:60  [0;39m Time: 2025-04-13T16:16:22.972611900
[2025-04-13 16:21:22] [34mINFO[0;39m [36mg.service.ubs.OrderLockServiceImpl      [0;39m [35m:62  [0;39m Unlock orders
[2025-04-13 16:22:22] [34mINFO[0;39m [36mg.service.ubs.OrderLockServiceImpl      [0;39m [35m:60  [0;39m Time: 2025-04-13T16:17:22.970347300
[2025-04-13 16:22:22] [34mINFO[0;39m [36mg.service.ubs.OrderLockServiceImpl      [0;39m [35m:62  [0;39m Unlock orders
[2025-04-13 16:22:36] [34mINFO[0;39m [36mg.s.f.AccessTokenAuthenticationFilter   [0;39m [35m:54  [0;39m token: eyJhbGciOiJIUzI1NiJ9.eyJzdWIiOiJzZXJ2aWNlQGdyZWVuY2l0eS51YSIsInJvbGUiOlsiUk9MRV9BRE1JTiJdLCJpYXQiOjE3NDQ1NTA1NTYsImV4cCI6MTc0NDU1Nzc1Nn0.WfjX9ojO0N9kMyT_SKvFVGJQzUfQQR0RZXqjUfaAU9A
[2025-04-13 16:22:37] [34mINFO[0;39m [36mg.s.f.AccessTokenAuthenticationFilter   [0;39m [35m:62  [0;39m user: Optional[UserVO(id=1, email=service@greencity.ua, languageVO=greencity.dto.language.LanguageVO@1c60)]
[2025-04-13 16:23:22] [34mINFO[0;39m [36mg.service.ubs.OrderLockServiceImpl      [0;39m [35m:60  [0;39m Time: 2025-04-13T16:18:22.966583200
[2025-04-13 16:23:22] [34mINFO[0;39m [36mg.service.ubs.OrderLockServiceImpl      [0;39m [35m:62  [0;39m Unlock orders
[2025-04-13 16:23:29] [34mINFO[0;39m [36mg.s.f.AccessTokenAuthenticationFilter   [0;39m [35m:54  [0;39m token: eyJhbGciOiJIUzI1NiJ9.eyJzdWIiOiJzZXJ2aWNlQGdyZWVuY2l0eS51YSIsInJvbGUiOlsiUk9MRV9BRE1JTiJdLCJpYXQiOjE3NDQ1NTA2MDksImV4cCI6MTc0NDU1NzgwOX0.3_Q_JIEMe3Zbf-3dSwVg-3m3k3nYxhF-qMXLScQ1bIo
[2025-04-13 16:23:29] [34mINFO[0;39m [36mg.s.f.AccessTokenAuthenticationFilter   [0;39m [35m:62  [0;39m user: Optional[UserVO(id=1, email=service@greencity.ua, languageVO=greencity.dto.language.LanguageVO@1c60)]
[2025-04-13 16:23:34] [34mINFO[0;39m [36mg.s.f.AccessTokenAuthenticationFilter   [0;39m [35m:54  [0;39m token: eyJhbGciOiJIUzI1NiJ9.eyJzdWIiOiJzZXJ2aWNlQGdyZWVuY2l0eS51YSIsInJvbGUiOlsiUk9MRV9BRE1JTiJdLCJpYXQiOjE3NDQ1NTA2MTQsImV4cCI6MTc0NDU1NzgxNH0.X4YpLz5dXvbjKPsukul3IKZg2NucNqwjrOIc2g6v8zs
[2025-04-13 16:23:34] [34mINFO[0;39m [36mg.s.f.AccessTokenAuthenticationFilter   [0;39m [35m:62  [0;39m user: Optional[UserVO(id=1, email=service@greencity.ua, languageVO=greencity.dto.language.LanguageVO@1c60)]
[2025-04-13 16:23:38] [34mINFO[0;39m [36mg.s.f.AccessTokenAuthenticationFilter   [0;39m [35m:54  [0;39m token: eyJhbGciOiJIUzI1NiJ9.eyJzdWIiOiJzZXJ2aWNlQGdyZWVuY2l0eS51YSIsInJvbGUiOlsiUk9MRV9BRE1JTiJdLCJpYXQiOjE3NDQ1NTA2MTgsImV4cCI6MTc0NDU1NzgxOH0.wW8uJgANQay_OiB8zrW3LN5qoMuo693y--MMaCGw0Tc
[2025-04-13 16:23:38] [34mINFO[0;39m [36mg.s.f.AccessTokenAuthenticationFilter   [0;39m [35m:62  [0;39m user: Optional[UserVO(id=1, email=service@greencity.ua, languageVO=greencity.dto.language.LanguageVO@1c60)]
[2025-04-13 16:24:10] [34mINFO[0;39m [36mg.s.f.AccessTokenAuthenticationFilter   [0;39m [35m:54  [0;39m token: eyJhbGciOiJIUzI1NiJ9.eyJzdWIiOiJzZXJ2aWNlQGdyZWVuY2l0eS51YSIsInJvbGUiOlsiUk9MRV9BRE1JTiJdLCJpYXQiOjE3NDQ1NTA2NTAsImV4cCI6MTc0NDU1Nzg1MH0.GR8xniS3msaSEDLpB-TZ7PC8Y1LHxKeiAXnTLE8SS2o
[2025-04-13 16:24:11] [34mINFO[0;39m [36mg.s.f.AccessTokenAuthenticationFilter   [0;39m [35m:62  [0;39m user: Optional[UserVO(id=1, email=service@greencity.ua, languageVO=greencity.dto.language.LanguageVO@1c60)]
[2025-04-13 16:24:22] [34mINFO[0;39m [36mg.service.ubs.OrderLockServiceImpl      [0;39m [35m:60  [0;39m Time: 2025-04-13T16:19:22.977834
[2025-04-13 16:24:22] [34mINFO[0;39m [36mg.service.ubs.OrderLockServiceImpl      [0;39m [35m:62  [0;39m Unlock orders
[2025-04-13 16:25:22] [34mINFO[0;39m [36mg.service.ubs.OrderLockServiceImpl      [0;39m [35m:60  [0;39m Time: 2025-04-13T16:20:22.965769700
[2025-04-13 16:25:22] [34mINFO[0;39m [36mg.service.ubs.OrderLockServiceImpl      [0;39m [35m:62  [0;39m Unlock orders
[2025-04-13 16:26:22] [34mINFO[0;39m [36mg.service.ubs.OrderLockServiceImpl      [0;39m [35m:60  [0;39m Time: 2025-04-13T16:21:22.975609400
[2025-04-13 16:26:22] [34mINFO[0;39m [36mg.service.ubs.OrderLockServiceImpl      [0;39m [35m:62  [0;39m Unlock orders
[2025-04-13 16:27:22] [34mINFO[0;39m [36mg.service.ubs.OrderLockServiceImpl      [0;39m [35m:60  [0;39m Time: 2025-04-13T16:22:22.971570
[2025-04-13 16:27:22] [34mINFO[0;39m [36mg.service.ubs.OrderLockServiceImpl      [0;39m [35m:62  [0;39m Unlock orders
[2025-04-13 16:28:22] [34mINFO[0;39m [36mg.service.ubs.OrderLockServiceImpl      [0;39m [35m:60  [0;39m Time: 2025-04-13T16:23:22.964637900
[2025-04-13 16:28:22] [34mINFO[0;39m [36mg.service.ubs.OrderLockServiceImpl      [0;39m [35m:62  [0;39m Unlock orders
[2025-04-13 16:29:22] [34mINFO[0;39m [36mg.service.ubs.OrderLockServiceImpl      [0;39m [35m:60  [0;39m Time: 2025-04-13T16:24:22.974524200
[2025-04-13 16:29:22] [34mINFO[0;39m [36mg.service.ubs.OrderLockServiceImpl      [0;39m [35m:62  [0;39m Unlock orders
[2025-04-13 16:30:22] [34mINFO[0;39m [36mg.service.ubs.OrderLockServiceImpl      [0;39m [35m:60  [0;39m Time: 2025-04-13T16:25:22.978285
[2025-04-13 16:30:22] [34mINFO[0;39m [36mg.service.ubs.OrderLockServiceImpl      [0;39m [35m:62  [0;39m Unlock orders
[2025-04-13 16:31:22] [34mINFO[0;39m [36mg.service.ubs.OrderLockServiceImpl      [0;39m [35m:60  [0;39m Time: 2025-04-13T16:26:22.977142400
[2025-04-13 16:31:22] [34mINFO[0;39m [36mg.service.ubs.OrderLockServiceImpl      [0;39m [35m:62  [0;39m Unlock orders
[2025-04-13 16:32:02] [34mINFO[0;39m [36mg.s.f.AccessTokenAuthenticationFilter   [0;39m [35m:54  [0;39m token: eyJhbGciOiJIUzI1NiJ9.eyJzdWIiOiJzZXJ2aWNlQGdyZWVuY2l0eS51YSIsInJvbGUiOlsiUk9MRV9BRE1JTiJdLCJpYXQiOjE3NDQ1NTExMjIsImV4cCI6MTc0NDU1ODMyMn0.7n4N0rYFXDD5gEpqY1mAcj-GHSQ0_ppLspxEqxFLh-s
[2025-04-13 16:32:02] [34mINFO[0;39m [36mg.s.f.AccessTokenAuthenticationFilter   [0;39m [35m:62  [0;39m user: Optional[UserVO(id=1, email=service@greencity.ua, languageVO=greencity.dto.language.LanguageVO@1c60)]
[2025-04-13 16:32:22] [34mINFO[0;39m [36mg.service.ubs.OrderLockServiceImpl      [0;39m [35m:60  [0;39m Time: 2025-04-13T16:27:22.977821500
[2025-04-13 16:32:22] [34mINFO[0;39m [36mg.service.ubs.OrderLockServiceImpl      [0;39m [35m:62  [0;39m Unlock orders
[2025-04-13 16:33:22] [34mINFO[0;39m [36mg.service.ubs.OrderLockServiceImpl      [0;39m [35m:60  [0;39m Time: 2025-04-13T16:28:22.977169300
[2025-04-13 16:33:22] [34mINFO[0;39m [36mg.service.ubs.OrderLockServiceImpl      [0;39m [35m:62  [0;39m Unlock orders
[2025-04-13 16:34:22] [34mINFO[0;39m [36mg.service.ubs.OrderLockServiceImpl      [0;39m [35m:60  [0;39m Time: 2025-04-13T16:29:22.974673900
[2025-04-13 16:34:22] [34mINFO[0;39m [36mg.service.ubs.OrderLockServiceImpl      [0;39m [35m:62  [0;39m Unlock orders
[2025-04-13 16:35:22] [34mINFO[0;39m [36mg.service.ubs.OrderLockServiceImpl      [0;39m [35m:60  [0;39m Time: 2025-04-13T16:30:22.978439500
[2025-04-13 16:35:22] [34mINFO[0;39m [36mg.service.ubs.OrderLockServiceImpl      [0;39m [35m:62  [0;39m Unlock orders
[2025-04-13 16:36:22] [34mINFO[0;39m [36mg.service.ubs.OrderLockServiceImpl      [0;39m [35m:60  [0;39m Time: 2025-04-13T16:31:22.965065600
[2025-04-13 16:36:22] [34mINFO[0;39m [36mg.service.ubs.OrderLockServiceImpl      [0;39m [35m:62  [0;39m Unlock orders
[2025-04-13 16:37:22] [34mINFO[0;39m [36mg.service.ubs.OrderLockServiceImpl      [0;39m [35m:60  [0;39m Time: 2025-04-13T16:32:22.971775400
[2025-04-13 16:37:22] [34mINFO[0;39m [36mg.service.ubs.OrderLockServiceImpl      [0;39m [35m:62  [0;39m Unlock orders
[2025-04-13 16:38:22] [34mINFO[0;39m [36mg.service.ubs.OrderLockServiceImpl      [0;39m [35m:60  [0;39m Time: 2025-04-13T16:33:22.971693100
[2025-04-13 16:38:22] [34mINFO[0;39m [36mg.service.ubs.OrderLockServiceImpl      [0;39m [35m:62  [0;39m Unlock orders
[2025-04-13 16:39:22] [34mINFO[0;39m [36mg.service.ubs.OrderLockServiceImpl      [0;39m [35m:60  [0;39m Time: 2025-04-13T16:34:22.965752
[2025-04-13 16:39:22] [34mINFO[0;39m [36mg.service.ubs.OrderLockServiceImpl      [0;39m [35m:62  [0;39m Unlock orders
[2025-04-13 16:40:22] [34mINFO[0;39m [36mg.service.ubs.OrderLockServiceImpl      [0;39m [35m:60  [0;39m Time: 2025-04-13T16:35:22.970248800
[2025-04-13 16:40:22] [34mINFO[0;39m [36mg.service.ubs.OrderLockServiceImpl      [0;39m [35m:62  [0;39m Unlock orders
[2025-04-13 16:41:22] [34mINFO[0;39m [36mg.service.ubs.OrderLockServiceImpl      [0;39m [35m:60  [0;39m Time: 2025-04-13T16:36:22.976945200
[2025-04-13 16:41:22] [34mINFO[0;39m [36mg.service.ubs.OrderLockServiceImpl      [0;39m [35m:62  [0;39m Unlock orders
[2025-04-13 16:42:22] [34mINFO[0;39m [36mg.service.ubs.OrderLockServiceImpl      [0;39m [35m:60  [0;39m Time: 2025-04-13T16:37:22.978862100
[2025-04-13 16:42:22] [34mINFO[0;39m [36mg.service.ubs.OrderLockServiceImpl      [0;39m [35m:62  [0;39m Unlock orders
[2025-04-13 16:43:22] [34mINFO[0;39m [36mg.service.ubs.OrderLockServiceImpl      [0;39m [35m:60  [0;39m Time: 2025-04-13T16:38:22.966376200
[2025-04-13 16:43:22] [34mINFO[0;39m [36mg.service.ubs.OrderLockServiceImpl      [0;39m [35m:62  [0;39m Unlock orders
[2025-04-13 16:44:22] [34mINFO[0;39m [36mg.service.ubs.OrderLockServiceImpl      [0;39m [35m:60  [0;39m Time: 2025-04-13T16:39:22.973509300
[2025-04-13 16:44:22] [34mINFO[0;39m [36mg.service.ubs.OrderLockServiceImpl      [0;39m [35m:62  [0;39m Unlock orders
[2025-04-13 16:45:22] [34mINFO[0;39m [36mg.service.ubs.OrderLockServiceImpl      [0;39m [35m:60  [0;39m Time: 2025-04-13T16:40:22.965286800
[2025-04-13 16:45:22] [34mINFO[0;39m [36mg.service.ubs.OrderLockServiceImpl      [0;39m [35m:62  [0;39m Unlock orders
[2025-04-13 16:46:22] [34mINFO[0;39m [36mg.service.ubs.OrderLockServiceImpl      [0;39m [35m:60  [0;39m Time: 2025-04-13T16:41:22.966001200
[2025-04-13 16:46:22] [34mINFO[0;39m [36mg.service.ubs.OrderLockServiceImpl      [0;39m [35m:62  [0;39m Unlock orders
[2025-04-13 16:47:22] [34mINFO[0;39m [36mg.service.ubs.OrderLockServiceImpl      [0;39m [35m:60  [0;39m Time: 2025-04-13T16:42:22.978075500
[2025-04-13 16:47:22] [34mINFO[0;39m [36mg.service.ubs.OrderLockServiceImpl      [0;39m [35m:62  [0;39m Unlock orders
[2025-04-13 16:48:22] [34mINFO[0;39m [36mg.service.ubs.OrderLockServiceImpl      [0;39m [35m:60  [0;39m Time: 2025-04-13T16:43:22.969027700
[2025-04-13 16:48:22] [34mINFO[0;39m [36mg.service.ubs.OrderLockServiceImpl      [0;39m [35m:62  [0;39m Unlock orders
[2025-04-13 16:49:22] [34mINFO[0;39m [36mg.service.ubs.OrderLockServiceImpl      [0;39m [35m:60  [0;39m Time: 2025-04-13T16:44:22.979421700
[2025-04-13 16:49:22] [34mINFO[0;39m [36mg.service.ubs.OrderLockServiceImpl      [0;39m [35m:62  [0;39m Unlock orders
[2025-04-13 16:50:22] [34mINFO[0;39m [36mg.service.ubs.OrderLockServiceImpl      [0;39m [35m:60  [0;39m Time: 2025-04-13T16:45:22.971024100
[2025-04-13 16:50:22] [34mINFO[0;39m [36mg.service.ubs.OrderLockServiceImpl      [0;39m [35m:62  [0;39m Unlock orders
[2025-04-13 16:51:22] [34mINFO[0;39m [36mg.service.ubs.OrderLockServiceImpl      [0;39m [35m:60  [0;39m Time: 2025-04-13T16:46:22.975963200
[2025-04-13 16:51:22] [34mINFO[0;39m [36mg.service.ubs.OrderLockServiceImpl      [0;39m [35m:62  [0;39m Unlock orders
[2025-04-13 16:52:22] [34mINFO[0;39m [36mg.service.ubs.OrderLockServiceImpl      [0;39m [35m:60  [0;39m Time: 2025-04-13T16:47:22.970075900
[2025-04-13 16:52:22] [34mINFO[0;39m [36mg.service.ubs.OrderLockServiceImpl      [0;39m [35m:62  [0;39m Unlock orders
[2025-04-13 16:53:22] [34mINFO[0;39m [36mg.service.ubs.OrderLockServiceImpl      [0;39m [35m:60  [0;39m Time: 2025-04-13T16:48:22.978305400
[2025-04-13 16:53:22] [34mINFO[0;39m [36mg.service.ubs.OrderLockServiceImpl      [0;39m [35m:62  [0;39m Unlock orders
[2025-04-13 16:54:22] [34mINFO[0;39m [36mg.service.ubs.OrderLockServiceImpl      [0;39m [35m:60  [0;39m Time: 2025-04-13T16:49:22.970114700
[2025-04-13 16:54:22] [34mINFO[0;39m [36mg.service.ubs.OrderLockServiceImpl      [0;39m [35m:62  [0;39m Unlock orders
[2025-04-13 16:55:22] [34mINFO[0;39m [36mg.service.ubs.OrderLockServiceImpl      [0;39m [35m:60  [0;39m Time: 2025-04-13T16:50:22.972827500
[2025-04-13 16:55:22] [34mINFO[0;39m [36mg.service.ubs.OrderLockServiceImpl      [0;39m [35m:62  [0;39m Unlock orders
[2025-04-13 16:56:22] [34mINFO[0;39m [36mg.service.ubs.OrderLockServiceImpl      [0;39m [35m:60  [0;39m Time: 2025-04-13T16:51:22.965001700
[2025-04-13 16:56:22] [34mINFO[0;39m [36mg.service.ubs.OrderLockServiceImpl      [0;39m [35m:62  [0;39m Unlock orders
[2025-04-13 16:56:59] [34mINFO[0;39m [36mg.s.f.AccessTokenAuthenticationFilter   [0;39m [35m:54  [0;39m token: null
[2025-04-13 16:56:59] [34mINFO[0;39m [36mg.s.f.AccessTokenAuthenticationFilter   [0;39m [35m:54  [0;39m token: null
[2025-04-13 16:56:59] [34mINFO[0;39m [36mg.s.f.AccessTokenAuthenticationFilter   [0;39m [35m:54  [0;39m token: null
[2025-04-13 16:56:59] [34mINFO[0;39m [36mg.s.f.AccessTokenAuthenticationFilter   [0;39m [35m:54  [0;39m token: null
[2025-04-13 16:57:15] [34mINFO[0;39m [36mg.s.f.AccessTokenAuthenticationFilter   [0;39m [35m:54  [0;39m token: eyJhbGciOiJIUzI1NiJ9.eyJzdWIiOiJzZXJ2aWNlQGdyZWVuY2l0eS51YSIsInJvbGUiOlsiUk9MRV9BRE1JTiJdLCJpYXQiOjE3NDQ1NTI2MzUsImV4cCI6MTc0NDU1OTgzNX0.PxWyaWSbCIk0SiP9wTruiWADdqyBvxLzJDZRiezv_4w
[2025-04-13 16:57:15] [34mINFO[0;39m [36mg.s.f.AccessTokenAuthenticationFilter   [0;39m [35m:62  [0;39m user: Optional[UserVO(id=1, email=service@greencity.ua, languageVO=greencity.dto.language.LanguageVO@1c60)]
[2025-04-13 16:57:22] [34mINFO[0;39m [36mg.service.ubs.OrderLockServiceImpl      [0;39m [35m:60  [0;39m Time: 2025-04-13T16:52:22.974200600
[2025-04-13 16:57:22] [34mINFO[0;39m [36mg.service.ubs.OrderLockServiceImpl      [0;39m [35m:62  [0;39m Unlock orders
[2025-04-13 16:58:22] [34mINFO[0;39m [36mg.service.ubs.OrderLockServiceImpl      [0;39m [35m:60  [0;39m Time: 2025-04-13T16:53:22.978239200
[2025-04-13 16:58:22] [34mINFO[0;39m [36mg.service.ubs.OrderLockServiceImpl      [0;39m [35m:62  [0;39m Unlock orders
[2025-04-13 16:59:22] [34mINFO[0;39m [36mg.service.ubs.OrderLockServiceImpl      [0;39m [35m:60  [0;39m Time: 2025-04-13T16:54:22.975943300
[2025-04-13 16:59:22] [34mINFO[0;39m [36mg.service.ubs.OrderLockServiceImpl      [0;39m [35m:62  [0;39m Unlock orders
[2025-04-13 17:00:22] [34mINFO[0;39m [36mg.service.ubs.OrderLockServiceImpl      [0;39m [35m:60  [0;39m Time: 2025-04-13T16:55:22.978593900
[2025-04-13 17:00:22] [34mINFO[0;39m [36mg.service.ubs.OrderLockServiceImpl      [0;39m [35m:62  [0;39m Unlock orders
[2025-04-13 17:01:22] [34mINFO[0;39m [36mg.service.ubs.OrderLockServiceImpl      [0;39m [35m:60  [0;39m Time: 2025-04-13T16:56:22.965763800
[2025-04-13 17:01:22] [34mINFO[0;39m [36mg.service.ubs.OrderLockServiceImpl      [0;39m [35m:62  [0;39m Unlock orders
[2025-04-13 17:02:22] [34mINFO[0;39m [36mg.service.ubs.OrderLockServiceImpl      [0;39m [35m:60  [0;39m Time: 2025-04-13T16:57:22.972161400
[2025-04-13 17:02:22] [34mINFO[0;39m [36mg.service.ubs.OrderLockServiceImpl      [0;39m [35m:62  [0;39m Unlock orders
[2025-04-13 17:03:22] [34mINFO[0;39m [36mg.service.ubs.OrderLockServiceImpl      [0;39m [35m:60  [0;39m Time: 2025-04-13T16:58:22.965141100
[2025-04-13 17:03:22] [34mINFO[0;39m [36mg.service.ubs.OrderLockServiceImpl      [0;39m [35m:62  [0;39m Unlock orders
[2025-04-13 17:04:22] [34mINFO[0;39m [36mg.service.ubs.OrderLockServiceImpl      [0;39m [35m:60  [0;39m Time: 2025-04-13T16:59:22.966039700
[2025-04-13 17:04:22] [34mINFO[0;39m [36mg.service.ubs.OrderLockServiceImpl      [0;39m [35m:62  [0;39m Unlock orders
[2025-04-13 17:05:22] [34mINFO[0;39m [36mg.service.ubs.OrderLockServiceImpl      [0;39m [35m:60  [0;39m Time: 2025-04-13T17:00:22.977007
[2025-04-13 17:05:22] [34mINFO[0;39m [36mg.service.ubs.OrderLockServiceImpl      [0;39m [35m:62  [0;39m Unlock orders
[2025-04-13 17:06:22] [34mINFO[0;39m [36mg.service.ubs.OrderLockServiceImpl      [0;39m [35m:60  [0;39m Time: 2025-04-13T17:01:22.977697900
[2025-04-13 17:06:22] [34mINFO[0;39m [36mg.service.ubs.OrderLockServiceImpl      [0;39m [35m:62  [0;39m Unlock orders
[2025-04-13 17:07:22] [34mINFO[0;39m [36mg.service.ubs.OrderLockServiceImpl      [0;39m [35m:60  [0;39m Time: 2025-04-13T17:02:22.966475500
[2025-04-13 17:07:22] [34mINFO[0;39m [36mg.service.ubs.OrderLockServiceImpl      [0;39m [35m:62  [0;39m Unlock orders
[2025-04-13 17:08:22] [34mINFO[0;39m [36mg.service.ubs.OrderLockServiceImpl      [0;39m [35m:60  [0;39m Time: 2025-04-13T17:03:22.966704300
[2025-04-13 17:08:22] [34mINFO[0;39m [36mg.service.ubs.OrderLockServiceImpl      [0;39m [35m:62  [0;39m Unlock orders
[2025-04-13 17:09:22] [34mINFO[0;39m [36mg.service.ubs.OrderLockServiceImpl      [0;39m [35m:60  [0;39m Time: 2025-04-13T17:04:22.971006
[2025-04-13 17:09:22] [34mINFO[0;39m [36mg.service.ubs.OrderLockServiceImpl      [0;39m [35m:62  [0;39m Unlock orders
[2025-04-13 17:10:22] [34mINFO[0;39m [36mg.service.ubs.OrderLockServiceImpl      [0;39m [35m:60  [0;39m Time: 2025-04-13T17:05:22.966085300
[2025-04-13 17:10:22] [34mINFO[0;39m [36mg.service.ubs.OrderLockServiceImpl      [0;39m [35m:62  [0;39m Unlock orders
[2025-04-13 17:11:22] [34mINFO[0;39m [36mg.service.ubs.OrderLockServiceImpl      [0;39m [35m:60  [0;39m Time: 2025-04-13T17:06:22.970200100
[2025-04-13 17:11:22] [34mINFO[0;39m [36mg.service.ubs.OrderLockServiceImpl      [0;39m [35m:62  [0;39m Unlock orders
[2025-04-13 17:12:22] [34mINFO[0;39m [36mg.service.ubs.OrderLockServiceImpl      [0;39m [35m:60  [0;39m Time: 2025-04-13T17:07:22.975909300
[2025-04-13 17:12:22] [34mINFO[0;39m [36mg.service.ubs.OrderLockServiceImpl      [0;39m [35m:62  [0;39m Unlock orders
[2025-04-13 17:13:22] [34mINFO[0;39m [36mg.service.ubs.OrderLockServiceImpl      [0;39m [35m:60  [0;39m Time: 2025-04-13T17:08:22.973618200
[2025-04-13 17:13:22] [34mINFO[0;39m [36mg.service.ubs.OrderLockServiceImpl      [0;39m [35m:62  [0;39m Unlock orders
[2025-04-13 17:14:22] [34mINFO[0;39m [36mg.service.ubs.OrderLockServiceImpl      [0;39m [35m:60  [0;39m Time: 2025-04-13T17:09:22.973622100
[2025-04-13 17:14:22] [34mINFO[0;39m [36mg.service.ubs.OrderLockServiceImpl      [0;39m [35m:62  [0;39m Unlock orders
[2025-04-13 17:15:22] [34mINFO[0;39m [36mg.service.ubs.OrderLockServiceImpl      [0;39m [35m:60  [0;39m Time: 2025-04-13T17:10:22.972664
[2025-04-13 17:15:22] [34mINFO[0;39m [36mg.service.ubs.OrderLockServiceImpl      [0;39m [35m:62  [0;39m Unlock orders
[2025-04-13 17:16:22] [34mINFO[0;39m [36mg.service.ubs.OrderLockServiceImpl      [0;39m [35m:60  [0;39m Time: 2025-04-13T17:11:22.965381500
[2025-04-13 17:16:22] [34mINFO[0;39m [36mg.service.ubs.OrderLockServiceImpl      [0;39m [35m:62  [0;39m Unlock orders
[2025-04-13 17:17:06] [34mINFO[0;39m [36mg.s.f.AccessTokenAuthenticationFilter   [0;39m [35m:54  [0;39m token: eyJhbGciOiJIUzI1NiJ9.eyJzdWIiOiJzZXJ2aWNlQGdyZWVuY2l0eS51YSIsInJvbGUiOlsiUk9MRV9BRE1JTiJdLCJpYXQiOjE3NDQ1NTM4MjYsImV4cCI6MTc0NDU2MTAyNn0.VjujlEGY4Q4yzXyYDbigyXNz8DWTaxpv2j1k2_PM7L8
[2025-04-13 17:17:07] [34mINFO[0;39m [36mg.s.f.AccessTokenAuthenticationFilter   [0;39m [35m:62  [0;39m user: Optional[UserVO(id=1, email=service@greencity.ua, languageVO=greencity.dto.language.LanguageVO@1c60)]
[2025-04-13 17:17:17] [34mINFO[0;39m [36mg.s.f.AccessTokenAuthenticationFilter   [0;39m [35m:54  [0;39m token: eyJhbGciOiJIUzI1NiJ9.eyJzdWIiOiJzZXJ2aWNlQGdyZWVuY2l0eS51YSIsInJvbGUiOlsiUk9MRV9BRE1JTiJdLCJpYXQiOjE3NDQ1NTM4MzcsImV4cCI6MTc0NDU2MTAzN30.zaoY1LtIpn70ijp6ue3rQRFJ9mf2uIFmLcHuVMq2PCI
[2025-04-13 17:17:17] [34mINFO[0;39m [36mg.s.f.AccessTokenAuthenticationFilter   [0;39m [35m:62  [0;39m user: Optional[UserVO(id=1, email=service@greencity.ua, languageVO=greencity.dto.language.LanguageVO@1c60)]
[2025-04-13 17:17:21] [34mINFO[0;39m [36mg.s.f.AccessTokenAuthenticationFilter   [0;39m [35m:54  [0;39m token: eyJhbGciOiJIUzI1NiJ9.eyJzdWIiOiJzZXJ2aWNlQGdyZWVuY2l0eS51YSIsInJvbGUiOlsiUk9MRV9BRE1JTiJdLCJpYXQiOjE3NDQ1NTM4NDEsImV4cCI6MTc0NDU2MTA0MX0.31yq-F7--iOzLTPgU6Sqdz7cRqmUmVyBwGgnlF4HjPQ
[2025-04-13 17:17:21] [34mINFO[0;39m [36mg.s.f.AccessTokenAuthenticationFilter   [0;39m [35m:62  [0;39m user: Optional[UserVO(id=1, email=service@greencity.ua, languageVO=greencity.dto.language.LanguageVO@1c60)]
[2025-04-13 17:17:22] [34mINFO[0;39m [36mg.service.ubs.OrderLockServiceImpl      [0;39m [35m:60  [0;39m Time: 2025-04-13T17:12:22.976919700
[2025-04-13 17:17:22] [34mINFO[0;39m [36mg.service.ubs.OrderLockServiceImpl      [0;39m [35m:62  [0;39m Unlock orders
[2025-04-13 17:17:45] [34mINFO[0;39m [36mg.s.f.AccessTokenAuthenticationFilter   [0;39m [35m:54  [0;39m token: eyJhbGciOiJIUzI1NiJ9.eyJzdWIiOiJzZXJ2aWNlQGdyZWVuY2l0eS51YSIsInJvbGUiOlsiUk9MRV9BRE1JTiJdLCJpYXQiOjE3NDQ1NTM4NjUsImV4cCI6MTc0NDU2MTA2NX0.ClpwvtHgEB3ymXHIZMpLm3Acbyu2ypLSSnJDt8jGQFQ
[2025-04-13 17:17:45] [34mINFO[0;39m [36mg.s.f.AccessTokenAuthenticationFilter   [0;39m [35m:62  [0;39m user: Optional[UserVO(id=1, email=service@greencity.ua, languageVO=greencity.dto.language.LanguageVO@1c60)]
[2025-04-13 17:18:22] [34mINFO[0;39m [36mg.service.ubs.OrderLockServiceImpl      [0;39m [35m:60  [0;39m Time: 2025-04-13T17:13:22.983250900
[2025-04-13 17:18:22] [34mINFO[0;39m [36mg.service.ubs.OrderLockServiceImpl      [0;39m [35m:62  [0;39m Unlock orders
[2025-04-13 17:19:22] [34mINFO[0;39m [36mg.service.ubs.OrderLockServiceImpl      [0;39m [35m:60  [0;39m Time: 2025-04-13T17:14:22.982386
[2025-04-13 17:19:22] [34mINFO[0;39m [36mg.service.ubs.OrderLockServiceImpl      [0;39m [35m:62  [0;39m Unlock orders
[2025-04-13 17:20:22] [34mINFO[0;39m [36mg.service.ubs.OrderLockServiceImpl      [0;39m [35m:60  [0;39m Time: 2025-04-13T17:15:22.974706600
[2025-04-13 17:20:22] [34mINFO[0;39m [36mg.service.ubs.OrderLockServiceImpl      [0;39m [35m:62  [0;39m Unlock orders
[2025-04-13 17:21:22] [34mINFO[0;39m [36mg.service.ubs.OrderLockServiceImpl      [0;39m [35m:60  [0;39m Time: 2025-04-13T17:16:22.969310500
[2025-04-13 17:21:22] [34mINFO[0;39m [36mg.service.ubs.OrderLockServiceImpl      [0;39m [35m:62  [0;39m Unlock orders
[2025-04-13 17:22:22] [34mINFO[0;39m [36mg.service.ubs.OrderLockServiceImpl      [0;39m [35m:60  [0;39m Time: 2025-04-13T17:17:22.966906800
[2025-04-13 17:22:22] [34mINFO[0;39m [36mg.service.ubs.OrderLockServiceImpl      [0;39m [35m:62  [0;39m Unlock orders
[2025-04-13 17:23:22] [34mINFO[0;39m [36mg.service.ubs.OrderLockServiceImpl      [0;39m [35m:60  [0;39m Time: 2025-04-13T17:18:22.969362200
[2025-04-13 17:23:22] [34mINFO[0;39m [36mg.service.ubs.OrderLockServiceImpl      [0;39m [35m:62  [0;39m Unlock orders
[2025-04-13 17:24:22] [34mINFO[0;39m [36mg.service.ubs.OrderLockServiceImpl      [0;39m [35m:60  [0;39m Time: 2025-04-13T17:19:22.978497600
[2025-04-13 17:24:22] [34mINFO[0;39m [36mg.service.ubs.OrderLockServiceImpl      [0;39m [35m:62  [0;39m Unlock orders
[2025-04-13 17:25:22] [34mINFO[0;39m [36mg.service.ubs.OrderLockServiceImpl      [0;39m [35m:60  [0;39m Time: 2025-04-13T17:20:22.979626
[2025-04-13 17:25:22] [34mINFO[0;39m [36mg.service.ubs.OrderLockServiceImpl      [0;39m [35m:62  [0;39m Unlock orders
[2025-04-13 17:26:22] [34mINFO[0;39m [36mg.service.ubs.OrderLockServiceImpl      [0;39m [35m:60  [0;39m Time: 2025-04-13T17:21:22.969217800
[2025-04-13 17:26:22] [34mINFO[0;39m [36mg.service.ubs.OrderLockServiceImpl      [0;39m [35m:62  [0;39m Unlock orders
[2025-04-13 17:27:22] [34mINFO[0;39m [36mg.service.ubs.OrderLockServiceImpl      [0;39m [35m:60  [0;39m Time: 2025-04-13T17:22:22.972763500
[2025-04-13 17:27:22] [34mINFO[0;39m [36mg.service.ubs.OrderLockServiceImpl      [0;39m [35m:62  [0;39m Unlock orders
[2025-04-13 17:28:22] [34mINFO[0;39m [36mg.service.ubs.OrderLockServiceImpl      [0;39m [35m:60  [0;39m Time: 2025-04-13T17:23:22.976933700
[2025-04-13 17:28:22] [34mINFO[0;39m [36mg.service.ubs.OrderLockServiceImpl      [0;39m [35m:62  [0;39m Unlock orders
[2025-04-13 17:29:22] [34mINFO[0;39m [36mg.service.ubs.OrderLockServiceImpl      [0;39m [35m:60  [0;39m Time: 2025-04-13T17:24:22.977105300
[2025-04-13 17:29:22] [34mINFO[0;39m [36mg.service.ubs.OrderLockServiceImpl      [0;39m [35m:62  [0;39m Unlock orders
[2025-04-13 17:30:22] [34mINFO[0;39m [36mg.service.ubs.OrderLockServiceImpl      [0;39m [35m:60  [0;39m Time: 2025-04-13T17:25:22.977232400
[2025-04-13 17:30:22] [34mINFO[0;39m [36mg.service.ubs.OrderLockServiceImpl      [0;39m [35m:62  [0;39m Unlock orders
[2025-04-13 17:31:22] [34mINFO[0;39m [36mg.service.ubs.OrderLockServiceImpl      [0;39m [35m:60  [0;39m Time: 2025-04-13T17:26:22.975136
[2025-04-13 17:31:22] [34mINFO[0;39m [36mg.service.ubs.OrderLockServiceImpl      [0;39m [35m:62  [0;39m Unlock orders
[2025-04-13 17:32:04] [34mINFO[0;39m [36mg.s.f.AccessTokenAuthenticationFilter   [0;39m [35m:54  [0;39m token: eyJhbGciOiJIUzI1NiJ9.eyJzdWIiOiJzZXJ2aWNlQGdyZWVuY2l0eS51YSIsInJvbGUiOlsiUk9MRV9BRE1JTiJdLCJpYXQiOjE3NDQ1NTQ3MjQsImV4cCI6MTc0NDU2MTkyNH0.iFo4qjglFP6r17BPlyB4BrA3oGSr8OxLBz-Z3o0oNkc
[2025-04-13 17:32:04] [34mINFO[0;39m [36mg.s.f.AccessTokenAuthenticationFilter   [0;39m [35m:62  [0;39m user: Optional[UserVO(id=1, email=service@greencity.ua, languageVO=greencity.dto.language.LanguageVO@1c60)]
[2025-04-13 17:32:22] [34mINFO[0;39m [36mg.service.ubs.OrderLockServiceImpl      [0;39m [35m:60  [0;39m Time: 2025-04-13T17:27:22.974162700
[2025-04-13 17:32:22] [34mINFO[0;39m [36mg.service.ubs.OrderLockServiceImpl      [0;39m [35m:62  [0;39m Unlock orders
[2025-04-13 17:33:22] [34mINFO[0;39m [36mg.service.ubs.OrderLockServiceImpl      [0;39m [35m:60  [0;39m Time: 2025-04-13T17:28:22.977709600
[2025-04-13 17:33:22] [34mINFO[0;39m [36mg.service.ubs.OrderLockServiceImpl      [0;39m [35m:62  [0;39m Unlock orders
[2025-04-13 17:34:22] [34mINFO[0;39m [36mg.service.ubs.OrderLockServiceImpl      [0;39m [35m:60  [0;39m Time: 2025-04-13T17:29:22.967510400
[2025-04-13 17:34:22] [34mINFO[0;39m [36mg.service.ubs.OrderLockServiceImpl      [0;39m [35m:62  [0;39m Unlock orders
[2025-04-13 17:35:22] [34mINFO[0;39m [36mg.service.ubs.OrderLockServiceImpl      [0;39m [35m:60  [0;39m Time: 2025-04-13T17:30:22.970239300
[2025-04-13 17:35:22] [34mINFO[0;39m [36mg.service.ubs.OrderLockServiceImpl      [0;39m [35m:62  [0;39m Unlock orders
[2025-04-13 17:36:22] [34mINFO[0;39m [36mg.service.ubs.OrderLockServiceImpl      [0;39m [35m:60  [0;39m Time: 2025-04-13T17:31:22.980564400
[2025-04-13 17:36:22] [34mINFO[0;39m [36mg.service.ubs.OrderLockServiceImpl      [0;39m [35m:62  [0;39m Unlock orders
[2025-04-13 17:37:22] [34mINFO[0;39m [36mg.service.ubs.OrderLockServiceImpl      [0;39m [35m:60  [0;39m Time: 2025-04-13T17:32:22.974583300
[2025-04-13 17:37:22] [34mINFO[0;39m [36mg.service.ubs.OrderLockServiceImpl      [0;39m [35m:62  [0;39m Unlock orders
[2025-04-13 17:38:22] [34mINFO[0;39m [36mg.service.ubs.OrderLockServiceImpl      [0;39m [35m:60  [0;39m Time: 2025-04-13T17:33:22.978621100
[2025-04-13 17:38:22] [34mINFO[0;39m [36mg.service.ubs.OrderLockServiceImpl      [0;39m [35m:62  [0;39m Unlock orders
[2025-04-13 17:39:22] [34mINFO[0;39m [36mg.service.ubs.OrderLockServiceImpl      [0;39m [35m:60  [0;39m Time: 2025-04-13T17:34:22.971746500
[2025-04-13 17:39:22] [34mINFO[0;39m [36mg.service.ubs.OrderLockServiceImpl      [0;39m [35m:62  [0;39m Unlock orders
[2025-04-13 17:40:22] [34mINFO[0;39m [36mg.service.ubs.OrderLockServiceImpl      [0;39m [35m:60  [0;39m Time: 2025-04-13T17:35:22.975412500
[2025-04-13 17:40:22] [34mINFO[0;39m [36mg.service.ubs.OrderLockServiceImpl      [0;39m [35m:62  [0;39m Unlock orders
[2025-04-13 17:41:22] [34mINFO[0;39m [36mg.service.ubs.OrderLockServiceImpl      [0;39m [35m:60  [0;39m Time: 2025-04-13T17:36:22.976678300
[2025-04-13 17:41:22] [34mINFO[0;39m [36mg.service.ubs.OrderLockServiceImpl      [0;39m [35m:62  [0;39m Unlock orders
[2025-04-13 17:42:22] [34mINFO[0;39m [36mg.service.ubs.OrderLockServiceImpl      [0;39m [35m:60  [0;39m Time: 2025-04-13T17:37:22.968067100
[2025-04-13 17:42:22] [34mINFO[0;39m [36mg.service.ubs.OrderLockServiceImpl      [0;39m [35m:62  [0;39m Unlock orders
[2025-04-13 17:43:22] [34mINFO[0;39m [36mg.service.ubs.OrderLockServiceImpl      [0;39m [35m:60  [0;39m Time: 2025-04-13T17:38:22.965474400
[2025-04-13 17:43:22] [34mINFO[0;39m [36mg.service.ubs.OrderLockServiceImpl      [0;39m [35m:62  [0;39m Unlock orders
[2025-04-13 17:44:22] [34mINFO[0;39m [36mg.service.ubs.OrderLockServiceImpl      [0;39m [35m:60  [0;39m Time: 2025-04-13T17:39:22.973290900
[2025-04-13 17:44:22] [34mINFO[0;39m [36mg.service.ubs.OrderLockServiceImpl      [0;39m [35m:62  [0;39m Unlock orders
[2025-04-13 17:45:22] [34mINFO[0;39m [36mg.service.ubs.OrderLockServiceImpl      [0;39m [35m:60  [0;39m Time: 2025-04-13T17:40:22.971986200
[2025-04-13 17:45:22] [34mINFO[0;39m [36mg.service.ubs.OrderLockServiceImpl      [0;39m [35m:62  [0;39m Unlock orders
[2025-04-13 17:46:22] [34mINFO[0;39m [36mg.service.ubs.OrderLockServiceImpl      [0;39m [35m:60  [0;39m Time: 2025-04-13T17:41:22.972169800
[2025-04-13 17:46:22] [34mINFO[0;39m [36mg.service.ubs.OrderLockServiceImpl      [0;39m [35m:62  [0;39m Unlock orders
[2025-04-13 17:47:22] [34mINFO[0;39m [36mg.service.ubs.OrderLockServiceImpl      [0;39m [35m:60  [0;39m Time: 2025-04-13T17:42:22.975594800
[2025-04-13 17:47:22] [34mINFO[0;39m [36mg.service.ubs.OrderLockServiceImpl      [0;39m [35m:62  [0;39m Unlock orders
[2025-04-13 17:48:22] [34mINFO[0;39m [36mg.service.ubs.OrderLockServiceImpl      [0;39m [35m:60  [0;39m Time: 2025-04-13T17:43:22.970281300
[2025-04-13 17:48:22] [34mINFO[0;39m [36mg.service.ubs.OrderLockServiceImpl      [0;39m [35m:62  [0;39m Unlock orders
[2025-04-13 17:49:22] [34mINFO[0;39m [36mg.service.ubs.OrderLockServiceImpl      [0;39m [35m:60  [0;39m Time: 2025-04-13T17:44:22.973142200
[2025-04-13 17:49:22] [34mINFO[0;39m [36mg.service.ubs.OrderLockServiceImpl      [0;39m [35m:62  [0;39m Unlock orders
[2025-04-13 17:50:22] [34mINFO[0;39m [36mg.service.ubs.OrderLockServiceImpl      [0;39m [35m:60  [0;39m Time: 2025-04-13T17:45:22.973103100
[2025-04-13 17:50:22] [34mINFO[0;39m [36mg.service.ubs.OrderLockServiceImpl      [0;39m [35m:62  [0;39m Unlock orders
[2025-04-13 17:51:22] [34mINFO[0;39m [36mg.service.ubs.OrderLockServiceImpl      [0;39m [35m:60  [0;39m Time: 2025-04-13T17:46:22.966653600
[2025-04-13 17:51:22] [34mINFO[0;39m [36mg.service.ubs.OrderLockServiceImpl      [0;39m [35m:62  [0;39m Unlock orders
[2025-04-13 17:52:22] [34mINFO[0;39m [36mg.service.ubs.OrderLockServiceImpl      [0;39m [35m:60  [0;39m Time: 2025-04-13T17:47:22.978628
[2025-04-13 17:52:22] [34mINFO[0;39m [36mg.service.ubs.OrderLockServiceImpl      [0;39m [35m:62  [0;39m Unlock orders
[2025-04-13 17:53:22] [34mINFO[0;39m [36mg.service.ubs.OrderLockServiceImpl      [0;39m [35m:60  [0;39m Time: 2025-04-13T17:48:22.975925700
[2025-04-13 17:53:22] [34mINFO[0;39m [36mg.service.ubs.OrderLockServiceImpl      [0;39m [35m:62  [0;39m Unlock orders
[2025-04-13 17:54:22] [34mINFO[0;39m [36mg.service.ubs.OrderLockServiceImpl      [0;39m [35m:60  [0;39m Time: 2025-04-13T17:49:22.977096700
[2025-04-13 17:54:22] [34mINFO[0;39m [36mg.service.ubs.OrderLockServiceImpl      [0;39m [35m:62  [0;39m Unlock orders
[2025-04-13 17:55:22] [34mINFO[0;39m [36mg.service.ubs.OrderLockServiceImpl      [0;39m [35m:60  [0;39m Time: 2025-04-13T17:50:22.972621400
[2025-04-13 17:55:22] [34mINFO[0;39m [36mg.service.ubs.OrderLockServiceImpl      [0;39m [35m:62  [0;39m Unlock orders
[2025-04-13 17:56:22] [34mINFO[0;39m [36mg.service.ubs.OrderLockServiceImpl      [0;39m [35m:60  [0;39m Time: 2025-04-13T17:51:22.970297900
[2025-04-13 17:56:22] [34mINFO[0;39m [36mg.service.ubs.OrderLockServiceImpl      [0;39m [35m:62  [0;39m Unlock orders
[2025-04-13 17:57:22] [34mINFO[0;39m [36mg.service.ubs.OrderLockServiceImpl      [0;39m [35m:60  [0;39m Time: 2025-04-13T17:52:22.968877200
[2025-04-13 17:57:22] [34mINFO[0;39m [36mg.service.ubs.OrderLockServiceImpl      [0;39m [35m:62  [0;39m Unlock orders
[2025-04-13 17:58:22] [34mINFO[0;39m [36mg.service.ubs.OrderLockServiceImpl      [0;39m [35m:60  [0;39m Time: 2025-04-13T17:53:22.964954500
[2025-04-13 17:58:22] [34mINFO[0;39m [36mg.service.ubs.OrderLockServiceImpl      [0;39m [35m:62  [0;39m Unlock orders
[2025-04-13 17:59:22] [34mINFO[0;39m [36mg.service.ubs.OrderLockServiceImpl      [0;39m [35m:60  [0;39m Time: 2025-04-13T17:54:22.972424700
[2025-04-13 17:59:22] [34mINFO[0;39m [36mg.service.ubs.OrderLockServiceImpl      [0;39m [35m:62  [0;39m Unlock orders
[2025-04-13 17:59:56] [34mINFO[0;39m [36mg.s.notification.NotificationServiceImpl[0;39m [35m:731 [0;39m Found 0 inactive users for 2 months 
[2025-04-13 17:59:56] [34mINFO[0;39m [36mg.s.notification.NotificationServiceImpl[0;39m [35m:731 [0;39m Found 0 inactive users for 4 months 
[2025-04-13 17:59:56] [34mINFO[0;39m [36mg.s.notification.NotificationServiceImpl[0;39m [35m:731 [0;39m Found 0 inactive users for 6 months 
[2025-04-13 17:59:56] [34mINFO[0;39m [36mg.s.notification.NotificationServiceImpl[0;39m [35m:731 [0;39m Found 0 inactive users for 8 months 
[2025-04-13 17:59:56] [34mINFO[0;39m [36mg.s.notification.NotificationServiceImpl[0;39m [35m:731 [0;39m Found 0 inactive users for 10 months 
[2025-04-13 17:59:56] [34mINFO[0;39m [36mg.s.notification.NotificationServiceImpl[0;39m [35m:731 [0;39m Found 0 inactive users for 12 months 
[2025-04-13 18:00:22] [34mINFO[0;39m [36mg.service.ubs.OrderLockServiceImpl      [0;39m [35m:60  [0;39m Time: 2025-04-13T17:55:22.968073500
[2025-04-13 18:00:22] [34mINFO[0;39m [36mg.service.ubs.OrderLockServiceImpl      [0;39m [35m:62  [0;39m Unlock orders
[2025-04-13 18:00:45] [34mINFO[0;39m [36mg.s.f.AccessTokenAuthenticationFilter   [0;39m [35m:54  [0;39m token: eyJhbGciOiJIUzI1NiJ9.eyJzdWIiOiJzZXJ2aWNlQGdyZWVuY2l0eS51YSIsInJvbGUiOlsiUk9MRV9BRE1JTiJdLCJpYXQiOjE3NDQ1NTY0NDUsImV4cCI6MTc0NDU2MzY0NX0.zvFIZC24KQvr6VbT8o271hAD9XkaI2GB9GJom83ByJ0
[2025-04-13 18:00:46] [34mINFO[0;39m [36mg.s.f.AccessTokenAuthenticationFilter   [0;39m [35m:62  [0;39m user: Optional[UserVO(id=1, email=service@greencity.ua, languageVO=greencity.dto.language.LanguageVO@1c60)]
[2025-04-13 18:01:22] [34mINFO[0;39m [36mg.service.ubs.OrderLockServiceImpl      [0;39m [35m:60  [0;39m Time: 2025-04-13T17:56:22.978605400
[2025-04-13 18:01:22] [34mINFO[0;39m [36mg.service.ubs.OrderLockServiceImpl      [0;39m [35m:62  [0;39m Unlock orders
[2025-04-13 18:02:22] [34mINFO[0;39m [36mg.service.ubs.OrderLockServiceImpl      [0;39m [35m:60  [0;39m Time: 2025-04-13T17:57:22.965205400
[2025-04-13 18:02:22] [34mINFO[0;39m [36mg.service.ubs.OrderLockServiceImpl      [0;39m [35m:62  [0;39m Unlock orders
[2025-04-13 18:03:22] [34mINFO[0;39m [36mg.service.ubs.OrderLockServiceImpl      [0;39m [35m:60  [0;39m Time: 2025-04-13T17:58:22.979782700
[2025-04-13 18:03:22] [34mINFO[0;39m [36mg.service.ubs.OrderLockServiceImpl      [0;39m [35m:62  [0;39m Unlock orders
[2025-04-13 18:04:22] [34mINFO[0;39m [36mg.service.ubs.OrderLockServiceImpl      [0;39m [35m:60  [0;39m Time: 2025-04-13T17:59:22.974983800
[2025-04-13 18:04:22] [34mINFO[0;39m [36mg.service.ubs.OrderLockServiceImpl      [0;39m [35m:62  [0;39m Unlock orders
[2025-04-13 18:05:22] [34mINFO[0;39m [36mg.service.ubs.OrderLockServiceImpl      [0;39m [35m:60  [0;39m Time: 2025-04-13T18:00:22.967543700
[2025-04-13 18:05:22] [34mINFO[0;39m [36mg.service.ubs.OrderLockServiceImpl      [0;39m [35m:62  [0;39m Unlock orders
[2025-04-13 18:06:22] [34mINFO[0;39m [36mg.service.ubs.OrderLockServiceImpl      [0;39m [35m:60  [0;39m Time: 2025-04-13T18:01:22.969361700
[2025-04-13 18:06:22] [34mINFO[0;39m [36mg.service.ubs.OrderLockServiceImpl      [0;39m [35m:62  [0;39m Unlock orders
[2025-04-13 18:07:22] [34mINFO[0;39m [36mg.service.ubs.OrderLockServiceImpl      [0;39m [35m:60  [0;39m Time: 2025-04-13T18:02:22.973069400
[2025-04-13 18:07:22] [34mINFO[0;39m [36mg.service.ubs.OrderLockServiceImpl      [0;39m [35m:62  [0;39m Unlock orders
[2025-04-13 18:08:22] [34mINFO[0;39m [36mg.service.ubs.OrderLockServiceImpl      [0;39m [35m:60  [0;39m Time: 2025-04-13T18:03:22.974984500
[2025-04-13 18:08:22] [34mINFO[0;39m [36mg.service.ubs.OrderLockServiceImpl      [0;39m [35m:62  [0;39m Unlock orders
[2025-04-13 18:09:22] [34mINFO[0;39m [36mg.service.ubs.OrderLockServiceImpl      [0;39m [35m:60  [0;39m Time: 2025-04-13T18:04:22.975529900
[2025-04-13 18:09:22] [34mINFO[0;39m [36mg.service.ubs.OrderLockServiceImpl      [0;39m [35m:62  [0;39m Unlock orders
[2025-04-13 18:10:22] [34mINFO[0;39m [36mg.service.ubs.OrderLockServiceImpl      [0;39m [35m:60  [0;39m Time: 2025-04-13T18:05:22.971162200
[2025-04-13 18:10:22] [34mINFO[0;39m [36mg.service.ubs.OrderLockServiceImpl      [0;39m [35m:62  [0;39m Unlock orders
[2025-04-13 18:11:22] [34mINFO[0;39m [36mg.service.ubs.OrderLockServiceImpl      [0;39m [35m:60  [0;39m Time: 2025-04-13T18:06:22.971994500
[2025-04-13 18:11:22] [34mINFO[0;39m [36mg.service.ubs.OrderLockServiceImpl      [0;39m [35m:62  [0;39m Unlock orders
[2025-04-13 18:12:22] [34mINFO[0;39m [36mg.service.ubs.OrderLockServiceImpl      [0;39m [35m:60  [0;39m Time: 2025-04-13T18:07:22.964787800
[2025-04-13 18:12:22] [34mINFO[0;39m [36mg.service.ubs.OrderLockServiceImpl      [0;39m [35m:62  [0;39m Unlock orders
[2025-04-13 18:13:22] [34mINFO[0;39m [36mg.service.ubs.OrderLockServiceImpl      [0;39m [35m:60  [0;39m Time: 2025-04-13T18:08:22.971455900
[2025-04-13 18:13:22] [34mINFO[0;39m [36mg.service.ubs.OrderLockServiceImpl      [0;39m [35m:62  [0;39m Unlock orders
[2025-04-13 18:14:22] [34mINFO[0;39m [36mg.service.ubs.OrderLockServiceImpl      [0;39m [35m:60  [0;39m Time: 2025-04-13T18:09:22.970923200
[2025-04-13 18:14:22] [34mINFO[0;39m [36mg.service.ubs.OrderLockServiceImpl      [0;39m [35m:62  [0;39m Unlock orders
[2025-04-13 18:15:22] [34mINFO[0;39m [36mg.service.ubs.OrderLockServiceImpl      [0;39m [35m:60  [0;39m Time: 2025-04-13T18:10:22.971611200
[2025-04-13 18:15:22] [34mINFO[0;39m [36mg.service.ubs.OrderLockServiceImpl      [0;39m [35m:62  [0;39m Unlock orders
[2025-04-13 18:16:22] [34mINFO[0;39m [36mg.service.ubs.OrderLockServiceImpl      [0;39m [35m:60  [0;39m Time: 2025-04-13T18:11:22.970495300
[2025-04-13 18:16:22] [34mINFO[0;39m [36mg.service.ubs.OrderLockServiceImpl      [0;39m [35m:62  [0;39m Unlock orders
[2025-04-13 18:17:22] [34mINFO[0;39m [36mg.service.ubs.OrderLockServiceImpl      [0;39m [35m:60  [0;39m Time: 2025-04-13T18:12:22.973013
[2025-04-13 18:17:22] [34mINFO[0;39m [36mg.service.ubs.OrderLockServiceImpl      [0;39m [35m:62  [0;39m Unlock orders
[2025-04-13 18:18:22] [34mINFO[0;39m [36mg.service.ubs.OrderLockServiceImpl      [0;39m [35m:60  [0;39m Time: 2025-04-13T18:13:22.975681
[2025-04-13 18:18:22] [34mINFO[0;39m [36mg.service.ubs.OrderLockServiceImpl      [0;39m [35m:62  [0;39m Unlock orders
[2025-04-13 18:19:22] [34mINFO[0;39m [36mg.service.ubs.OrderLockServiceImpl      [0;39m [35m:60  [0;39m Time: 2025-04-13T18:14:22.975642700
[2025-04-13 18:19:22] [34mINFO[0;39m [36mg.service.ubs.OrderLockServiceImpl      [0;39m [35m:62  [0;39m Unlock orders
[2025-04-13 18:20:22] [34mINFO[0;39m [36mg.service.ubs.OrderLockServiceImpl      [0;39m [35m:60  [0;39m Time: 2025-04-13T18:15:22.980309100
[2025-04-13 18:20:22] [34mINFO[0;39m [36mg.service.ubs.OrderLockServiceImpl      [0;39m [35m:62  [0;39m Unlock orders
[2025-04-13 18:21:22] [34mINFO[0;39m [36mg.service.ubs.OrderLockServiceImpl      [0;39m [35m:60  [0;39m Time: 2025-04-13T18:16:22.979175100
[2025-04-13 18:21:22] [34mINFO[0;39m [36mg.service.ubs.OrderLockServiceImpl      [0;39m [35m:62  [0;39m Unlock orders
[2025-04-13 18:22:22] [34mINFO[0;39m [36mg.service.ubs.OrderLockServiceImpl      [0;39m [35m:60  [0;39m Time: 2025-04-13T18:17:22.972386400
[2025-04-13 18:22:22] [34mINFO[0;39m [36mg.service.ubs.OrderLockServiceImpl      [0;39m [35m:62  [0;39m Unlock orders
[2025-04-13 18:23:22] [34mINFO[0;39m [36mg.service.ubs.OrderLockServiceImpl      [0;39m [35m:60  [0;39m Time: 2025-04-13T18:18:22.976091500
[2025-04-13 18:23:22] [34mINFO[0;39m [36mg.service.ubs.OrderLockServiceImpl      [0;39m [35m:62  [0;39m Unlock orders
[2025-04-13 18:24:22] [34mINFO[0;39m [36mg.service.ubs.OrderLockServiceImpl      [0;39m [35m:60  [0;39m Time: 2025-04-13T18:19:22.965106300
[2025-04-13 18:24:22] [34mINFO[0;39m [36mg.service.ubs.OrderLockServiceImpl      [0;39m [35m:62  [0;39m Unlock orders
[2025-04-13 18:25:22] [34mINFO[0;39m [36mg.service.ubs.OrderLockServiceImpl      [0;39m [35m:60  [0;39m Time: 2025-04-13T18:20:22.973382500
[2025-04-13 18:25:22] [34mINFO[0;39m [36mg.service.ubs.OrderLockServiceImpl      [0;39m [35m:62  [0;39m Unlock orders
[2025-04-13 18:26:22] [34mINFO[0;39m [36mg.service.ubs.OrderLockServiceImpl      [0;39m [35m:60  [0;39m Time: 2025-04-13T18:21:22.977185700
[2025-04-13 18:26:22] [34mINFO[0;39m [36mg.service.ubs.OrderLockServiceImpl      [0;39m [35m:62  [0;39m Unlock orders
[2025-04-13 18:27:22] [34mINFO[0;39m [36mg.service.ubs.OrderLockServiceImpl      [0;39m [35m:60  [0;39m Time: 2025-04-13T18:22:22.970104900
[2025-04-13 18:27:22] [34mINFO[0;39m [36mg.service.ubs.OrderLockServiceImpl      [0;39m [35m:62  [0;39m Unlock orders
[2025-04-13 18:28:22] [34mINFO[0;39m [36mg.service.ubs.OrderLockServiceImpl      [0;39m [35m:60  [0;39m Time: 2025-04-13T18:23:22.975477
[2025-04-13 18:28:22] [34mINFO[0;39m [36mg.service.ubs.OrderLockServiceImpl      [0;39m [35m:62  [0;39m Unlock orders
[2025-04-13 18:29:22] [34mINFO[0;39m [36mg.service.ubs.OrderLockServiceImpl      [0;39m [35m:60  [0;39m Time: 2025-04-13T18:24:22.972429
[2025-04-13 18:29:22] [34mINFO[0;39m [36mg.service.ubs.OrderLockServiceImpl      [0;39m [35m:62  [0;39m Unlock orders
[2025-04-13 18:30:22] [34mINFO[0;39m [36mg.service.ubs.OrderLockServiceImpl      [0;39m [35m:60  [0;39m Time: 2025-04-13T18:25:22.977544600
[2025-04-13 18:30:22] [34mINFO[0;39m [36mg.service.ubs.OrderLockServiceImpl      [0;39m [35m:62  [0;39m Unlock orders
[2025-04-13 18:31:22] [34mINFO[0;39m [36mg.service.ubs.OrderLockServiceImpl      [0;39m [35m:60  [0;39m Time: 2025-04-13T18:26:22.973532200
[2025-04-13 18:31:22] [34mINFO[0;39m [36mg.service.ubs.OrderLockServiceImpl      [0;39m [35m:62  [0;39m Unlock orders
[2025-04-13 18:32:22] [34mINFO[0;39m [36mg.service.ubs.OrderLockServiceImpl      [0;39m [35m:60  [0;39m Time: 2025-04-13T18:27:22.968242900
[2025-04-13 18:32:22] [34mINFO[0;39m [36mg.service.ubs.OrderLockServiceImpl      [0;39m [35m:62  [0;39m Unlock orders
[2025-04-13 18:33:22] [34mINFO[0;39m [36mg.service.ubs.OrderLockServiceImpl      [0;39m [35m:60  [0;39m Time: 2025-04-13T18:28:22.973266400
[2025-04-13 18:33:22] [34mINFO[0;39m [36mg.service.ubs.OrderLockServiceImpl      [0;39m [35m:62  [0;39m Unlock orders
[2025-04-13 18:34:22] [34mINFO[0;39m [36mg.service.ubs.OrderLockServiceImpl      [0;39m [35m:60  [0;39m Time: 2025-04-13T18:29:22.974962500
[2025-04-13 18:34:22] [34mINFO[0;39m [36mg.service.ubs.OrderLockServiceImpl      [0;39m [35m:62  [0;39m Unlock orders
[2025-04-13 18:35:22] [34mINFO[0;39m [36mg.service.ubs.OrderLockServiceImpl      [0;39m [35m:60  [0;39m Time: 2025-04-13T18:30:22.978718900
[2025-04-13 18:35:22] [34mINFO[0;39m [36mg.service.ubs.OrderLockServiceImpl      [0;39m [35m:62  [0;39m Unlock orders
[2025-04-13 18:36:22] [34mINFO[0;39m [36mg.service.ubs.OrderLockServiceImpl      [0;39m [35m:60  [0;39m Time: 2025-04-13T18:31:22.967978
[2025-04-13 18:36:22] [34mINFO[0;39m [36mg.service.ubs.OrderLockServiceImpl      [0;39m [35m:62  [0;39m Unlock orders
[2025-04-13 18:37:22] [34mINFO[0;39m [36mg.service.ubs.OrderLockServiceImpl      [0;39m [35m:60  [0;39m Time: 2025-04-13T18:32:22.975018600
[2025-04-13 18:37:22] [34mINFO[0;39m [36mg.service.ubs.OrderLockServiceImpl      [0;39m [35m:62  [0;39m Unlock orders
[2025-04-13 18:38:22] [34mINFO[0;39m [36mg.service.ubs.OrderLockServiceImpl      [0;39m [35m:60  [0;39m Time: 2025-04-13T18:33:22.972198700
[2025-04-13 18:38:22] [34mINFO[0;39m [36mg.service.ubs.OrderLockServiceImpl      [0;39m [35m:62  [0;39m Unlock orders
[2025-04-13 18:39:22] [34mINFO[0;39m [36mg.service.ubs.OrderLockServiceImpl      [0;39m [35m:60  [0;39m Time: 2025-04-13T18:34:22.975990300
[2025-04-13 18:39:22] [34mINFO[0;39m [36mg.service.ubs.OrderLockServiceImpl      [0;39m [35m:62  [0;39m Unlock orders
[2025-04-13 18:40:22] [34mINFO[0;39m [36mg.service.ubs.OrderLockServiceImpl      [0;39m [35m:60  [0;39m Time: 2025-04-13T18:35:22.973649900
[2025-04-13 18:40:22] [34mINFO[0;39m [36mg.service.ubs.OrderLockServiceImpl      [0;39m [35m:62  [0;39m Unlock orders
[2025-04-13 18:41:22] [34mINFO[0;39m [36mg.service.ubs.OrderLockServiceImpl      [0;39m [35m:60  [0;39m Time: 2025-04-13T18:36:22.974011300
[2025-04-13 18:41:22] [34mINFO[0;39m [36mg.service.ubs.OrderLockServiceImpl      [0;39m [35m:62  [0;39m Unlock orders
[2025-04-13 18:42:22] [34mINFO[0;39m [36mg.service.ubs.OrderLockServiceImpl      [0;39m [35m:60  [0;39m Time: 2025-04-13T18:37:22.977996400
[2025-04-13 18:42:22] [34mINFO[0;39m [36mg.service.ubs.OrderLockServiceImpl      [0;39m [35m:62  [0;39m Unlock orders
[2025-04-13 18:43:22] [34mINFO[0;39m [36mg.service.ubs.OrderLockServiceImpl      [0;39m [35m:60  [0;39m Time: 2025-04-13T18:38:22.979309600
[2025-04-13 18:43:22] [34mINFO[0;39m [36mg.service.ubs.OrderLockServiceImpl      [0;39m [35m:62  [0;39m Unlock orders
[2025-04-13 18:44:22] [34mINFO[0;39m [36mg.service.ubs.OrderLockServiceImpl      [0;39m [35m:60  [0;39m Time: 2025-04-13T18:39:22.966371200
[2025-04-13 18:44:22] [34mINFO[0;39m [36mg.service.ubs.OrderLockServiceImpl      [0;39m [35m:62  [0;39m Unlock orders
[2025-04-13 18:45:22] [34mINFO[0;39m [36mg.service.ubs.OrderLockServiceImpl      [0;39m [35m:60  [0;39m Time: 2025-04-13T18:40:22.970852900
[2025-04-13 18:45:22] [34mINFO[0;39m [36mg.service.ubs.OrderLockServiceImpl      [0;39m [35m:62  [0;39m Unlock orders
[2025-04-13 18:46:22] [34mINFO[0;39m [36mg.service.ubs.OrderLockServiceImpl      [0;39m [35m:60  [0;39m Time: 2025-04-13T18:41:22.973747400
[2025-04-13 18:46:22] [34mINFO[0;39m [36mg.service.ubs.OrderLockServiceImpl      [0;39m [35m:62  [0;39m Unlock orders
[2025-04-13 18:47:22] [34mINFO[0;39m [36mg.service.ubs.OrderLockServiceImpl      [0;39m [35m:60  [0;39m Time: 2025-04-13T18:42:22.975165900
[2025-04-13 18:47:22] [34mINFO[0;39m [36mg.service.ubs.OrderLockServiceImpl      [0;39m [35m:62  [0;39m Unlock orders
[2025-04-13 18:48:22] [34mINFO[0;39m [36mg.service.ubs.OrderLockServiceImpl      [0;39m [35m:60  [0;39m Time: 2025-04-13T18:43:22.975533800
[2025-04-13 18:48:22] [34mINFO[0;39m [36mg.service.ubs.OrderLockServiceImpl      [0;39m [35m:62  [0;39m Unlock orders
[2025-04-13 18:49:23] [34mINFO[0;39m [36mg.service.ubs.OrderLockServiceImpl      [0;39m [35m:60  [0;39m Time: 2025-04-13T18:44:23.043031300
[2025-04-13 18:49:23] [34mINFO[0;39m [36mg.service.ubs.OrderLockServiceImpl      [0;39m [35m:62  [0;39m Unlock orders
[2025-04-13 18:50:22] [34mINFO[0;39m [36mg.service.ubs.OrderLockServiceImpl      [0;39m [35m:60  [0;39m Time: 2025-04-13T18:45:22.980144500
[2025-04-13 18:50:22] [34mINFO[0;39m [36mg.service.ubs.OrderLockServiceImpl      [0;39m [35m:62  [0;39m Unlock orders
[2025-04-13 18:51:22] [34mINFO[0;39m [36mg.service.ubs.OrderLockServiceImpl      [0;39m [35m:60  [0;39m Time: 2025-04-13T18:46:22.969501500
[2025-04-13 18:51:22] [34mINFO[0;39m [36mg.service.ubs.OrderLockServiceImpl      [0;39m [35m:62  [0;39m Unlock orders
[2025-04-13 18:52:22] [34mINFO[0;39m [36mg.service.ubs.OrderLockServiceImpl      [0;39m [35m:60  [0;39m Time: 2025-04-13T18:47:22.976223
[2025-04-13 18:52:22] [34mINFO[0;39m [36mg.service.ubs.OrderLockServiceImpl      [0;39m [35m:62  [0;39m Unlock orders
[2025-04-13 18:53:22] [34mINFO[0;39m [36mg.service.ubs.OrderLockServiceImpl      [0;39m [35m:60  [0;39m Time: 2025-04-13T18:48:22.968027600
[2025-04-13 18:53:22] [34mINFO[0;39m [36mg.service.ubs.OrderLockServiceImpl      [0;39m [35m:62  [0;39m Unlock orders
[2025-04-13 18:54:22] [34mINFO[0;39m [36mg.service.ubs.OrderLockServiceImpl      [0;39m [35m:60  [0;39m Time: 2025-04-13T18:49:22.979201300
[2025-04-13 18:54:22] [34mINFO[0;39m [36mg.service.ubs.OrderLockServiceImpl      [0;39m [35m:62  [0;39m Unlock orders
[2025-04-13 18:55:22] [34mINFO[0;39m [36mg.service.ubs.OrderLockServiceImpl      [0;39m [35m:60  [0;39m Time: 2025-04-13T18:50:22.967506900
[2025-04-13 18:55:22] [34mINFO[0;39m [36mg.service.ubs.OrderLockServiceImpl      [0;39m [35m:62  [0;39m Unlock orders
[2025-04-13 18:56:22] [34mINFO[0;39m [36mg.service.ubs.OrderLockServiceImpl      [0;39m [35m:60  [0;39m Time: 2025-04-13T18:51:22.975335400
[2025-04-13 18:56:22] [34mINFO[0;39m [36mg.service.ubs.OrderLockServiceImpl      [0;39m [35m:62  [0;39m Unlock orders
[2025-04-13 18:57:22] [34mINFO[0;39m [36mg.service.ubs.OrderLockServiceImpl      [0;39m [35m:60  [0;39m Time: 2025-04-13T18:52:22.971863100
[2025-04-13 18:57:22] [34mINFO[0;39m [36mg.service.ubs.OrderLockServiceImpl      [0;39m [35m:62  [0;39m Unlock orders
[2025-04-13 18:58:22] [34mINFO[0;39m [36mg.service.ubs.OrderLockServiceImpl      [0;39m [35m:60  [0;39m Time: 2025-04-13T18:53:22.973280300
[2025-04-13 18:58:22] [34mINFO[0;39m [36mg.service.ubs.OrderLockServiceImpl      [0;39m [35m:62  [0;39m Unlock orders
[2025-04-13 18:59:22] [34mINFO[0;39m [36mg.service.ubs.OrderLockServiceImpl      [0;39m [35m:60  [0;39m Time: 2025-04-13T18:54:22.965220200
[2025-04-13 18:59:22] [34mINFO[0;39m [36mg.service.ubs.OrderLockServiceImpl      [0;39m [35m:62  [0;39m Unlock orders
[2025-04-13 19:00:22] [34mINFO[0;39m [36mg.service.ubs.OrderLockServiceImpl      [0;39m [35m:60  [0;39m Time: 2025-04-13T18:55:22.971736600
[2025-04-13 19:00:22] [34mINFO[0;39m [36mg.service.ubs.OrderLockServiceImpl      [0;39m [35m:62  [0;39m Unlock orders
[2025-04-13 19:01:22] [34mINFO[0;39m [36mg.service.ubs.OrderLockServiceImpl      [0;39m [35m:60  [0;39m Time: 2025-04-13T18:56:22.966456500
[2025-04-13 19:01:22] [34mINFO[0;39m [36mg.service.ubs.OrderLockServiceImpl      [0;39m [35m:62  [0;39m Unlock orders
[2025-04-13 19:02:22] [34mINFO[0;39m [36mg.service.ubs.OrderLockServiceImpl      [0;39m [35m:60  [0;39m Time: 2025-04-13T18:57:22.969247500
[2025-04-13 19:02:22] [34mINFO[0;39m [36mg.service.ubs.OrderLockServiceImpl      [0;39m [35m:62  [0;39m Unlock orders
[2025-04-13 19:03:22] [34mINFO[0;39m [36mg.service.ubs.OrderLockServiceImpl      [0;39m [35m:60  [0;39m Time: 2025-04-13T18:58:22.973758900
[2025-04-13 19:03:22] [34mINFO[0;39m [36mg.service.ubs.OrderLockServiceImpl      [0;39m [35m:62  [0;39m Unlock orders
[2025-04-13 19:04:22] [34mINFO[0;39m [36mg.service.ubs.OrderLockServiceImpl      [0;39m [35m:60  [0;39m Time: 2025-04-13T18:59:22.979921
[2025-04-13 19:04:22] [34mINFO[0;39m [36mg.service.ubs.OrderLockServiceImpl      [0;39m [35m:62  [0;39m Unlock orders
[2025-04-13 19:05:22] [34mINFO[0;39m [36mg.service.ubs.OrderLockServiceImpl      [0;39m [35m:60  [0;39m Time: 2025-04-13T19:00:22.978420
[2025-04-13 19:05:22] [34mINFO[0;39m [36mg.service.ubs.OrderLockServiceImpl      [0;39m [35m:62  [0;39m Unlock orders
[2025-04-13 19:06:22] [34mINFO[0;39m [36mg.service.ubs.OrderLockServiceImpl      [0;39m [35m:60  [0;39m Time: 2025-04-13T19:01:22.975399800
[2025-04-13 19:06:22] [34mINFO[0;39m [36mg.service.ubs.OrderLockServiceImpl      [0;39m [35m:62  [0;39m Unlock orders
[2025-04-13 19:07:22] [34mINFO[0;39m [36mg.service.ubs.OrderLockServiceImpl      [0;39m [35m:60  [0;39m Time: 2025-04-13T19:02:22.966910800
[2025-04-13 19:07:22] [34mINFO[0;39m [36mg.service.ubs.OrderLockServiceImpl      [0;39m [35m:62  [0;39m Unlock orders
[2025-04-13 19:08:22] [34mINFO[0;39m [36mg.service.ubs.OrderLockServiceImpl      [0;39m [35m:60  [0;39m Time: 2025-04-13T19:03:22.976662500
[2025-04-13 19:08:22] [34mINFO[0;39m [36mg.service.ubs.OrderLockServiceImpl      [0;39m [35m:62  [0;39m Unlock orders
[2025-04-13 19:09:22] [34mINFO[0;39m [36mg.service.ubs.OrderLockServiceImpl      [0;39m [35m:60  [0;39m Time: 2025-04-13T19:04:22.966918100
[2025-04-13 19:09:22] [34mINFO[0;39m [36mg.service.ubs.OrderLockServiceImpl      [0;39m [35m:62  [0;39m Unlock orders
[2025-04-13 19:10:22] [34mINFO[0;39m [36mg.service.ubs.OrderLockServiceImpl      [0;39m [35m:60  [0;39m Time: 2025-04-13T19:05:22.970104800
[2025-04-13 19:10:22] [34mINFO[0;39m [36mg.service.ubs.OrderLockServiceImpl      [0;39m [35m:62  [0;39m Unlock orders
[2025-04-13 19:11:22] [34mINFO[0;39m [36mg.service.ubs.OrderLockServiceImpl      [0;39m [35m:60  [0;39m Time: 2025-04-13T19:06:22.973935500
[2025-04-13 19:11:22] [34mINFO[0;39m [36mg.service.ubs.OrderLockServiceImpl      [0;39m [35m:62  [0;39m Unlock orders
[2025-04-13 19:12:22] [34mINFO[0;39m [36mg.service.ubs.OrderLockServiceImpl      [0;39m [35m:60  [0;39m Time: 2025-04-13T19:07:22.980142500
[2025-04-13 19:12:22] [34mINFO[0;39m [36mg.service.ubs.OrderLockServiceImpl      [0;39m [35m:62  [0;39m Unlock orders
[2025-04-13 19:13:22] [34mINFO[0;39m [36mg.service.ubs.OrderLockServiceImpl      [0;39m [35m:60  [0;39m Time: 2025-04-13T19:08:22.973030400
[2025-04-13 19:13:22] [34mINFO[0;39m [36mg.service.ubs.OrderLockServiceImpl      [0;39m [35m:62  [0;39m Unlock orders
[2025-04-13 19:14:22] [34mINFO[0;39m [36mg.service.ubs.OrderLockServiceImpl      [0;39m [35m:60  [0;39m Time: 2025-04-13T19:09:22.965182300
[2025-04-13 19:14:22] [34mINFO[0;39m [36mg.service.ubs.OrderLockServiceImpl      [0;39m [35m:62  [0;39m Unlock orders
[2025-04-13 19:15:22] [34mINFO[0;39m [36mg.service.ubs.OrderLockServiceImpl      [0;39m [35m:60  [0;39m Time: 2025-04-13T19:10:22.975130400
[2025-04-13 19:15:22] [34mINFO[0;39m [36mg.service.ubs.OrderLockServiceImpl      [0;39m [35m:62  [0;39m Unlock orders
[2025-04-13 19:16:22] [34mINFO[0;39m [36mg.service.ubs.OrderLockServiceImpl      [0;39m [35m:60  [0;39m Time: 2025-04-13T19:11:22.965288
[2025-04-13 19:16:22] [34mINFO[0;39m [36mg.service.ubs.OrderLockServiceImpl      [0;39m [35m:62  [0;39m Unlock orders
[2025-04-13 19:17:22] [34mINFO[0;39m [36mg.service.ubs.OrderLockServiceImpl      [0;39m [35m:60  [0;39m Time: 2025-04-13T19:12:22.985933
[2025-04-13 19:17:22] [34mINFO[0;39m [36mg.service.ubs.OrderLockServiceImpl      [0;39m [35m:62  [0;39m Unlock orders
[2025-04-13 19:18:22] [34mINFO[0;39m [36mg.service.ubs.OrderLockServiceImpl      [0;39m [35m:60  [0;39m Time: 2025-04-13T19:13:22.967950100
[2025-04-13 19:18:22] [34mINFO[0;39m [36mg.service.ubs.OrderLockServiceImpl      [0;39m [35m:62  [0;39m Unlock orders
[2025-04-13 19:19:22] [34mINFO[0;39m [36mg.service.ubs.OrderLockServiceImpl      [0;39m [35m:60  [0;39m Time: 2025-04-13T19:14:22.971417400
[2025-04-13 19:19:22] [34mINFO[0;39m [36mg.service.ubs.OrderLockServiceImpl      [0;39m [35m:62  [0;39m Unlock orders
[2025-04-13 19:20:22] [34mINFO[0;39m [36mg.service.ubs.OrderLockServiceImpl      [0;39m [35m:60  [0;39m Time: 2025-04-13T19:15:22.967057700
[2025-04-13 19:20:22] [34mINFO[0;39m [36mg.service.ubs.OrderLockServiceImpl      [0;39m [35m:62  [0;39m Unlock orders
[2025-04-13 19:21:22] [34mINFO[0;39m [36mg.service.ubs.OrderLockServiceImpl      [0;39m [35m:60  [0;39m Time: 2025-04-13T19:16:22.978385800
[2025-04-13 19:21:22] [34mINFO[0;39m [36mg.service.ubs.OrderLockServiceImpl      [0;39m [35m:62  [0;39m Unlock orders
[2025-04-13 19:22:22] [34mINFO[0;39m [36mg.service.ubs.OrderLockServiceImpl      [0;39m [35m:60  [0;39m Time: 2025-04-13T19:17:22.973942100
[2025-04-13 19:22:22] [34mINFO[0;39m [36mg.service.ubs.OrderLockServiceImpl      [0;39m [35m:62  [0;39m Unlock orders
[2025-04-13 19:23:22] [34mINFO[0;39m [36mg.service.ubs.OrderLockServiceImpl      [0;39m [35m:60  [0;39m Time: 2025-04-13T19:18:22.965782100
[2025-04-13 19:23:22] [34mINFO[0;39m [36mg.service.ubs.OrderLockServiceImpl      [0;39m [35m:62  [0;39m Unlock orders
[2025-04-13 19:24:22] [34mINFO[0;39m [36mg.service.ubs.OrderLockServiceImpl      [0;39m [35m:60  [0;39m Time: 2025-04-13T19:19:22.978662300
[2025-04-13 19:24:22] [34mINFO[0;39m [36mg.service.ubs.OrderLockServiceImpl      [0;39m [35m:62  [0;39m Unlock orders
[2025-04-13 19:25:22] [34mINFO[0;39m [36mg.service.ubs.OrderLockServiceImpl      [0;39m [35m:60  [0;39m Time: 2025-04-13T19:20:22.974470600
[2025-04-13 19:25:22] [34mINFO[0;39m [36mg.service.ubs.OrderLockServiceImpl      [0;39m [35m:62  [0;39m Unlock orders
[2025-04-13 19:26:22] [34mINFO[0;39m [36mg.service.ubs.OrderLockServiceImpl      [0;39m [35m:60  [0;39m Time: 2025-04-13T19:21:22.973751
[2025-04-13 19:26:22] [34mINFO[0;39m [36mg.service.ubs.OrderLockServiceImpl      [0;39m [35m:62  [0;39m Unlock orders
[2025-04-13 19:27:22] [34mINFO[0;39m [36mg.service.ubs.OrderLockServiceImpl      [0;39m [35m:60  [0;39m Time: 2025-04-13T19:22:22.972865700
[2025-04-13 19:27:22] [34mINFO[0;39m [36mg.service.ubs.OrderLockServiceImpl      [0;39m [35m:62  [0;39m Unlock orders
[2025-04-13 19:28:22] [34mINFO[0;39m [36mg.service.ubs.OrderLockServiceImpl      [0;39m [35m:60  [0;39m Time: 2025-04-13T19:23:22.976518400
[2025-04-13 19:28:22] [34mINFO[0;39m [36mg.service.ubs.OrderLockServiceImpl      [0;39m [35m:62  [0;39m Unlock orders
[2025-04-13 19:29:22] [34mINFO[0;39m [36mg.service.ubs.OrderLockServiceImpl      [0;39m [35m:60  [0;39m Time: 2025-04-13T19:24:22.975468600
[2025-04-13 19:29:22] [34mINFO[0;39m [36mg.service.ubs.OrderLockServiceImpl      [0;39m [35m:62  [0;39m Unlock orders
[2025-04-13 19:30:22] [34mINFO[0;39m [36mg.service.ubs.OrderLockServiceImpl      [0;39m [35m:60  [0;39m Time: 2025-04-13T19:25:22.970673700
[2025-04-13 19:30:22] [34mINFO[0;39m [36mg.service.ubs.OrderLockServiceImpl      [0;39m [35m:62  [0;39m Unlock orders
[2025-04-13 19:31:22] [34mINFO[0;39m [36mg.service.ubs.OrderLockServiceImpl      [0;39m [35m:60  [0;39m Time: 2025-04-13T19:26:22.978335500
[2025-04-13 19:31:22] [34mINFO[0;39m [36mg.service.ubs.OrderLockServiceImpl      [0;39m [35m:62  [0;39m Unlock orders
[2025-04-13 19:32:22] [34mINFO[0;39m [36mg.service.ubs.OrderLockServiceImpl      [0;39m [35m:60  [0;39m Time: 2025-04-13T19:27:22.966296100
[2025-04-13 19:32:22] [34mINFO[0;39m [36mg.service.ubs.OrderLockServiceImpl      [0;39m [35m:62  [0;39m Unlock orders
[2025-04-13 19:33:22] [34mINFO[0;39m [36mg.service.ubs.OrderLockServiceImpl      [0;39m [35m:60  [0;39m Time: 2025-04-13T19:28:22.977354600
[2025-04-13 19:33:22] [34mINFO[0;39m [36mg.service.ubs.OrderLockServiceImpl      [0;39m [35m:62  [0;39m Unlock orders
[2025-04-13 19:34:22] [34mINFO[0;39m [36mg.service.ubs.OrderLockServiceImpl      [0;39m [35m:60  [0;39m Time: 2025-04-13T19:29:22.967440800
[2025-04-13 19:34:22] [34mINFO[0;39m [36mg.service.ubs.OrderLockServiceImpl      [0;39m [35m:62  [0;39m Unlock orders
[2025-04-13 19:35:22] [34mINFO[0;39m [36mg.service.ubs.OrderLockServiceImpl      [0;39m [35m:60  [0;39m Time: 2025-04-13T19:30:22.978354500
[2025-04-13 19:35:22] [34mINFO[0;39m [36mg.service.ubs.OrderLockServiceImpl      [0;39m [35m:62  [0;39m Unlock orders
[2025-04-13 19:36:22] [34mINFO[0;39m [36mg.service.ubs.OrderLockServiceImpl      [0;39m [35m:60  [0;39m Time: 2025-04-13T19:31:22.973369600
[2025-04-13 19:36:22] [34mINFO[0;39m [36mg.service.ubs.OrderLockServiceImpl      [0;39m [35m:62  [0;39m Unlock orders
[2025-04-13 19:37:22] [34mINFO[0;39m [36mg.service.ubs.OrderLockServiceImpl      [0;39m [35m:60  [0;39m Time: 2025-04-13T19:32:22.975693700
[2025-04-13 19:37:22] [34mINFO[0;39m [36mg.service.ubs.OrderLockServiceImpl      [0;39m [35m:62  [0;39m Unlock orders
[2025-04-13 19:38:22] [34mINFO[0;39m [36mg.service.ubs.OrderLockServiceImpl      [0;39m [35m:60  [0;39m Time: 2025-04-13T19:33:22.970453900
[2025-04-13 19:38:22] [34mINFO[0;39m [36mg.service.ubs.OrderLockServiceImpl      [0;39m [35m:62  [0;39m Unlock orders
[2025-04-13 19:39:22] [34mINFO[0;39m [36mg.service.ubs.OrderLockServiceImpl      [0;39m [35m:60  [0;39m Time: 2025-04-13T19:34:22.974073600
[2025-04-13 19:39:22] [34mINFO[0;39m [36mg.service.ubs.OrderLockServiceImpl      [0;39m [35m:62  [0;39m Unlock orders
[2025-04-13 19:40:22] [34mINFO[0;39m [36mg.service.ubs.OrderLockServiceImpl      [0;39m [35m:60  [0;39m Time: 2025-04-13T19:35:22.975185500
[2025-04-13 19:40:22] [34mINFO[0;39m [36mg.service.ubs.OrderLockServiceImpl      [0;39m [35m:62  [0;39m Unlock orders
[2025-04-13 19:41:22] [34mINFO[0;39m [36mg.service.ubs.OrderLockServiceImpl      [0;39m [35m:60  [0;39m Time: 2025-04-13T19:36:22.979142700
[2025-04-13 19:41:22] [34mINFO[0;39m [36mg.service.ubs.OrderLockServiceImpl      [0;39m [35m:62  [0;39m Unlock orders
[2025-04-13 19:42:22] [34mINFO[0;39m [36mg.service.ubs.OrderLockServiceImpl      [0;39m [35m:60  [0;39m Time: 2025-04-13T19:37:22.976806400
[2025-04-13 19:42:22] [34mINFO[0;39m [36mg.service.ubs.OrderLockServiceImpl      [0;39m [35m:62  [0;39m Unlock orders
[2025-04-13 19:43:22] [34mINFO[0;39m [36mg.service.ubs.OrderLockServiceImpl      [0;39m [35m:60  [0;39m Time: 2025-04-13T19:38:22.980880100
[2025-04-13 19:43:22] [34mINFO[0;39m [36mg.service.ubs.OrderLockServiceImpl      [0;39m [35m:62  [0;39m Unlock orders
[2025-04-13 19:44:22] [34mINFO[0;39m [36mg.service.ubs.OrderLockServiceImpl      [0;39m [35m:60  [0;39m Time: 2025-04-13T19:39:22.975417500
[2025-04-13 19:44:22] [34mINFO[0;39m [36mg.service.ubs.OrderLockServiceImpl      [0;39m [35m:62  [0;39m Unlock orders
[2025-04-13 19:45:22] [34mINFO[0;39m [36mg.service.ubs.OrderLockServiceImpl      [0;39m [35m:60  [0;39m Time: 2025-04-13T19:40:22.968687400
[2025-04-13 19:45:22] [34mINFO[0;39m [36mg.service.ubs.OrderLockServiceImpl      [0;39m [35m:62  [0;39m Unlock orders
[2025-04-13 19:46:22] [34mINFO[0;39m [36mg.service.ubs.OrderLockServiceImpl      [0;39m [35m:60  [0;39m Time: 2025-04-13T19:41:22.973434900
[2025-04-13 19:46:22] [34mINFO[0;39m [36mg.service.ubs.OrderLockServiceImpl      [0;39m [35m:62  [0;39m Unlock orders
[2025-04-13 19:47:22] [34mINFO[0;39m [36mg.service.ubs.OrderLockServiceImpl      [0;39m [35m:60  [0;39m Time: 2025-04-13T19:42:22.980228300
[2025-04-13 19:47:22] [34mINFO[0;39m [36mg.service.ubs.OrderLockServiceImpl      [0;39m [35m:62  [0;39m Unlock orders
[2025-04-13 19:48:22] [34mINFO[0;39m [36mg.service.ubs.OrderLockServiceImpl      [0;39m [35m:60  [0;39m Time: 2025-04-13T19:43:22.977636500
[2025-04-13 19:48:22] [34mINFO[0;39m [36mg.service.ubs.OrderLockServiceImpl      [0;39m [35m:62  [0;39m Unlock orders
[2025-04-13 19:49:22] [34mINFO[0;39m [36mg.service.ubs.OrderLockServiceImpl      [0;39m [35m:60  [0;39m Time: 2025-04-13T19:44:22.974374200
[2025-04-13 19:49:22] [34mINFO[0;39m [36mg.service.ubs.OrderLockServiceImpl      [0;39m [35m:62  [0;39m Unlock orders
[2025-04-13 19:50:22] [34mINFO[0;39m [36mg.service.ubs.OrderLockServiceImpl      [0;39m [35m:60  [0;39m Time: 2025-04-13T19:45:22.971910400
[2025-04-13 19:50:22] [34mINFO[0;39m [36mg.service.ubs.OrderLockServiceImpl      [0;39m [35m:62  [0;39m Unlock orders
[2025-04-13 19:51:22] [34mINFO[0;39m [36mg.service.ubs.OrderLockServiceImpl      [0;39m [35m:60  [0;39m Time: 2025-04-13T19:46:22.977365300
[2025-04-13 19:51:22] [34mINFO[0;39m [36mg.service.ubs.OrderLockServiceImpl      [0;39m [35m:62  [0;39m Unlock orders
[2025-04-13 19:52:22] [34mINFO[0;39m [36mg.service.ubs.OrderLockServiceImpl      [0;39m [35m:60  [0;39m Time: 2025-04-13T19:47:22.966496200
[2025-04-13 19:52:22] [34mINFO[0;39m [36mg.service.ubs.OrderLockServiceImpl      [0;39m [35m:62  [0;39m Unlock orders
[2025-04-13 19:53:22] [34mINFO[0;39m [36mg.service.ubs.OrderLockServiceImpl      [0;39m [35m:60  [0;39m Time: 2025-04-13T19:48:22.968530
[2025-04-13 19:53:22] [34mINFO[0;39m [36mg.service.ubs.OrderLockServiceImpl      [0;39m [35m:62  [0;39m Unlock orders
[2025-04-13 19:54:22] [34mINFO[0;39m [36mg.service.ubs.OrderLockServiceImpl      [0;39m [35m:60  [0;39m Time: 2025-04-13T19:49:22.971553600
[2025-04-13 19:54:22] [34mINFO[0;39m [36mg.service.ubs.OrderLockServiceImpl      [0;39m [35m:62  [0;39m Unlock orders
[2025-04-13 19:55:22] [34mINFO[0;39m [36mg.service.ubs.OrderLockServiceImpl      [0;39m [35m:60  [0;39m Time: 2025-04-13T19:50:22.974105900
[2025-04-13 19:55:22] [34mINFO[0;39m [36mg.service.ubs.OrderLockServiceImpl      [0;39m [35m:62  [0;39m Unlock orders
[2025-04-13 19:56:22] [34mINFO[0;39m [36mg.service.ubs.OrderLockServiceImpl      [0;39m [35m:60  [0;39m Time: 2025-04-13T19:51:22.966584
[2025-04-13 19:56:22] [34mINFO[0;39m [36mg.service.ubs.OrderLockServiceImpl      [0;39m [35m:62  [0;39m Unlock orders
[2025-04-13 19:57:22] [34mINFO[0;39m [36mg.service.ubs.OrderLockServiceImpl      [0;39m [35m:60  [0;39m Time: 2025-04-13T19:52:22.971006400
[2025-04-13 19:57:22] [34mINFO[0;39m [36mg.service.ubs.OrderLockServiceImpl      [0;39m [35m:62  [0;39m Unlock orders
[2025-04-13 19:58:22] [34mINFO[0;39m [36mg.service.ubs.OrderLockServiceImpl      [0;39m [35m:60  [0;39m Time: 2025-04-13T19:53:22.978615900
[2025-04-13 19:58:22] [34mINFO[0;39m [36mg.service.ubs.OrderLockServiceImpl      [0;39m [35m:62  [0;39m Unlock orders
[2025-04-13 19:59:22] [34mINFO[0;39m [36mg.service.ubs.OrderLockServiceImpl      [0;39m [35m:60  [0;39m Time: 2025-04-13T19:54:22.975627100
[2025-04-13 19:59:22] [34mINFO[0;39m [36mg.service.ubs.OrderLockServiceImpl      [0;39m [35m:62  [0;39m Unlock orders
[2025-04-13 20:00:22] [34mINFO[0;39m [36mg.service.ubs.OrderLockServiceImpl      [0;39m [35m:60  [0;39m Time: 2025-04-13T19:55:22.974946600
[2025-04-13 20:00:22] [34mINFO[0;39m [36mg.service.ubs.OrderLockServiceImpl      [0;39m [35m:62  [0;39m Unlock orders
[2025-04-13 20:01:22] [34mINFO[0;39m [36mg.service.ubs.OrderLockServiceImpl      [0;39m [35m:60  [0;39m Time: 2025-04-13T19:56:22.978462400
[2025-04-13 20:01:22] [34mINFO[0;39m [36mg.service.ubs.OrderLockServiceImpl      [0;39m [35m:62  [0;39m Unlock orders
[2025-04-13 20:02:22] [34mINFO[0;39m [36mg.service.ubs.OrderLockServiceImpl      [0;39m [35m:60  [0;39m Time: 2025-04-13T19:57:22.969805800
[2025-04-13 20:02:22] [34mINFO[0;39m [36mg.service.ubs.OrderLockServiceImpl      [0;39m [35m:62  [0;39m Unlock orders
[2025-04-13 20:03:22] [34mINFO[0;39m [36mg.service.ubs.OrderLockServiceImpl      [0;39m [35m:60  [0;39m Time: 2025-04-13T19:58:22.970100
[2025-04-13 20:03:22] [34mINFO[0;39m [36mg.service.ubs.OrderLockServiceImpl      [0;39m [35m:62  [0;39m Unlock orders
[2025-04-13 20:04:22] [34mINFO[0;39m [36mg.service.ubs.OrderLockServiceImpl      [0;39m [35m:60  [0;39m Time: 2025-04-13T19:59:22.966645300
[2025-04-13 20:04:22] [34mINFO[0;39m [36mg.service.ubs.OrderLockServiceImpl      [0;39m [35m:62  [0;39m Unlock orders
[2025-04-13 20:05:22] [34mINFO[0;39m [36mg.service.ubs.OrderLockServiceImpl      [0;39m [35m:60  [0;39m Time: 2025-04-13T20:00:22.965813100
[2025-04-13 20:05:22] [34mINFO[0;39m [36mg.service.ubs.OrderLockServiceImpl      [0;39m [35m:62  [0;39m Unlock orders
[2025-04-13 20:06:22] [34mINFO[0;39m [36mg.service.ubs.OrderLockServiceImpl      [0;39m [35m:60  [0;39m Time: 2025-04-13T20:01:22.978529900
[2025-04-13 20:06:22] [34mINFO[0;39m [36mg.service.ubs.OrderLockServiceImpl      [0;39m [35m:62  [0;39m Unlock orders
[2025-04-13 20:07:22] [34mINFO[0;39m [36mg.service.ubs.OrderLockServiceImpl      [0;39m [35m:60  [0;39m Time: 2025-04-13T20:02:22.970759200
[2025-04-13 20:07:22] [34mINFO[0;39m [36mg.service.ubs.OrderLockServiceImpl      [0;39m [35m:62  [0;39m Unlock orders
[2025-04-13 20:08:22] [34mINFO[0;39m [36mg.service.ubs.OrderLockServiceImpl      [0;39m [35m:60  [0;39m Time: 2025-04-13T20:03:22.976147100
[2025-04-13 20:08:22] [34mINFO[0;39m [36mg.service.ubs.OrderLockServiceImpl      [0;39m [35m:62  [0;39m Unlock orders
[2025-04-13 20:09:22] [34mINFO[0;39m [36mg.service.ubs.OrderLockServiceImpl      [0;39m [35m:60  [0;39m Time: 2025-04-13T20:04:22.978152100
[2025-04-13 20:09:22] [34mINFO[0;39m [36mg.service.ubs.OrderLockServiceImpl      [0;39m [35m:62  [0;39m Unlock orders
[2025-04-13 20:10:22] [34mINFO[0;39m [36mg.service.ubs.OrderLockServiceImpl      [0;39m [35m:60  [0;39m Time: 2025-04-13T20:05:22.971404900
[2025-04-13 20:10:22] [34mINFO[0;39m [36mg.service.ubs.OrderLockServiceImpl      [0;39m [35m:62  [0;39m Unlock orders
[2025-04-13 20:11:22] [34mINFO[0;39m [36mg.service.ubs.OrderLockServiceImpl      [0;39m [35m:60  [0;39m Time: 2025-04-13T20:06:22.977546200
[2025-04-13 20:11:22] [34mINFO[0;39m [36mg.service.ubs.OrderLockServiceImpl      [0;39m [35m:62  [0;39m Unlock orders
[2025-04-13 20:12:22] [34mINFO[0;39m [36mg.service.ubs.OrderLockServiceImpl      [0;39m [35m:60  [0;39m Time: 2025-04-13T20:07:22.971027600
[2025-04-13 20:12:22] [34mINFO[0;39m [36mg.service.ubs.OrderLockServiceImpl      [0;39m [35m:62  [0;39m Unlock orders
[2025-04-13 20:13:22] [34mINFO[0;39m [36mg.service.ubs.OrderLockServiceImpl      [0;39m [35m:60  [0;39m Time: 2025-04-13T20:08:22.979277600
[2025-04-13 20:13:22] [34mINFO[0;39m [36mg.service.ubs.OrderLockServiceImpl      [0;39m [35m:62  [0;39m Unlock orders
[2025-04-13 20:14:22] [34mINFO[0;39m [36mg.service.ubs.OrderLockServiceImpl      [0;39m [35m:60  [0;39m Time: 2025-04-13T20:09:22.968333600
[2025-04-13 20:14:22] [34mINFO[0;39m [36mg.service.ubs.OrderLockServiceImpl      [0;39m [35m:62  [0;39m Unlock orders
[2025-04-13 20:15:22] [34mINFO[0;39m [36mg.service.ubs.OrderLockServiceImpl      [0;39m [35m:60  [0;39m Time: 2025-04-13T20:10:22.969484500
[2025-04-13 20:15:22] [34mINFO[0;39m [36mg.service.ubs.OrderLockServiceImpl      [0;39m [35m:62  [0;39m Unlock orders
[2025-04-13 20:16:22] [34mINFO[0;39m [36mg.service.ubs.OrderLockServiceImpl      [0;39m [35m:60  [0;39m Time: 2025-04-13T20:11:22.977344100
[2025-04-13 20:16:22] [34mINFO[0;39m [36mg.service.ubs.OrderLockServiceImpl      [0;39m [35m:62  [0;39m Unlock orders
[2025-04-13 20:17:22] [34mINFO[0;39m [36mg.service.ubs.OrderLockServiceImpl      [0;39m [35m:60  [0;39m Time: 2025-04-13T20:12:22.975072300
[2025-04-13 20:17:22] [34mINFO[0;39m [36mg.service.ubs.OrderLockServiceImpl      [0;39m [35m:62  [0;39m Unlock orders
[2025-04-13 20:18:22] [34mINFO[0;39m [36mg.service.ubs.OrderLockServiceImpl      [0;39m [35m:60  [0;39m Time: 2025-04-13T20:13:22.967606200
[2025-04-13 20:18:22] [34mINFO[0;39m [36mg.service.ubs.OrderLockServiceImpl      [0;39m [35m:62  [0;39m Unlock orders
[2025-04-13 20:19:22] [34mINFO[0;39m [36mg.service.ubs.OrderLockServiceImpl      [0;39m [35m:60  [0;39m Time: 2025-04-13T20:14:22.966872400
[2025-04-13 20:19:22] [34mINFO[0;39m [36mg.service.ubs.OrderLockServiceImpl      [0;39m [35m:62  [0;39m Unlock orders
[2025-04-13 20:19:56] [34mINFO[0;39m [36mg.s.f.AccessTokenAuthenticationFilter   [0;39m [35m:54  [0;39m token: eyJhbGciOiJIUzI1NiJ9.eyJzdWIiOiJzZXJ2aWNlQGdyZWVuY2l0eS51YSIsInJvbGUiOlsiUk9MRV9BRE1JTiJdLCJpYXQiOjE3NDQ1NjQ3OTYsImV4cCI6MTc0NDU3MTk5Nn0.2GCsss4Hj6jsfJVurEeM6CheEFGjnDvUgs7kR0-Ijv8
[2025-04-13 20:19:57] [34mINFO[0;39m [36mg.s.f.AccessTokenAuthenticationFilter   [0;39m [35m:62  [0;39m user: Optional[UserVO(id=1, email=service@greencity.ua, languageVO=greencity.dto.language.LanguageVO@1c60)]
[2025-04-13 20:20:22] [34mINFO[0;39m [36mg.service.ubs.OrderLockServiceImpl      [0;39m [35m:60  [0;39m Time: 2025-04-13T20:15:22.975810600
[2025-04-13 20:20:22] [34mINFO[0;39m [36mg.service.ubs.OrderLockServiceImpl      [0;39m [35m:62  [0;39m Unlock orders
[2025-04-13 20:21:22] [34mINFO[0;39m [36mg.service.ubs.OrderLockServiceImpl      [0;39m [35m:60  [0;39m Time: 2025-04-13T20:16:22.978276600
[2025-04-13 20:21:22] [34mINFO[0;39m [36mg.service.ubs.OrderLockServiceImpl      [0;39m [35m:62  [0;39m Unlock orders
[2025-04-13 20:22:22] [34mINFO[0;39m [36mg.service.ubs.OrderLockServiceImpl      [0;39m [35m:60  [0;39m Time: 2025-04-13T20:17:22.970321300
[2025-04-13 20:22:22] [34mINFO[0;39m [36mg.service.ubs.OrderLockServiceImpl      [0;39m [35m:62  [0;39m Unlock orders
[2025-04-13 20:23:22] [34mINFO[0;39m [36mg.service.ubs.OrderLockServiceImpl      [0;39m [35m:60  [0;39m Time: 2025-04-13T20:18:22.973891800
[2025-04-13 20:23:22] [34mINFO[0;39m [36mg.service.ubs.OrderLockServiceImpl      [0;39m [35m:62  [0;39m Unlock orders
[2025-04-13 20:24:22] [34mINFO[0;39m [36mg.service.ubs.OrderLockServiceImpl      [0;39m [35m:60  [0;39m Time: 2025-04-13T20:19:22.977821900
[2025-04-13 20:24:22] [34mINFO[0;39m [36mg.service.ubs.OrderLockServiceImpl      [0;39m [35m:62  [0;39m Unlock orders
[2025-04-13 20:25:22] [34mINFO[0;39m [36mg.service.ubs.OrderLockServiceImpl      [0;39m [35m:60  [0;39m Time: 2025-04-13T20:20:22.975423400
[2025-04-13 20:25:22] [34mINFO[0;39m [36mg.service.ubs.OrderLockServiceImpl      [0;39m [35m:62  [0;39m Unlock orders
[2025-04-13 20:26:22] [34mINFO[0;39m [36mg.service.ubs.OrderLockServiceImpl      [0;39m [35m:60  [0;39m Time: 2025-04-13T20:21:22.972242600
[2025-04-13 20:26:22] [34mINFO[0;39m [36mg.service.ubs.OrderLockServiceImpl      [0;39m [35m:62  [0;39m Unlock orders
[2025-04-13 20:27:22] [34mINFO[0;39m [36mg.service.ubs.OrderLockServiceImpl      [0;39m [35m:60  [0;39m Time: 2025-04-13T20:22:22.966039100
[2025-04-13 20:27:22] [34mINFO[0;39m [36mg.service.ubs.OrderLockServiceImpl      [0;39m [35m:62  [0;39m Unlock orders
[2025-04-13 20:28:05] [34mINFO[0;39m [36mg.s.f.AccessTokenAuthenticationFilter   [0;39m [35m:54  [0;39m token: eyJhbGciOiJIUzI1NiJ9.eyJzdWIiOiJzZXJ2aWNlQGdyZWVuY2l0eS51YSIsInJvbGUiOlsiUk9MRV9BRE1JTiJdLCJpYXQiOjE3NDQ1NjUyODUsImV4cCI6MTc0NDU3MjQ4NX0.eXMLwS4jHmMv8Bis32wqNgYmsAoQUp0s7BsTiRdeiN0
[2025-04-13 20:28:06] [34mINFO[0;39m [36mg.s.f.AccessTokenAuthenticationFilter   [0;39m [35m:62  [0;39m user: Optional[UserVO(id=1, email=service@greencity.ua, languageVO=greencity.dto.language.LanguageVO@1c60)]
[2025-04-13 20:28:22] [34mINFO[0;39m [36mg.service.ubs.OrderLockServiceImpl      [0;39m [35m:60  [0;39m Time: 2025-04-13T20:23:22.975627600
[2025-04-13 20:28:22] [34mINFO[0;39m [36mg.service.ubs.OrderLockServiceImpl      [0;39m [35m:62  [0;39m Unlock orders
[2025-04-13 20:29:22] [34mINFO[0;39m [36mg.service.ubs.OrderLockServiceImpl      [0;39m [35m:60  [0;39m Time: 2025-04-13T20:24:22.975990400
[2025-04-13 20:29:22] [34mINFO[0;39m [36mg.service.ubs.OrderLockServiceImpl      [0;39m [35m:62  [0;39m Unlock orders
[2025-04-13 20:29:29] [34mINFO[0;39m [36mg.s.f.AccessTokenAuthenticationFilter   [0;39m [35m:54  [0;39m token: eyJhbGciOiJIUzI1NiJ9.eyJzdWIiOiJvLmJ1bGhha292YS5jaGlAZ21haWwuY29tIiwicm9sZSI6WyJST0xFX1VTRVIiXSwiZXhwIjoxNzQ0NTY5MzQ0LCJpYXQiOjE3NDQ1NjIxNDR9.Tsau8z-OqgYP4Sgbr9J11p_acaxWXIt29E632tZ9OWU
[2025-04-13 20:29:30] [34mINFO[0;39m [36mg.s.f.AccessTokenAuthenticationFilter   [0;39m [35m:62  [0;39m user: Optional[UserVO(id=5, email=o.bulhakova.chi@gmail.com, languageVO=greencity.dto.language.LanguageVO@1c60)]
[2025-04-13 20:29:30] [31mWARN[0;39m [36m.m.m.a.ExceptionHandlerExceptionResolver[0;39m [35m:247 [0;39m Resolved [org.springframework.web.bind.MissingServletRequestParameterException: Required request parameter 'email' for method parameter type String is not present]
[2025-04-13 20:30:06] [34mINFO[0;39m [36mg.s.f.AccessTokenAuthenticationFilter   [0;39m [35m:54  [0;39m token: eyJhbGciOiJIUzI1NiJ9.eyJzdWIiOiJvLmJ1bGhha292YS5jaGlAZ21haWwuY29tIiwicm9sZSI6WyJST0xFX1VTRVIiXSwiZXhwIjoxNzQ0NTY5MzQ0LCJpYXQiOjE3NDQ1NjIxNDR9.Tsau8z-OqgYP4Sgbr9J11p_acaxWXIt29E632tZ9OWU
[2025-04-13 20:30:06] [34mINFO[0;39m [36mg.s.f.AccessTokenAuthenticationFilter   [0;39m [35m:62  [0;39m user: Optional[UserVO(id=5, email=o.bulhakova.chi@gmail.com, languageVO=greencity.dto.language.LanguageVO@1c60)]
[2025-04-13 20:30:22] [34mINFO[0;39m [36mg.service.ubs.OrderLockServiceImpl      [0;39m [35m:60  [0;39m Time: 2025-04-13T20:25:22.967798700
[2025-04-13 20:30:22] [34mINFO[0;39m [36mg.service.ubs.OrderLockServiceImpl      [0;39m [35m:62  [0;39m Unlock orders
[2025-04-13 20:31:22] [34mINFO[0;39m [36mg.service.ubs.OrderLockServiceImpl      [0;39m [35m:60  [0;39m Time: 2025-04-13T20:26:22.967540700
[2025-04-13 20:31:22] [34mINFO[0;39m [36mg.service.ubs.OrderLockServiceImpl      [0;39m [35m:62  [0;39m Unlock orders
[2025-04-13 20:32:22] [34mINFO[0;39m [36mg.service.ubs.OrderLockServiceImpl      [0;39m [35m:60  [0;39m Time: 2025-04-13T20:27:22.979729400
[2025-04-13 20:32:22] [34mINFO[0;39m [36mg.service.ubs.OrderLockServiceImpl      [0;39m [35m:62  [0;39m Unlock orders
[2025-04-13 20:33:22] [34mINFO[0;39m [36mg.service.ubs.OrderLockServiceImpl      [0;39m [35m:60  [0;39m Time: 2025-04-13T20:28:22.977722200
[2025-04-13 20:33:22] [34mINFO[0;39m [36mg.service.ubs.OrderLockServiceImpl      [0;39m [35m:62  [0;39m Unlock orders
[2025-04-13 20:34:22] [34mINFO[0;39m [36mg.service.ubs.OrderLockServiceImpl      [0;39m [35m:60  [0;39m Time: 2025-04-13T20:29:22.978830100
[2025-04-13 20:34:22] [34mINFO[0;39m [36mg.service.ubs.OrderLockServiceImpl      [0;39m [35m:62  [0;39m Unlock orders
[2025-04-13 20:35:22] [34mINFO[0;39m [36mg.service.ubs.OrderLockServiceImpl      [0;39m [35m:60  [0;39m Time: 2025-04-13T20:30:22.970477600
[2025-04-13 20:35:22] [34mINFO[0;39m [36mg.service.ubs.OrderLockServiceImpl      [0;39m [35m:62  [0;39m Unlock orders
[2025-04-13 20:36:22] [34mINFO[0;39m [36mg.service.ubs.OrderLockServiceImpl      [0;39m [35m:60  [0;39m Time: 2025-04-13T20:31:22.975327100
[2025-04-13 20:36:22] [34mINFO[0;39m [36mg.service.ubs.OrderLockServiceImpl      [0;39m [35m:62  [0;39m Unlock orders
[2025-04-13 20:37:22] [34mINFO[0;39m [36mg.service.ubs.OrderLockServiceImpl      [0;39m [35m:60  [0;39m Time: 2025-04-13T20:32:22.974365300
[2025-04-13 20:37:22] [34mINFO[0;39m [36mg.service.ubs.OrderLockServiceImpl      [0;39m [35m:62  [0;39m Unlock orders
[2025-04-13 20:38:22] [34mINFO[0;39m [36mg.service.ubs.OrderLockServiceImpl      [0;39m [35m:60  [0;39m Time: 2025-04-13T20:33:22.967350300
[2025-04-13 20:38:22] [34mINFO[0;39m [36mg.service.ubs.OrderLockServiceImpl      [0;39m [35m:62  [0;39m Unlock orders
[2025-04-13 20:39:22] [34mINFO[0;39m [36mg.service.ubs.OrderLockServiceImpl      [0;39m [35m:60  [0;39m Time: 2025-04-13T20:34:22.965688500
[2025-04-13 20:39:22] [34mINFO[0;39m [36mg.service.ubs.OrderLockServiceImpl      [0;39m [35m:62  [0;39m Unlock orders
[2025-04-13 20:40:22] [34mINFO[0;39m [36mg.service.ubs.OrderLockServiceImpl      [0;39m [35m:60  [0;39m Time: 2025-04-13T20:35:22.972410100
[2025-04-13 20:40:22] [34mINFO[0;39m [36mg.service.ubs.OrderLockServiceImpl      [0;39m [35m:62  [0;39m Unlock orders
[2025-04-13 20:41:22] [34mINFO[0;39m [36mg.service.ubs.OrderLockServiceImpl      [0;39m [35m:60  [0;39m Time: 2025-04-13T20:36:22.979586500
[2025-04-13 20:41:22] [34mINFO[0;39m [36mg.service.ubs.OrderLockServiceImpl      [0;39m [35m:62  [0;39m Unlock orders
[2025-04-13 20:42:22] [34mINFO[0;39m [36mg.service.ubs.OrderLockServiceImpl      [0;39m [35m:60  [0;39m Time: 2025-04-13T20:37:22.965182200
[2025-04-13 20:42:22] [34mINFO[0;39m [36mg.service.ubs.OrderLockServiceImpl      [0;39m [35m:62  [0;39m Unlock orders
[2025-04-13 20:43:22] [34mINFO[0;39m [36mg.service.ubs.OrderLockServiceImpl      [0;39m [35m:60  [0;39m Time: 2025-04-13T20:38:22.974036
[2025-04-13 20:43:22] [34mINFO[0;39m [36mg.service.ubs.OrderLockServiceImpl      [0;39m [35m:62  [0;39m Unlock orders
[2025-04-13 20:44:22] [34mINFO[0;39m [36mg.service.ubs.OrderLockServiceImpl      [0;39m [35m:60  [0;39m Time: 2025-04-13T20:39:22.969384200
[2025-04-13 20:44:22] [34mINFO[0;39m [36mg.service.ubs.OrderLockServiceImpl      [0;39m [35m:62  [0;39m Unlock orders
[2025-04-13 20:45:22] [34mINFO[0;39m [36mg.service.ubs.OrderLockServiceImpl      [0;39m [35m:60  [0;39m Time: 2025-04-13T20:40:22.975262700
[2025-04-13 20:45:22] [34mINFO[0;39m [36mg.service.ubs.OrderLockServiceImpl      [0;39m [35m:62  [0;39m Unlock orders
[2025-04-13 20:46:22] [34mINFO[0;39m [36mg.service.ubs.OrderLockServiceImpl      [0;39m [35m:60  [0;39m Time: 2025-04-13T20:41:22.974210400
[2025-04-13 20:46:22] [34mINFO[0;39m [36mg.service.ubs.OrderLockServiceImpl      [0;39m [35m:62  [0;39m Unlock orders
[2025-04-13 20:47:22] [34mINFO[0;39m [36mg.service.ubs.OrderLockServiceImpl      [0;39m [35m:60  [0;39m Time: 2025-04-13T20:42:22.976913500
[2025-04-13 20:47:22] [34mINFO[0;39m [36mg.service.ubs.OrderLockServiceImpl      [0;39m [35m:62  [0;39m Unlock orders
[2025-04-13 20:48:22] [34mINFO[0;39m [36mg.service.ubs.OrderLockServiceImpl      [0;39m [35m:60  [0;39m Time: 2025-04-13T20:43:22.970899200
[2025-04-13 20:48:22] [34mINFO[0;39m [36mg.service.ubs.OrderLockServiceImpl      [0;39m [35m:62  [0;39m Unlock orders
[2025-04-13 20:49:22] [34mINFO[0;39m [36mg.service.ubs.OrderLockServiceImpl      [0;39m [35m:60  [0;39m Time: 2025-04-13T20:44:22.978441300
[2025-04-13 20:49:22] [34mINFO[0;39m [36mg.service.ubs.OrderLockServiceImpl      [0;39m [35m:62  [0;39m Unlock orders
[2025-04-13 20:50:22] [34mINFO[0;39m [36mg.service.ubs.OrderLockServiceImpl      [0;39m [35m:60  [0;39m Time: 2025-04-13T20:45:22.968535400
[2025-04-13 20:50:22] [34mINFO[0;39m [36mg.service.ubs.OrderLockServiceImpl      [0;39m [35m:62  [0;39m Unlock orders
[2025-04-13 20:51:22] [34mINFO[0;39m [36mg.service.ubs.OrderLockServiceImpl      [0;39m [35m:60  [0;39m Time: 2025-04-13T20:46:22.977601900
[2025-04-13 20:51:22] [34mINFO[0;39m [36mg.service.ubs.OrderLockServiceImpl      [0;39m [35m:62  [0;39m Unlock orders
[2025-04-13 20:52:22] [34mINFO[0;39m [36mg.service.ubs.OrderLockServiceImpl      [0;39m [35m:60  [0;39m Time: 2025-04-13T20:47:22.976983400
[2025-04-13 20:52:22] [34mINFO[0;39m [36mg.service.ubs.OrderLockServiceImpl      [0;39m [35m:62  [0;39m Unlock orders
[2025-04-13 20:53:22] [34mINFO[0;39m [36mg.service.ubs.OrderLockServiceImpl      [0;39m [35m:60  [0;39m Time: 2025-04-13T20:48:22.979448900
[2025-04-13 20:53:22] [34mINFO[0;39m [36mg.service.ubs.OrderLockServiceImpl      [0;39m [35m:62  [0;39m Unlock orders
[2025-04-13 20:54:22] [34mINFO[0;39m [36mg.service.ubs.OrderLockServiceImpl      [0;39m [35m:60  [0;39m Time: 2025-04-13T20:49:22.978575900
[2025-04-13 20:54:22] [34mINFO[0;39m [36mg.service.ubs.OrderLockServiceImpl      [0;39m [35m:62  [0;39m Unlock orders
[2025-04-13 20:55:22] [34mINFO[0;39m [36mg.service.ubs.OrderLockServiceImpl      [0;39m [35m:60  [0;39m Time: 2025-04-13T20:50:22.976366200
[2025-04-13 20:55:22] [34mINFO[0;39m [36mg.service.ubs.OrderLockServiceImpl      [0;39m [35m:62  [0;39m Unlock orders
[2025-04-13 20:56:22] [34mINFO[0;39m [36mg.service.ubs.OrderLockServiceImpl      [0;39m [35m:60  [0;39m Time: 2025-04-13T20:51:22.978491
[2025-04-13 20:56:22] [34mINFO[0;39m [36mg.service.ubs.OrderLockServiceImpl      [0;39m [35m:62  [0;39m Unlock orders
[2025-04-13 20:57:22] [34mINFO[0;39m [36mg.service.ubs.OrderLockServiceImpl      [0;39m [35m:60  [0;39m Time: 2025-04-13T20:52:22.967190100
[2025-04-13 20:57:22] [34mINFO[0;39m [36mg.service.ubs.OrderLockServiceImpl      [0;39m [35m:62  [0;39m Unlock orders
[2025-04-13 20:58:22] [34mINFO[0;39m [36mg.service.ubs.OrderLockServiceImpl      [0;39m [35m:60  [0;39m Time: 2025-04-13T20:53:22.975686600
[2025-04-13 20:58:22] [34mINFO[0;39m [36mg.service.ubs.OrderLockServiceImpl      [0;39m [35m:62  [0;39m Unlock orders
[2025-04-13 20:59:22] [34mINFO[0;39m [36mg.service.ubs.OrderLockServiceImpl      [0;39m [35m:60  [0;39m Time: 2025-04-13T20:54:22.968522200
[2025-04-13 20:59:22] [34mINFO[0;39m [36mg.service.ubs.OrderLockServiceImpl      [0;39m [35m:62  [0;39m Unlock orders
[2025-04-13 21:00:22] [34mINFO[0;39m [36mg.service.ubs.OrderLockServiceImpl      [0;39m [35m:60  [0;39m Time: 2025-04-13T20:55:22.974928300
[2025-04-13 21:00:22] [34mINFO[0;39m [36mg.service.ubs.OrderLockServiceImpl      [0;39m [35m:62  [0;39m Unlock orders
[2025-04-13 21:01:22] [34mINFO[0;39m [36mg.service.ubs.OrderLockServiceImpl      [0;39m [35m:60  [0;39m Time: 2025-04-13T20:56:22.965831800
[2025-04-13 21:01:22] [34mINFO[0;39m [36mg.service.ubs.OrderLockServiceImpl      [0;39m [35m:62  [0;39m Unlock orders
[2025-04-13 21:02:22] [34mINFO[0;39m [36mg.service.ubs.OrderLockServiceImpl      [0;39m [35m:60  [0;39m Time: 2025-04-13T20:57:22.977086900
[2025-04-13 21:02:22] [34mINFO[0;39m [36mg.service.ubs.OrderLockServiceImpl      [0;39m [35m:62  [0;39m Unlock orders
[2025-04-13 21:03:22] [34mINFO[0;39m [36mg.service.ubs.OrderLockServiceImpl      [0;39m [35m:60  [0;39m Time: 2025-04-13T20:58:22.974357
[2025-04-13 21:03:22] [34mINFO[0;39m [36mg.service.ubs.OrderLockServiceImpl      [0;39m [35m:62  [0;39m Unlock orders
[2025-04-13 21:04:01] [34mINFO[0;39m [36mg.s.f.AccessTokenAuthenticationFilter   [0;39m [35m:54  [0;39m token: eyJhbGciOiJIUzI1NiJ9.eyJzdWIiOiJzZXJ2aWNlQGdyZWVuY2l0eS51YSIsInJvbGUiOlsiUk9MRV9BRE1JTiJdLCJpYXQiOjE3NDQ1Njc0NDEsImV4cCI6MTc0NDU3NDY0MX0.aU32usgf-W5CKw0b1WosFO_ZBfn6GGIXLOmVcKotVgs
[2025-04-13 21:04:02] [34mINFO[0;39m [36mg.s.f.AccessTokenAuthenticationFilter   [0;39m [35m:62  [0;39m user: Optional[UserVO(id=1, email=service@greencity.ua, languageVO=greencity.dto.language.LanguageVO@1c60)]
[2025-04-13 21:04:22] [34mINFO[0;39m [36mg.service.ubs.OrderLockServiceImpl      [0;39m [35m:60  [0;39m Time: 2025-04-13T20:59:22.978011
[2025-04-13 21:04:22] [34mINFO[0;39m [36mg.service.ubs.OrderLockServiceImpl      [0;39m [35m:62  [0;39m Unlock orders
[2025-04-13 21:05:22] [34mINFO[0;39m [36mg.service.ubs.OrderLockServiceImpl      [0;39m [35m:60  [0;39m Time: 2025-04-13T21:00:22.965921800
[2025-04-13 21:05:22] [34mINFO[0;39m [36mg.service.ubs.OrderLockServiceImpl      [0;39m [35m:62  [0;39m Unlock orders
[2025-04-13 21:06:22] [34mINFO[0;39m [36mg.service.ubs.OrderLockServiceImpl      [0;39m [35m:60  [0;39m Time: 2025-04-13T21:01:22.965029600
[2025-04-13 21:06:22] [34mINFO[0;39m [36mg.service.ubs.OrderLockServiceImpl      [0;39m [35m:62  [0;39m Unlock orders
[2025-04-13 21:07:22] [34mINFO[0;39m [36mg.service.ubs.OrderLockServiceImpl      [0;39m [35m:60  [0;39m Time: 2025-04-13T21:02:22.979685500
[2025-04-13 21:07:22] [34mINFO[0;39m [36mg.service.ubs.OrderLockServiceImpl      [0;39m [35m:62  [0;39m Unlock orders
[2025-04-13 21:08:22] [34mINFO[0;39m [36mg.service.ubs.OrderLockServiceImpl      [0;39m [35m:60  [0;39m Time: 2025-04-13T21:03:22.970640600
[2025-04-13 21:08:22] [34mINFO[0;39m [36mg.service.ubs.OrderLockServiceImpl      [0;39m [35m:62  [0;39m Unlock orders
[2025-04-13 21:09:22] [34mINFO[0;39m [36mg.service.ubs.OrderLockServiceImpl      [0;39m [35m:60  [0;39m Time: 2025-04-13T21:04:22.967773800
[2025-04-13 21:09:22] [34mINFO[0;39m [36mg.service.ubs.OrderLockServiceImpl      [0;39m [35m:62  [0;39m Unlock orders
[2025-04-13 21:10:22] [34mINFO[0;39m [36mg.service.ubs.OrderLockServiceImpl      [0;39m [35m:60  [0;39m Time: 2025-04-13T21:05:22.973308200
[2025-04-13 21:10:22] [34mINFO[0;39m [36mg.service.ubs.OrderLockServiceImpl      [0;39m [35m:62  [0;39m Unlock orders
[2025-04-13 21:11:22] [34mINFO[0;39m [36mg.service.ubs.OrderLockServiceImpl      [0;39m [35m:60  [0;39m Time: 2025-04-13T21:06:22.976607700
[2025-04-13 21:11:22] [34mINFO[0;39m [36mg.service.ubs.OrderLockServiceImpl      [0;39m [35m:62  [0;39m Unlock orders
[2025-04-13 21:12:22] [34mINFO[0;39m [36mg.service.ubs.OrderLockServiceImpl      [0;39m [35m:60  [0;39m Time: 2025-04-13T21:07:22.974722500
[2025-04-13 21:12:22] [34mINFO[0;39m [36mg.service.ubs.OrderLockServiceImpl      [0;39m [35m:62  [0;39m Unlock orders
[2025-04-13 21:13:22] [34mINFO[0;39m [36mg.service.ubs.OrderLockServiceImpl      [0;39m [35m:60  [0;39m Time: 2025-04-13T21:08:22.965482800
[2025-04-13 21:13:22] [34mINFO[0;39m [36mg.service.ubs.OrderLockServiceImpl      [0;39m [35m:62  [0;39m Unlock orders
[2025-04-13 21:14:22] [34mINFO[0;39m [36mg.service.ubs.OrderLockServiceImpl      [0;39m [35m:60  [0;39m Time: 2025-04-13T21:09:22.967872600
[2025-04-13 21:14:22] [34mINFO[0;39m [36mg.service.ubs.OrderLockServiceImpl      [0;39m [35m:62  [0;39m Unlock orders
[2025-04-13 21:15:22] [34mINFO[0;39m [36mg.service.ubs.OrderLockServiceImpl      [0;39m [35m:60  [0;39m Time: 2025-04-13T21:10:22.975338200
[2025-04-13 21:15:22] [34mINFO[0;39m [36mg.service.ubs.OrderLockServiceImpl      [0;39m [35m:62  [0;39m Unlock orders
[2025-04-13 21:16:22] [34mINFO[0;39m [36mg.service.ubs.OrderLockServiceImpl      [0;39m [35m:60  [0;39m Time: 2025-04-13T21:11:22.969570500
[2025-04-13 21:16:22] [34mINFO[0;39m [36mg.service.ubs.OrderLockServiceImpl      [0;39m [35m:62  [0;39m Unlock orders
[2025-04-13 21:17:22] [34mINFO[0;39m [36mg.service.ubs.OrderLockServiceImpl      [0;39m [35m:60  [0;39m Time: 2025-04-13T21:12:22.974518
[2025-04-13 21:17:22] [34mINFO[0;39m [36mg.service.ubs.OrderLockServiceImpl      [0;39m [35m:62  [0;39m Unlock orders
[2025-04-13 21:18:22] [34mINFO[0;39m [36mg.service.ubs.OrderLockServiceImpl      [0;39m [35m:60  [0;39m Time: 2025-04-13T21:13:22.966274600
[2025-04-13 21:18:22] [34mINFO[0;39m [36mg.service.ubs.OrderLockServiceImpl      [0;39m [35m:62  [0;39m Unlock orders
[2025-04-13 21:19:22] [34mINFO[0;39m [36mg.service.ubs.OrderLockServiceImpl      [0;39m [35m:60  [0;39m Time: 2025-04-13T21:14:22.965539600
[2025-04-13 21:19:22] [34mINFO[0;39m [36mg.service.ubs.OrderLockServiceImpl      [0;39m [35m:62  [0;39m Unlock orders
[2025-04-13 21:20:22] [34mINFO[0;39m [36mg.service.ubs.OrderLockServiceImpl      [0;39m [35m:60  [0;39m Time: 2025-04-13T21:15:22.977531500
[2025-04-13 21:20:22] [34mINFO[0;39m [36mg.service.ubs.OrderLockServiceImpl      [0;39m [35m:62  [0;39m Unlock orders
[2025-04-13 21:21:22] [34mINFO[0;39m [36mg.service.ubs.OrderLockServiceImpl      [0;39m [35m:60  [0;39m Time: 2025-04-13T21:16:22.973507
[2025-04-13 21:21:22] [34mINFO[0;39m [36mg.service.ubs.OrderLockServiceImpl      [0;39m [35m:62  [0;39m Unlock orders
[2025-04-13 21:22:22] [34mINFO[0;39m [36mg.service.ubs.OrderLockServiceImpl      [0;39m [35m:60  [0;39m Time: 2025-04-13T21:17:22.976653400
[2025-04-13 21:22:22] [34mINFO[0;39m [36mg.service.ubs.OrderLockServiceImpl      [0;39m [35m:62  [0;39m Unlock orders
[2025-04-13 21:23:22] [34mINFO[0;39m [36mg.service.ubs.OrderLockServiceImpl      [0;39m [35m:60  [0;39m Time: 2025-04-13T21:18:22.968053700
[2025-04-13 21:23:22] [34mINFO[0;39m [36mg.service.ubs.OrderLockServiceImpl      [0;39m [35m:62  [0;39m Unlock orders
[2025-04-13 21:24:22] [34mINFO[0;39m [36mg.service.ubs.OrderLockServiceImpl      [0;39m [35m:60  [0;39m Time: 2025-04-13T21:19:22.965091700
[2025-04-13 21:24:22] [34mINFO[0;39m [36mg.service.ubs.OrderLockServiceImpl      [0;39m [35m:62  [0;39m Unlock orders
[2025-04-13 21:25:22] [34mINFO[0;39m [36mg.service.ubs.OrderLockServiceImpl      [0;39m [35m:60  [0;39m Time: 2025-04-13T21:20:22.968721800
[2025-04-13 21:25:22] [34mINFO[0;39m [36mg.service.ubs.OrderLockServiceImpl      [0;39m [35m:62  [0;39m Unlock orders
[2025-04-13 21:26:22] [34mINFO[0;39m [36mg.service.ubs.OrderLockServiceImpl      [0;39m [35m:60  [0;39m Time: 2025-04-13T21:21:22.979344400
[2025-04-13 21:26:22] [34mINFO[0;39m [36mg.service.ubs.OrderLockServiceImpl      [0;39m [35m:62  [0;39m Unlock orders
[2025-04-13 21:27:22] [34mINFO[0;39m [36mg.service.ubs.OrderLockServiceImpl      [0;39m [35m:60  [0;39m Time: 2025-04-13T21:22:22.979423100
[2025-04-13 21:27:22] [34mINFO[0;39m [36mg.service.ubs.OrderLockServiceImpl      [0;39m [35m:62  [0;39m Unlock orders
[2025-04-13 21:28:22] [34mINFO[0;39m [36mg.service.ubs.OrderLockServiceImpl      [0;39m [35m:60  [0;39m Time: 2025-04-13T21:23:22.969778200
[2025-04-13 21:28:22] [34mINFO[0;39m [36mg.service.ubs.OrderLockServiceImpl      [0;39m [35m:62  [0;39m Unlock orders
[2025-04-13 21:29:22] [34mINFO[0;39m [36mg.service.ubs.OrderLockServiceImpl      [0;39m [35m:60  [0;39m Time: 2025-04-13T21:24:22.965123600
[2025-04-13 21:29:22] [34mINFO[0;39m [36mg.service.ubs.OrderLockServiceImpl      [0;39m [35m:62  [0;39m Unlock orders
[2025-04-13 21:30:22] [34mINFO[0;39m [36mg.service.ubs.OrderLockServiceImpl      [0;39m [35m:60  [0;39m Time: 2025-04-13T21:25:22.967025
[2025-04-13 21:30:22] [34mINFO[0;39m [36mg.service.ubs.OrderLockServiceImpl      [0;39m [35m:62  [0;39m Unlock orders
[2025-04-13 21:31:22] [34mINFO[0;39m [36mg.service.ubs.OrderLockServiceImpl      [0;39m [35m:60  [0;39m Time: 2025-04-13T21:26:22.975416800
[2025-04-13 21:31:22] [34mINFO[0;39m [36mg.service.ubs.OrderLockServiceImpl      [0;39m [35m:62  [0;39m Unlock orders
[2025-04-13 21:32:22] [34mINFO[0;39m [36mg.service.ubs.OrderLockServiceImpl      [0;39m [35m:60  [0;39m Time: 2025-04-13T21:27:22.964852500
[2025-04-13 21:32:22] [34mINFO[0;39m [36mg.service.ubs.OrderLockServiceImpl      [0;39m [35m:62  [0;39m Unlock orders
[2025-04-13 21:33:22] [34mINFO[0;39m [36mg.service.ubs.OrderLockServiceImpl      [0;39m [35m:60  [0;39m Time: 2025-04-13T21:28:22.968653
[2025-04-13 21:33:22] [34mINFO[0;39m [36mg.service.ubs.OrderLockServiceImpl      [0;39m [35m:62  [0;39m Unlock orders
[2025-04-13 21:34:22] [34mINFO[0;39m [36mg.service.ubs.OrderLockServiceImpl      [0;39m [35m:60  [0;39m Time: 2025-04-13T21:29:22.976743
[2025-04-13 21:34:22] [34mINFO[0;39m [36mg.service.ubs.OrderLockServiceImpl      [0;39m [35m:62  [0;39m Unlock orders
[2025-04-13 21:35:22] [34mINFO[0;39m [36mg.service.ubs.OrderLockServiceImpl      [0;39m [35m:60  [0;39m Time: 2025-04-13T21:30:22.969331200
[2025-04-13 21:35:22] [34mINFO[0;39m [36mg.service.ubs.OrderLockServiceImpl      [0;39m [35m:62  [0;39m Unlock orders
[2025-04-13 21:36:22] [34mINFO[0;39m [36mg.service.ubs.OrderLockServiceImpl      [0;39m [35m:60  [0;39m Time: 2025-04-13T21:31:22.970651200
[2025-04-13 21:36:22] [34mINFO[0;39m [36mg.service.ubs.OrderLockServiceImpl      [0;39m [35m:62  [0;39m Unlock orders
[2025-04-13 21:37:22] [34mINFO[0;39m [36mg.service.ubs.OrderLockServiceImpl      [0;39m [35m:60  [0;39m Time: 2025-04-13T21:32:22.974307100
[2025-04-13 21:37:22] [34mINFO[0;39m [36mg.service.ubs.OrderLockServiceImpl      [0;39m [35m:62  [0;39m Unlock orders
[2025-04-13 21:38:22] [34mINFO[0;39m [36mg.service.ubs.OrderLockServiceImpl      [0;39m [35m:60  [0;39m Time: 2025-04-13T21:33:22.978904900
[2025-04-13 21:38:22] [34mINFO[0;39m [36mg.service.ubs.OrderLockServiceImpl      [0;39m [35m:62  [0;39m Unlock orders
[2025-04-13 21:39:22] [34mINFO[0;39m [36mg.service.ubs.OrderLockServiceImpl      [0;39m [35m:60  [0;39m Time: 2025-04-13T21:34:22.978992300
[2025-04-13 21:39:22] [34mINFO[0;39m [36mg.service.ubs.OrderLockServiceImpl      [0;39m [35m:62  [0;39m Unlock orders
[2025-04-13 21:40:22] [34mINFO[0;39m [36mg.service.ubs.OrderLockServiceImpl      [0;39m [35m:60  [0;39m Time: 2025-04-13T21:35:22.970501500
[2025-04-13 21:40:22] [34mINFO[0;39m [36mg.service.ubs.OrderLockServiceImpl      [0;39m [35m:62  [0;39m Unlock orders
[2025-04-13 21:41:22] [34mINFO[0;39m [36mg.service.ubs.OrderLockServiceImpl      [0;39m [35m:60  [0;39m Time: 2025-04-13T21:36:22.971286900
[2025-04-13 21:41:22] [34mINFO[0;39m [36mg.service.ubs.OrderLockServiceImpl      [0;39m [35m:62  [0;39m Unlock orders
[2025-04-13 21:42:22] [34mINFO[0;39m [36mg.service.ubs.OrderLockServiceImpl      [0;39m [35m:60  [0;39m Time: 2025-04-13T21:37:22.979494900
[2025-04-13 21:42:22] [34mINFO[0;39m [36mg.service.ubs.OrderLockServiceImpl      [0;39m [35m:62  [0;39m Unlock orders
[2025-04-13 21:43:22] [34mINFO[0;39m [36mg.service.ubs.OrderLockServiceImpl      [0;39m [35m:60  [0;39m Time: 2025-04-13T21:38:22.976789800
[2025-04-13 21:43:22] [34mINFO[0;39m [36mg.service.ubs.OrderLockServiceImpl      [0;39m [35m:62  [0;39m Unlock orders
[2025-04-13 21:44:07] [34mINFO[0;39m [36mg.s.f.AccessTokenAuthenticationFilter   [0;39m [35m:54  [0;39m token: eyJhbGciOiJIUzI1NiJ9.eyJzdWIiOiJzZXJ2aWNlQGdyZWVuY2l0eS51YSIsInJvbGUiOlsiUk9MRV9BRE1JTiJdLCJpYXQiOjE3NDQ1Njk4NDcsImV4cCI6MTc0NDU3NzA0N30.q9xbFJwbnJJswRuq7gs_N8M0NHyNvvc1mKgQEhPNbjI
[2025-04-13 21:44:08] [34mINFO[0;39m [36mg.s.f.AccessTokenAuthenticationFilter   [0;39m [35m:62  [0;39m user: Optional[UserVO(id=1, email=service@greencity.ua, languageVO=greencity.dto.language.LanguageVO@1c60)]
[2025-04-13 21:44:22] [34mINFO[0;39m [36mg.service.ubs.OrderLockServiceImpl      [0;39m [35m:60  [0;39m Time: 2025-04-13T21:39:22.968097400
[2025-04-13 21:44:22] [34mINFO[0;39m [36mg.service.ubs.OrderLockServiceImpl      [0;39m [35m:62  [0;39m Unlock orders
[2025-04-13 21:44:51] [34mINFO[0;39m [36mg.s.f.AccessTokenAuthenticationFilter   [0;39m [35m:54  [0;39m token: eyJhbGciOiJIUzI1NiJ9.eyJzdWIiOiJzZXJ2aWNlQGdyZWVuY2l0eS51YSIsInJvbGUiOlsiUk9MRV9BRE1JTiJdLCJpYXQiOjE3NDQ1Njk4OTEsImV4cCI6MTc0NDU3NzA5MX0.HMtcqmQifje9EtBtfxHWZHvBGt4woR4NOT17abWDYgM
[2025-04-13 21:44:51] [34mINFO[0;39m [36mg.s.f.AccessTokenAuthenticationFilter   [0;39m [35m:62  [0;39m user: Optional[UserVO(id=1, email=service@greencity.ua, languageVO=greencity.dto.language.LanguageVO@1c60)]
[2025-04-13 21:45:22] [34mINFO[0;39m [36mg.service.ubs.OrderLockServiceImpl      [0;39m [35m:60  [0;39m Time: 2025-04-13T21:40:22.976763100
[2025-04-13 21:45:22] [34mINFO[0;39m [36mg.service.ubs.OrderLockServiceImpl      [0;39m [35m:62  [0;39m Unlock orders
[2025-04-13 21:46:17] [34mINFO[0;39m [36mg.s.f.AccessTokenAuthenticationFilter   [0;39m [35m:54  [0;39m token: eyJhbGciOiJIUzI1NiJ9.eyJzdWIiOiJzZXJ2aWNlQGdyZWVuY2l0eS51YSIsInJvbGUiOlsiUk9MRV9BRE1JTiJdLCJpYXQiOjE3NDQ1Njk5NzcsImV4cCI6MTc0NDU3NzE3N30.o-HYGelKiaB-6PiedGlACduhnH-yQCul_Hvx3iKgLYQ
[2025-04-13 21:46:18] [34mINFO[0;39m [36mg.s.f.AccessTokenAuthenticationFilter   [0;39m [35m:62  [0;39m user: Optional[UserVO(id=1, email=service@greencity.ua, languageVO=greencity.dto.language.LanguageVO@1c60)]
[2025-04-13 21:46:22] [34mINFO[0;39m [36mg.service.ubs.OrderLockServiceImpl      [0;39m [35m:60  [0;39m Time: 2025-04-13T21:41:22.972320
[2025-04-13 21:46:22] [34mINFO[0;39m [36mg.service.ubs.OrderLockServiceImpl      [0;39m [35m:62  [0;39m Unlock orders
[2025-04-13 21:47:22] [34mINFO[0;39m [36mg.service.ubs.OrderLockServiceImpl      [0;39m [35m:60  [0;39m Time: 2025-04-13T21:42:22.973136200
[2025-04-13 21:47:22] [34mINFO[0;39m [36mg.service.ubs.OrderLockServiceImpl      [0;39m [35m:62  [0;39m Unlock orders
[2025-04-13 21:48:22] [34mINFO[0;39m [36mg.service.ubs.OrderLockServiceImpl      [0;39m [35m:60  [0;39m Time: 2025-04-13T21:43:22.970930
[2025-04-13 21:48:22] [34mINFO[0;39m [36mg.service.ubs.OrderLockServiceImpl      [0;39m [35m:62  [0;39m Unlock orders
[2025-04-13 21:48:50] [34mINFO[0;39m [36mg.s.f.AccessTokenAuthenticationFilter   [0;39m [35m:54  [0;39m token: eyJhbGciOiJIUzI1NiJ9.eyJzdWIiOiJzZXJ2aWNlQGdyZWVuY2l0eS51YSIsInJvbGUiOlsiUk9MRV9BRE1JTiJdLCJpYXQiOjE3NDQ1NzAxMzAsImV4cCI6MTc0NDU3NzMzMH0.uxpzzHsoyW7DDm4BGJ1rORR8L6ALu78y64raqnplFWY
[2025-04-13 21:48:50] [34mINFO[0;39m [36mg.s.f.AccessTokenAuthenticationFilter   [0;39m [35m:62  [0;39m user: Optional[UserVO(id=1, email=service@greencity.ua, languageVO=greencity.dto.language.LanguageVO@1c60)]
[2025-04-13 21:48:59] [34mINFO[0;39m [36mg.s.f.AccessTokenAuthenticationFilter   [0;39m [35m:54  [0;39m token: eyJhbGciOiJIUzI1NiJ9.eyJzdWIiOiJzZXJ2aWNlQGdyZWVuY2l0eS51YSIsInJvbGUiOlsiUk9MRV9BRE1JTiJdLCJpYXQiOjE3NDQ1NzAxMzksImV4cCI6MTc0NDU3NzMzOX0.ES9_c-Jh-hSOMVAdis33NEQ0q_cuO6iP-CQhBJ4TSvw
[2025-04-13 21:48:59] [34mINFO[0;39m [36mg.s.f.AccessTokenAuthenticationFilter   [0;39m [35m:62  [0;39m user: Optional[UserVO(id=1, email=service@greencity.ua, languageVO=greencity.dto.language.LanguageVO@1c60)]
[2025-04-13 21:49:22] [34mINFO[0;39m [36mg.s.f.AccessTokenAuthenticationFilter   [0;39m [35m:54  [0;39m token: eyJhbGciOiJIUzI1NiJ9.eyJzdWIiOiJzZXJ2aWNlQGdyZWVuY2l0eS51YSIsInJvbGUiOlsiUk9MRV9BRE1JTiJdLCJpYXQiOjE3NDQ1NzAxNjIsImV4cCI6MTc0NDU3NzM2Mn0.kgXc0ANiZoc2RY8nI_k_yqF_dLsoiIpjw2mXy-y0EFM
[2025-04-13 21:49:22] [34mINFO[0;39m [36mg.s.f.AccessTokenAuthenticationFilter   [0;39m [35m:62  [0;39m user: Optional[UserVO(id=1, email=service@greencity.ua, languageVO=greencity.dto.language.LanguageVO@1c60)]
[2025-04-13 21:49:22] [34mINFO[0;39m [36mg.service.ubs.OrderLockServiceImpl      [0;39m [35m:60  [0;39m Time: 2025-04-13T21:44:22.969982900
[2025-04-13 21:49:22] [34mINFO[0;39m [36mg.service.ubs.OrderLockServiceImpl      [0;39m [35m:62  [0;39m Unlock orders
[2025-04-13 21:50:22] [34mINFO[0;39m [36mg.service.ubs.OrderLockServiceImpl      [0;39m [35m:60  [0;39m Time: 2025-04-13T21:45:22.976853700
[2025-04-13 21:50:22] [34mINFO[0;39m [36mg.service.ubs.OrderLockServiceImpl      [0;39m [35m:62  [0;39m Unlock orders
[2025-04-13 21:51:22] [34mINFO[0;39m [36mg.service.ubs.OrderLockServiceImpl      [0;39m [35m:60  [0;39m Time: 2025-04-13T21:46:22.974765500
[2025-04-13 21:51:22] [34mINFO[0;39m [36mg.service.ubs.OrderLockServiceImpl      [0;39m [35m:62  [0;39m Unlock orders
[2025-04-13 21:52:22] [34mINFO[0;39m [36mg.service.ubs.OrderLockServiceImpl      [0;39m [35m:60  [0;39m Time: 2025-04-13T21:47:22.967113900
[2025-04-13 21:52:22] [34mINFO[0;39m [36mg.service.ubs.OrderLockServiceImpl      [0;39m [35m:62  [0;39m Unlock orders
[2025-04-13 21:52:51] [34mINFO[0;39m [36mg.s.f.AccessTokenAuthenticationFilter   [0;39m [35m:54  [0;39m token: eyJhbGciOiJIUzI1NiJ9.eyJzdWIiOiJzZXJ2aWNlQGdyZWVuY2l0eS51YSIsInJvbGUiOlsiUk9MRV9BRE1JTiJdLCJpYXQiOjE3NDQ1NzAzNzEsImV4cCI6MTc0NDU3NzU3MX0.f-R7RxwpdsLzbtoibeaiMsAtJ4kJurjfRELMu9_3k3A
[2025-04-13 21:52:51] [34mINFO[0;39m [36mg.s.f.AccessTokenAuthenticationFilter   [0;39m [35m:62  [0;39m user: Optional[UserVO(id=1, email=service@greencity.ua, languageVO=greencity.dto.language.LanguageVO@1c60)]
[2025-04-13 21:53:22] [34mINFO[0;39m [36mg.service.ubs.OrderLockServiceImpl      [0;39m [35m:60  [0;39m Time: 2025-04-13T21:48:22.973221500
[2025-04-13 21:53:22] [34mINFO[0;39m [36mg.service.ubs.OrderLockServiceImpl      [0;39m [35m:62  [0;39m Unlock orders
[2025-04-13 21:53:29] [34mINFO[0;39m [36mg.s.f.AccessTokenAuthenticationFilter   [0;39m [35m:54  [0;39m token: eyJhbGciOiJIUzI1NiJ9.eyJzdWIiOiJzZXJ2aWNlQGdyZWVuY2l0eS51YSIsInJvbGUiOlsiUk9MRV9BRE1JTiJdLCJpYXQiOjE3NDQ1NzA0MDksImV4cCI6MTc0NDU3NzYwOX0.FigCF-ru9gRincotjliG_YZupgErO5vP1izDyKXuSyE
[2025-04-13 21:53:29] [34mINFO[0;39m [36mg.s.f.AccessTokenAuthenticationFilter   [0;39m [35m:62  [0;39m user: Optional[UserVO(id=1, email=service@greencity.ua, languageVO=greencity.dto.language.LanguageVO@1c60)]
[2025-04-13 21:54:22] [34mINFO[0;39m [36mg.service.ubs.OrderLockServiceImpl      [0;39m [35m:60  [0;39m Time: 2025-04-13T21:49:22.967718200
[2025-04-13 21:54:22] [34mINFO[0;39m [36mg.service.ubs.OrderLockServiceImpl      [0;39m [35m:62  [0;39m Unlock orders
[2025-04-13 21:55:22] [34mINFO[0;39m [36mg.service.ubs.OrderLockServiceImpl      [0;39m [35m:60  [0;39m Time: 2025-04-13T21:50:22.966488200
[2025-04-13 21:55:22] [34mINFO[0;39m [36mg.service.ubs.OrderLockServiceImpl      [0;39m [35m:62  [0;39m Unlock orders
[2025-04-13 21:56:22] [34mINFO[0;39m [36mg.service.ubs.OrderLockServiceImpl      [0;39m [35m:60  [0;39m Time: 2025-04-13T21:51:22.968946700
[2025-04-13 21:56:22] [34mINFO[0;39m [36mg.service.ubs.OrderLockServiceImpl      [0;39m [35m:62  [0;39m Unlock orders
[2025-04-13 21:57:22] [34mINFO[0;39m [36mg.service.ubs.OrderLockServiceImpl      [0;39m [35m:60  [0;39m Time: 2025-04-13T21:52:22.977141900
[2025-04-13 21:57:22] [34mINFO[0;39m [36mg.service.ubs.OrderLockServiceImpl      [0;39m [35m:62  [0;39m Unlock orders
[2025-04-13 21:58:22] [34mINFO[0;39m [36mg.service.ubs.OrderLockServiceImpl      [0;39m [35m:60  [0;39m Time: 2025-04-13T21:53:22.971899500
[2025-04-13 21:58:22] [34mINFO[0;39m [36mg.service.ubs.OrderLockServiceImpl      [0;39m [35m:62  [0;39m Unlock orders
[2025-04-13 21:59:22] [34mINFO[0;39m [36mg.service.ubs.OrderLockServiceImpl      [0;39m [35m:60  [0;39m Time: 2025-04-13T21:54:22.970816100
[2025-04-13 21:59:22] [34mINFO[0;39m [36mg.service.ubs.OrderLockServiceImpl      [0;39m [35m:62  [0;39m Unlock orders
[2025-04-13 22:00:22] [34mINFO[0;39m [36mg.service.ubs.OrderLockServiceImpl      [0;39m [35m:60  [0;39m Time: 2025-04-13T21:55:22.978180900
[2025-04-13 22:00:22] [34mINFO[0;39m [36mg.service.ubs.OrderLockServiceImpl      [0;39m [35m:62  [0;39m Unlock orders
[2025-04-13 22:01:22] [34mINFO[0;39m [36mg.service.ubs.OrderLockServiceImpl      [0;39m [35m:60  [0;39m Time: 2025-04-13T21:56:22.973981500
[2025-04-13 22:01:22] [34mINFO[0;39m [36mg.service.ubs.OrderLockServiceImpl      [0;39m [35m:62  [0;39m Unlock orders
[2025-04-13 22:02:22] [34mINFO[0;39m [36mg.service.ubs.OrderLockServiceImpl      [0;39m [35m:60  [0;39m Time: 2025-04-13T21:57:22.974563
[2025-04-13 22:02:22] [34mINFO[0;39m [36mg.service.ubs.OrderLockServiceImpl      [0;39m [35m:62  [0;39m Unlock orders
[2025-04-13 22:03:22] [34mINFO[0;39m [36mg.service.ubs.OrderLockServiceImpl      [0;39m [35m:60  [0;39m Time: 2025-04-13T21:58:22.970814400
[2025-04-13 22:03:22] [34mINFO[0;39m [36mg.service.ubs.OrderLockServiceImpl      [0;39m [35m:62  [0;39m Unlock orders
[2025-04-13 22:04:22] [34mINFO[0;39m [36mg.service.ubs.OrderLockServiceImpl      [0;39m [35m:60  [0;39m Time: 2025-04-13T21:59:22.972463
[2025-04-13 22:04:22] [34mINFO[0;39m [36mg.service.ubs.OrderLockServiceImpl      [0;39m [35m:62  [0;39m Unlock orders
[2025-04-13 22:05:22] [34mINFO[0;39m [36mg.service.ubs.OrderLockServiceImpl      [0;39m [35m:60  [0;39m Time: 2025-04-13T22:00:22.969114800
[2025-04-13 22:05:22] [34mINFO[0;39m [36mg.service.ubs.OrderLockServiceImpl      [0;39m [35m:62  [0;39m Unlock orders
[2025-04-13 22:06:22] [34mINFO[0;39m [36mg.service.ubs.OrderLockServiceImpl      [0;39m [35m:60  [0;39m Time: 2025-04-13T22:01:22.966798100
[2025-04-13 22:06:22] [34mINFO[0;39m [36mg.service.ubs.OrderLockServiceImpl      [0;39m [35m:62  [0;39m Unlock orders
[2025-04-13 22:07:22] [34mINFO[0;39m [36mg.service.ubs.OrderLockServiceImpl      [0;39m [35m:60  [0;39m Time: 2025-04-13T22:02:22.973637700
[2025-04-13 22:07:22] [34mINFO[0;39m [36mg.service.ubs.OrderLockServiceImpl      [0;39m [35m:62  [0;39m Unlock orders
[2025-04-13 22:08:22] [34mINFO[0;39m [36mg.service.ubs.OrderLockServiceImpl      [0;39m [35m:60  [0;39m Time: 2025-04-13T22:03:22.972821100
[2025-04-13 22:08:22] [34mINFO[0;39m [36mg.service.ubs.OrderLockServiceImpl      [0;39m [35m:62  [0;39m Unlock orders
[2025-04-13 22:09:22] [34mINFO[0;39m [36mg.service.ubs.OrderLockServiceImpl      [0;39m [35m:60  [0;39m Time: 2025-04-13T22:04:22.974681500
[2025-04-13 22:09:22] [34mINFO[0;39m [36mg.service.ubs.OrderLockServiceImpl      [0;39m [35m:62  [0;39m Unlock orders
[2025-04-13 22:10:22] [34mINFO[0;39m [36mg.service.ubs.OrderLockServiceImpl      [0;39m [35m:60  [0;39m Time: 2025-04-13T22:05:22.974575700
[2025-04-13 22:10:22] [34mINFO[0;39m [36mg.service.ubs.OrderLockServiceImpl      [0;39m [35m:62  [0;39m Unlock orders
[2025-04-13 22:11:22] [34mINFO[0;39m [36mg.service.ubs.OrderLockServiceImpl      [0;39m [35m:60  [0;39m Time: 2025-04-13T22:06:22.973142900
[2025-04-13 22:11:22] [34mINFO[0;39m [36mg.service.ubs.OrderLockServiceImpl      [0;39m [35m:62  [0;39m Unlock orders
[2025-04-13 22:12:22] [34mINFO[0;39m [36mg.service.ubs.OrderLockServiceImpl      [0;39m [35m:60  [0;39m Time: 2025-04-13T22:07:22.977974500
[2025-04-13 22:12:22] [34mINFO[0;39m [36mg.service.ubs.OrderLockServiceImpl      [0;39m [35m:62  [0;39m Unlock orders
[2025-04-13 22:13:22] [34mINFO[0;39m [36mg.service.ubs.OrderLockServiceImpl      [0;39m [35m:60  [0;39m Time: 2025-04-13T22:08:22.969473700
[2025-04-13 22:13:22] [34mINFO[0;39m [36mg.service.ubs.OrderLockServiceImpl      [0;39m [35m:62  [0;39m Unlock orders
[2025-04-13 22:14:22] [34mINFO[0;39m [36mg.service.ubs.OrderLockServiceImpl      [0;39m [35m:60  [0;39m Time: 2025-04-13T22:09:22.975411600
[2025-04-13 22:14:22] [34mINFO[0;39m [36mg.service.ubs.OrderLockServiceImpl      [0;39m [35m:62  [0;39m Unlock orders
[2025-04-13 22:15:22] [34mINFO[0;39m [36mg.service.ubs.OrderLockServiceImpl      [0;39m [35m:60  [0;39m Time: 2025-04-13T22:10:22.966081700
[2025-04-13 22:15:22] [34mINFO[0;39m [36mg.service.ubs.OrderLockServiceImpl      [0;39m [35m:62  [0;39m Unlock orders
[2025-04-13 22:16:22] [34mINFO[0;39m [36mg.service.ubs.OrderLockServiceImpl      [0;39m [35m:60  [0;39m Time: 2025-04-13T22:11:22.980397400
[2025-04-13 22:16:22] [34mINFO[0;39m [36mg.service.ubs.OrderLockServiceImpl      [0;39m [35m:62  [0;39m Unlock orders
[2025-04-13 22:17:22] [34mINFO[0;39m [36mg.service.ubs.OrderLockServiceImpl      [0;39m [35m:60  [0;39m Time: 2025-04-13T22:12:22.972707400
[2025-04-13 22:17:22] [34mINFO[0;39m [36mg.service.ubs.OrderLockServiceImpl      [0;39m [35m:62  [0;39m Unlock orders
[2025-04-13 22:18:22] [34mINFO[0;39m [36mg.service.ubs.OrderLockServiceImpl      [0;39m [35m:60  [0;39m Time: 2025-04-13T22:13:22.974083100
[2025-04-13 22:18:22] [34mINFO[0;39m [36mg.service.ubs.OrderLockServiceImpl      [0;39m [35m:62  [0;39m Unlock orders
[2025-04-13 22:19:22] [34mINFO[0;39m [36mg.service.ubs.OrderLockServiceImpl      [0;39m [35m:60  [0;39m Time: 2025-04-13T22:14:22.976977900
[2025-04-13 22:19:22] [34mINFO[0;39m [36mg.service.ubs.OrderLockServiceImpl      [0;39m [35m:62  [0;39m Unlock orders
[2025-04-13 22:20:22] [34mINFO[0;39m [36mg.service.ubs.OrderLockServiceImpl      [0;39m [35m:60  [0;39m Time: 2025-04-13T22:15:22.974252
[2025-04-13 22:20:22] [34mINFO[0;39m [36mg.service.ubs.OrderLockServiceImpl      [0;39m [35m:62  [0;39m Unlock orders
[2025-04-13 22:21:22] [34mINFO[0;39m [36mg.service.ubs.OrderLockServiceImpl      [0;39m [35m:60  [0;39m Time: 2025-04-13T22:16:22.979405400
[2025-04-13 22:21:22] [34mINFO[0;39m [36mg.service.ubs.OrderLockServiceImpl      [0;39m [35m:62  [0;39m Unlock orders
[2025-04-13 22:22:22] [34mINFO[0;39m [36mg.service.ubs.OrderLockServiceImpl      [0;39m [35m:60  [0;39m Time: 2025-04-13T22:17:22.966310300
[2025-04-13 22:22:22] [34mINFO[0;39m [36mg.service.ubs.OrderLockServiceImpl      [0;39m [35m:62  [0;39m Unlock orders
[2025-04-13 22:23:22] [34mINFO[0;39m [36mg.service.ubs.OrderLockServiceImpl      [0;39m [35m:60  [0;39m Time: 2025-04-13T22:18:22.970765200
[2025-04-13 22:23:22] [34mINFO[0;39m [36mg.service.ubs.OrderLockServiceImpl      [0;39m [35m:62  [0;39m Unlock orders
[2025-04-13 22:24:22] [34mINFO[0;39m [36mg.service.ubs.OrderLockServiceImpl      [0;39m [35m:60  [0;39m Time: 2025-04-13T22:19:22.970084300
[2025-04-13 22:24:22] [34mINFO[0;39m [36mg.service.ubs.OrderLockServiceImpl      [0;39m [35m:62  [0;39m Unlock orders
[2025-04-13 22:25:22] [34mINFO[0;39m [36mg.service.ubs.OrderLockServiceImpl      [0;39m [35m:60  [0;39m Time: 2025-04-13T22:20:22.967414
[2025-04-13 22:25:22] [34mINFO[0;39m [36mg.service.ubs.OrderLockServiceImpl      [0;39m [35m:62  [0;39m Unlock orders
[2025-04-13 22:26:22] [34mINFO[0;39m [36mg.service.ubs.OrderLockServiceImpl      [0;39m [35m:60  [0;39m Time: 2025-04-13T22:21:22.984200400
[2025-04-13 22:26:22] [34mINFO[0;39m [36mg.service.ubs.OrderLockServiceImpl      [0;39m [35m:62  [0;39m Unlock orders
[2025-04-13 22:27:22] [34mINFO[0;39m [36mg.service.ubs.OrderLockServiceImpl      [0;39m [35m:60  [0;39m Time: 2025-04-13T22:22:22.968558100
[2025-04-13 22:27:22] [34mINFO[0;39m [36mg.service.ubs.OrderLockServiceImpl      [0;39m [35m:62  [0;39m Unlock orders
[2025-04-13 22:28:22] [34mINFO[0;39m [36mg.service.ubs.OrderLockServiceImpl      [0;39m [35m:60  [0;39m Time: 2025-04-13T22:23:22.977103300
[2025-04-13 22:28:22] [34mINFO[0;39m [36mg.service.ubs.OrderLockServiceImpl      [0;39m [35m:62  [0;39m Unlock orders
[2025-04-13 22:29:22] [34mINFO[0;39m [36mg.service.ubs.OrderLockServiceImpl      [0;39m [35m:60  [0;39m Time: 2025-04-13T22:24:22.971176600
[2025-04-13 22:29:22] [34mINFO[0;39m [36mg.service.ubs.OrderLockServiceImpl      [0;39m [35m:62  [0;39m Unlock orders
[2025-04-13 22:30:22] [34mINFO[0;39m [36mg.service.ubs.OrderLockServiceImpl      [0;39m [35m:60  [0;39m Time: 2025-04-13T22:25:22.967063900
[2025-04-13 22:30:22] [34mINFO[0;39m [36mg.service.ubs.OrderLockServiceImpl      [0;39m [35m:62  [0;39m Unlock orders
[2025-04-13 22:31:22] [34mINFO[0;39m [36mg.service.ubs.OrderLockServiceImpl      [0;39m [35m:60  [0;39m Time: 2025-04-13T22:26:22.979418700
[2025-04-13 22:31:22] [34mINFO[0;39m [36mg.service.ubs.OrderLockServiceImpl      [0;39m [35m:62  [0;39m Unlock orders
[2025-04-13 22:32:22] [34mINFO[0;39m [36mg.service.ubs.OrderLockServiceImpl      [0;39m [35m:60  [0;39m Time: 2025-04-13T22:27:22.965531600
[2025-04-13 22:32:22] [34mINFO[0;39m [36mg.service.ubs.OrderLockServiceImpl      [0;39m [35m:62  [0;39m Unlock orders
[2025-04-13 22:33:22] [34mINFO[0;39m [36mg.service.ubs.OrderLockServiceImpl      [0;39m [35m:60  [0;39m Time: 2025-04-13T22:28:22.974683900
[2025-04-13 22:33:22] [34mINFO[0;39m [36mg.service.ubs.OrderLockServiceImpl      [0;39m [35m:62  [0;39m Unlock orders
[2025-04-13 22:34:22] [34mINFO[0;39m [36mg.service.ubs.OrderLockServiceImpl      [0;39m [35m:60  [0;39m Time: 2025-04-13T22:29:22.979735
[2025-04-13 22:34:22] [34mINFO[0;39m [36mg.service.ubs.OrderLockServiceImpl      [0;39m [35m:62  [0;39m Unlock orders
[2025-04-13 22:35:22] [34mINFO[0;39m [36mg.service.ubs.OrderLockServiceImpl      [0;39m [35m:60  [0;39m Time: 2025-04-13T22:30:22.979432300
[2025-04-13 22:35:22] [34mINFO[0;39m [36mg.service.ubs.OrderLockServiceImpl      [0;39m [35m:62  [0;39m Unlock orders
[2025-04-13 22:36:22] [34mINFO[0;39m [36mg.service.ubs.OrderLockServiceImpl      [0;39m [35m:60  [0;39m Time: 2025-04-13T22:31:22.978656900
[2025-04-13 22:36:22] [34mINFO[0;39m [36mg.service.ubs.OrderLockServiceImpl      [0;39m [35m:62  [0;39m Unlock orders
[2025-04-13 22:37:22] [34mINFO[0;39m [36mg.service.ubs.OrderLockServiceImpl      [0;39m [35m:60  [0;39m Time: 2025-04-13T22:32:22.972862800
[2025-04-13 22:37:22] [34mINFO[0;39m [36mg.service.ubs.OrderLockServiceImpl      [0;39m [35m:62  [0;39m Unlock orders
[2025-04-13 22:38:22] [34mINFO[0;39m [36mg.service.ubs.OrderLockServiceImpl      [0;39m [35m:60  [0;39m Time: 2025-04-13T22:33:22.970554300
[2025-04-13 22:38:22] [34mINFO[0;39m [36mg.service.ubs.OrderLockServiceImpl      [0;39m [35m:62  [0;39m Unlock orders
[2025-04-13 22:39:22] [34mINFO[0;39m [36mg.service.ubs.OrderLockServiceImpl      [0;39m [35m:60  [0;39m Time: 2025-04-13T22:34:22.967538400
[2025-04-13 22:39:22] [34mINFO[0;39m [36mg.service.ubs.OrderLockServiceImpl      [0;39m [35m:62  [0;39m Unlock orders
[2025-04-13 22:40:22] [34mINFO[0;39m [36mg.service.ubs.OrderLockServiceImpl      [0;39m [35m:60  [0;39m Time: 2025-04-13T22:35:22.965272200
[2025-04-13 22:40:22] [34mINFO[0;39m [36mg.service.ubs.OrderLockServiceImpl      [0;39m [35m:62  [0;39m Unlock orders
[2025-04-13 22:41:22] [34mINFO[0;39m [36mg.service.ubs.OrderLockServiceImpl      [0;39m [35m:60  [0;39m Time: 2025-04-13T22:36:22.966217700
[2025-04-13 22:41:22] [34mINFO[0;39m [36mg.service.ubs.OrderLockServiceImpl      [0;39m [35m:62  [0;39m Unlock orders
[2025-04-13 22:42:22] [34mINFO[0;39m [36mg.service.ubs.OrderLockServiceImpl      [0;39m [35m:60  [0;39m Time: 2025-04-13T22:37:22.965709700
[2025-04-13 22:42:22] [34mINFO[0;39m [36mg.service.ubs.OrderLockServiceImpl      [0;39m [35m:62  [0;39m Unlock orders
[2025-04-13 22:43:22] [34mINFO[0;39m [36mg.service.ubs.OrderLockServiceImpl      [0;39m [35m:60  [0;39m Time: 2025-04-13T22:38:22.974080200
[2025-04-13 22:43:22] [34mINFO[0;39m [36mg.service.ubs.OrderLockServiceImpl      [0;39m [35m:62  [0;39m Unlock orders
[2025-04-13 22:44:22] [34mINFO[0;39m [36mg.service.ubs.OrderLockServiceImpl      [0;39m [35m:60  [0;39m Time: 2025-04-13T22:39:22.966855700
[2025-04-13 22:44:22] [34mINFO[0;39m [36mg.service.ubs.OrderLockServiceImpl      [0;39m [35m:62  [0;39m Unlock orders
[2025-04-13 22:45:22] [34mINFO[0;39m [36mg.service.ubs.OrderLockServiceImpl      [0;39m [35m:60  [0;39m Time: 2025-04-13T22:40:22.966703200
[2025-04-13 22:45:22] [34mINFO[0;39m [36mg.service.ubs.OrderLockServiceImpl      [0;39m [35m:62  [0;39m Unlock orders
[2025-04-13 22:46:22] [34mINFO[0;39m [36mg.service.ubs.OrderLockServiceImpl      [0;39m [35m:60  [0;39m Time: 2025-04-13T22:41:22.966551300
[2025-04-13 22:46:22] [34mINFO[0;39m [36mg.service.ubs.OrderLockServiceImpl      [0;39m [35m:62  [0;39m Unlock orders
[2025-04-13 22:47:22] [34mINFO[0;39m [36mg.service.ubs.OrderLockServiceImpl      [0;39m [35m:60  [0;39m Time: 2025-04-13T22:42:22.973026900
[2025-04-13 22:47:22] [34mINFO[0;39m [36mg.service.ubs.OrderLockServiceImpl      [0;39m [35m:62  [0;39m Unlock orders
[2025-04-13 22:48:22] [34mINFO[0;39m [36mg.service.ubs.OrderLockServiceImpl      [0;39m [35m:60  [0;39m Time: 2025-04-13T22:43:22.973456300
[2025-04-13 22:48:22] [34mINFO[0;39m [36mg.service.ubs.OrderLockServiceImpl      [0;39m [35m:62  [0;39m Unlock orders
[2025-04-13 22:49:22] [34mINFO[0;39m [36mg.service.ubs.OrderLockServiceImpl      [0;39m [35m:60  [0;39m Time: 2025-04-13T22:44:22.966049100
[2025-04-13 22:49:22] [34mINFO[0;39m [36mg.service.ubs.OrderLockServiceImpl      [0;39m [35m:62  [0;39m Unlock orders
[2025-04-13 22:50:22] [34mINFO[0;39m [36mg.service.ubs.OrderLockServiceImpl      [0;39m [35m:60  [0;39m Time: 2025-04-13T22:45:22.978200400
[2025-04-13 22:50:22] [34mINFO[0;39m [36mg.service.ubs.OrderLockServiceImpl      [0;39m [35m:62  [0;39m Unlock orders
[2025-04-13 22:51:22] [34mINFO[0;39m [36mg.service.ubs.OrderLockServiceImpl      [0;39m [35m:60  [0;39m Time: 2025-04-13T22:46:22.975552800
[2025-04-13 22:51:22] [34mINFO[0;39m [36mg.service.ubs.OrderLockServiceImpl      [0;39m [35m:62  [0;39m Unlock orders
[2025-04-13 22:52:22] [34mINFO[0;39m [36mg.service.ubs.OrderLockServiceImpl      [0;39m [35m:60  [0;39m Time: 2025-04-13T22:47:22.980132900
[2025-04-13 22:52:22] [34mINFO[0;39m [36mg.service.ubs.OrderLockServiceImpl      [0;39m [35m:62  [0;39m Unlock orders
[2025-04-13 22:53:22] [34mINFO[0;39m [36mg.service.ubs.OrderLockServiceImpl      [0;39m [35m:60  [0;39m Time: 2025-04-13T22:48:22.970221300
[2025-04-13 22:53:22] [34mINFO[0;39m [36mg.service.ubs.OrderLockServiceImpl      [0;39m [35m:62  [0;39m Unlock orders
[2025-04-13 22:54:22] [34mINFO[0;39m [36mg.service.ubs.OrderLockServiceImpl      [0;39m [35m:60  [0;39m Time: 2025-04-13T22:49:22.977687200
[2025-04-13 22:54:22] [34mINFO[0;39m [36mg.service.ubs.OrderLockServiceImpl      [0;39m [35m:62  [0;39m Unlock orders
[2025-04-13 22:55:22] [34mINFO[0;39m [36mg.service.ubs.OrderLockServiceImpl      [0;39m [35m:60  [0;39m Time: 2025-04-13T22:50:22.966761100
[2025-04-13 22:55:22] [34mINFO[0;39m [36mg.service.ubs.OrderLockServiceImpl      [0;39m [35m:62  [0;39m Unlock orders
[2025-04-13 22:56:22] [34mINFO[0;39m [36mg.service.ubs.OrderLockServiceImpl      [0;39m [35m:60  [0;39m Time: 2025-04-13T22:51:22.965940900
[2025-04-13 22:56:22] [34mINFO[0;39m [36mg.service.ubs.OrderLockServiceImpl      [0;39m [35m:62  [0;39m Unlock orders
[2025-04-13 22:57:22] [34mINFO[0;39m [36mg.service.ubs.OrderLockServiceImpl      [0;39m [35m:60  [0;39m Time: 2025-04-13T22:52:22.971775800
[2025-04-13 22:57:22] [34mINFO[0;39m [36mg.service.ubs.OrderLockServiceImpl      [0;39m [35m:62  [0;39m Unlock orders
[2025-04-13 22:58:22] [34mINFO[0;39m [36mg.service.ubs.OrderLockServiceImpl      [0;39m [35m:60  [0;39m Time: 2025-04-13T22:53:22.971566700
[2025-04-13 22:58:22] [34mINFO[0;39m [36mg.service.ubs.OrderLockServiceImpl      [0;39m [35m:62  [0;39m Unlock orders
[2025-04-13 22:59:22] [34mINFO[0;39m [36mg.service.ubs.OrderLockServiceImpl      [0;39m [35m:60  [0;39m Time: 2025-04-13T22:54:22.970561800
[2025-04-13 22:59:22] [34mINFO[0;39m [36mg.service.ubs.OrderLockServiceImpl      [0;39m [35m:62  [0;39m Unlock orders
[2025-04-13 23:00:22] [34mINFO[0;39m [36mg.service.ubs.OrderLockServiceImpl      [0;39m [35m:60  [0;39m Time: 2025-04-13T22:55:22.966525600
[2025-04-13 23:00:22] [34mINFO[0;39m [36mg.service.ubs.OrderLockServiceImpl      [0;39m [35m:62  [0;39m Unlock orders
[2025-04-13 23:01:22] [34mINFO[0;39m [36mg.service.ubs.OrderLockServiceImpl      [0;39m [35m:60  [0;39m Time: 2025-04-13T22:56:22.974433400
[2025-04-13 23:01:22] [34mINFO[0;39m [36mg.service.ubs.OrderLockServiceImpl      [0;39m [35m:62  [0;39m Unlock orders
[2025-04-13 23:02:22] [34mINFO[0;39m [36mg.service.ubs.OrderLockServiceImpl      [0;39m [35m:60  [0;39m Time: 2025-04-13T22:57:22.975214100
[2025-04-13 23:02:22] [34mINFO[0;39m [36mg.service.ubs.OrderLockServiceImpl      [0;39m [35m:62  [0;39m Unlock orders
[2025-04-13 23:03:22] [34mINFO[0;39m [36mg.service.ubs.OrderLockServiceImpl      [0;39m [35m:60  [0;39m Time: 2025-04-13T22:58:22.972194
[2025-04-13 23:03:22] [34mINFO[0;39m [36mg.service.ubs.OrderLockServiceImpl      [0;39m [35m:62  [0;39m Unlock orders
[2025-04-13 23:04:22] [34mINFO[0;39m [36mg.service.ubs.OrderLockServiceImpl      [0;39m [35m:60  [0;39m Time: 2025-04-13T22:59:22.970510800
[2025-04-13 23:04:22] [34mINFO[0;39m [36mg.service.ubs.OrderLockServiceImpl      [0;39m [35m:62  [0;39m Unlock orders
[2025-04-13 23:05:22] [34mINFO[0;39m [36mg.service.ubs.OrderLockServiceImpl      [0;39m [35m:60  [0;39m Time: 2025-04-13T23:00:22.975819600
[2025-04-13 23:05:22] [34mINFO[0;39m [36mg.service.ubs.OrderLockServiceImpl      [0;39m [35m:62  [0;39m Unlock orders
[2025-04-13 23:06:22] [34mINFO[0;39m [36mg.service.ubs.OrderLockServiceImpl      [0;39m [35m:60  [0;39m Time: 2025-04-13T23:01:22.975991600
[2025-04-13 23:06:22] [34mINFO[0;39m [36mg.service.ubs.OrderLockServiceImpl      [0;39m [35m:62  [0;39m Unlock orders
[2025-04-13 23:07:22] [34mINFO[0;39m [36mg.service.ubs.OrderLockServiceImpl      [0;39m [35m:60  [0;39m Time: 2025-04-13T23:02:22.969071100
[2025-04-13 23:07:22] [34mINFO[0;39m [36mg.service.ubs.OrderLockServiceImpl      [0;39m [35m:62  [0;39m Unlock orders
[2025-04-13 23:08:22] [34mINFO[0;39m [36mg.service.ubs.OrderLockServiceImpl      [0;39m [35m:60  [0;39m Time: 2025-04-13T23:03:22.973809900
[2025-04-13 23:08:22] [34mINFO[0;39m [36mg.service.ubs.OrderLockServiceImpl      [0;39m [35m:62  [0;39m Unlock orders
[2025-04-13 23:09:22] [34mINFO[0;39m [36mg.service.ubs.OrderLockServiceImpl      [0;39m [35m:60  [0;39m Time: 2025-04-13T23:04:22.978682100
[2025-04-13 23:09:22] [34mINFO[0;39m [36mg.service.ubs.OrderLockServiceImpl      [0;39m [35m:62  [0;39m Unlock orders
[2025-04-13 23:10:22] [34mINFO[0;39m [36mg.service.ubs.OrderLockServiceImpl      [0;39m [35m:60  [0;39m Time: 2025-04-13T23:05:22.966300100
[2025-04-13 23:10:22] [34mINFO[0;39m [36mg.service.ubs.OrderLockServiceImpl      [0;39m [35m:62  [0;39m Unlock orders
[2025-04-13 23:11:22] [34mINFO[0;39m [36mg.service.ubs.OrderLockServiceImpl      [0;39m [35m:60  [0;39m Time: 2025-04-13T23:06:22.966008200
[2025-04-13 23:11:22] [34mINFO[0;39m [36mg.service.ubs.OrderLockServiceImpl      [0;39m [35m:62  [0;39m Unlock orders
[2025-04-13 23:12:22] [34mINFO[0;39m [36mg.service.ubs.OrderLockServiceImpl      [0;39m [35m:60  [0;39m Time: 2025-04-13T23:07:22.977048200
[2025-04-13 23:12:22] [34mINFO[0;39m [36mg.service.ubs.OrderLockServiceImpl      [0;39m [35m:62  [0;39m Unlock orders
[2025-04-13 23:13:22] [34mINFO[0;39m [36mg.service.ubs.OrderLockServiceImpl      [0;39m [35m:60  [0;39m Time: 2025-04-13T23:08:22.980471300
[2025-04-13 23:13:22] [34mINFO[0;39m [36mg.service.ubs.OrderLockServiceImpl      [0;39m [35m:62  [0;39m Unlock orders
[2025-04-13 23:14:22] [34mINFO[0;39m [36mg.service.ubs.OrderLockServiceImpl      [0;39m [35m:60  [0;39m Time: 2025-04-13T23:09:22.972590300
[2025-04-13 23:14:22] [34mINFO[0;39m [36mg.service.ubs.OrderLockServiceImpl      [0;39m [35m:62  [0;39m Unlock orders
[2025-04-13 23:15:22] [34mINFO[0;39m [36mg.service.ubs.OrderLockServiceImpl      [0;39m [35m:60  [0;39m Time: 2025-04-13T23:10:22.966029
[2025-04-13 23:15:22] [34mINFO[0;39m [36mg.service.ubs.OrderLockServiceImpl      [0;39m [35m:62  [0;39m Unlock orders
[2025-04-13 23:41:32] [31mWARN[0;39m [36mcom.zaxxer.hikari.pool.HikariPool       [0;39m [35m:804 [0;39m HikariPool-1 - Thread starvation or clock leap detected (housekeeper delta=26m25s325ms250µs400ns).
[2025-04-13 23:42:18] [34mINFO[0;39m [36mg.service.ubs.OrderLockServiceImpl      [0;39m [35m:60  [0;39m Time: 2025-04-13T23:37:18.283615400
[2025-04-13 23:42:18] [34mINFO[0;39m [36mg.service.ubs.OrderLockServiceImpl      [0;39m [35m:62  [0;39m Unlock orders
[2025-04-13 23:42:18] [34mINFO[0;39m [36mg.service.ubs.OrderLockServiceImpl      [0;39m [35m:60  [0;39m Time: 2025-04-13T23:37:18.295616800
[2025-04-13 23:42:18] [34mINFO[0;39m [36mg.service.ubs.OrderLockServiceImpl      [0;39m [35m:62  [0;39m Unlock orders
[2025-04-13 23:42:18] [34mINFO[0;39m [36mg.service.ubs.OrderLockServiceImpl      [0;39m [35m:60  [0;39m Time: 2025-04-13T23:37:18.296618
[2025-04-13 23:42:18] [34mINFO[0;39m [36mg.service.ubs.OrderLockServiceImpl      [0;39m [35m:62  [0;39m Unlock orders
[2025-04-13 23:42:18] [34mINFO[0;39m [36mg.service.ubs.OrderLockServiceImpl      [0;39m [35m:60  [0;39m Time: 2025-04-13T23:37:18.296618
[2025-04-13 23:42:18] [34mINFO[0;39m [36mg.service.ubs.OrderLockServiceImpl      [0;39m [35m:62  [0;39m Unlock orders
[2025-04-13 23:42:18] [34mINFO[0;39m [36mg.service.ubs.OrderLockServiceImpl      [0;39m [35m:60  [0;39m Time: 2025-04-13T23:37:18.297615900
[2025-04-13 23:42:18] [34mINFO[0;39m [36mg.service.ubs.OrderLockServiceImpl      [0;39m [35m:62  [0;39m Unlock orders
[2025-04-13 23:42:18] [34mINFO[0;39m [36mg.service.ubs.OrderLockServiceImpl      [0;39m [35m:60  [0;39m Time: 2025-04-13T23:37:18.298617500
[2025-04-13 23:42:18] [34mINFO[0;39m [36mg.service.ubs.OrderLockServiceImpl      [0;39m [35m:62  [0;39m Unlock orders
[2025-04-13 23:42:18] [34mINFO[0;39m [36mg.service.ubs.OrderLockServiceImpl      [0;39m [35m:60  [0;39m Time: 2025-04-13T23:37:18.298617500
[2025-04-13 23:42:18] [34mINFO[0;39m [36mg.service.ubs.OrderLockServiceImpl      [0;39m [35m:62  [0;39m Unlock orders
[2025-04-13 23:42:18] [34mINFO[0;39m [36mg.service.ubs.OrderLockServiceImpl      [0;39m [35m:60  [0;39m Time: 2025-04-13T23:37:18.299617
[2025-04-13 23:42:18] [34mINFO[0;39m [36mg.service.ubs.OrderLockServiceImpl      [0;39m [35m:62  [0;39m Unlock orders
[2025-04-13 23:42:18] [34mINFO[0;39m [36mg.service.ubs.OrderLockServiceImpl      [0;39m [35m:60  [0;39m Time: 2025-04-13T23:37:18.299617
[2025-04-13 23:42:18] [34mINFO[0;39m [36mg.service.ubs.OrderLockServiceImpl      [0;39m [35m:62  [0;39m Unlock orders
[2025-04-13 23:42:18] [34mINFO[0;39m [36mg.service.ubs.OrderLockServiceImpl      [0;39m [35m:60  [0;39m Time: 2025-04-13T23:37:18.300616600
[2025-04-13 23:42:18] [34mINFO[0;39m [36mg.service.ubs.OrderLockServiceImpl      [0;39m [35m:62  [0;39m Unlock orders
[2025-04-13 23:42:18] [34mINFO[0;39m [36mg.service.ubs.OrderLockServiceImpl      [0;39m [35m:60  [0;39m Time: 2025-04-13T23:37:18.300616600
[2025-04-13 23:42:18] [34mINFO[0;39m [36mg.service.ubs.OrderLockServiceImpl      [0;39m [35m:62  [0;39m Unlock orders
[2025-04-13 23:42:18] [34mINFO[0;39m [36mg.service.ubs.OrderLockServiceImpl      [0;39m [35m:60  [0;39m Time: 2025-04-13T23:37:18.301615600
[2025-04-13 23:42:18] [34mINFO[0;39m [36mg.service.ubs.OrderLockServiceImpl      [0;39m [35m:62  [0;39m Unlock orders
[2025-04-13 23:42:18] [34mINFO[0;39m [36mg.service.ubs.OrderLockServiceImpl      [0;39m [35m:60  [0;39m Time: 2025-04-13T23:37:18.301615600
[2025-04-13 23:42:18] [34mINFO[0;39m [36mg.service.ubs.OrderLockServiceImpl      [0;39m [35m:62  [0;39m Unlock orders
[2025-04-13 23:42:18] [34mINFO[0;39m [36mg.service.ubs.OrderLockServiceImpl      [0;39m [35m:60  [0;39m Time: 2025-04-13T23:37:18.302615600
[2025-04-13 23:42:18] [34mINFO[0;39m [36mg.service.ubs.OrderLockServiceImpl      [0;39m [35m:62  [0;39m Unlock orders
[2025-04-13 23:42:18] [34mINFO[0;39m [36mg.service.ubs.OrderLockServiceImpl      [0;39m [35m:60  [0;39m Time: 2025-04-13T23:37:18.302615600
[2025-04-13 23:42:18] [34mINFO[0;39m [36mg.service.ubs.OrderLockServiceImpl      [0;39m [35m:62  [0;39m Unlock orders
[2025-04-13 23:42:18] [34mINFO[0;39m [36mg.service.ubs.OrderLockServiceImpl      [0;39m [35m:60  [0;39m Time: 2025-04-13T23:37:18.303615800
[2025-04-13 23:42:18] [34mINFO[0;39m [36mg.service.ubs.OrderLockServiceImpl      [0;39m [35m:62  [0;39m Unlock orders
[2025-04-13 23:42:18] [34mINFO[0;39m [36mg.service.ubs.OrderLockServiceImpl      [0;39m [35m:60  [0;39m Time: 2025-04-13T23:37:18.303615800
[2025-04-13 23:42:18] [34mINFO[0;39m [36mg.service.ubs.OrderLockServiceImpl      [0;39m [35m:62  [0;39m Unlock orders
[2025-04-13 23:42:18] [34mINFO[0;39m [36mg.service.ubs.OrderLockServiceImpl      [0;39m [35m:60  [0;39m Time: 2025-04-13T23:37:18.304616
[2025-04-13 23:42:18] [34mINFO[0;39m [36mg.service.ubs.OrderLockServiceImpl      [0;39m [35m:62  [0;39m Unlock orders
[2025-04-13 23:42:18] [34mINFO[0;39m [36mg.service.ubs.OrderLockServiceImpl      [0;39m [35m:60  [0;39m Time: 2025-04-13T23:37:18.304616
[2025-04-13 23:42:18] [34mINFO[0;39m [36mg.service.ubs.OrderLockServiceImpl      [0;39m [35m:62  [0;39m Unlock orders
[2025-04-13 23:42:18] [34mINFO[0;39m [36mg.service.ubs.OrderLockServiceImpl      [0;39m [35m:60  [0;39m Time: 2025-04-13T23:37:18.305615900
[2025-04-13 23:42:18] [34mINFO[0;39m [36mg.service.ubs.OrderLockServiceImpl      [0;39m [35m:62  [0;39m Unlock orders
[2025-04-13 23:42:18] [34mINFO[0;39m [36mg.service.ubs.OrderLockServiceImpl      [0;39m [35m:60  [0;39m Time: 2025-04-13T23:37:18.305615900
[2025-04-13 23:42:18] [34mINFO[0;39m [36mg.service.ubs.OrderLockServiceImpl      [0;39m [35m:62  [0;39m Unlock orders
[2025-04-13 23:42:18] [34mINFO[0;39m [36mg.service.ubs.OrderLockServiceImpl      [0;39m [35m:60  [0;39m Time: 2025-04-13T23:37:18.306615800
[2025-04-13 23:42:18] [34mINFO[0;39m [36mg.service.ubs.OrderLockServiceImpl      [0;39m [35m:62  [0;39m Unlock orders
[2025-04-13 23:42:18] [34mINFO[0;39m [36mg.service.ubs.OrderLockServiceImpl      [0;39m [35m:60  [0;39m Time: 2025-04-13T23:37:18.307619
[2025-04-13 23:42:18] [34mINFO[0;39m [36mg.service.ubs.OrderLockServiceImpl      [0;39m [35m:62  [0;39m Unlock orders
[2025-04-13 23:42:18] [34mINFO[0;39m [36mg.service.ubs.OrderLockServiceImpl      [0;39m [35m:60  [0;39m Time: 2025-04-13T23:37:18.307619
[2025-04-13 23:42:18] [34mINFO[0;39m [36mg.service.ubs.OrderLockServiceImpl      [0;39m [35m:62  [0;39m Unlock orders
[2025-04-13 23:42:18] [34mINFO[0;39m [36mg.service.ubs.OrderLockServiceImpl      [0;39m [35m:60  [0;39m Time: 2025-04-13T23:37:18.308616900
[2025-04-13 23:42:18] [34mINFO[0;39m [36mg.service.ubs.OrderLockServiceImpl      [0;39m [35m:62  [0;39m Unlock orders
[2025-04-13 23:42:18] [34mINFO[0;39m [36mg.service.ubs.OrderLockServiceImpl      [0;39m [35m:60  [0;39m Time: 2025-04-13T23:37:18.308616900
[2025-04-13 23:42:18] [34mINFO[0;39m [36mg.service.ubs.OrderLockServiceImpl      [0;39m [35m:62  [0;39m Unlock orders
[2025-04-13 23:42:22] [34mINFO[0;39m [36mg.service.ubs.OrderLockServiceImpl      [0;39m [35m:60  [0;39m Time: 2025-04-13T23:37:22.965463
[2025-04-13 23:42:22] [34mINFO[0;39m [36mg.service.ubs.OrderLockServiceImpl      [0;39m [35m:62  [0;39m Unlock orders
[2025-04-13 23:43:22] [34mINFO[0;39m [36mg.service.ubs.OrderLockServiceImpl      [0;39m [35m:60  [0;39m Time: 2025-04-13T23:38:22.966393
[2025-04-13 23:43:22] [34mINFO[0;39m [36mg.service.ubs.OrderLockServiceImpl      [0;39m [35m:62  [0;39m Unlock orders
[2025-04-13 23:44:22] [34mINFO[0;39m [36mg.service.ubs.OrderLockServiceImpl      [0;39m [35m:60  [0;39m Time: 2025-04-13T23:39:22.967275300
[2025-04-13 23:44:22] [34mINFO[0;39m [36mg.service.ubs.OrderLockServiceImpl      [0;39m [35m:62  [0;39m Unlock orders
[2025-04-13 23:45:22] [34mINFO[0;39m [36mg.service.ubs.OrderLockServiceImpl      [0;39m [35m:60  [0;39m Time: 2025-04-13T23:40:22.976434400
[2025-04-13 23:45:22] [34mINFO[0;39m [36mg.service.ubs.OrderLockServiceImpl      [0;39m [35m:62  [0;39m Unlock orders
[2025-04-13 23:46:22] [34mINFO[0;39m [36mg.service.ubs.OrderLockServiceImpl      [0;39m [35m:60  [0;39m Time: 2025-04-13T23:41:22.969535200
[2025-04-13 23:46:22] [34mINFO[0;39m [36mg.service.ubs.OrderLockServiceImpl      [0;39m [35m:62  [0;39m Unlock orders
[2025-04-13 23:47:22] [34mINFO[0;39m [36mg.service.ubs.OrderLockServiceImpl      [0;39m [35m:60  [0;39m Time: 2025-04-13T23:42:22.977991700
[2025-04-13 23:47:22] [34mINFO[0;39m [36mg.service.ubs.OrderLockServiceImpl      [0;39m [35m:62  [0;39m Unlock orders
[2025-04-13 23:48:22] [34mINFO[0;39m [36mg.service.ubs.OrderLockServiceImpl      [0;39m [35m:60  [0;39m Time: 2025-04-13T23:43:22.967471300
[2025-04-13 23:48:22] [34mINFO[0;39m [36mg.service.ubs.OrderLockServiceImpl      [0;39m [35m:62  [0;39m Unlock orders
[2025-04-13 23:49:22] [34mINFO[0;39m [36mg.service.ubs.OrderLockServiceImpl      [0;39m [35m:60  [0;39m Time: 2025-04-13T23:44:22.966293500
[2025-04-13 23:49:22] [34mINFO[0;39m [36mg.service.ubs.OrderLockServiceImpl      [0;39m [35m:62  [0;39m Unlock orders
[2025-04-13 23:50:22] [34mINFO[0;39m [36mg.service.ubs.OrderLockServiceImpl      [0;39m [35m:60  [0;39m Time: 2025-04-13T23:45:22.979150300
[2025-04-13 23:50:22] [34mINFO[0;39m [36mg.service.ubs.OrderLockServiceImpl      [0;39m [35m:62  [0;39m Unlock orders
[2025-04-13 23:51:22] [34mINFO[0;39m [36mg.service.ubs.OrderLockServiceImpl      [0;39m [35m:60  [0;39m Time: 2025-04-13T23:46:22.965476400
[2025-04-13 23:51:22] [34mINFO[0;39m [36mg.service.ubs.OrderLockServiceImpl      [0;39m [35m:62  [0;39m Unlock orders
[2025-04-13 23:52:22] [34mINFO[0;39m [36mg.service.ubs.OrderLockServiceImpl      [0;39m [35m:60  [0;39m Time: 2025-04-13T23:47:22.976857900
[2025-04-13 23:52:22] [34mINFO[0;39m [36mg.service.ubs.OrderLockServiceImpl      [0;39m [35m:62  [0;39m Unlock orders
[2025-04-13 23:53:22] [34mINFO[0;39m [36mg.service.ubs.OrderLockServiceImpl      [0;39m [35m:60  [0;39m Time: 2025-04-13T23:48:22.971312900
[2025-04-13 23:53:22] [34mINFO[0;39m [36mg.service.ubs.OrderLockServiceImpl      [0;39m [35m:62  [0;39m Unlock orders
[2025-04-13 23:54:22] [34mINFO[0;39m [36mg.service.ubs.OrderLockServiceImpl      [0;39m [35m:60  [0;39m Time: 2025-04-13T23:49:22.975386500
[2025-04-13 23:54:22] [34mINFO[0;39m [36mg.service.ubs.OrderLockServiceImpl      [0;39m [35m:62  [0;39m Unlock orders
[2025-04-13 23:55:22] [34mINFO[0;39m [36mg.service.ubs.OrderLockServiceImpl      [0;39m [35m:60  [0;39m Time: 2025-04-13T23:50:22.970800
[2025-04-13 23:55:22] [34mINFO[0;39m [36mg.service.ubs.OrderLockServiceImpl      [0;39m [35m:62  [0;39m Unlock orders
[2025-04-13 23:56:22] [34mINFO[0;39m [36mg.service.ubs.OrderLockServiceImpl      [0;39m [35m:60  [0;39m Time: 2025-04-13T23:51:22.971987100
[2025-04-13 23:56:22] [34mINFO[0;39m [36mg.service.ubs.OrderLockServiceImpl      [0;39m [35m:62  [0;39m Unlock orders
[2025-04-13 23:57:22] [34mINFO[0;39m [36mg.service.ubs.OrderLockServiceImpl      [0;39m [35m:60  [0;39m Time: 2025-04-13T23:52:22.966586500
[2025-04-13 23:57:22] [34mINFO[0;39m [36mg.service.ubs.OrderLockServiceImpl      [0;39m [35m:62  [0;39m Unlock orders
[2025-04-13 23:58:22] [34mINFO[0;39m [36mg.service.ubs.OrderLockServiceImpl      [0;39m [35m:60  [0;39m Time: 2025-04-13T23:53:22.974540
[2025-04-13 23:58:22] [34mINFO[0;39m [36mg.service.ubs.OrderLockServiceImpl      [0;39m [35m:62  [0;39m Unlock orders
[2025-04-13 23:59:22] [34mINFO[0;39m [36mg.service.ubs.OrderLockServiceImpl      [0;39m [35m:60  [0;39m Time: 2025-04-13T23:54:22.974879600
[2025-04-13 23:59:22] [34mINFO[0;39m [36mg.service.ubs.OrderLockServiceImpl      [0;39m [35m:62  [0;39m Unlock orders
[2025-04-13 23:59:56] [34mINFO[0;39m [36mgreencity.config.OrderStatusScheduler   [0;39m [35m:23  [0;39m Update order status from actual status to expected status by the day of export
[2025-04-13 23:59:56] [34mINFO[0;39m [36mgreencity.config.CertificatesScheduler  [0;39m [35m:26  [0;39m Changing certificates status if expiration date has expired
