[2025-04-16 23:41:47] [34mINFO[0;39m [36mo.h.validator.internal.util.Version     [0;39m [35m:21  [0;39m HV000001: Hibernate Validator 8.0.1.Final
[2025-04-16 23:41:47] [34mINFO[0;39m [36mgreencity.UbsApplication                [0;39m [35m:50  [0;39m Starting UbsApplication using Java 21.0.5 with PID 9728 (C:\Users\o.bulhakova\IdeaProjects\project\GreenCityUBS\core\target\classes started by o.bulhakova in C:\Users\o.bulhakova\IdeaProjects\project\GreenCityUBS)
[2025-04-16 23:41:47] [34mINFO[0;39m [36mgreencity.UbsApplication                [0;39m [35m:660 [0;39m The following 1 profile is active: "dev"
[2025-04-16 23:41:47] [34mINFO[0;39m [36m.e.DevToolsPropertyDefaultsPostProcessor[0;39m [35m:252 [0;39m Devtools property defaults active! Set 'spring.devtools.add-properties' to 'false' to disable
[2025-04-16 23:41:47] [34mINFO[0;39m [36m.e.DevToolsPropertyDefaultsPostProcessor[0;39m [35m:252 [0;39m For additional web related logging consider setting the 'logging.level.web' property to 'DEBUG'
[2025-04-16 23:41:48] [34mINFO[0;39m [36m.s.d.r.c.RepositoryConfigurationDelegate[0;39m [35m:139 [0;39m Bootstrapping Spring Data JPA repositories in DEFAULT mode.
[2025-04-16 23:41:49] [34mINFO[0;39m [36m.s.d.r.c.RepositoryConfigurationDelegate[0;39m [35m:208 [0;39m Finished Spring Data repository scanning in 358 ms. Found 36 JPA repository interfaces.
[2025-04-16 23:41:49] [31mWARN[0;39m [36mConfigServletWebServerApplicationContext[0;39m [35m:632 [0;39m Exception encountered during context initialization - cancelling refresh attempt: java.lang.IllegalStateException: Error processing condition on org.springframework.boot.autoconfigure.liquibase.LiquibaseAutoConfiguration
[2025-04-16 23:41:49] [34mINFO[0;39m [36m.s.b.a.l.ConditionEvaluationReportLogger[0;39m [35m:82  [0;39m 

Error starting ApplicationContext. To display the condition evaluation report re-run your application with 'debug' enabled.
[2025-04-16 23:41:49] [1;31mERROR[0;39m [36mo.springframework.boot.SpringApplication[0;39m [35m:851 [0;39m Application run failed
java.lang.IllegalStateException: Error processing condition on org.springframework.boot.autoconfigure.liquibase.LiquibaseAutoConfiguration
	at org.springframework.boot.autoconfigure.condition.SpringBootCondition.matches(SpringBootCondition.java:60)
	at org.springframework.context.annotation.ConditionEvaluator.shouldSkip(ConditionEvaluator.java:108)
	at org.springframework.context.annotation.ConfigurationClassBeanDefinitionReader$TrackedConditionEvaluator.shouldSkip(ConfigurationClassBeanDefinitionReader.java:470)
	at org.springframework.context.annotation.ConfigurationClassBeanDefinitionReader$TrackedConditionEvaluator.shouldSkip(ConfigurationClassBeanDefinitionReader.java:459)
	at org.springframework.context.annotation.ConfigurationClassBeanDefinitionReader.loadBeanDefinitionsForConfigurationClass(ConfigurationClassBeanDefinitionReader.java:131)
	at org.springframework.context.annotation.ConfigurationClassBeanDefinitionReader.loadBeanDefinitions(ConfigurationClassBeanDefinitionReader.java:120)
	at org.springframework.context.annotation.ConfigurationClassPostProcessor.processConfigBeanDefinitions(ConfigurationClassPostProcessor.java:428)
	at org.springframework.context.annotation.ConfigurationClassPostProcessor.postProcessBeanDefinitionRegistry(ConfigurationClassPostProcessor.java:289)
	at org.springframework.context.support.PostProcessorRegistrationDelegate.invokeBeanDefinitionRegistryPostProcessors(PostProcessorRegistrationDelegate.java:349)
	at org.springframework.context.support.PostProcessorRegistrationDelegate.invokeBeanFactoryPostProcessors(PostProcessorRegistrationDelegate.java:118)
	at org.springframework.context.support.AbstractApplicationContext.invokeBeanFactoryPostProcessors(AbstractApplicationContext.java:788)
	at org.springframework.context.support.AbstractApplicationContext.refresh(AbstractApplicationContext.java:606)
	at org.springframework.boot.web.servlet.context.ServletWebServerApplicationContext.refresh(ServletWebServerApplicationContext.java:146)
	at org.springframework.boot.SpringApplication.refresh(SpringApplication.java:754)
	at org.springframework.boot.SpringApplication.refreshContext(SpringApplication.java:456)
	at org.springframework.boot.SpringApplication.run(SpringApplication.java:334)
	at org.springframework.boot.SpringApplication.run(SpringApplication.java:1354)
	at org.springframework.boot.SpringApplication.run(SpringApplication.java:1343)
	at greencity.UbsApplication.main(UbsApplication.java:18)
	at java.base/jdk.internal.reflect.DirectMethodHandleAccessor.invoke(DirectMethodHandleAccessor.java:103)
	at java.base/java.lang.reflect.Method.invoke(Method.java:580)
	at org.springframework.boot.devtools.restart.RestartLauncher.run(RestartLauncher.java:50)
Caused by: java.lang.IllegalArgumentException: Could not resolve placeholder 'DATASOURCE_URL_UBS' in value "${DATASOURCE_URL_UBS}"
	at org.springframework.util.PropertyPlaceholderHelper.parseStringValue(PropertyPlaceholderHelper.java:180)
	at org.springframework.util.PropertyPlaceholderHelper.replacePlaceholders(PropertyPlaceholderHelper.java:126)
	at org.springframework.core.env.AbstractPropertyResolver.doResolvePlaceholders(AbstractPropertyResolver.java:239)
	at org.springframework.core.env.AbstractPropertyResolver.resolveRequiredPlaceholders(AbstractPropertyResolver.java:210)
	at org.springframework.core.env.AbstractPropertyResolver.resolveNestedPlaceholders(AbstractPropertyResolver.java:230)
	at org.springframework.boot.context.properties.source.ConfigurationPropertySourcesPropertyResolver.getProperty(ConfigurationPropertySourcesPropertyResolver.java:79)
	at org.springframework.boot.context.properties.source.ConfigurationPropertySourcesPropertyResolver.getProperty(ConfigurationPropertySourcesPropertyResolver.java:60)
	at org.springframework.core.env.AbstractEnvironment.getProperty(AbstractEnvironment.java:552)
	at org.springframework.boot.autoconfigure.condition.OnPropertyCondition$Spec.collectProperties(OnPropertyCondition.java:121)
	at org.springframework.boot.autoconfigure.condition.OnPropertyCondition.determineOutcome(OnPropertyCondition.java:71)
	at org.springframework.boot.autoconfigure.condition.OnPropertyCondition.getMatchOutcome(OnPropertyCondition.java:58)
	at org.springframework.boot.autoconfigure.condition.AbstractNestedCondition$MemberOutcomes.getConditionOutcome(AbstractNestedCondition.java:195)
	at org.springframework.boot.autoconfigure.condition.AbstractNestedCondition$MemberOutcomes.<init>(AbstractNestedCondition.java:189)
	at org.springframework.boot.autoconfigure.condition.AbstractNestedCondition$MemberConditions.lambda$getMatchOutcomes$0(AbstractNestedCondition.java:169)
	at java.base/java.util.LinkedHashMap.forEach(LinkedHashMap.java:986)
	at org.springframework.util.MultiValueMapAdapter.forEach(MultiValueMapAdapter.java:179)
	at java.base/java.util.Collections$UnmodifiableMap.forEach(Collections.java:1707)
	at org.springframework.boot.autoconfigure.condition.AbstractNestedCondition$MemberConditions.getMatchOutcomes(AbstractNestedCondition.java:169)
	at org.springframework.boot.autoconfigure.condition.AbstractNestedCondition$MemberMatchOutcomes.<init>(AbstractNestedCondition.java:78)
	at org.springframework.boot.autoconfigure.condition.AbstractNestedCondition.getMatchOutcome(AbstractNestedCondition.java:63)
	at org.springframework.boot.autoconfigure.condition.SpringBootCondition.matches(SpringBootCondition.java:47)
	... 21 common frames omitted
[2025-04-16 23:43:02] [34mINFO[0;39m [36mo.h.validator.internal.util.Version     [0;39m [35m:21  [0;39m HV000001: Hibernate Validator 8.0.1.Final
[2025-04-16 23:43:02] [34mINFO[0;39m [36mgreencity.UbsApplication                [0;39m [35m:50  [0;39m Starting UbsApplication using Java 21.0.5 with PID 10180 (C:\Users\o.bulhakova\IdeaProjects\project\GreenCityUBS\core\target\classes started by o.bulhakova in C:\Users\o.bulhakova\IdeaProjects\project\GreenCityUBS)
[2025-04-16 23:43:02] [34mINFO[0;39m [36mgreencity.UbsApplication                [0;39m [35m:660 [0;39m The following 1 profile is active: "dev"
[2025-04-16 23:43:02] [34mINFO[0;39m [36m.e.DevToolsPropertyDefaultsPostProcessor[0;39m [35m:252 [0;39m Devtools property defaults active! Set 'spring.devtools.add-properties' to 'false' to disable
[2025-04-16 23:43:02] [34mINFO[0;39m [36m.e.DevToolsPropertyDefaultsPostProcessor[0;39m [35m:252 [0;39m For additional web related logging consider setting the 'logging.level.web' property to 'DEBUG'
[2025-04-16 23:43:04] [34mINFO[0;39m [36m.s.d.r.c.RepositoryConfigurationDelegate[0;39m [35m:139 [0;39m Bootstrapping Spring Data JPA repositories in DEFAULT mode.
[2025-04-16 23:43:04] [34mINFO[0;39m [36m.s.d.r.c.RepositoryConfigurationDelegate[0;39m [35m:208 [0;39m Finished Spring Data repository scanning in 309 ms. Found 36 JPA repository interfaces.
[2025-04-16 23:43:04] [31mWARN[0;39m [36mConfigServletWebServerApplicationContext[0;39m [35m:632 [0;39m Exception encountered during context initialization - cancelling refresh attempt: java.lang.IllegalStateException: Error processing condition on org.springframework.boot.autoconfigure.liquibase.LiquibaseAutoConfiguration
[2025-04-16 23:43:04] [34mINFO[0;39m [36m.s.b.a.l.ConditionEvaluationReportLogger[0;39m [35m:82  [0;39m 

Error starting ApplicationContext. To display the condition evaluation report re-run your application with 'debug' enabled.
[2025-04-16 23:43:04] [1;31mERROR[0;39m [36mo.springframework.boot.SpringApplication[0;39m [35m:851 [0;39m Application run failed
java.lang.IllegalStateException: Error processing condition on org.springframework.boot.autoconfigure.liquibase.LiquibaseAutoConfiguration
	at org.springframework.boot.autoconfigure.condition.SpringBootCondition.matches(SpringBootCondition.java:60)
	at org.springframework.context.annotation.ConditionEvaluator.shouldSkip(ConditionEvaluator.java:108)
	at org.springframework.context.annotation.ConfigurationClassBeanDefinitionReader$TrackedConditionEvaluator.shouldSkip(ConfigurationClassBeanDefinitionReader.java:470)
	at org.springframework.context.annotation.ConfigurationClassBeanDefinitionReader$TrackedConditionEvaluator.shouldSkip(ConfigurationClassBeanDefinitionReader.java:459)
	at org.springframework.context.annotation.ConfigurationClassBeanDefinitionReader.loadBeanDefinitionsForConfigurationClass(ConfigurationClassBeanDefinitionReader.java:131)
	at org.springframework.context.annotation.ConfigurationClassBeanDefinitionReader.loadBeanDefinitions(ConfigurationClassBeanDefinitionReader.java:120)
	at org.springframework.context.annotation.ConfigurationClassPostProcessor.processConfigBeanDefinitions(ConfigurationClassPostProcessor.java:428)
	at org.springframework.context.annotation.ConfigurationClassPostProcessor.postProcessBeanDefinitionRegistry(ConfigurationClassPostProcessor.java:289)
	at org.springframework.context.support.PostProcessorRegistrationDelegate.invokeBeanDefinitionRegistryPostProcessors(PostProcessorRegistrationDelegate.java:349)
	at org.springframework.context.support.PostProcessorRegistrationDelegate.invokeBeanFactoryPostProcessors(PostProcessorRegistrationDelegate.java:118)
	at org.springframework.context.support.AbstractApplicationContext.invokeBeanFactoryPostProcessors(AbstractApplicationContext.java:788)
	at org.springframework.context.support.AbstractApplicationContext.refresh(AbstractApplicationContext.java:606)
	at org.springframework.boot.web.servlet.context.ServletWebServerApplicationContext.refresh(ServletWebServerApplicationContext.java:146)
	at org.springframework.boot.SpringApplication.refresh(SpringApplication.java:754)
	at org.springframework.boot.SpringApplication.refreshContext(SpringApplication.java:456)
	at org.springframework.boot.SpringApplication.run(SpringApplication.java:334)
	at org.springframework.boot.SpringApplication.run(SpringApplication.java:1354)
	at org.springframework.boot.SpringApplication.run(SpringApplication.java:1343)
	at greencity.UbsApplication.main(UbsApplication.java:18)
	at java.base/jdk.internal.reflect.DirectMethodHandleAccessor.invoke(DirectMethodHandleAccessor.java:103)
	at java.base/java.lang.reflect.Method.invoke(Method.java:580)
	at org.springframework.boot.devtools.restart.RestartLauncher.run(RestartLauncher.java:50)
Caused by: java.lang.IllegalArgumentException: Could not resolve placeholder 'DATASOURCE_URL_UBS' in value "${DATASOURCE_URL_UBS}"
	at org.springframework.util.PropertyPlaceholderHelper.parseStringValue(PropertyPlaceholderHelper.java:180)
	at org.springframework.util.PropertyPlaceholderHelper.replacePlaceholders(PropertyPlaceholderHelper.java:126)
	at org.springframework.core.env.AbstractPropertyResolver.doResolvePlaceholders(AbstractPropertyResolver.java:239)
	at org.springframework.core.env.AbstractPropertyResolver.resolveRequiredPlaceholders(AbstractPropertyResolver.java:210)
	at org.springframework.core.env.AbstractPropertyResolver.resolveNestedPlaceholders(AbstractPropertyResolver.java:230)
	at org.springframework.boot.context.properties.source.ConfigurationPropertySourcesPropertyResolver.getProperty(ConfigurationPropertySourcesPropertyResolver.java:79)
	at org.springframework.boot.context.properties.source.ConfigurationPropertySourcesPropertyResolver.getProperty(ConfigurationPropertySourcesPropertyResolver.java:60)
	at org.springframework.core.env.AbstractEnvironment.getProperty(AbstractEnvironment.java:552)
	at org.springframework.boot.autoconfigure.condition.OnPropertyCondition$Spec.collectProperties(OnPropertyCondition.java:121)
	at org.springframework.boot.autoconfigure.condition.OnPropertyCondition.determineOutcome(OnPropertyCondition.java:71)
	at org.springframework.boot.autoconfigure.condition.OnPropertyCondition.getMatchOutcome(OnPropertyCondition.java:58)
	at org.springframework.boot.autoconfigure.condition.AbstractNestedCondition$MemberOutcomes.getConditionOutcome(AbstractNestedCondition.java:195)
	at org.springframework.boot.autoconfigure.condition.AbstractNestedCondition$MemberOutcomes.<init>(AbstractNestedCondition.java:189)
	at org.springframework.boot.autoconfigure.condition.AbstractNestedCondition$MemberConditions.lambda$getMatchOutcomes$0(AbstractNestedCondition.java:169)
	at java.base/java.util.LinkedHashMap.forEach(LinkedHashMap.java:986)
	at org.springframework.util.MultiValueMapAdapter.forEach(MultiValueMapAdapter.java:179)
	at java.base/java.util.Collections$UnmodifiableMap.forEach(Collections.java:1707)
	at org.springframework.boot.autoconfigure.condition.AbstractNestedCondition$MemberConditions.getMatchOutcomes(AbstractNestedCondition.java:169)
	at org.springframework.boot.autoconfigure.condition.AbstractNestedCondition$MemberMatchOutcomes.<init>(AbstractNestedCondition.java:78)
	at org.springframework.boot.autoconfigure.condition.AbstractNestedCondition.getMatchOutcome(AbstractNestedCondition.java:63)
	at org.springframework.boot.autoconfigure.condition.SpringBootCondition.matches(SpringBootCondition.java:47)
	... 21 common frames omitted
[2025-04-16 23:44:21] [34mINFO[0;39m [36mo.h.validator.internal.util.Version     [0;39m [35m:21  [0;39m HV000001: Hibernate Validator 8.0.1.Final
[2025-04-16 23:44:21] [34mINFO[0;39m [36mgreencity.UbsApplication                [0;39m [35m:50  [0;39m Starting UbsApplication using Java 21.0.5 with PID 15056 (C:\Users\o.bulhakova\IdeaProjects\project\GreenCityUBS\core\target\classes started by o.bulhakova in C:\Users\o.bulhakova\IdeaProjects\project\GreenCityUBS)
[2025-04-16 23:44:21] [34mINFO[0;39m [36mgreencity.UbsApplication                [0;39m [35m:660 [0;39m The following 1 profile is active: "dev"
[2025-04-16 23:44:21] [34mINFO[0;39m [36m.e.DevToolsPropertyDefaultsPostProcessor[0;39m [35m:252 [0;39m Devtools property defaults active! Set 'spring.devtools.add-properties' to 'false' to disable
[2025-04-16 23:44:21] [34mINFO[0;39m [36m.e.DevToolsPropertyDefaultsPostProcessor[0;39m [35m:252 [0;39m For additional web related logging consider setting the 'logging.level.web' property to 'DEBUG'
[2025-04-16 23:44:23] [34mINFO[0;39m [36m.s.d.r.c.RepositoryConfigurationDelegate[0;39m [35m:139 [0;39m Bootstrapping Spring Data JPA repositories in DEFAULT mode.
[2025-04-16 23:44:23] [34mINFO[0;39m [36m.s.d.r.c.RepositoryConfigurationDelegate[0;39m [35m:208 [0;39m Finished Spring Data repository scanning in 300 ms. Found 36 JPA repository interfaces.
[2025-04-16 23:44:23] [34mINFO[0;39m [36mo.s.cloud.context.scope.GenericScope    [0;39m [35m:282 [0;39m BeanFactory id=946dfe5b-ebbd-3bb0-96ba-f3cc67a34d79
[2025-04-16 23:44:24] [34mINFO[0;39m [36mo.s.b.w.embedded.tomcat.TomcatWebServer [0;39m [35m:109 [0;39m Tomcat initialized with port 8050 (http)
[2025-04-16 23:44:24] [34mINFO[0;39m [36mo.apache.coyote.http11.Http11NioProtocol[0;39m [35m:173 [0;39m Initializing ProtocolHandler ["http-nio-8050"]
[2025-04-16 23:44:24] [34mINFO[0;39m [36mo.apache.catalina.core.StandardService  [0;39m [35m:173 [0;39m Starting service [Tomcat]
[2025-04-16 23:44:24] [34mINFO[0;39m [36morg.apache.catalina.core.StandardEngine [0;39m [35m:173 [0;39m Starting Servlet engine: [Apache Tomcat/10.1.18]
[2025-04-16 23:44:24] [34mINFO[0;39m [36mo.a.c.c.C.[Tomcat].[localhost].[/]      [0;39m [35m:173 [0;39m Initializing Spring embedded WebApplicationContext
[2025-04-16 23:44:24] [34mINFO[0;39m [36mw.s.c.ServletWebServerApplicationContext[0;39m [35m:296 [0;39m Root WebApplicationContext: initialization completed in 2899 ms
[2025-04-16 23:44:25] [34mINFO[0;39m [36mliquibase.database                      [0;39m [35m:37  [0;39m Set default schema name to public
[2025-04-16 23:44:27] [34mINFO[0;39m [36mliquibase.changelog                     [0;39m [35m:37  [0;39m Creating database history table with name: public.databasechangelog
[2025-04-16 23:44:27] [34mINFO[0;39m [36mliquibase.changelog                     [0;39m [35m:37  [0;39m Reading from public.databasechangelog
[2025-04-16 23:44:27] [34mINFO[0;39m [36mliquibase.lockservice                   [0;39m [35m:37  [0;39m Successfully acquired change log lock
[2025-04-16 23:44:27] [34mINFO[0;39m [36mliquibase.command                       [0;39m [35m:37  [0;39m Using deploymentId: 4836267661
[2025-04-16 23:44:27] [34mINFO[0;39m [36mliquibase.changelog                     [0;39m [35m:37  [0;39m Reading from public.databasechangelog
[2025-04-16 23:44:27] [34mINFO[0;39m [36mliquibase.ui                            [0;39m [35m:37  [0;39m Running Changeset: db/changelog/logs/liquibase-outputChangeLog.xml::1614595847330-1::User (generated)
[2025-04-16 23:44:27] [34mINFO[0;39m [36mliquibase.changelog                     [0;39m [35m:37  [0;39m Sequence address_id_seq created
[2025-04-16 23:44:27] [34mINFO[0;39m [36mliquibase.changelog                     [0;39m [35m:37  [0;39m ChangeSet db/changelog/logs/liquibase-outputChangeLog.xml::1614595847330-1::User (generated) ran successfully in 4ms
[2025-04-16 23:44:27] [34mINFO[0;39m [36mliquibase.ui                            [0;39m [35m:37  [0;39m Running Changeset: db/changelog/logs/liquibase-outputChangeLog.xml::1614595847330-2::User (generated)
[2025-04-16 23:44:27] [34mINFO[0;39m [36mliquibase.changelog                     [0;39m [35m:37  [0;39m Sequence bag_id_seq created
[2025-04-16 23:44:27] [34mINFO[0;39m [36mliquibase.changelog                     [0;39m [35m:37  [0;39m ChangeSet db/changelog/logs/liquibase-outputChangeLog.xml::1614595847330-2::User (generated) ran successfully in 2ms
[2025-04-16 23:44:27] [34mINFO[0;39m [36mliquibase.ui                            [0;39m [35m:37  [0;39m Running Changeset: db/changelog/logs/liquibase-outputChangeLog.xml::1614595847330-3::User (generated)
[2025-04-16 23:44:27] [34mINFO[0;39m [36mliquibase.changelog                     [0;39m [35m:37  [0;39m Sequence employees_id_seq created
[2025-04-16 23:44:27] [34mINFO[0;39m [36mliquibase.changelog                     [0;39m [35m:37  [0;39m ChangeSet db/changelog/logs/liquibase-outputChangeLog.xml::1614595847330-3::User (generated) ran successfully in 2ms
[2025-04-16 23:44:27] [34mINFO[0;39m [36mliquibase.ui                            [0;39m [35m:37  [0;39m Running Changeset: db/changelog/logs/liquibase-outputChangeLog.xml::1614595847330-4::User (generated)
[2025-04-16 23:44:27] [34mINFO[0;39m [36mliquibase.changelog                     [0;39m [35m:37  [0;39m Sequence orders_id_seq created
[2025-04-16 23:44:27] [34mINFO[0;39m [36mliquibase.changelog                     [0;39m [35m:37  [0;39m ChangeSet db/changelog/logs/liquibase-outputChangeLog.xml::1614595847330-4::User (generated) ran successfully in 1ms
[2025-04-16 23:44:27] [34mINFO[0;39m [36mliquibase.ui                            [0;39m [35m:37  [0;39m Running Changeset: db/changelog/logs/liquibase-outputChangeLog.xml::1614595847330-5::User (generated)
[2025-04-16 23:44:27] [34mINFO[0;39m [36mliquibase.changelog                     [0;39m [35m:37  [0;39m Sequence positions_id_seq created
[2025-04-16 23:44:27] [34mINFO[0;39m [36mliquibase.changelog                     [0;39m [35m:37  [0;39m ChangeSet db/changelog/logs/liquibase-outputChangeLog.xml::1614595847330-5::User (generated) ran successfully in 2ms
[2025-04-16 23:44:27] [34mINFO[0;39m [36mliquibase.ui                            [0;39m [35m:37  [0;39m Running Changeset: db/changelog/logs/liquibase-outputChangeLog.xml::1614595847330-6::User (generated)
[2025-04-16 23:44:27] [34mINFO[0;39m [36mliquibase.changelog                     [0;39m [35m:37  [0;39m Sequence ubs_user_id_seq created
[2025-04-16 23:44:27] [34mINFO[0;39m [36mliquibase.changelog                     [0;39m [35m:37  [0;39m ChangeSet db/changelog/logs/liquibase-outputChangeLog.xml::1614595847330-6::User (generated) ran successfully in 2ms
[2025-04-16 23:44:27] [34mINFO[0;39m [36mliquibase.ui                            [0;39m [35m:37  [0;39m Running Changeset: db/changelog/logs/liquibase-outputChangeLog.xml::1614595847330-7::User (generated)
[2025-04-16 23:44:27] [34mINFO[0;39m [36mliquibase.changelog                     [0;39m [35m:37  [0;39m Sequence users_id_seq created
[2025-04-16 23:44:27] [34mINFO[0;39m [36mliquibase.changelog                     [0;39m [35m:37  [0;39m ChangeSet db/changelog/logs/liquibase-outputChangeLog.xml::1614595847330-7::User (generated) ran successfully in 2ms
[2025-04-16 23:44:27] [34mINFO[0;39m [36mliquibase.ui                            [0;39m [35m:37  [0;39m Running Changeset: db/changelog/logs/liquibase-outputChangeLog.xml::1614595847330-8::User (generated)
[2025-04-16 23:44:27] [34mINFO[0;39m [36mliquibase.changelog                     [0;39m [35m:37  [0;39m Table address created
[2025-04-16 23:44:27] [34mINFO[0;39m [36mliquibase.changelog                     [0;39m [35m:37  [0;39m ChangeSet db/changelog/logs/liquibase-outputChangeLog.xml::1614595847330-8::User (generated) ran successfully in 7ms
[2025-04-16 23:44:27] [34mINFO[0;39m [36mliquibase.ui                            [0;39m [35m:37  [0;39m Running Changeset: db/changelog/logs/liquibase-outputChangeLog.xml::1614595847330-9::User (generated)
[2025-04-16 23:44:27] [34mINFO[0;39m [36mliquibase.changelog                     [0;39m [35m:37  [0;39m Table bag created
[2025-04-16 23:44:27] [34mINFO[0;39m [36mliquibase.changelog                     [0;39m [35m:37  [0;39m ChangeSet db/changelog/logs/liquibase-outputChangeLog.xml::1614595847330-9::User (generated) ran successfully in 3ms
[2025-04-16 23:44:27] [34mINFO[0;39m [36mliquibase.ui                            [0;39m [35m:37  [0;39m Running Changeset: db/changelog/logs/liquibase-outputChangeLog.xml::1614595847330-10::User (generated)
[2025-04-16 23:44:27] [34mINFO[0;39m [36mliquibase.changelog                     [0;39m [35m:37  [0;39m Table certificate created
[2025-04-16 23:44:27] [34mINFO[0;39m [36mliquibase.changelog                     [0;39m [35m:37  [0;39m ChangeSet db/changelog/logs/liquibase-outputChangeLog.xml::1614595847330-10::User (generated) ran successfully in 2ms
[2025-04-16 23:44:27] [34mINFO[0;39m [36mliquibase.ui                            [0;39m [35m:37  [0;39m Running Changeset: db/changelog/logs/liquibase-outputChangeLog.xml::1614595847330-11::User (generated)
[2025-04-16 23:44:27] [34mINFO[0;39m [36mliquibase.changelog                     [0;39m [35m:37  [0;39m Table change_of_points_mapping created
[2025-04-16 23:44:27] [34mINFO[0;39m [36mliquibase.changelog                     [0;39m [35m:37  [0;39m ChangeSet db/changelog/logs/liquibase-outputChangeLog.xml::1614595847330-11::User (generated) ran successfully in 1ms
[2025-04-16 23:44:27] [34mINFO[0;39m [36mliquibase.ui                            [0;39m [35m:37  [0;39m Running Changeset: db/changelog/logs/liquibase-outputChangeLog.xml::1614595847330-12::User (generated)
[2025-04-16 23:44:27] [34mINFO[0;39m [36mliquibase.changelog                     [0;39m [35m:37  [0;39m Table employee_position created
[2025-04-16 23:44:27] [34mINFO[0;39m [36mliquibase.changelog                     [0;39m [35m:37  [0;39m ChangeSet db/changelog/logs/liquibase-outputChangeLog.xml::1614595847330-12::User (generated) ran successfully in 3ms
[2025-04-16 23:44:27] [34mINFO[0;39m [36mliquibase.ui                            [0;39m [35m:37  [0;39m Running Changeset: db/changelog/logs/liquibase-outputChangeLog.xml::1614595847330-13::User (generated)
[2025-04-16 23:44:27] [34mINFO[0;39m [36mliquibase.changelog                     [0;39m [35m:37  [0;39m Table employees created
[2025-04-16 23:44:27] [34mINFO[0;39m [36mliquibase.changelog                     [0;39m [35m:37  [0;39m ChangeSet db/changelog/logs/liquibase-outputChangeLog.xml::1614595847330-13::User (generated) ran successfully in 5ms
[2025-04-16 23:44:27] [34mINFO[0;39m [36mliquibase.ui                            [0;39m [35m:37  [0;39m Running Changeset: db/changelog/logs/liquibase-outputChangeLog.xml::1614595847330-14::User (generated)
[2025-04-16 23:44:27] [34mINFO[0;39m [36mliquibase.changelog                     [0;39m [35m:37  [0;39m Table order_additional created
[2025-04-16 23:44:27] [34mINFO[0;39m [36mliquibase.changelog                     [0;39m [35m:37  [0;39m ChangeSet db/changelog/logs/liquibase-outputChangeLog.xml::1614595847330-14::User (generated) ran successfully in 4ms
[2025-04-16 23:44:27] [34mINFO[0;39m [36mliquibase.ui                            [0;39m [35m:37  [0;39m Running Changeset: db/changelog/logs/liquibase-outputChangeLog.xml::1614595847330-15::User (generated)
[2025-04-16 23:44:27] [34mINFO[0;39m [36mliquibase.changelog                     [0;39m [35m:37  [0;39m Table order_bag_mapping created
[2025-04-16 23:44:27] [34mINFO[0;39m [36mliquibase.changelog                     [0;39m [35m:37  [0;39m ChangeSet db/changelog/logs/liquibase-outputChangeLog.xml::1614595847330-15::User (generated) ran successfully in 5ms
[2025-04-16 23:44:27] [34mINFO[0;39m [36mliquibase.ui                            [0;39m [35m:37  [0;39m Running Changeset: db/changelog/logs/liquibase-outputChangeLog.xml::1614595847330-16::User (generated)
[2025-04-16 23:44:27] [34mINFO[0;39m [36mliquibase.changelog                     [0;39m [35m:37  [0;39m Table order_employee created
[2025-04-16 23:44:27] [34mINFO[0;39m [36mliquibase.changelog                     [0;39m [35m:37  [0;39m ChangeSet db/changelog/logs/liquibase-outputChangeLog.xml::1614595847330-16::User (generated) ran successfully in 4ms
[2025-04-16 23:44:27] [34mINFO[0;39m [36mliquibase.ui                            [0;39m [35m:37  [0;39m Running Changeset: db/changelog/logs/liquibase-outputChangeLog.xml::1614595847330-17::User (generated)
[2025-04-16 23:44:27] [34mINFO[0;39m [36mliquibase.changelog                     [0;39m [35m:37  [0;39m Table orders created
[2025-04-16 23:44:27] [34mINFO[0;39m [36mliquibase.changelog                     [0;39m [35m:37  [0;39m ChangeSet db/changelog/logs/liquibase-outputChangeLog.xml::1614595847330-17::User (generated) ran successfully in 8ms
[2025-04-16 23:44:27] [34mINFO[0;39m [36mliquibase.ui                            [0;39m [35m:37  [0;39m Running Changeset: db/changelog/logs/liquibase-outputChangeLog.xml::1614595847330-18::User (generated)
[2025-04-16 23:44:27] [34mINFO[0;39m [36mliquibase.changelog                     [0;39m [35m:37  [0;39m Table positions created
[2025-04-16 23:44:27] [34mINFO[0;39m [36mliquibase.changelog                     [0;39m [35m:37  [0;39m ChangeSet db/changelog/logs/liquibase-outputChangeLog.xml::1614595847330-18::User (generated) ran successfully in 4ms
[2025-04-16 23:44:27] [34mINFO[0;39m [36mliquibase.ui                            [0;39m [35m:37  [0;39m Running Changeset: db/changelog/logs/liquibase-outputChangeLog.xml::1614595847330-19::User (generated)
[2025-04-16 23:44:27] [34mINFO[0;39m [36mliquibase.changelog                     [0;39m [35m:37  [0;39m Table ubs_user created
[2025-04-16 23:44:27] [34mINFO[0;39m [36mliquibase.changelog                     [0;39m [35m:37  [0;39m ChangeSet db/changelog/logs/liquibase-outputChangeLog.xml::1614595847330-19::User (generated) ran successfully in 7ms
[2025-04-16 23:44:27] [34mINFO[0;39m [36mliquibase.ui                            [0;39m [35m:37  [0;39m Running Changeset: db/changelog/logs/liquibase-outputChangeLog.xml::1614595847330-20::User (generated)
[2025-04-16 23:44:27] [34mINFO[0;39m [36mliquibase.changelog                     [0;39m [35m:37  [0;39m Table users created
[2025-04-16 23:44:27] [34mINFO[0;39m [36mliquibase.changelog                     [0;39m [35m:37  [0;39m ChangeSet db/changelog/logs/liquibase-outputChangeLog.xml::1614595847330-20::User (generated) ran successfully in 5ms
[2025-04-16 23:44:27] [34mINFO[0;39m [36mliquibase.ui                            [0;39m [35m:37  [0;39m Running Changeset: db/changelog/logs/liquibase-outputChangeLog.xml::1614595847330-21::User (generated)
[2025-04-16 23:44:27] [34mINFO[0;39m [36mliquibase.changelog                     [0;39m [35m:37  [0;39m Primary key added to certificate (code)
[2025-04-16 23:44:27] [34mINFO[0;39m [36mliquibase.changelog                     [0;39m [35m:37  [0;39m ChangeSet db/changelog/logs/liquibase-outputChangeLog.xml::1614595847330-21::User (generated) ran successfully in 5ms
[2025-04-16 23:44:27] [34mINFO[0;39m [36mliquibase.ui                            [0;39m [35m:37  [0;39m Running Changeset: db/changelog/logs/liquibase-outputChangeLog.xml::1614595847330-22::User (generated)
[2025-04-16 23:44:27] [34mINFO[0;39m [36mliquibase.changelog                     [0;39m [35m:37  [0;39m Primary key added to change_of_points_mapping (user_id, date)
[2025-04-16 23:44:27] [34mINFO[0;39m [36mliquibase.changelog                     [0;39m [35m:37  [0;39m ChangeSet db/changelog/logs/liquibase-outputChangeLog.xml::1614595847330-22::User (generated) ran successfully in 3ms
[2025-04-16 23:44:27] [34mINFO[0;39m [36mliquibase.ui                            [0;39m [35m:37  [0;39m Running Changeset: db/changelog/logs/liquibase-outputChangeLog.xml::1614595847330-23::User (generated)
[2025-04-16 23:44:27] [34mINFO[0;39m [36mliquibase.changelog                     [0;39m [35m:37  [0;39m Primary key added to employee_position (employee_id, position_id)
[2025-04-16 23:44:27] [34mINFO[0;39m [36mliquibase.changelog                     [0;39m [35m:37  [0;39m ChangeSet db/changelog/logs/liquibase-outputChangeLog.xml::1614595847330-23::User (generated) ran successfully in 5ms
[2025-04-16 23:44:27] [34mINFO[0;39m [36mliquibase.ui                            [0;39m [35m:37  [0;39m Running Changeset: db/changelog/logs/liquibase-outputChangeLog.xml::1614595847330-24::User (generated)
[2025-04-16 23:44:27] [34mINFO[0;39m [36mliquibase.changelog                     [0;39m [35m:37  [0;39m Primary key added to order_bag_mapping (order_id, bag_id)
[2025-04-16 23:44:27] [34mINFO[0;39m [36mliquibase.changelog                     [0;39m [35m:37  [0;39m ChangeSet db/changelog/logs/liquibase-outputChangeLog.xml::1614595847330-24::User (generated) ran successfully in 3ms
[2025-04-16 23:44:27] [34mINFO[0;39m [36mliquibase.ui                            [0;39m [35m:37  [0;39m Running Changeset: db/changelog/logs/liquibase-outputChangeLog.xml::1614595847330-25::User (generated)
[2025-04-16 23:44:27] [34mINFO[0;39m [36mliquibase.changelog                     [0;39m [35m:37  [0;39m Primary key added to order_employee (employee_id, order_id)
[2025-04-16 23:44:27] [34mINFO[0;39m [36mliquibase.changelog                     [0;39m [35m:37  [0;39m ChangeSet db/changelog/logs/liquibase-outputChangeLog.xml::1614595847330-25::User (generated) ran successfully in 4ms
[2025-04-16 23:44:27] [34mINFO[0;39m [36mliquibase.ui                            [0;39m [35m:37  [0;39m Running Changeset: db/changelog/logs/liquibase-outputChangeLog.xml::1614595847330-26::User (generated)
[2025-04-16 23:44:27] [34mINFO[0;39m [36mliquibase.changelog                     [0;39m [35m:37  [0;39m Foreign key constraint added to orders (ubs_user_id)
[2025-04-16 23:44:27] [34mINFO[0;39m [36mliquibase.changelog                     [0;39m [35m:37  [0;39m ChangeSet db/changelog/logs/liquibase-outputChangeLog.xml::1614595847330-26::User (generated) ran successfully in 7ms
[2025-04-16 23:44:27] [34mINFO[0;39m [36mliquibase.ui                            [0;39m [35m:37  [0;39m Running Changeset: db/changelog/logs/liquibase-outputChangeLog.xml::1614595847330-27::User (generated)
[2025-04-16 23:44:27] [34mINFO[0;39m [36mliquibase.changelog                     [0;39m [35m:37  [0;39m Foreign key constraint added to employee_position (employee_id)
[2025-04-16 23:44:27] [34mINFO[0;39m [36mliquibase.changelog                     [0;39m [35m:37  [0;39m ChangeSet db/changelog/logs/liquibase-outputChangeLog.xml::1614595847330-27::User (generated) ran successfully in 3ms
[2025-04-16 23:44:27] [34mINFO[0;39m [36mliquibase.ui                            [0;39m [35m:37  [0;39m Running Changeset: db/changelog/logs/liquibase-outputChangeLog.xml::1614595847330-28::User (generated)
[2025-04-16 23:44:27] [34mINFO[0;39m [36mliquibase.changelog                     [0;39m [35m:37  [0;39m Foreign key constraint added to change_of_points_mapping (user_id)
[2025-04-16 23:44:27] [34mINFO[0;39m [36mliquibase.changelog                     [0;39m [35m:37  [0;39m ChangeSet db/changelog/logs/liquibase-outputChangeLog.xml::1614595847330-28::User (generated) ran successfully in 2ms
[2025-04-16 23:44:27] [34mINFO[0;39m [36mliquibase.ui                            [0;39m [35m:37  [0;39m Running Changeset: db/changelog/logs/liquibase-outputChangeLog.xml::1614595847330-29::User (generated)
[2025-04-16 23:44:27] [34mINFO[0;39m [36mliquibase.changelog                     [0;39m [35m:37  [0;39m Foreign key constraint added to order_employee (employee_id)
[2025-04-16 23:44:27] [34mINFO[0;39m [36mliquibase.changelog                     [0;39m [35m:37  [0;39m ChangeSet db/changelog/logs/liquibase-outputChangeLog.xml::1614595847330-29::User (generated) ran successfully in 2ms
[2025-04-16 23:44:27] [34mINFO[0;39m [36mliquibase.ui                            [0;39m [35m:37  [0;39m Running Changeset: db/changelog/logs/liquibase-outputChangeLog.xml::1614595847330-30::User (generated)
[2025-04-16 23:44:27] [34mINFO[0;39m [36mliquibase.changelog                     [0;39m [35m:37  [0;39m Foreign key constraint added to order_employee (order_id)
[2025-04-16 23:44:27] [34mINFO[0;39m [36mliquibase.changelog                     [0;39m [35m:37  [0;39m ChangeSet db/changelog/logs/liquibase-outputChangeLog.xml::1614595847330-30::User (generated) ran successfully in 1ms
[2025-04-16 23:44:28] [34mINFO[0;39m [36mliquibase.ui                            [0;39m [35m:37  [0;39m Running Changeset: db/changelog/logs/liquibase-outputChangeLog.xml::1614595847330-31::User (generated)
[2025-04-16 23:44:28] [34mINFO[0;39m [36mliquibase.changelog                     [0;39m [35m:37  [0;39m Foreign key constraint added to ubs_user (address_id)
[2025-04-16 23:44:28] [34mINFO[0;39m [36mliquibase.changelog                     [0;39m [35m:37  [0;39m ChangeSet db/changelog/logs/liquibase-outputChangeLog.xml::1614595847330-31::User (generated) ran successfully in 3ms
[2025-04-16 23:44:28] [34mINFO[0;39m [36mliquibase.ui                            [0;39m [35m:37  [0;39m Running Changeset: db/changelog/logs/liquibase-outputChangeLog.xml::1614595847330-32::User (generated)
[2025-04-16 23:44:28] [34mINFO[0;39m [36mliquibase.changelog                     [0;39m [35m:37  [0;39m Foreign key constraint added to orders (users_id)
[2025-04-16 23:44:28] [34mINFO[0;39m [36mliquibase.changelog                     [0;39m [35m:37  [0;39m ChangeSet db/changelog/logs/liquibase-outputChangeLog.xml::1614595847330-32::User (generated) ran successfully in 2ms
[2025-04-16 23:44:28] [34mINFO[0;39m [36mliquibase.ui                            [0;39m [35m:37  [0;39m Running Changeset: db/changelog/logs/liquibase-outputChangeLog.xml::1614595847330-33::User (generated)
[2025-04-16 23:44:28] [34mINFO[0;39m [36mliquibase.changelog                     [0;39m [35m:37  [0;39m Foreign key constraint added to ubs_user (users_id)
[2025-04-16 23:44:28] [34mINFO[0;39m [36mliquibase.changelog                     [0;39m [35m:37  [0;39m ChangeSet db/changelog/logs/liquibase-outputChangeLog.xml::1614595847330-33::User (generated) ran successfully in 2ms
[2025-04-16 23:44:28] [34mINFO[0;39m [36mliquibase.ui                            [0;39m [35m:37  [0;39m Running Changeset: db/changelog/logs/liquibase-outputChangeLog.xml::1614595847330-34::User (generated)
[2025-04-16 23:44:28] [34mINFO[0;39m [36mliquibase.changelog                     [0;39m [35m:37  [0;39m Foreign key constraint added to employee_position (position_id)
[2025-04-16 23:44:28] [34mINFO[0;39m [36mliquibase.changelog                     [0;39m [35m:37  [0;39m ChangeSet db/changelog/logs/liquibase-outputChangeLog.xml::1614595847330-34::User (generated) ran successfully in 2ms
[2025-04-16 23:44:28] [34mINFO[0;39m [36mliquibase.ui                            [0;39m [35m:37  [0;39m Running Changeset: db/changelog/logs/liquibase-outputChangeLog.xml::1614595847330-35::User (generated)
[2025-04-16 23:44:28] [34mINFO[0;39m [36mliquibase.changelog                     [0;39m [35m:37  [0;39m Foreign key constraint added to certificate (order_id)
[2025-04-16 23:44:28] [34mINFO[0;39m [36mliquibase.changelog                     [0;39m [35m:37  [0;39m ChangeSet db/changelog/logs/liquibase-outputChangeLog.xml::1614595847330-35::User (generated) ran successfully in 2ms
[2025-04-16 23:44:28] [34mINFO[0;39m [36mliquibase.ui                            [0;39m [35m:37  [0;39m Running Changeset: db/changelog/logs/liquibase-outputChangeLog.xml::1614595847330-36::User (generated)
[2025-04-16 23:44:28] [34mINFO[0;39m [36mliquibase.changelog                     [0;39m [35m:37  [0;39m Foreign key constraint added to order_bag_mapping (order_id)
[2025-04-16 23:44:28] [34mINFO[0;39m [36mliquibase.changelog                     [0;39m [35m:37  [0;39m ChangeSet db/changelog/logs/liquibase-outputChangeLog.xml::1614595847330-36::User (generated) ran successfully in 2ms
[2025-04-16 23:44:28] [34mINFO[0;39m [36mliquibase.ui                            [0;39m [35m:37  [0;39m Running Changeset: db/changelog/logs/liquibase-outputChangeLog.xml::1614595847330-37::User (generated)
[2025-04-16 23:44:28] [34mINFO[0;39m [36mliquibase.changelog                     [0;39m [35m:37  [0;39m Foreign key constraint added to order_additional (orders_id)
[2025-04-16 23:44:28] [34mINFO[0;39m [36mliquibase.changelog                     [0;39m [35m:37  [0;39m ChangeSet db/changelog/logs/liquibase-outputChangeLog.xml::1614595847330-37::User (generated) ran successfully in 1ms
[2025-04-16 23:44:28] [34mINFO[0;39m [36mliquibase.ui                            [0;39m [35m:37  [0;39m Running Changeset: db/changelog/logs/liquibase-outputChangeLog.xml::1614595847330-42::Bohdan
[2025-04-16 23:44:28] [34mINFO[0;39m [36mliquibase.changelog                     [0;39m [35m:37  [0;39m Table employee_order_position created
[2025-04-16 23:44:28] [34mINFO[0;39m [36mliquibase.changelog                     [0;39m [35m:37  [0;39m ChangeSet db/changelog/logs/liquibase-outputChangeLog.xml::1614595847330-42::Bohdan ran successfully in 3ms
[2025-04-16 23:44:28] [34mINFO[0;39m [36mliquibase.ui                            [0;39m [35m:37  [0;39m Running Changeset: db/changelog/logs/ch-addNotNullConstraint-tocerf-date-Bilonizhka.xml::Bilonizhka-1::Oleh Bilonizhka
[2025-04-16 23:44:28] [34mINFO[0;39m [36mliquibase.changelog                     [0;39m [35m:37  [0;39m NOT NULL constraint has been added to certificate.certificate_date
[2025-04-16 23:44:28] [34mINFO[0;39m [36mliquibase.changelog                     [0;39m [35m:37  [0;39m ChangeSet db/changelog/logs/ch-addNotNullConstraint-tocerf-date-Bilonizhka.xml::Bilonizhka-1::Oleh Bilonizhka ran successfully in 1ms
[2025-04-16 23:44:28] [34mINFO[0;39m [36mliquibase.ui                            [0;39m [35m:37  [0;39m Running Changeset: db/changelog/logs/ch-changeFirstAndLastNames-capacity-Bilonizhka.xml::Bilonizhka-2::Oleh Bilonizhka
[2025-04-16 23:44:28] [34mINFO[0;39m [36mliquibase.changelog                     [0;39m [35m:37  [0;39m ubs_user.first_name datatype was changed to VARCHAR(30)
[2025-04-16 23:44:28] [34mINFO[0;39m [36mliquibase.changelog                     [0;39m [35m:37  [0;39m ubs_user.last_name datatype was changed to VARCHAR(30)
[2025-04-16 23:44:28] [34mINFO[0;39m [36mliquibase.changelog                     [0;39m [35m:37  [0;39m ChangeSet db/changelog/logs/ch-changeFirstAndLastNames-capacity-Bilonizhka.xml::Bilonizhka-2::Oleh Bilonizhka ran successfully in 2ms
[2025-04-16 23:44:28] [34mINFO[0;39m [36mliquibase.ui                            [0;39m [35m:37  [0;39m Running Changeset: db/changelog/logs/ch-fixing-ubs-bugs.xml::Bilonizhka-3::Oleh Bilonizhka
[2025-04-16 23:44:28] [34mINFO[0;39m [36mliquibase.changelog                     [0;39m [35m:37  [0;39m Null constraint dropped from address.entrance_number
[2025-04-16 23:44:28] [34mINFO[0;39m [36mliquibase.changelog                     [0;39m [35m:37  [0;39m ChangeSet db/changelog/logs/ch-fixing-ubs-bugs.xml::Bilonizhka-3::Oleh Bilonizhka ran successfully in 1ms
[2025-04-16 23:44:28] [34mINFO[0;39m [36mliquibase.ui                            [0;39m [35m:37  [0;39m Running Changeset: db/changelog/logs/ch-new-certificate-columns-Bilonizhka.xml::Bilonizhka-7::Oleh Bilonizhka
[2025-04-16 23:44:28] [34mINFO[0;39m [36mliquibase.changelog                     [0;39m [35m:37  [0;39m Column certificate.certificate_date renamed to expiration_date
[2025-04-16 23:44:28] [34mINFO[0;39m [36mliquibase.changelog                     [0;39m [35m:37  [0;39m Columns creation_date(date) added to certificate
[2025-04-16 23:44:28] [34mINFO[0;39m [36mliquibase.changelog                     [0;39m [35m:37  [0;39m ChangeSet db/changelog/logs/ch-new-certificate-columns-Bilonizhka.xml::Bilonizhka-7::Oleh Bilonizhka ran successfully in 2ms
[2025-04-16 23:44:28] [34mINFO[0;39m [36mliquibase.ui                            [0;39m [35m:37  [0;39m Running Changeset: db/changelog/logs/ch-addUniqueConstraint-toUuid-Bilonizhka.xml::Bilonizhka-4::Oleh Bilonizhka
[2025-04-16 23:44:28] [34mINFO[0;39m [36mliquibase.changelog                     [0;39m [35m:37  [0;39m Unique constraint added to users(uuid)
[2025-04-16 23:44:28] [34mINFO[0;39m [36mliquibase.changelog                     [0;39m [35m:37  [0;39m ChangeSet db/changelog/logs/ch-addUniqueConstraint-toUuid-Bilonizhka.xml::Bilonizhka-4::Oleh Bilonizhka ran successfully in 3ms
[2025-04-16 23:44:28] [34mINFO[0;39m [36mliquibase.ui                            [0;39m [35m:37  [0;39m Running Changeset: db/changelog/logs/ch-addPaymentTable-Bilonizhka.xml::Bilonizhka10::Oleh Bilonizhka
[2025-04-16 23:44:28] [34mINFO[0;39m [36mliquibase.changelog                     [0;39m [35m:37  [0;39m Table payment created
[2025-04-16 23:44:28] [34mINFO[0;39m [36mliquibase.changelog                     [0;39m [35m:37  [0;39m ChangeSet db/changelog/logs/ch-addPaymentTable-Bilonizhka.xml::Bilonizhka10::Oleh Bilonizhka ran successfully in 6ms
[2025-04-16 23:44:28] [34mINFO[0;39m [36mliquibase.ui                            [0;39m [35m:37  [0;39m Running Changeset: db/changelog/logs/ch-addPaymentTable-Bilonizhka.xml::Bilonizhka11::Oleh Bilonizhka
[2025-04-16 23:44:28] [34mINFO[0;39m [36mliquibase.changelog                     [0;39m [35m:37  [0;39m Columns payment_id(BIGINT) added to orders
[2025-04-16 23:44:28] [34mINFO[0;39m [36mliquibase.changelog                     [0;39m [35m:37  [0;39m Foreign key constraint added to orders (payment_id)
[2025-04-16 23:44:28] [34mINFO[0;39m [36mliquibase.changelog                     [0;39m [35m:37  [0;39m ChangeSet db/changelog/logs/ch-addPaymentTable-Bilonizhka.xml::Bilonizhka11::Oleh Bilonizhka ran successfully in 3ms
[2025-04-16 23:44:28] [34mINFO[0;39m [36mliquibase.ui                            [0;39m [35m:37  [0;39m Running Changeset: db/changelog/logs/ch-add-column-telegram-chat-id-Pikhotskyi.xml::Pikhotskyi-1::Pikhotskyi
[2025-04-16 23:44:28] [34mINFO[0;39m [36mliquibase.changelog                     [0;39m [35m:37  [0;39m Table telegram_bot created
[2025-04-16 23:44:28] [34mINFO[0;39m [36mliquibase.changelog                     [0;39m [35m:37  [0;39m ChangeSet db/changelog/logs/ch-add-column-telegram-chat-id-Pikhotskyi.xml::Pikhotskyi-1::Pikhotskyi ran successfully in 4ms
[2025-04-16 23:44:28] [34mINFO[0;39m [36mliquibase.ui                            [0;39m [35m:37  [0;39m Running Changeset: db/changelog/logs/ch-add-table-telegram-bot-Pikhotskyi.xml::Pikhotskyi-2::Pikhotskyi
[2025-04-16 23:44:28] [34mINFO[0;39m [36mliquibase.changelog                     [0;39m [35m:37  [0;39m Columns telegram_bot_id(BIGINT) added to users
[2025-04-16 23:44:28] [34mINFO[0;39m [36mliquibase.changelog                     [0;39m [35m:37  [0;39m Unique constraint added to users(telegram_bot_id)
[2025-04-16 23:44:28] [34mINFO[0;39m [36mliquibase.changelog                     [0;39m [35m:37  [0;39m Foreign key constraint added to users (telegram_bot_id)
[2025-04-16 23:44:28] [34mINFO[0;39m [36mliquibase.changelog                     [0;39m [35m:37  [0;39m ChangeSet db/changelog/logs/ch-add-table-telegram-bot-Pikhotskyi.xml::Pikhotskyi-2::Pikhotskyi ran successfully in 5ms
[2025-04-16 23:44:28] [34mINFO[0;39m [36mliquibase.ui                            [0;39m [35m:37  [0;39m Running Changeset: db/changelog/logs/ch-alter-table-change-of-points-Hutei.xml::hutei-2::Hutei
[2025-04-16 23:44:28] [34mINFO[0;39m [36mliquibase.changelog                     [0;39m [35m:37  [0;39m Table change_of_points_mapping renamed to change_of_points
[2025-04-16 23:44:28] [34mINFO[0;39m [36mliquibase.changelog                     [0;39m [35m:37  [0;39m ChangeSet db/changelog/logs/ch-alter-table-change-of-points-Hutei.xml::hutei-2::Hutei ran successfully in 2ms
[2025-04-16 23:44:28] [34mINFO[0;39m [36mliquibase.ui                            [0;39m [35m:37  [0;39m Running Changeset: db/changelog/logs/ch-alter-table-change-of-points-Hutei.xml::Hutei-3::Hutei
[2025-04-16 23:44:28] [34mINFO[0;39m [36mliquibase.changelog                     [0;39m [35m:37  [0;39m Primary key dropped from change_of_points
[2025-04-16 23:44:28] [34mINFO[0;39m [36mliquibase.changelog                     [0;39m [35m:37  [0;39m ChangeSet db/changelog/logs/ch-alter-table-change-of-points-Hutei.xml::Hutei-3::Hutei ran successfully in 13ms
[2025-04-16 23:44:28] [34mINFO[0;39m [36mliquibase.ui                            [0;39m [35m:37  [0;39m Running Changeset: db/changelog/logs/ch-alter-table-change-of-points-Hutei.xml::Hutei-4::Hutei
[2025-04-16 23:44:28] [34mINFO[0;39m [36mliquibase.changelog                     [0;39m [35m:37  [0;39m Columns id(BIGINT) added to change_of_points
[2025-04-16 23:44:28] [34mINFO[0;39m [36mliquibase.changelog                     [0;39m [35m:37  [0;39m Columns order_id(BIGINT) added to change_of_points
[2025-04-16 23:44:28] [34mINFO[0;39m [36mliquibase.changelog                     [0;39m [35m:37  [0;39m Foreign key constraint added to change_of_points (order_id)
[2025-04-16 23:44:28] [34mINFO[0;39m [36mliquibase.changelog                     [0;39m [35m:37  [0;39m ChangeSet db/changelog/logs/ch-alter-table-change-of-points-Hutei.xml::Hutei-4::Hutei ran successfully in 10ms
[2025-04-16 23:44:28] [34mINFO[0;39m [36mliquibase.ui                            [0;39m [35m:37  [0;39m Running Changeset: db/changelog/logs/ch-drop-tgfc-unique-constraint-Bilonizhka.xml::Bilonizhka12::Oleh Bilonizhka
[2025-04-16 23:44:28] [34mINFO[0;39m [36mliquibase.changelog                     [0;39m [35m:37  [0;39m Unique constraint users_telegram_bot_id_key dropped from users
[2025-04-16 23:44:28] [34mINFO[0;39m [36mliquibase.changelog                     [0;39m [35m:37  [0;39m ChangeSet db/changelog/logs/ch-drop-tgfc-unique-constraint-Bilonizhka.xml::Bilonizhka12::Oleh Bilonizhka ran successfully in 3ms
[2025-04-16 23:44:28] [34mINFO[0;39m [36mliquibase.ui                            [0;39m [35m:37  [0;39m Running Changeset: db/changelog/logs/ch-add-violatin-description-mapping-Hutei.xml::Hutei-113::Hutei
[2025-04-16 23:44:28] [34mINFO[0;39m [36mliquibase.changelog                     [0;39m [35m:37  [0;39m Table violations_description_mapping created
[2025-04-16 23:44:28] [34mINFO[0;39m [36mliquibase.changelog                     [0;39m [35m:37  [0;39m ChangeSet db/changelog/logs/ch-add-violatin-description-mapping-Hutei.xml::Hutei-113::Hutei ran successfully in 5ms
[2025-04-16 23:44:28] [34mINFO[0;39m [36mliquibase.ui                            [0;39m [35m:37  [0;39m Running Changeset: db/changelog/logs/ch-add-violatin-description-mapping-Hutei.xml::Hutei-115::Hutei
[2025-04-16 23:44:28] [34mINFO[0;39m [36mliquibase.changelog                     [0;39m [35m:37  [0;39m Foreign key constraint added to violations_description_mapping (user_id)
[2025-04-16 23:44:28] [34mINFO[0;39m [36mliquibase.changelog                     [0;39m [35m:37  [0;39m ChangeSet db/changelog/logs/ch-add-violatin-description-mapping-Hutei.xml::Hutei-115::Hutei ran successfully in 4ms
[2025-04-16 23:44:28] [34mINFO[0;39m [36mliquibase.ui                            [0;39m [35m:37  [0;39m Running Changeset: db/changelog/logs/ch-add-violatin-description-mapping-Hutei.xml::Hutei-117::Hutei
[2025-04-16 23:44:28] [34mINFO[0;39m [36mliquibase.changelog                     [0;39m [35m:37  [0;39m Foreign key constraint added to violations_description_mapping (order_id)
[2025-04-16 23:44:28] [34mINFO[0;39m [36mliquibase.changelog                     [0;39m [35m:37  [0;39m ChangeSet db/changelog/logs/ch-add-violatin-description-mapping-Hutei.xml::Hutei-117::Hutei ran successfully in 3ms
[2025-04-16 23:44:28] [34mINFO[0;39m [36mliquibase.ui                            [0;39m [35m:37  [0;39m Running Changeset: db/changelog/logs/ch-add-language-table-and-fk-to-bag-Veremchuk.xml::Veremchuk1::Veremchuk_Zahar
[2025-04-16 23:44:28] [34mINFO[0;39m [36mliquibase.changelog                     [0;39m [35m:37  [0;39m Table bag_translations created
[2025-04-16 23:44:28] [34mINFO[0;39m [36mliquibase.changelog                     [0;39m [35m:37  [0;39m Table languages created
[2025-04-16 23:44:28] [34mINFO[0;39m [36mliquibase.changelog                     [0;39m [35m:37  [0;39m Column bag.name dropped
[2025-04-16 23:44:28] [34mINFO[0;39m [36mliquibase.changelog                     [0;39m [35m:37  [0;39m Foreign key constraint added to bag_translations (bag_id)
[2025-04-16 23:44:28] [34mINFO[0;39m [36mliquibase.changelog                     [0;39m [35m:37  [0;39m Foreign key constraint added to bag_translations (language_id)
[2025-04-16 23:44:28] [34mINFO[0;39m [36mliquibase.changelog                     [0;39m [35m:37  [0;39m Unique constraint added to bag_translations(bag_id,language_id)
[2025-04-16 23:44:28] [34mINFO[0;39m [36mliquibase.changelog                     [0;39m [35m:37  [0;39m ChangeSet db/changelog/logs/ch-add-language-table-and-fk-to-bag-Veremchuk.xml::Veremchuk1::Veremchuk_Zahar ran successfully in 16ms
[2025-04-16 23:44:28] [34mINFO[0;39m [36mliquibase.ui                            [0;39m [35m:37  [0;39m Running Changeset: db/changelog/logs/ch-add-table-viber-bot-Pikhotskyi.xml::Pikhotskyi-4::Pikhotskyi
[2025-04-16 23:44:28] [34mINFO[0;39m [36mliquibase.changelog                     [0;39m [35m:37  [0;39m Table viber_bot created
[2025-04-16 23:44:28] [34mINFO[0;39m [36mliquibase.changelog                     [0;39m [35m:37  [0;39m Foreign key constraint added to viber_bot (user_id)
[2025-04-16 23:44:28] [34mINFO[0;39m [36mliquibase.changelog                     [0;39m [35m:37  [0;39m ChangeSet db/changelog/logs/ch-add-table-viber-bot-Pikhotskyi.xml::Pikhotskyi-4::Pikhotskyi ran successfully in 9ms
[2025-04-16 23:44:28] [34mINFO[0;39m [36mliquibase.ui                            [0;39m [35m:37  [0;39m Running Changeset: db/changelog/logs/ch-drop-column-telegram-bot-id-Pikhotskyi.xml::Pikhotskyi-5::Pikhotskyi
[2025-04-16 23:44:28] [34mINFO[0;39m [36mliquibase.changelog                     [0;39m [35m:37  [0;39m Foreign key fk_users_telegram_bot_telegram_bot_id dropped
[2025-04-16 23:44:28] [34mINFO[0;39m [36mliquibase.changelog                     [0;39m [35m:37  [0;39m ChangeSet db/changelog/logs/ch-drop-column-telegram-bot-id-Pikhotskyi.xml::Pikhotskyi-5::Pikhotskyi ran successfully in 2ms
[2025-04-16 23:44:28] [34mINFO[0;39m [36mliquibase.ui                            [0;39m [35m:37  [0;39m Running Changeset: db/changelog/logs/ch-drop-column-telegram-bot-id-Pikhotskyi.xml::Pikhotskyi-6::Pikhotskyi
[2025-04-16 23:44:28] [34mINFO[0;39m [36mliquibase.changelog                     [0;39m [35m:37  [0;39m Column users.telegram_bot_id dropped
[2025-04-16 23:44:28] [34mINFO[0;39m [36mliquibase.changelog                     [0;39m [35m:37  [0;39m ChangeSet db/changelog/logs/ch-drop-column-telegram-bot-id-Pikhotskyi.xml::Pikhotskyi-6::Pikhotskyi ran successfully in 1ms
[2025-04-16 23:44:28] [34mINFO[0;39m [36mliquibase.ui                            [0;39m [35m:37  [0;39m Running Changeset: db/changelog/logs/ch-add-column-user-id-and-notify-to-telegram-bot-id-Pikhotskyi.xml::Pikhotskyi-7::Pikhotskyi
[2025-04-16 23:44:28] [34mINFO[0;39m [36mliquibase.changelog                     [0;39m [35m:37  [0;39m Columns notify(BOOLEAN),user_id(BIGINT) added to telegram_bot
[2025-04-16 23:44:28] [34mINFO[0;39m [36mliquibase.changelog                     [0;39m [35m:37  [0;39m Foreign key constraint added to telegram_bot (user_id)
[2025-04-16 23:44:28] [34mINFO[0;39m [36mliquibase.changelog                     [0;39m [35m:37  [0;39m ChangeSet db/changelog/logs/ch-add-column-user-id-and-notify-to-telegram-bot-id-Pikhotskyi.xml::Pikhotskyi-7::Pikhotskyi ran successfully in 3ms
[2025-04-16 23:44:28] [34mINFO[0;39m [36mliquibase.ui                            [0;39m [35m:37  [0;39m Running Changeset: db/changelog/logs/ch-add-columns-recipient-values-Struk.xml::Struk::Nazar Struk
[2025-04-16 23:44:28] [34mINFO[0;39m [36mliquibase.changelog                     [0;39m [35m:37  [0;39m Columns recipient_name(varchar(170)) added to users
[2025-04-16 23:44:28] [34mINFO[0;39m [36mliquibase.changelog                     [0;39m [35m:37  [0;39m ChangeSet db/changelog/logs/ch-add-columns-recipient-values-Struk.xml::Struk::Nazar Struk ran successfully in 1ms
[2025-04-16 23:44:28] [34mINFO[0;39m [36mliquibase.ui                            [0;39m [35m:37  [0;39m Running Changeset: db/changelog/logs/ch-add-columns-recipient-values-Struk.xml::Struk-1::Nazar Struk
[2025-04-16 23:44:28] [34mINFO[0;39m [36mliquibase.changelog                     [0;39m [35m:37  [0;39m Columns recipient_email(varchar(170)) added to users
[2025-04-16 23:44:28] [34mINFO[0;39m [36mliquibase.changelog                     [0;39m [35m:37  [0;39m ChangeSet db/changelog/logs/ch-add-columns-recipient-values-Struk.xml::Struk-1::Nazar Struk ran successfully in 1ms
[2025-04-16 23:44:28] [34mINFO[0;39m [36mliquibase.ui                            [0;39m [35m:37  [0;39m Running Changeset: db/changelog/logs/ch-add-columns-recipient-values-Struk.xml::Struk-2::Nazar Struk
[2025-04-16 23:44:28] [34mINFO[0;39m [36mliquibase.changelog                     [0;39m [35m:37  [0;39m Columns recipient_phone(varchar(30)) added to users
[2025-04-16 23:44:28] [34mINFO[0;39m [36mliquibase.changelog                     [0;39m [35m:37  [0;39m ChangeSet db/changelog/logs/ch-add-columns-recipient-values-Struk.xml::Struk-2::Nazar Struk ran successfully in 1ms
[2025-04-16 23:44:28] [34mINFO[0;39m [36mliquibase.ui                            [0;39m [35m:37  [0;39m Running Changeset: db/changelog/logs/сh-add-column-active-to-address-Veremchuk.xml::Veremchuk-2::Veremchuk_Zahar
[2025-04-16 23:44:28] [34mINFO[0;39m [36mliquibase.changelog                     [0;39m [35m:37  [0;39m Columns actual(Boolean),user_id(BIGINT) added to address
[2025-04-16 23:44:28] [34mINFO[0;39m [36mliquibase.changelog                     [0;39m [35m:37  [0;39m Foreign key constraint added to address (user_id)
[2025-04-16 23:44:28] [34mINFO[0;39m [36mliquibase.changelog                     [0;39m [35m:37  [0;39m ChangeSet db/changelog/logs/сh-add-column-active-to-address-Veremchuk.xml::Veremchuk-2::Veremchuk_Zahar ran successfully in 3ms
[2025-04-16 23:44:28] [34mINFO[0;39m [36mliquibase.ui                            [0;39m [35m:37  [0;39m Running Changeset: db/changelog/logs/сh-fk_ubs_users_and_addreses-Veremchuk.xml::Veremchuk-4::Veremchuk_Zahar
[2025-04-16 23:44:28] [34mINFO[0;39m [36mliquibase.changelog                     [0;39m [35m:37  [0;39m Foreign key fkc5cw0lrmhx6mbwqnklkyudhse dropped
[2025-04-16 23:44:28] [34mINFO[0;39m [36mliquibase.changelog                     [0;39m [35m:37  [0;39m Foreign key constraint added to ubs_user (address_id)
[2025-04-16 23:44:28] [34mINFO[0;39m [36mliquibase.changelog                     [0;39m [35m:37  [0;39m ChangeSet db/changelog/logs/сh-fk_ubs_users_and_addreses-Veremchuk.xml::Veremchuk-4::Veremchuk_Zahar ran successfully in 2ms
[2025-04-16 23:44:28] [34mINFO[0;39m [36mliquibase.ui                            [0;39m [35m:37  [0;39m Running Changeset: db/changelog/logs/сh-add-new-column-status-to-address-Veremchuk.xml::Veremchuk-5::Veremchuk_Zahar
[2025-04-16 23:44:28] [34mINFO[0;39m [36mliquibase.changelog                     [0;39m [35m:37  [0;39m Columns status(VARCHAR(15)) added to address
[2025-04-16 23:44:28] [34mINFO[0;39m [36mliquibase.changelog                     [0;39m [35m:37  [0;39m ChangeSet db/changelog/logs/сh-add-new-column-status-to-address-Veremchuk.xml::Veremchuk-5::Veremchuk_Zahar ran successfully in 2ms
[2025-04-16 23:44:28] [34mINFO[0;39m [36mliquibase.ui                            [0;39m [35m:37  [0;39m Running Changeset: db/changelog/logs/ch-add-new-order_bag_mapping-columns-Mahdziak.xml::Mahdziak::Orest Mahdziak
[2025-04-16 23:44:28] [34mINFO[0;39m [36mliquibase.changelog                     [0;39m [35m:37  [0;39m Columns exported_quantity(Integer) added to order_bag_mapping
[2025-04-16 23:44:28] [34mINFO[0;39m [36mliquibase.changelog                     [0;39m [35m:37  [0;39m ChangeSet db/changelog/logs/ch-add-new-order_bag_mapping-columns-Mahdziak.xml::Mahdziak::Orest Mahdziak ran successfully in 1ms
[2025-04-16 23:44:28] [34mINFO[0;39m [36mliquibase.ui                            [0;39m [35m:37  [0;39m Running Changeset: db/changelog/logs/ch-add-new-order_bag_mapping-columns-Mahdziak.xml::Mahdziak-1::Orest Mahdziak
[2025-04-16 23:44:28] [34mINFO[0;39m [36mliquibase.changelog                     [0;39m [35m:37  [0;39m Columns confirmed_quantity(Integer) added to order_bag_mapping
[2025-04-16 23:44:28] [34mINFO[0;39m [36mliquibase.changelog                     [0;39m [35m:37  [0;39m ChangeSet db/changelog/logs/ch-add-new-order_bag_mapping-columns-Mahdziak.xml::Mahdziak-1::Orest Mahdziak ran successfully in 1ms
[2025-04-16 23:44:28] [34mINFO[0;39m [36mliquibase.ui                            [0;39m [35m:37  [0;39m Running Changeset: db/changelog/logs/ch-add-column-users-surname-Berezhinkiy.xml::Misha-1::Misha Berezhinsiy
[2025-04-16 23:44:28] [34mINFO[0;39m [36mliquibase.changelog                     [0;39m [35m:37  [0;39m Columns recipient_surname(varchar(170)) added to users
[2025-04-16 23:44:28] [34mINFO[0;39m [36mliquibase.changelog                     [0;39m [35m:37  [0;39m ChangeSet db/changelog/logs/ch-add-column-users-surname-Berezhinkiy.xml::Misha-1::Misha Berezhinsiy ran successfully in 3ms
[2025-04-16 23:44:28] [34mINFO[0;39m [36mliquibase.ui                            [0;39m [35m:37  [0;39m Running Changeset: db/changelog/logs/ch-drop-column-payment_id-Struk.xml::StrukNazar::Struk11
[2025-04-16 23:44:28] [34mINFO[0;39m [36mliquibase.changelog                     [0;39m [35m:37  [0;39m Foreign key payment_id_in_orderTable_FC_constraint dropped
[2025-04-16 23:44:28] [34mINFO[0;39m [36mliquibase.changelog                     [0;39m [35m:37  [0;39m ChangeSet db/changelog/logs/ch-drop-column-payment_id-Struk.xml::StrukNazar::Struk11 ran successfully in 1ms
[2025-04-16 23:44:28] [34mINFO[0;39m [36mliquibase.ui                            [0;39m [35m:37  [0;39m Running Changeset: db/changelog/logs/ch-drop-column-payment_id-Struk.xml::StrukNazar1::Struk11
[2025-04-16 23:44:28] [34mINFO[0;39m [36mliquibase.changelog                     [0;39m [35m:37  [0;39m Column orders.payment_id dropped
[2025-04-16 23:44:28] [34mINFO[0;39m [36mliquibase.changelog                     [0;39m [35m:37  [0;39m ChangeSet db/changelog/logs/ch-drop-column-payment_id-Struk.xml::StrukNazar1::Struk11 ran successfully in 1ms
[2025-04-16 23:44:28] [34mINFO[0;39m [36mliquibase.ui                            [0;39m [35m:37  [0;39m Running Changeset: db/changelog/logs/ch-add-column-payment-id-in- orders-table-Struk.xml::Struk1235::Nazar Struk
[2025-04-16 23:44:28] [34mINFO[0;39m [36mliquibase.changelog                     [0;39m [35m:37  [0;39m Columns order_id(bigint) added to payment
[2025-04-16 23:44:28] [34mINFO[0;39m [36mliquibase.changelog                     [0;39m [35m:37  [0;39m Foreign key constraint added to payment (order_id)
[2025-04-16 23:44:28] [34mINFO[0;39m [36mliquibase.changelog                     [0;39m [35m:37  [0;39m ChangeSet db/changelog/logs/ch-add-column-payment-id-in- orders-table-Struk.xml::Struk1235::Nazar Struk ran successfully in 2ms
[2025-04-16 23:44:28] [34mINFO[0;39m [36mliquibase.ui                            [0;39m [35m:37  [0;39m Running Changeset: db/changelog/logs/ch-add-column-comment-paymant-Struk.xml::Struk12121::Nazar Struk
[2025-04-16 23:44:28] [34mINFO[0;39m [36mliquibase.changelog                     [0;39m [35m:37  [0;39m Columns comment(varchar(255)) added to payment
[2025-04-16 23:44:28] [34mINFO[0;39m [36mliquibase.changelog                     [0;39m [35m:37  [0;39m ChangeSet db/changelog/logs/ch-add-column-comment-paymant-Struk.xml::Struk12121::Nazar Struk ran successfully in 1ms
[2025-04-16 23:44:28] [34mINFO[0;39m [36mliquibase.ui                            [0;39m [35m:37  [0;39m Running Changeset: db/changelog/logs/ch-add-columns-phone-number-email-receiving-station-to-employees-Danylko.xml::Danylko-1::Danylko Mykola
[2025-04-16 23:44:28] [34mINFO[0;39m [36mliquibase.changelog                     [0;39m [35m:37  [0;39m Columns phone_number(varchar(30)),email(varchar(170)),image_path(varchar(255)) added to employees
[2025-04-16 23:44:28] [34mINFO[0;39m [36mliquibase.changelog                     [0;39m [35m:37  [0;39m ChangeSet db/changelog/logs/ch-add-columns-phone-number-email-receiving-station-to-employees-Danylko.xml::Danylko-1::Danylko Mykola ran successfully in 5ms
[2025-04-16 23:44:28] [34mINFO[0;39m [36mliquibase.ui                            [0;39m [35m:37  [0;39m Running Changeset: db/changelog/logs/ch-add-table-receiving-station-Danylko.xml::Danylko-2::Danylko Mykola
[2025-04-16 23:44:28] [34mINFO[0;39m [36mliquibase.changelog                     [0;39m [35m:37  [0;39m Table receiving_stations created
[2025-04-16 23:44:28] [34mINFO[0;39m [36mliquibase.changelog                     [0;39m [35m:37  [0;39m ChangeSet db/changelog/logs/ch-add-table-receiving-station-Danylko.xml::Danylko-2::Danylko Mykola ran successfully in 4ms
[2025-04-16 23:44:28] [34mINFO[0;39m [36mliquibase.ui                            [0;39m [35m:37  [0;39m Running Changeset: db/changelog/logs/ch-add-column-station-status-Korzh.xml::Korzh-1::Korzh Nikita
[2025-04-16 23:44:28] [34mINFO[0;39m [36mliquibase.changelog                     [0;39m [35m:37  [0;39m Columns station_status(varchar) added to receiving_stations
[2025-04-16 23:44:28] [34mINFO[0;39m [36mliquibase.changelog                     [0;39m [35m:37  [0;39m ChangeSet db/changelog/logs/ch-add-column-station-status-Korzh.xml::Korzh-1::Korzh Nikita ran successfully in 2ms
[2025-04-16 23:44:28] [34mINFO[0;39m [36mliquibase.ui                            [0;39m [35m:37  [0;39m Running Changeset: db/changelog/logs/ch-add-table-employee-receiving-station-mapping-Danylko.xml::Danylko-4::Danylko Mykola
[2025-04-16 23:44:28] [34mINFO[0;39m [36mliquibase.changelog                     [0;39m [35m:37  [0;39m Table employee_receiving_station_mapping created
[2025-04-16 23:44:28] [34mINFO[0;39m [36mliquibase.changelog                     [0;39m [35m:37  [0;39m Primary key added to employee_receiving_station_mapping (employee_id,receiving_station_id)
[2025-04-16 23:44:28] [34mINFO[0;39m [36mliquibase.changelog                     [0;39m [35m:37  [0;39m Foreign key constraint added to employee_receiving_station_mapping (employee_id)
[2025-04-16 23:44:28] [34mINFO[0;39m [36mliquibase.changelog                     [0;39m [35m:37  [0;39m Foreign key constraint added to employee_receiving_station_mapping (receiving_station_id)
[2025-04-16 23:44:28] [34mINFO[0;39m [36mliquibase.changelog                     [0;39m [35m:37  [0;39m ChangeSet db/changelog/logs/ch-add-table-employee-receiving-station-mapping-Danylko.xml::Danylko-4::Danylko Mykola ran successfully in 7ms
[2025-04-16 23:44:28] [34mINFO[0;39m [36mliquibase.ui                            [0;39m [35m:37  [0;39m Running Changeset: db/changelog/logs/ch-create-index-employee-email-Danylko.xml::Danylko-5::Danylko Mykola
[2025-04-16 23:44:28] [34mINFO[0;39m [36mliquibase.changelog                     [0;39m [35m:37  [0;39m Index index_employee_email created
[2025-04-16 23:44:28] [34mINFO[0;39m [36mliquibase.changelog                     [0;39m [35m:37  [0;39m ChangeSet db/changelog/logs/ch-create-index-employee-email-Danylko.xml::Danylko-5::Danylko Mykola ran successfully in 3ms
[2025-04-16 23:44:28] [34mINFO[0;39m [36mliquibase.ui                            [0;39m [35m:37  [0;39m Running Changeset: db/changelog/logs/ch-add-unique-constraint-position-receiving-st-Danylko.xml::Danylko-10::Danylko Mykola
[2025-04-16 23:44:28] [34mINFO[0;39m [36mliquibase.changelog                     [0;39m [35m:37  [0;39m Unique constraint added to positions(position)
[2025-04-16 23:44:28] [34mINFO[0;39m [36mliquibase.changelog                     [0;39m [35m:37  [0;39m Unique constraint added to receiving_stations(receiving_station)
[2025-04-16 23:44:28] [34mINFO[0;39m [36mliquibase.changelog                     [0;39m [35m:37  [0;39m ChangeSet db/changelog/logs/ch-add-unique-constraint-position-receiving-st-Danylko.xml::Danylko-10::Danylko Mykola ran successfully in 3ms
[2025-04-16 23:44:28] [34mINFO[0;39m [36mliquibase.ui                            [0;39m [35m:37  [0;39m Running Changeset: db/changelog/logs/ch-change-column-name-position-rec-station-Danylko.xml::Danylko-11::Danylko Mykola
[2025-04-16 23:44:28] [34mINFO[0;39m [36mliquibase.changelog                     [0;39m [35m:37  [0;39m Column positions.position renamed to name
[2025-04-16 23:44:28] [34mINFO[0;39m [36mliquibase.changelog                     [0;39m [35m:37  [0;39m Column receiving_stations.receiving_station renamed to name
[2025-04-16 23:44:28] [34mINFO[0;39m [36mliquibase.changelog                     [0;39m [35m:37  [0;39m ChangeSet db/changelog/logs/ch-change-column-name-position-rec-station-Danylko.xml::Danylko-11::Danylko Mykola ran successfully in 2ms
[2025-04-16 23:44:28] [34mINFO[0;39m [36mliquibase.ui                            [0;39m [35m:37  [0;39m Running Changeset: db/changelog/logs/ch-add-columns-violation-level-violation-date-in-violations-description-mapping-Rusanovscaia.xml::Rusanovscaia-1::Nadia Rusanovscaia
[2025-04-16 23:44:28] [34mINFO[0;39m [36mliquibase.changelog                     [0;39m [35m:37  [0;39m Columns violation_level(varchar(15)) added to violations_description_mapping
[2025-04-16 23:44:28] [34mINFO[0;39m [36mliquibase.changelog                     [0;39m [35m:37  [0;39m ChangeSet db/changelog/logs/ch-add-columns-violation-level-violation-date-in-violations-description-mapping-Rusanovscaia.xml::Rusanovscaia-1::Nadia Rusanovscaia ran successfully in 1ms
[2025-04-16 23:44:28] [34mINFO[0;39m [36mliquibase.ui                            [0;39m [35m:37  [0;39m Running Changeset: db/changelog/logs/ch-add-columns-violation-level-violation-date-in-violations-description-mapping-Rusanovscaia.xml::Rusanovscaia-2::Nadia Rusanovscaia
[2025-04-16 23:44:28] [34mINFO[0;39m [36mliquibase.changelog                     [0;39m [35m:37  [0;39m Columns violation_date(timestamp(6)) added to violations_description_mapping
[2025-04-16 23:44:28] [34mINFO[0;39m [36mliquibase.changelog                     [0;39m [35m:37  [0;39m ChangeSet db/changelog/logs/ch-add-columns-violation-level-violation-date-in-violations-description-mapping-Rusanovscaia.xml::Rusanovscaia-2::Nadia Rusanovscaia ran successfully in 1ms
[2025-04-16 23:44:28] [34mINFO[0;39m [36mliquibase.ui                            [0;39m [35m:37  [0;39m Running Changeset: db/changelog/logs/ch-add-column-image-path-to-violations-description-mapping-Rusanovscaia.xml::Rusanovscaia-3::Nadia Rusanovscaia
[2025-04-16 23:44:28] [34mINFO[0;39m [36mliquibase.changelog                     [0;39m [35m:37  [0;39m Columns image_path(varchar(255)) added to violations_description_mapping
[2025-04-16 23:44:28] [34mINFO[0;39m [36mliquibase.changelog                     [0;39m [35m:37  [0;39m ChangeSet db/changelog/logs/ch-add-column-image-path-to-violations-description-mapping-Rusanovscaia.xml::Rusanovscaia-3::Nadia Rusanovscaia ran successfully in 3ms
[2025-04-16 23:44:28] [34mINFO[0;39m [36mliquibase.ui                            [0;39m [35m:37  [0;39m Running Changeset: db/changelog/logs/ch-add-column-id-to-violations-description-mapping-Rusanovscaia.xml::Rusanovscaia-4::Nadia Rusanovscaia
[2025-04-16 23:44:28] [34mINFO[0;39m [36mliquibase.changelog                     [0;39m [35m:37  [0;39m Columns id(BIGINT) added to violations_description_mapping
[2025-04-16 23:44:28] [34mINFO[0;39m [36mliquibase.changelog                     [0;39m [35m:37  [0;39m ChangeSet db/changelog/logs/ch-add-column-id-to-violations-description-mapping-Rusanovscaia.xml::Rusanovscaia-4::Nadia Rusanovscaia ran successfully in 9ms
[2025-04-16 23:44:28] [34mINFO[0;39m [36mliquibase.ui                            [0;39m [35m:37  [0;39m Running Changeset: db/changelog/logs/ch-add-new-payment-status-column-Mahdziak.xml::Mahdziak-2::Mahdziak_Orest
[2025-04-16 23:44:28] [34mINFO[0;39m [36mliquibase.changelog                     [0;39m [35m:37  [0;39m Columns payment_status(VARCHAR(20)) added to payment
[2025-04-16 23:44:28] [34mINFO[0;39m [36mliquibase.changelog                     [0;39m [35m:37  [0;39m ChangeSet db/changelog/logs/ch-add-new-payment-status-column-Mahdziak.xml::Mahdziak-2::Mahdziak_Orest ran successfully in 2ms
[2025-04-16 23:44:28] [34mINFO[0;39m [36mliquibase.ui                            [0;39m [35m:37  [0;39m Running Changeset: db/changelog/logs/ch-insert-into-languages-Makitra.xml::Makitra-13::Makitra Vadym
[2025-04-16 23:44:28] [34mINFO[0;39m [36mliquibase.changelog                     [0;39m [35m:37  [0;39m New row inserted into languages
[2025-04-16 23:44:28] [34mINFO[0;39m [36mliquibase.changelog                     [0;39m [35m:37  [0;39m New row inserted into languages
[2025-04-16 23:44:28] [34mINFO[0;39m [36mliquibase.changelog                     [0;39m [35m:37  [0;39m New row inserted into languages
[2025-04-16 23:44:28] [34mINFO[0;39m [36mliquibase.changelog                     [0;39m [35m:37  [0;39m ChangeSet db/changelog/logs/ch-insert-into-languages-Makitra.xml::Makitra-13::Makitra Vadym ran successfully in 4ms
[2025-04-16 23:44:28] [34mINFO[0;39m [36mliquibase.ui                            [0;39m [35m:37  [0;39m Running Changeset: db/changelog/logs/ch-add-table-user-notifications-Sakhno.xml::Sakhno-1::Sakhno Ann
[2025-04-16 23:44:28] [34mINFO[0;39m [36mliquibase.changelog                     [0;39m [35m:37  [0;39m Table user_notifications created
[2025-04-16 23:44:28] [34mINFO[0;39m [36mliquibase.changelog                     [0;39m [35m:37  [0;39m Primary key added to user_notifications (id)
[2025-04-16 23:44:28] [34mINFO[0;39m [36mliquibase.changelog                     [0;39m [35m:37  [0;39m Foreign key constraint added to user_notifications (users_id)
[2025-04-16 23:44:28] [34mINFO[0;39m [36mliquibase.changelog                     [0;39m [35m:37  [0;39m ChangeSet db/changelog/logs/ch-add-table-user-notifications-Sakhno.xml::Sakhno-1::Sakhno Ann ran successfully in 9ms
[2025-04-16 23:44:28] [34mINFO[0;39m [36mliquibase.ui                            [0;39m [35m:37  [0;39m Running Changeset: db/changelog/logs/ch-add-table-user-notifications-Sakhno.xml::Sakhno-2::Sakhno Ann
[2025-04-16 23:44:28] [34mINFO[0;39m [36mliquibase.changelog                     [0;39m [35m:37  [0;39m Table notification_templates created
[2025-04-16 23:44:28] [34mINFO[0;39m [36mliquibase.changelog                     [0;39m [35m:37  [0;39m Primary key added to notification_templates (id)
[2025-04-16 23:44:28] [34mINFO[0;39m [36mliquibase.changelog                     [0;39m [35m:37  [0;39m Foreign key constraint added to notification_templates (language_id)
[2025-04-16 23:44:28] [34mINFO[0;39m [36mliquibase.changelog                     [0;39m [35m:37  [0;39m ChangeSet db/changelog/logs/ch-add-table-user-notifications-Sakhno.xml::Sakhno-2::Sakhno Ann ran successfully in 10ms
[2025-04-16 23:44:28] [34mINFO[0;39m [36mliquibase.ui                            [0;39m [35m:37  [0;39m Running Changeset: db/changelog/logs/ch-add-table-user-notifications-Sakhno.xml::Sakhno-3::Sakhno Ann
[2025-04-16 23:44:28] [34mINFO[0;39m [36mliquibase.changelog                     [0;39m [35m:37  [0;39m Table notification_parameters created
[2025-04-16 23:44:28] [34mINFO[0;39m [36mliquibase.changelog                     [0;39m [35m:37  [0;39m Primary key added to notification_parameters (id)
[2025-04-16 23:44:28] [34mINFO[0;39m [36mliquibase.changelog                     [0;39m [35m:37  [0;39m Foreign key constraint added to notification_parameters (notification_id)
[2025-04-16 23:44:28] [34mINFO[0;39m [36mliquibase.changelog                     [0;39m [35m:37  [0;39m ChangeSet db/changelog/logs/ch-add-table-user-notifications-Sakhno.xml::Sakhno-3::Sakhno Ann ran successfully in 7ms
[2025-04-16 23:44:28] [34mINFO[0;39m [36mliquibase.ui                            [0;39m [35m:37  [0;39m Running Changeset: db/changelog/logs/ch-add-table-user-notifications-Sakhno.xml::Sakhno-4::Sakhno Ann
[2025-04-16 23:44:28] [34mINFO[0;39m [36mliquibase.changelog                     [0;39m [35m:37  [0;39m New row inserted into notification_templates
[2025-04-16 23:44:28] [34mINFO[0;39m [36mliquibase.changelog                     [0;39m [35m:37  [0;39m New row inserted into notification_templates
[2025-04-16 23:44:28] [34mINFO[0;39m [36mliquibase.changelog                     [0;39m [35m:37  [0;39m New row inserted into notification_templates
[2025-04-16 23:44:28] [34mINFO[0;39m [36mliquibase.changelog                     [0;39m [35m:37  [0;39m New row inserted into notification_templates
[2025-04-16 23:44:28] [34mINFO[0;39m [36mliquibase.changelog                     [0;39m [35m:37  [0;39m New row inserted into notification_templates
[2025-04-16 23:44:28] [34mINFO[0;39m [36mliquibase.changelog                     [0;39m [35m:37  [0;39m New row inserted into notification_templates
[2025-04-16 23:44:28] [34mINFO[0;39m [36mliquibase.changelog                     [0;39m [35m:37  [0;39m New row inserted into notification_templates
[2025-04-16 23:44:28] [34mINFO[0;39m [36mliquibase.changelog                     [0;39m [35m:37  [0;39m New row inserted into notification_templates
[2025-04-16 23:44:28] [34mINFO[0;39m [36mliquibase.changelog                     [0;39m [35m:37  [0;39m New row inserted into notification_templates
[2025-04-16 23:44:28] [34mINFO[0;39m [36mliquibase.changelog                     [0;39m [35m:37  [0;39m New row inserted into notification_templates
[2025-04-16 23:44:28] [34mINFO[0;39m [36mliquibase.changelog                     [0;39m [35m:37  [0;39m New row inserted into notification_templates
[2025-04-16 23:44:28] [34mINFO[0;39m [36mliquibase.changelog                     [0;39m [35m:37  [0;39m New row inserted into notification_templates
[2025-04-16 23:44:28] [34mINFO[0;39m [36mliquibase.changelog                     [0;39m [35m:37  [0;39m New row inserted into notification_templates
[2025-04-16 23:44:28] [34mINFO[0;39m [36mliquibase.changelog                     [0;39m [35m:37  [0;39m New row inserted into notification_templates
[2025-04-16 23:44:28] [34mINFO[0;39m [36mliquibase.changelog                     [0;39m [35m:37  [0;39m ChangeSet db/changelog/logs/ch-add-table-user-notifications-Sakhno.xml::Sakhno-4::Sakhno Ann ran successfully in 14ms
[2025-04-16 23:44:28] [34mINFO[0;39m [36mliquibase.ui                            [0;39m [35m:37  [0;39m Running Changeset: db/changelog/logs/ch-add-column-receipt-image-image-path-Kisliak.xml::Denys-1::Denys Kisliak
[2025-04-16 23:44:28] [34mINFO[0;39m [36mliquibase.changelog                     [0;39m [35m:37  [0;39m Columns receipt_link(varchar) added to payment
[2025-04-16 23:44:28] [34mINFO[0;39m [36mliquibase.changelog                     [0;39m [35m:37  [0;39m Columns image_path(varchar) added to payment
[2025-04-16 23:44:28] [34mINFO[0;39m [36mliquibase.changelog                     [0;39m [35m:37  [0;39m ChangeSet db/changelog/logs/ch-add-column-receipt-image-image-path-Kisliak.xml::Denys-1::Denys Kisliak ran successfully in 2ms
[2025-04-16 23:44:28] [34mINFO[0;39m [36mliquibase.ui                            [0;39m [35m:37  [0;39m Running Changeset: db/changelog/logs/ch-add-column-order-payment-status-into-order-table-Danylko.xml::Danylko-15::Mykola Danylko
[2025-04-16 23:44:28] [34mINFO[0;39m [36mliquibase.changelog                     [0;39m [35m:37  [0;39m Columns order_payment_status(varchar(40)) added to orders
[2025-04-16 23:44:28] [34mINFO[0;39m [36mliquibase.changelog                     [0;39m [35m:37  [0;39m ChangeSet db/changelog/logs/ch-add-column-order-payment-status-into-order-table-Danylko.xml::Danylko-15::Mykola Danylko ran successfully in 2ms
[2025-04-16 23:44:28] [34mINFO[0;39m [36mliquibase.ui                            [0;39m [35m:37  [0;39m Running Changeset: db/changelog/logs/ch-add-column-to-employee_order_position-table.xml::Fedorkiv-1::Bohdan Fedorkiv
[2025-04-16 23:44:28] [34mINFO[0;39m [36mliquibase.changelog                     [0;39m [35m:37  [0;39m Columns order_id(BIGINT),employee_id(BIGINT),position_id(BIGINT) added to employee_order_position
[2025-04-16 23:44:28] [34mINFO[0;39m [36mliquibase.changelog                     [0;39m [35m:37  [0;39m ChangeSet db/changelog/logs/ch-add-column-to-employee_order_position-table.xml::Fedorkiv-1::Bohdan Fedorkiv ran successfully in 1ms
[2025-04-16 23:44:28] [34mINFO[0;39m [36mliquibase.ui                            [0;39m [35m:37  [0;39m Running Changeset: db/changelog/logs/ch-add-column-payment-type-Kisliak.xml::Denys-2::Denys Kisliak
[2025-04-16 23:44:28] [34mINFO[0;39m [36mliquibase.changelog                     [0;39m [35m:37  [0;39m Columns payment_type(varchar) added to payment
[2025-04-16 23:44:28] [34mINFO[0;39m [36mliquibase.changelog                     [0;39m [35m:37  [0;39m ChangeSet db/changelog/logs/ch-add-column-payment-type-Kisliak.xml::Denys-2::Denys Kisliak ran successfully in 1ms
[2025-04-16 23:44:28] [34mINFO[0;39m [36mliquibase.ui                            [0;39m [35m:37  [0;39m Running Changeset: db/changelog/logs/ch-drop-length-phone-number-ubsUser-pater-liubomyr.xml::Pater-1::Liubomyr Pater
[2025-04-16 23:44:28] [34mINFO[0;39m [36mliquibase.changelog                     [0;39m [35m:37  [0;39m ubs_user.phone_number datatype was changed to varchar(15)
[2025-04-16 23:44:28] [34mINFO[0;39m [36mliquibase.changelog                     [0;39m [35m:37  [0;39m ChangeSet db/changelog/logs/ch-drop-length-phone-number-ubsUser-pater-liubomyr.xml::Pater-1::Liubomyr Pater ran successfully in 1ms
[2025-04-16 23:44:28] [34mINFO[0;39m [36mliquibase.ui                            [0;39m [35m:37  [0;39m Running Changeset: db/changelog/logs/ch-add-columns-to-orders-table.xml::Oleksandr-1::Oleksandr Khomiakov
[2025-04-16 23:44:28] [34mINFO[0;39m [36mliquibase.changelog                     [0;39m [35m:37  [0;39m Columns cancellation_reason(varchar(40)) added to orders
[2025-04-16 23:44:28] [34mINFO[0;39m [36mliquibase.changelog                     [0;39m [35m:37  [0;39m Columns cancellation_comment(varchar(170)) added to orders
[2025-04-16 23:44:28] [34mINFO[0;39m [36mliquibase.changelog                     [0;39m [35m:37  [0;39m ChangeSet db/changelog/logs/ch-add-columns-to-orders-table.xml::Oleksandr-1::Oleksandr Khomiakov ran successfully in 2ms
[2025-04-16 23:44:28] [34mINFO[0;39m [36mliquibase.ui                            [0;39m [35m:37  [0;39m Running Changeset: db/changelog/logs/ch-add-table-locations-Kisliak.xml::Kisliak-3::Denys Kisliak
[2025-04-16 23:44:28] [34mINFO[0;39m [36mliquibase.changelog                     [0;39m [35m:37  [0;39m Table locations created
[2025-04-16 23:44:28] [34mINFO[0;39m [36mliquibase.changelog                     [0;39m [35m:37  [0;39m ChangeSet db/changelog/logs/ch-add-table-locations-Kisliak.xml::Kisliak-3::Denys Kisliak ran successfully in 5ms
[2025-04-16 23:44:28] [34mINFO[0;39m [36mliquibase.ui                            [0;39m [35m:37  [0;39m Running Changeset: db/changelog/logs/ch-add-column-last-order-location-Kisliak.xml::Kisliak-6::Denys Kisliak
[2025-04-16 23:44:28] [34mINFO[0;39m [36mliquibase.changelog                     [0;39m [35m:37  [0;39m Columns last_order_location(BIGINT) added to users
[2025-04-16 23:44:28] [34mINFO[0;39m [36mliquibase.changelog                     [0;39m [35m:37  [0;39m Foreign key constraint added to users (last_order_location)
[2025-04-16 23:44:28] [34mINFO[0;39m [36mliquibase.changelog                     [0;39m [35m:37  [0;39m ChangeSet db/changelog/logs/ch-add-column-last-order-location-Kisliak.xml::Kisliak-6::Denys Kisliak ran successfully in 3ms
[2025-04-16 23:44:28] [34mINFO[0;39m [36mliquibase.ui                            [0;39m [35m:37  [0;39m Running Changeset: db/changelog/logs/ch-drop-column-notify-telegram-bot-Sakhno.xml::Sakhno-1::Sakhno
[2025-04-16 23:44:28] [34mINFO[0;39m [36mliquibase.changelog                     [0;39m [35m:37  [0;39m Column telegram_bot.notify dropped
[2025-04-16 23:44:28] [34mINFO[0;39m [36mliquibase.changelog                     [0;39m [35m:37  [0;39m ChangeSet db/changelog/logs/ch-drop-column-notify-telegram-bot-Sakhno.xml::Sakhno-1::Sakhno ran successfully in 1ms
[2025-04-16 23:44:28] [34mINFO[0;39m [36mliquibase.ui                            [0;39m [35m:37  [0;39m Running Changeset: db/changelog/logs/ch-add-constraint-column-id-viber-bot-Sakhno.xml::Sakhno-1::Sakhno Ann
[2025-04-16 23:44:28] [34mINFO[0;39m [36mliquibase.changelog                     [0;39m [35m:37  [0;39m Unique constraint added to viber_bot(user_id)
[2025-04-16 23:44:28] [34mINFO[0;39m [36mliquibase.changelog                     [0;39m [35m:37  [0;39m ChangeSet db/changelog/logs/ch-add-constraint-column-id-viber-bot-Sakhno.xml::Sakhno-1::Sakhno Ann ran successfully in 2ms
[2025-04-16 23:44:28] [34mINFO[0;39m [36mliquibase.ui                            [0;39m [35m:37  [0;39m Running Changeset: db/changelog/logs/ch-add-table-events-Bratakh.xml::Bratakh-1::Bratakh Liubomyr
[2025-04-16 23:44:28] [34mINFO[0;39m [36mliquibase.changelog                     [0;39m [35m:37  [0;39m Table events created
[2025-04-16 23:44:28] [34mINFO[0;39m [36mliquibase.changelog                     [0;39m [35m:37  [0;39m Primary key added to events (id)
[2025-04-16 23:44:28] [34mINFO[0;39m [36mliquibase.changelog                     [0;39m [35m:37  [0;39m Foreign key constraint added to events (order_id)
[2025-04-16 23:44:28] [34mINFO[0;39m [36mliquibase.changelog                     [0;39m [35m:37  [0;39m ChangeSet db/changelog/logs/ch-add-table-events-Bratakh.xml::Bratakh-1::Bratakh Liubomyr ran successfully in 5ms
[2025-04-16 23:44:28] [34mINFO[0;39m [36mliquibase.ui                            [0;39m [35m:37  [0;39m Running Changeset: db/changelog/logs/ch-add-columns-to-user-notifications-Volianskyi.xml::Volianskyi-1::Ihor Volianskyi
[2025-04-16 23:44:28] [34mINFO[0;39m [36mliquibase.changelog                     [0;39m [35m:37  [0;39m Columns order_id(BIGINT) added to user_notifications
[2025-04-16 23:44:28] [34mINFO[0;39m [36mliquibase.changelog                     [0;39m [35m:37  [0;39m Foreign key constraint added to user_notifications (order_id)
[2025-04-16 23:44:28] [34mINFO[0;39m [36mliquibase.changelog                     [0;39m [35m:37  [0;39m ChangeSet db/changelog/logs/ch-add-columns-to-user-notifications-Volianskyi.xml::Volianskyi-1::Ihor Volianskyi ran successfully in 2ms
[2025-04-16 23:44:28] [34mINFO[0;39m [36mliquibase.ui                            [0;39m [35m:37  [0;39m Running Changeset: db/changelog/logs/ch-add-columns-to-user-notifications-Volianskyi.xml::Volianskyi-2::Ihor Volianskyi
[2025-04-16 23:44:28] [34mINFO[0;39m [36mliquibase.changelog                     [0;39m [35m:37  [0;39m Columns read(BOOLEAN) added to user_notifications
[2025-04-16 23:44:28] [34mINFO[0;39m [36mliquibase.changelog                     [0;39m [35m:37  [0;39m ChangeSet db/changelog/logs/ch-add-columns-to-user-notifications-Volianskyi.xml::Volianskyi-2::Ihor Volianskyi ran successfully in 1ms
[2025-04-16 23:44:28] [34mINFO[0;39m [36mliquibase.ui                            [0;39m [35m:37  [0;39m Running Changeset: db/changelog/logs/ch-add-column-to-notification-template-Volianskyi.xml::Volianskyi-3::Ihor Volianskyi
[2025-04-16 23:44:28] [34mINFO[0;39m [36mliquibase.changelog                     [0;39m [35m:37  [0;39m Columns notification_receiver_type(VARCHAR(50)) added to notification_templates
[2025-04-16 23:44:28] [34mINFO[0;39m [36mliquibase.changelog                     [0;39m [35m:37  [0;39m ChangeSet db/changelog/logs/ch-add-column-to-notification-template-Volianskyi.xml::Volianskyi-3::Ihor Volianskyi ran successfully in 1ms
[2025-04-16 23:44:28] [34mINFO[0;39m [36mliquibase.ui                            [0;39m [35m:37  [0;39m Running Changeset: db/changelog/logs/ch-drop-create-table-violation-description-maping-Melnyk.xml::Melnyk-1::Bohdan Melnyk
[2025-04-16 23:44:28] [34mINFO[0;39m [36mliquibase.changelog                     [0;39m [35m:37  [0;39m Table violations_description_mapping dropped
[2025-04-16 23:44:28] [34mINFO[0;39m [36mliquibase.changelog                     [0;39m [35m:37  [0;39m ChangeSet db/changelog/logs/ch-drop-create-table-violation-description-maping-Melnyk.xml::Melnyk-1::Bohdan Melnyk ran successfully in 3ms
[2025-04-16 23:44:28] [34mINFO[0;39m [36mliquibase.ui                            [0;39m [35m:37  [0;39m Running Changeset: db/changelog/logs/ch-drop-create-table-violation-description-maping-Melnyk.xml::Melnyk-2::Bohdan Melnyk
[2025-04-16 23:44:28] [34mINFO[0;39m [36mliquibase.changelog                     [0;39m [35m:37  [0;39m Table violations_description_mapping created
[2025-04-16 23:44:28] [34mINFO[0;39m [36mliquibase.changelog                     [0;39m [35m:37  [0;39m ChangeSet db/changelog/logs/ch-drop-create-table-violation-description-maping-Melnyk.xml::Melnyk-2::Bohdan Melnyk ran successfully in 4ms
[2025-04-16 23:44:28] [34mINFO[0;39m [36mliquibase.ui                            [0;39m [35m:37  [0;39m Running Changeset: db/changelog/logs/ch-drop-create-table-violation-description-maping-Melnyk.xml::Melnyk-4::Bohdan Melnyk
[2025-04-16 23:44:28] [34mINFO[0;39m [36mliquibase.changelog                     [0;39m [35m:37  [0;39m Foreign key constraint added to violations_description_mapping (order_id)
[2025-04-16 23:44:28] [34mINFO[0;39m [36mliquibase.changelog                     [0;39m [35m:37  [0;39m ChangeSet db/changelog/logs/ch-drop-create-table-violation-description-maping-Melnyk.xml::Melnyk-4::Bohdan Melnyk ran successfully in 2ms
[2025-04-16 23:44:28] [34mINFO[0;39m [36mliquibase.ui                            [0;39m [35m:37  [0;39m Running Changeset: db/changelog/logs/ch-add-table-violation_images-Melnyk.xml::Melnyk-5::Bohdan Melnyk
[2025-04-16 23:44:28] [34mINFO[0;39m [36mliquibase.changelog                     [0;39m [35m:37  [0;39m Table violation_images created
[2025-04-16 23:44:28] [34mINFO[0;39m [36mliquibase.changelog                     [0;39m [35m:37  [0;39m Foreign key constraint added to violation_images (violation_id)
[2025-04-16 23:44:28] [34mINFO[0;39m [36mliquibase.changelog                     [0;39m [35m:37  [0;39m ChangeSet db/changelog/logs/ch-add-table-violation_images-Melnyk.xml::Melnyk-5::Bohdan Melnyk ran successfully in 4ms
[2025-04-16 23:44:28] [34mINFO[0;39m [36mliquibase.ui                            [0;39m [35m:37  [0;39m Running Changeset: db/changelog/logs/ch-drop-column-id-Melnyk.xml::Melnyk-5::Bohdan Melnyk
[2025-04-16 23:44:28] [34mINFO[0;39m [36mliquibase.changelog                     [0;39m [35m:37  [0;39m Primary key dropped from violation_images
[2025-04-16 23:44:28] [34mINFO[0;39m [36mliquibase.changelog                     [0;39m [35m:37  [0;39m ChangeSet db/changelog/logs/ch-drop-column-id-Melnyk.xml::Melnyk-5::Bohdan Melnyk ran successfully in 1ms
[2025-04-16 23:44:28] [34mINFO[0;39m [36mliquibase.ui                            [0;39m [35m:37  [0;39m Running Changeset: db/changelog/logs/ch-drop-column-id-Melnyk.xml::Melnyk-6::Bohdan Melnyk
[2025-04-16 23:44:28] [34mINFO[0;39m [36mliquibase.changelog                     [0;39m [35m:37  [0;39m Column violation_images.id dropped
[2025-04-16 23:44:28] [34mINFO[0;39m [36mliquibase.changelog                     [0;39m [35m:37  [0;39m ChangeSet db/changelog/logs/ch-drop-column-id-Melnyk.xml::Melnyk-6::Bohdan Melnyk ran successfully in 1ms
[2025-04-16 23:44:28] [34mINFO[0;39m [36mliquibase.ui                            [0;39m [35m:37  [0;39m Running Changeset: db/changelog/logs/ch-add-columns-to-order-table.xml::Fedorkiv_Order_1::Bohdan Fedorkiv
[2025-04-16 23:44:28] [34mINFO[0;39m [36mliquibase.changelog                     [0;39m [35m:37  [0;39m Columns reason_not_taking_bag_description(VARCHAR(512)),image_reason_not_taking_bags(VARCHAR(2048)) added to orders
[2025-04-16 23:44:28] [34mINFO[0;39m [36mliquibase.changelog                     [0;39m [35m:37  [0;39m ChangeSet db/changelog/logs/ch-add-columns-to-order-table.xml::Fedorkiv_Order_1::Bohdan Fedorkiv ran successfully in 1ms
[2025-04-16 23:44:28] [34mINFO[0;39m [36mliquibase.ui                            [0;39m [35m:37  [0;39m Running Changeset: db/changelog/logs/ch-add-table-order-status-translations.xml::Oleksandr-2::Oleksandr Khomiakov
[2025-04-16 23:44:28] [34mINFO[0;39m [36mliquibase.changelog                     [0;39m [35m:37  [0;39m Table order_status_translations created
[2025-04-16 23:44:28] [34mINFO[0;39m [36mliquibase.changelog                     [0;39m [35m:37  [0;39m ChangeSet db/changelog/logs/ch-add-table-order-status-translations.xml::Oleksandr-2::Oleksandr Khomiakov ran successfully in 5ms
[2025-04-16 23:44:28] [34mINFO[0;39m [36mliquibase.ui                            [0;39m [35m:37  [0;39m Running Changeset: db/changelog/logs/ch-add-column-description-Makitra.xml::Makitra-2::Vadym Makitra
[2025-04-16 23:44:28] [34mINFO[0;39m [36mliquibase.changelog                     [0;39m [35m:37  [0;39m Auto-increment added to bag_translations.id
[2025-04-16 23:44:28] [34mINFO[0;39m [36mliquibase.changelog                     [0;39m [35m:37  [0;39m Columns description(varchar) added to bag_translations
[2025-04-16 23:44:28] [34mINFO[0;39m [36mliquibase.changelog                     [0;39m [35m:37  [0;39m ChangeSet db/changelog/logs/ch-add-column-description-Makitra.xml::Makitra-2::Vadym Makitra ran successfully in 4ms
[2025-04-16 23:44:28] [34mINFO[0;39m [36mliquibase.ui                            [0;39m [35m:37  [0;39m Running Changeset: db/changelog/logs/ch-add-column-commission-fullPrice-Makitra.xml::Makitra-1::Vadym Makitra
[2025-04-16 23:44:28] [34mINFO[0;39m [36mliquibase.changelog                     [0;39m [35m:37  [0;39m Columns commission(Integer) added to bag
[2025-04-16 23:44:28] [34mINFO[0;39m [36mliquibase.changelog                     [0;39m [35m:37  [0;39m Columns full_price(Integer) added to bag
[2025-04-16 23:44:28] [34mINFO[0;39m [36mliquibase.changelog                     [0;39m [35m:37  [0;39m Columns created_at(Date) added to bag
[2025-04-16 23:44:28] [34mINFO[0;39m [36mliquibase.changelog                     [0;39m [35m:37  [0;39m Columns created_by(varchar) added to bag
[2025-04-16 23:44:28] [34mINFO[0;39m [36mliquibase.changelog                     [0;39m [35m:37  [0;39m ChangeSet db/changelog/logs/ch-add-column-commission-fullPrice-Makitra.xml::Makitra-1::Vadym Makitra ran successfully in 3ms
[2025-04-16 23:44:28] [34mINFO[0;39m [36mliquibase.ui                            [0;39m [35m:37  [0;39m Running Changeset: db/changelog/logs/ch-add-constraint-events-Bahlay.xml::Bahlay-1::Bahlay Yuriy
[2025-04-16 23:44:28] [34mINFO[0;39m [36mliquibase.changelog                     [0;39m [35m:37  [0;39m Auto-increment added to events.id
[2025-04-16 23:44:28] [34mINFO[0;39m [36mliquibase.changelog                     [0;39m [35m:37  [0;39m ChangeSet db/changelog/logs/ch-add-constraint-events-Bahlay.xml::Bahlay-1::Bahlay Yuriy ran successfully in 2ms
[2025-04-16 23:44:28] [34mINFO[0;39m [36mliquibase.ui                            [0;39m [35m:37  [0;39m Running Changeset: db/changelog/logs/ch-add-column-userId-to-employee-Bahlay.xml::Bahlay-2::Yuriy Bahlay
[2025-04-16 23:44:28] [34mINFO[0;39m [36mliquibase.changelog                     [0;39m [35m:37  [0;39m Columns user_id(BIGINT) added to employees
[2025-04-16 23:44:28] [34mINFO[0;39m [36mliquibase.changelog                     [0;39m [35m:37  [0;39m Foreign key constraint added to employees (user_id)
[2025-04-16 23:44:28] [34mINFO[0;39m [36mliquibase.changelog                     [0;39m [35m:37  [0;39m ChangeSet db/changelog/logs/ch-add-column-userId-to-employee-Bahlay.xml::Bahlay-2::Yuriy Bahlay ran successfully in 2ms
[2025-04-16 23:44:28] [34mINFO[0;39m [36mliquibase.ui                            [0;39m [35m:37  [0;39m Running Changeset: db/changelog/logs/ch-add-column-date_of_export-into-order-table-Pater.xml::Pater-2::Liubomyr Pater
[2025-04-16 23:44:28] [34mINFO[0;39m [36mliquibase.changelog                     [0;39m [35m:37  [0;39m Columns date_of_export(date) added to orders
[2025-04-16 23:44:28] [34mINFO[0;39m [36mliquibase.changelog                     [0;39m [35m:37  [0;39m ChangeSet db/changelog/logs/ch-add-column-date_of_export-into-order-table-Pater.xml::Pater-2::Liubomyr Pater ran successfully in 1ms
[2025-04-16 23:44:28] [34mINFO[0;39m [36mliquibase.ui                            [0;39m [35m:37  [0;39m Running Changeset: db/changelog/logs/ch-add-column-employee_id-into-order-table-Pater.xml::Pater-3::Liubomyr Pater
[2025-04-16 23:44:28] [34mINFO[0;39m [36mliquibase.changelog                     [0;39m [35m:37  [0;39m Columns employee_id(bigint) added to orders
[2025-04-16 23:44:28] [34mINFO[0;39m [36mliquibase.changelog                     [0;39m [35m:37  [0;39m Foreign key constraint added to orders (employee_id)
[2025-04-16 23:44:28] [34mINFO[0;39m [36mliquibase.changelog                     [0;39m [35m:37  [0;39m Columns blocked(boolean) added to orders
[2025-04-16 23:44:28] [34mINFO[0;39m [36mliquibase.changelog                     [0;39m [35m:37  [0;39m ChangeSet db/changelog/logs/ch-add-column-employee_id-into-order-table-Pater.xml::Pater-3::Liubomyr Pater ran successfully in 3ms
[2025-04-16 23:44:28] [34mINFO[0;39m [36mliquibase.ui                            [0;39m [35m:37  [0;39m Running Changeset: db/changelog/logs/ch-add-column-edditedBy-edditedAt-Makitra.xml::Makitra-3::Vadym Makitra
[2025-04-16 23:44:28] [34mINFO[0;39m [36mliquibase.changelog                     [0;39m [35m:37  [0;39m Columns edited_at(Date) added to bag
[2025-04-16 23:44:28] [34mINFO[0;39m [36mliquibase.changelog                     [0;39m [35m:37  [0;39m Columns edited_by(varchar) added to bag
[2025-04-16 23:44:28] [34mINFO[0;39m [36mliquibase.changelog                     [0;39m [35m:37  [0;39m ChangeSet db/changelog/logs/ch-add-column-edditedBy-edditedAt-Makitra.xml::Makitra-3::Vadym Makitra ran successfully in 1ms
[2025-04-16 23:44:28] [34mINFO[0;39m [36mliquibase.ui                            [0;39m [35m:37  [0;39m Running Changeset: db/changelog/logs/ch-add-table-service-Makitra.xml::Makitra-4::Vadym Makitra
[2025-04-16 23:44:28] [34mINFO[0;39m [36mliquibase.changelog                     [0;39m [35m:37  [0;39m Table service created
[2025-04-16 23:44:28] [34mINFO[0;39m [36mliquibase.changelog                     [0;39m [35m:37  [0;39m ChangeSet db/changelog/logs/ch-add-table-service-Makitra.xml::Makitra-4::Vadym Makitra ran successfully in 5ms
[2025-04-16 23:44:28] [34mINFO[0;39m [36mliquibase.ui                            [0;39m [35m:37  [0;39m Running Changeset: db/changelog/logs/ch-drop-column-user-id-Bahlay.xml::Bahlay-3::Yuriy Bahlay
[2025-04-16 23:44:28] [34mINFO[0;39m [36mliquibase.changelog                     [0;39m [35m:37  [0;39m Column employees.user_id dropped
[2025-04-16 23:44:28] [34mINFO[0;39m [36mliquibase.changelog                     [0;39m [35m:37  [0;39m ChangeSet db/changelog/logs/ch-drop-column-user-id-Bahlay.xml::Bahlay-3::Yuriy Bahlay ran successfully in 2ms
[2025-04-16 23:44:28] [34mINFO[0;39m [36mliquibase.ui                            [0;39m [35m:37  [0;39m Running Changeset: db/changelog/logs/ch-add-table-servicetransaltion-Makitra.xml::Makitra-5::Vadym Makitra
[2025-04-16 23:44:28] [34mINFO[0;39m [36mliquibase.changelog                     [0;39m [35m:37  [0;39m Table service_translations created
[2025-04-16 23:44:28] [34mINFO[0;39m [36mliquibase.changelog                     [0;39m [35m:37  [0;39m Column service.name dropped
[2025-04-16 23:44:28] [34mINFO[0;39m [36mliquibase.changelog                     [0;39m [35m:37  [0;39m Column service.description dropped
[2025-04-16 23:44:28] [34mINFO[0;39m [36mliquibase.changelog                     [0;39m [35m:37  [0;39m Columns location_id(BIGINT) added to service
[2025-04-16 23:44:28] [34mINFO[0;39m [36mliquibase.changelog                     [0;39m [35m:37  [0;39m Foreign key constraint added to service_translations (service_id)
[2025-04-16 23:44:28] [34mINFO[0;39m [36mliquibase.changelog                     [0;39m [35m:37  [0;39m Foreign key constraint added to service_translations (language_id)
[2025-04-16 23:44:28] [34mINFO[0;39m [36mliquibase.changelog                     [0;39m [35m:37  [0;39m Foreign key constraint added to service (location_id)
[2025-04-16 23:44:28] [34mINFO[0;39m [36mliquibase.changelog                     [0;39m [35m:37  [0;39m Unique constraint added to service_translations(service_id,language_id)
[2025-04-16 23:44:28] [34mINFO[0;39m [36mliquibase.changelog                     [0;39m [35m:37  [0;39m ChangeSet db/changelog/logs/ch-add-table-servicetransaltion-Makitra.xml::Makitra-5::Vadym Makitra ran successfully in 13ms
[2025-04-16 23:44:28] [34mINFO[0;39m [36mliquibase.ui                            [0;39m [35m:37  [0;39m Running Changeset: db/changelog/logs/ch-add-table-courier-Makitra.xml::Makitra-6::Vadym Makitra
[2025-04-16 23:44:28] [34mINFO[0;39m [36mliquibase.changelog                     [0;39m [35m:37  [0;39m Table courier created
[2025-04-16 23:44:28] [34mINFO[0;39m [36mliquibase.changelog                     [0;39m [35m:37  [0;39m Table courier_translations created
[2025-04-16 23:44:28] [34mINFO[0;39m [36mliquibase.changelog                     [0;39m [35m:37  [0;39m Columns location_status(VARCHAR),language_id(BIGINT) added to locations
[2025-04-16 23:44:28] [34mINFO[0;39m [36mliquibase.changelog                     [0;39m [35m:37  [0;39m Columns location_id(BIGINT) added to bag
[2025-04-16 23:44:28] [34mINFO[0;39m [36mliquibase.changelog                     [0;39m [35m:37  [0;39m Foreign key constraint added to courier_translations (language_id)
[2025-04-16 23:44:28] [34mINFO[0;39m [36mliquibase.changelog                     [0;39m [35m:37  [0;39m Foreign key constraint added to locations (language_id)
[2025-04-16 23:44:28] [34mINFO[0;39m [36mliquibase.changelog                     [0;39m [35m:37  [0;39m Foreign key constraint added to courier_translations (courier_id)
[2025-04-16 23:44:28] [34mINFO[0;39m [36mliquibase.changelog                     [0;39m [35m:37  [0;39m Foreign key constraint added to courier (location_id)
[2025-04-16 23:44:28] [34mINFO[0;39m [36mliquibase.changelog                     [0;39m [35m:37  [0;39m Foreign key constraint added to bag (location_id)
[2025-04-16 23:44:28] [34mINFO[0;39m [36mliquibase.changelog                     [0;39m [35m:37  [0;39m Unique constraint added to courier_translations(courier_id,language_id)
[2025-04-16 23:44:28] [34mINFO[0;39m [36mliquibase.changelog                     [0;39m [35m:37  [0;39m Unique constraint added to locations(id,language_id)
[2025-04-16 23:44:28] [34mINFO[0;39m [36mliquibase.changelog                     [0;39m [35m:37  [0;39m ChangeSet db/changelog/logs/ch-add-table-courier-Makitra.xml::Makitra-6::Vadym Makitra ran successfully in 29ms
[2025-04-16 23:44:28] [34mINFO[0;39m [36mliquibase.ui                            [0;39m [35m:37  [0;39m Running Changeset: db/changelog/logs/ch-add-column-date_of_registration-User-table-Tehlivets.xml::Tehlivets-1::Stepan Tehlivets
[2025-04-16 23:44:28] [34mINFO[0;39m [36mliquibase.changelog                     [0;39m [35m:37  [0;39m Columns date_of_registration(DATE) added to users
[2025-04-16 23:44:28] [34mINFO[0;39m [36mliquibase.changelog                     [0;39m [35m:37  [0;39m ChangeSet db/changelog/logs/ch-add-column-date_of_registration-User-table-Tehlivets.xml::Tehlivets-1::Stepan Tehlivets ran successfully in 2ms
[2025-04-16 23:44:28] [34mINFO[0;39m [36mliquibase.ui                            [0;39m [35m:37  [0;39m Running Changeset: db/changelog/logs/ch-drop-column-locationName-Makitra.xml::Makitra-7::Vadym Makitra
[2025-04-16 23:44:28] [34mINFO[0;39m [36mliquibase.changelog                     [0;39m [35m:37  [0;39m Column locations.location_name dropped
[2025-04-16 23:44:28] [34mINFO[0;39m [36mliquibase.changelog                     [0;39m [35m:37  [0;39m Column locations.language_id dropped
[2025-04-16 23:44:28] [34mINFO[0;39m [36mliquibase.changelog                     [0;39m [35m:37  [0;39m Table location_translations created
[2025-04-16 23:44:28] [34mINFO[0;39m [36mliquibase.changelog                     [0;39m [35m:37  [0;39m Foreign key constraint added to location_translations (language_id)
[2025-04-16 23:44:28] [34mINFO[0;39m [36mliquibase.changelog                     [0;39m [35m:37  [0;39m Foreign key constraint added to location_translations (location_id)
[2025-04-16 23:44:28] [34mINFO[0;39m [36mliquibase.changelog                     [0;39m [35m:37  [0;39m Unique constraint added to location_translations(id,language_id)
[2025-04-16 23:44:28] [34mINFO[0;39m [36mliquibase.changelog                     [0;39m [35m:37  [0;39m ChangeSet db/changelog/logs/ch-drop-column-locationName-Makitra.xml::Makitra-7::Vadym Makitra ran successfully in 15ms
[2025-04-16 23:44:28] [34mINFO[0;39m [36mliquibase.ui                            [0;39m [35m:37  [0;39m Running Changeset: db/changelog/logs/ch-add-courier-limits-Makitra.xml::Makitra-8::Vadym Makitra
[2025-04-16 23:44:28] [34mINFO[0;39m [36mliquibase.changelog                     [0;39m [35m:37  [0;39m Columns min_amount_of_bags(varchar) added to bag
[2025-04-16 23:44:28] [34mINFO[0;39m [36mliquibase.changelog                     [0;39m [35m:37  [0;39m Columns courier_limits(varchar) added to courier
[2025-04-16 23:44:28] [34mINFO[0;39m [36mliquibase.changelog                     [0;39m [35m:37  [0;39m Columns limit_description(VARCHAR) added to courier_translations
[2025-04-16 23:44:28] [34mINFO[0;39m [36mliquibase.changelog                     [0;39m [35m:37  [0;39m ChangeSet db/changelog/logs/ch-add-courier-limits-Makitra.xml::Makitra-8::Vadym Makitra ran successfully in 5ms
[2025-04-16 23:44:28] [34mINFO[0;39m [36mliquibase.ui                            [0;39m [35m:37  [0;39m Running Changeset: db/changelog/logs/ch-add-column-admin-comment-Bahlay.xml::Bahlay-4::Yuriy Bahlay
[2025-04-16 23:44:28] [34mINFO[0;39m [36mliquibase.changelog                     [0;39m [35m:37  [0;39m Columns admin_comment(varchar(255)) added to orders
[2025-04-16 23:44:28] [34mINFO[0;39m [36mliquibase.changelog                     [0;39m [35m:37  [0;39m ChangeSet db/changelog/logs/ch-add-column-admin-comment-Bahlay.xml::Bahlay-4::Yuriy Bahlay ran successfully in 1ms
[2025-04-16 23:44:28] [34mINFO[0;39m [36mliquibase.ui                            [0;39m [35m:37  [0;39m Running Changeset: db/changelog/logs/ch-modify-column-author-name-events-table-Bahlay.xml::Bahlay-5::Yuriy Bahlay
[2025-04-16 23:44:28] [34mINFO[0;39m [36mliquibase.changelog                     [0;39m [35m:37  [0;39m events.event_name datatype was changed to VARCHAR(300)
[2025-04-16 23:44:28] [34mINFO[0;39m [36mliquibase.changelog                     [0;39m [35m:37  [0;39m ChangeSet db/changelog/logs/ch-modify-column-author-name-events-table-Bahlay.xml::Bahlay-5::Yuriy Bahlay ran successfully in 2ms
[2025-04-16 23:44:28] [34mINFO[0;39m [36mliquibase.ui                            [0;39m [35m:37  [0;39m Running Changeset: db/changelog/logs/ch-add-column-certificate-dateUse-Sikhovskiy.xml::Sikhovskiy-1::Rostyslav Sikhovskiy
[2025-04-16 23:44:28] [34mINFO[0;39m [36mliquibase.changelog                     [0;39m [35m:37  [0;39m Columns date_of_use(date) added to certificate
[2025-04-16 23:44:28] [34mINFO[0;39m [36mliquibase.changelog                     [0;39m [35m:37  [0;39m ChangeSet db/changelog/logs/ch-add-column-certificate-dateUse-Sikhovskiy.xml::Sikhovskiy-1::Rostyslav Sikhovskiy ran successfully in 1ms
[2025-04-16 23:44:28] [34mINFO[0;39m [36mliquibase.ui                            [0;39m [35m:37  [0;39m Running Changeset: db/changelog/logs/20211106-ch-change-column-address-comment-Melnyk.xml::20211106-ch-change-column-address-comment-Melnyk::Bohdan Melnyk
[2025-04-16 23:44:28] [34mINFO[0;39m [36mliquibase.changelog                     [0;39m [35m:37  [0;39m Column address.comment renamed to address_comment
[2025-04-16 23:44:28] [34mINFO[0;39m [36mliquibase.changelog                     [0;39m [35m:37  [0;39m ChangeSet db/changelog/logs/20211106-ch-change-column-address-comment-Melnyk.xml::20211106-ch-change-column-address-comment-Melnyk::Bohdan Melnyk ran successfully in 1ms
[2025-04-16 23:44:28] [34mINFO[0;39m [36mliquibase.ui                            [0;39m [35m:37  [0;39m Running Changeset: db/changelog/logs/ch-add-table-custom-table-view-Sikhovskiy.xml::Sikhovskiy-2::Sikhovskiy Rostyslav
[2025-04-16 23:44:28] [34mINFO[0;39m [36mliquibase.changelog                     [0;39m [35m:37  [0;39m Table custom_table_view created
[2025-04-16 23:44:28] [34mINFO[0;39m [36mliquibase.changelog                     [0;39m [35m:37  [0;39m ChangeSet db/changelog/logs/ch-add-table-custom-table-view-Sikhovskiy.xml::Sikhovskiy-2::Sikhovskiy Rostyslav ran successfully in 5ms
[2025-04-16 23:44:28] [34mINFO[0;39m [36mliquibase.ui                            [0;39m [35m:37  [0;39m Running Changeset: db/changelog/logs/ch-changeTitles-capacity-Sikhovskiy.xml::Sikhovskiy-3::Rostyslav Sikhovskiy
[2025-04-16 23:44:28] [34mINFO[0;39m [36mliquibase.changelog                     [0;39m [35m:37  [0;39m custom_table_view.titles datatype was changed to VARCHAR(551)
[2025-04-16 23:44:28] [34mINFO[0;39m [36mliquibase.changelog                     [0;39m [35m:37  [0;39m ChangeSet db/changelog/logs/ch-changeTitles-capacity-Sikhovskiy.xml::Sikhovskiy-3::Rostyslav Sikhovskiy ran successfully in 1ms
[2025-04-16 23:44:28] [34mINFO[0;39m [36mliquibase.ui                            [0;39m [35m:37  [0;39m Running Changeset: db/changelog/logs/ch-add-column-region-Sikhovskiy.xml::Sikhovskiy-4::Sikhovskiy Rostyslav
[2025-04-16 23:44:28] [34mINFO[0;39m [36mliquibase.changelog                     [0;39m [35m:37  [0;39m Columns region(varchar(100)) added to location_translations
[2025-04-16 23:44:28] [34mINFO[0;39m [36mliquibase.changelog                     [0;39m [35m:37  [0;39m ChangeSet db/changelog/logs/ch-add-column-region-Sikhovskiy.xml::Sikhovskiy-4::Sikhovskiy Rostyslav ran successfully in 1ms
[2025-04-16 23:44:28] [34mINFO[0;39m [36mliquibase.ui                            [0;39m [35m:37  [0;39m Running Changeset: db/changelog/logs/ch-add-column-region-to-address-Sikhovskiy.xml::Sikhovskiy-5::Sikhovskiy Rostyslav
[2025-04-16 23:44:28] [34mINFO[0;39m [36mliquibase.changelog                     [0;39m [35m:37  [0;39m Columns region(varchar(30)) added to address
[2025-04-16 23:44:28] [34mINFO[0;39m [36mliquibase.changelog                     [0;39m [35m:37  [0;39m ChangeSet db/changelog/logs/ch-add-column-region-to-address-Sikhovskiy.xml::Sikhovskiy-5::Sikhovskiy Rostyslav ran successfully in 1ms
[2025-04-16 23:44:28] [34mINFO[0;39m [36mliquibase.ui                            [0;39m [35m:37  [0;39m Running Changeset: db/changelog/logs/ch-change-city-capacity-Sikhovskiy.xml::Sikhovskiy-6::Rostyslav Sikhovskiy
[2025-04-16 23:44:28] [34mINFO[0;39m [36mliquibase.changelog                     [0;39m [35m:37  [0;39m address.city datatype was changed to VARCHAR(30)
[2025-04-16 23:44:28] [34mINFO[0;39m [36mliquibase.changelog                     [0;39m [35m:37  [0;39m ChangeSet db/changelog/logs/ch-change-city-capacity-Sikhovskiy.xml::Sikhovskiy-6::Rostyslav Sikhovskiy ran successfully in 1ms
[2025-04-16 23:44:28] [34mINFO[0;39m [36mliquibase.ui                            [0;39m [35m:37  [0;39m Running Changeset: db/changelog/logs/ch-add-table-order-payment-status-translations-Bahlay.xml::Bahlay-6::Yuriy Bahlay
[2025-04-16 23:44:28] [34mINFO[0;39m [36mliquibase.changelog                     [0;39m [35m:37  [0;39m Table order_payment_status_translations created
[2025-04-16 23:44:28] [34mINFO[0;39m [36mliquibase.changelog                     [0;39m [35m:37  [0;39m ChangeSet db/changelog/logs/ch-add-table-order-payment-status-translations-Bahlay.xml::Bahlay-6::Yuriy Bahlay ran successfully in 3ms
[2025-04-16 23:44:28] [34mINFO[0;39m [36mliquibase.ui                            [0;39m [35m:37  [0;39m Running Changeset: db/changelog/logs/ch-add-column-to-orders--table-Boiarchuk.xml::Boiarchuk1_Order::Max Boiarchuk
[2025-04-16 23:44:28] [34mINFO[0;39m [36mliquibase.changelog                     [0;39m [35m:37  [0;39m Columns counter_order_payment_id(BIGINT) added to orders
[2025-04-16 23:44:28] [34mINFO[0;39m [36mliquibase.changelog                     [0;39m [35m:37  [0;39m ChangeSet db/changelog/logs/ch-add-column-to-orders--table-Boiarchuk.xml::Boiarchuk1_Order::Max Boiarchuk ran successfully in 1ms
[2025-04-16 23:44:28] [34mINFO[0;39m [36mliquibase.ui                            [0;39m [35m:37  [0;39m Running Changeset: db/changelog/logs/ch-add-column_courier_id_in_table_orders_Makitra.xml::Makitra-9::Vadym Makitra
[2025-04-16 23:44:28] [34mINFO[0;39m [36mliquibase.changelog                     [0;39m [35m:37  [0;39m Columns courier_id(BIGINT) added to orders
[2025-04-16 23:44:28] [34mINFO[0;39m [36mliquibase.changelog                     [0;39m [35m:37  [0;39m Columns courier_id(BIGINT) added to service
[2025-04-16 23:44:28] [34mINFO[0;39m [36mliquibase.changelog                     [0;39m [35m:37  [0;39m Foreign key constraint added to orders (courier_id)
[2025-04-16 23:44:28] [34mINFO[0;39m [36mliquibase.changelog                     [0;39m [35m:37  [0;39m Foreign key constraint added to service (courier_id)
[2025-04-16 23:44:28] [34mINFO[0;39m [36mliquibase.changelog                     [0;39m [35m:37  [0;39m ChangeSet db/changelog/logs/ch-add-column_courier_id_in_table_orders_Makitra.xml::Makitra-9::Vadym Makitra ran successfully in 5ms
[2025-04-16 23:44:28] [34mINFO[0;39m [36mliquibase.ui                            [0;39m [35m:37  [0;39m Running Changeset: db/changelog/logs/ch-add-column-status-into-employees-table-Kuzo.xml::Kuzo-1::Kuzo_Yurii
[2025-04-16 23:44:28] [34mINFO[0;39m [36mliquibase.changelog                     [0;39m [35m:37  [0;39m Columns status(VARCHAR(20)) added to employees
[2025-04-16 23:44:28] [34mINFO[0;39m [36mliquibase.changelog                     [0;39m [35m:37  [0;39m ChangeSet db/changelog/logs/ch-add-column-status-into-employees-table-Kuzo.xml::Kuzo-1::Kuzo_Yurii ran successfully in 1ms
[2025-04-16 23:44:28] [34mINFO[0;39m [36mliquibase.ui                            [0;39m [35m:37  [0;39m Running Changeset: db/changelog/logs/ch-edit-length-column-order-status-Makitra.xml::Makitra-11::Vadym Makitra
[2025-04-16 23:44:28] [34mINFO[0;39m [36mliquibase.changelog                     [0;39m [35m:37  [0;39m orders.order_status datatype was changed to varchar(18)
[2025-04-16 23:44:28] [34mINFO[0;39m [36mliquibase.changelog                     [0;39m [35m:37  [0;39m ChangeSet db/changelog/logs/ch-edit-length-column-order-status-Makitra.xml::Makitra-11::Vadym Makitra ran successfully in 0ms
[2025-04-16 23:44:28] [34mINFO[0;39m [36mliquibase.ui                            [0;39m [35m:37  [0;39m Running Changeset: db/changelog/logs/ch-insert-into-locations-Makitra.xml::Makitra-14::Makitra Vadym
[2025-04-16 23:44:28] [34mINFO[0;39m [36mliquibase.changelog                     [0;39m [35m:37  [0;39m New row inserted into locations
[2025-04-16 23:44:28] [34mINFO[0;39m [36mliquibase.changelog                     [0;39m [35m:37  [0;39m New row inserted into locations
[2025-04-16 23:44:28] [34mINFO[0;39m [36mliquibase.changelog                     [0;39m [35m:37  [0;39m New row inserted into courier
[2025-04-16 23:44:28] [34mINFO[0;39m [36mliquibase.changelog                     [0;39m [35m:37  [0;39m ChangeSet db/changelog/logs/ch-insert-into-locations-Makitra.xml::Makitra-14::Makitra Vadym ran successfully in 3ms
[2025-04-16 23:44:28] [34mINFO[0;39m [36mliquibase.ui                            [0;39m [35m:37  [0;39m Running Changeset: db/changelog/logs/ch-drop-column-min-amount-of-nig-bags-table-locations-Makitra.xml::Makitra-10::Vadym Makitra
[2025-04-16 23:44:28] [34mINFO[0;39m [36mliquibase.changelog                     [0;39m [35m:37  [0;39m Column locations.min_amount_of_big_bags dropped
[2025-04-16 23:44:28] [34mINFO[0;39m [36mliquibase.changelog                     [0;39m [35m:37  [0;39m Column service.location_id dropped
[2025-04-16 23:44:28] [34mINFO[0;39m [36mliquibase.changelog                     [0;39m [35m:37  [0;39m Column courier.location_id dropped
[2025-04-16 23:44:28] [34mINFO[0;39m [36mliquibase.changelog                     [0;39m [35m:37  [0;39m Column courier.min_amount_of_big_bags dropped
[2025-04-16 23:44:28] [34mINFO[0;39m [36mliquibase.changelog                     [0;39m [35m:37  [0;39m Column courier.max_amount_of_big_bags dropped
[2025-04-16 23:44:28] [34mINFO[0;39m [36mliquibase.changelog                     [0;39m [35m:37  [0;39m Column courier.min_price_of_order dropped
[2025-04-16 23:44:28] [34mINFO[0;39m [36mliquibase.changelog                     [0;39m [35m:37  [0;39m Column courier.max_price_of_order dropped
[2025-04-16 23:44:28] [34mINFO[0;39m [36mliquibase.changelog                     [0;39m [35m:37  [0;39m Column courier.courier_limits dropped
[2025-04-16 23:44:28] [34mINFO[0;39m [36mliquibase.changelog                     [0;39m [35m:37  [0;39m Column orders.courier_id dropped
[2025-04-16 23:44:28] [34mINFO[0;39m [36mliquibase.changelog                     [0;39m [35m:37  [0;39m Table courier_locations created
[2025-04-16 23:44:28] [34mINFO[0;39m [36mliquibase.changelog                     [0;39m [35m:37  [0;39m New row inserted into courier_locations
[2025-04-16 23:44:28] [34mINFO[0;39m [36mliquibase.changelog                     [0;39m [35m:37  [0;39m Columns courier_status(varchar) added to courier
[2025-04-16 23:44:28] [34mINFO[0;39m [36mliquibase.changelog                     [0;39m [35m:37  [0;39m Columns courier_locations_id(BIGINT) added to orders
[2025-04-16 23:44:28] [34mINFO[0;39m [36mliquibase.changelog                     [0;39m [35m:37  [0;39m Foreign key constraint added to courier_locations (location_id)
[2025-04-16 23:44:28] [34mINFO[0;39m [36mliquibase.changelog                     [0;39m [35m:37  [0;39m Foreign key constraint added to courier_locations (courier_id)
[2025-04-16 23:44:28] [34mINFO[0;39m [36mliquibase.changelog                     [0;39m [35m:37  [0;39m Foreign key constraint added to orders (courier_locations_id)
[2025-04-16 23:44:28] [34mINFO[0;39m [36mliquibase.changelog                     [0;39m [35m:37  [0;39m Unique constraint added to courier_locations(courier_id,location_id)
[2025-04-16 23:44:28] [34mINFO[0;39m [36mliquibase.changelog                     [0;39m [35m:37  [0;39m ChangeSet db/changelog/logs/ch-drop-column-min-amount-of-nig-bags-table-locations-Makitra.xml::Makitra-10::Vadym Makitra ran successfully in 17ms
[2025-04-16 23:44:28] [34mINFO[0;39m [36mliquibase.ui                            [0;39m [35m:37  [0;39m Running Changeset: db/changelog/logs/ch-add-columns-for-receiving-stations-and-couriers-Bohonko.xml::changeSetForCourier::Max Bohonko
[2025-04-16 23:44:28] [34mINFO[0;39m [36mliquibase.changelog                     [0;39m [35m:37  [0;39m Columns create_date(DATE) added to courier
[2025-04-16 23:44:28] [34mINFO[0;39m [36mliquibase.changelog                     [0;39m [35m:37  [0;39m Columns created_by_id(BIGINT) added to courier
[2025-04-16 23:44:28] [34mINFO[0;39m [36mliquibase.changelog                     [0;39m [35m:37  [0;39m ChangeSet db/changelog/logs/ch-add-columns-for-receiving-stations-and-couriers-Bohonko.xml::changeSetForCourier::Max Bohonko ran successfully in 3ms
[2025-04-16 23:44:28] [34mINFO[0;39m [36mliquibase.ui                            [0;39m [35m:37  [0;39m Running Changeset: db/changelog/logs/ch-add-columns-for-receiving-stations-and-couriers-Bohonko.xml::changeSetForReceivingStation::Max Bohonko
[2025-04-16 23:44:28] [34mINFO[0;39m [36mliquibase.changelog                     [0;39m [35m:37  [0;39m Columns create_date(DATE) added to receiving_stations
[2025-04-16 23:44:28] [34mINFO[0;39m [36mliquibase.changelog                     [0;39m [35m:37  [0;39m Columns created_by_id(BIGINT) added to receiving_stations
[2025-04-16 23:44:28] [34mINFO[0;39m [36mliquibase.changelog                     [0;39m [35m:37  [0;39m ChangeSet db/changelog/logs/ch-add-columns-for-receiving-stations-and-couriers-Bohonko.xml::changeSetForReceivingStation::Max Bohonko ran successfully in 2ms
[2025-04-16 23:44:28] [34mINFO[0;39m [36mliquibase.ui                            [0;39m [35m:37  [0;39m Running Changeset: db/changelog/logs/ch-add-table-regions-Makitra.xml::Makitra-12::Vadym Makitra
[2025-04-16 23:44:28] [34mINFO[0;39m [36mliquibase.changelog                     [0;39m [35m:37  [0;39m Table regions created
[2025-04-16 23:44:28] [34mINFO[0;39m [36mliquibase.changelog                     [0;39m [35m:37  [0;39m Table region_translations created
[2025-04-16 23:44:28] [34mINFO[0;39m [36mliquibase.changelog                     [0;39m [35m:37  [0;39m New row inserted into regions
[2025-04-16 23:44:28] [34mINFO[0;39m [36mliquibase.changelog                     [0;39m [35m:37  [0;39m Columns region_id(bigint),latitude(double),longitude(double) added to locations
[2025-04-16 23:44:28] [34mINFO[0;39m [36mliquibase.changelog                     [0;39m [35m:37  [0;39m Column location_translations.region dropped
[2025-04-16 23:44:28] [34mINFO[0;39m [36mliquibase.changelog                     [0;39m [35m:37  [0;39m Foreign key constraint added to region_translations (region_id)
[2025-04-16 23:44:28] [34mINFO[0;39m [36mliquibase.changelog                     [0;39m [35m:37  [0;39m Foreign key constraint added to region_translations (language_id)
[2025-04-16 23:44:28] [34mINFO[0;39m [36mliquibase.changelog                     [0;39m [35m:37  [0;39m Foreign key constraint added to locations (region_id)
[2025-04-16 23:44:28] [34mINFO[0;39m [36mliquibase.changelog                     [0;39m [35m:37  [0;39m Unique constraint added to region_translations(region_id,language_id)
[2025-04-16 23:44:28] [34mINFO[0;39m [36mliquibase.changelog                     [0;39m [35m:37  [0;39m ChangeSet db/changelog/logs/ch-add-table-regions-Makitra.xml::Makitra-12::Vadym Makitra ran successfully in 20ms
[2025-04-16 23:44:28] [34mINFO[0;39m [36mliquibase.ui                            [0;39m [35m:37  [0;39m Running Changeset: db/changelog/logs/ch-alter-table-column-paymentId-payment-table-Kozak.xml::Natalia-1::Natalia Kozak
[2025-04-16 23:44:28] [34mINFO[0;39m [36mliquibase.changelog                     [0;39m [35m:37  [0;39m payment.payment_id datatype was changed to VARCHAR(100)
[2025-04-16 23:44:28] [34mINFO[0;39m [36mliquibase.changelog                     [0;39m [35m:37  [0;39m ChangeSet db/changelog/logs/ch-alter-table-column-paymentId-payment-table-Kozak.xml::Natalia-1::Natalia Kozak ran successfully in 6ms
[2025-04-16 23:44:28] [34mINFO[0;39m [36mliquibase.ui                            [0;39m [35m:37  [0;39m Running Changeset: db/changelog/logs/ch-add-column-sum_total_amount_without_discounts-Kyzbyt_Maksym.xml::Kuzbyt-1::Maksym Kuzbyt
[2025-04-16 23:44:28] [34mINFO[0;39m [36mliquibase.changelog                     [0;39m [35m:37  [0;39m Columns sum_total_amount_without_discounts(bigint) added to orders
[2025-04-16 23:44:28] [34mINFO[0;39m [36mliquibase.changelog                     [0;39m [35m:37  [0;39m ChangeSet db/changelog/logs/ch-add-column-sum_total_amount_without_discounts-Kyzbyt_Maksym.xml::Kuzbyt-1::Maksym Kuzbyt ran successfully in 2ms
[2025-04-16 23:44:28] [34mINFO[0;39m [36mliquibase.ui                            [0;39m [35m:37  [0;39m Running Changeset: db/changelog/logs/ch-add-create_function_for_calculate_sum_total_amount_without_discounts_bag_table-Kyzbyt_Maksym.xml::Kuzbyt-2::Maksym Kuzbyt
[2025-04-16 23:44:28] [34mINFO[0;39m [36mliquibase.changelog                     [0;39m [35m:37  [0;39m Custom SQL executed
[2025-04-16 23:44:28] [34mINFO[0;39m [36mliquibase.changelog                     [0;39m [35m:37  [0;39m ChangeSet db/changelog/logs/ch-add-create_function_for_calculate_sum_total_amount_without_discounts_bag_table-Kyzbyt_Maksym.xml::Kuzbyt-2::Maksym Kuzbyt ran successfully in 20ms
[2025-04-16 23:44:28] [34mINFO[0;39m [36mliquibase.ui                            [0;39m [35m:37  [0;39m Running Changeset: db/changelog/logs/ch-add-create_function_for_calculate_sum_total_amount_without_discounts_order_bag_map_table-Kyzbyt_Maksym.xml::Kuzbyt-3::Maksym Kuzbyt
[2025-04-16 23:44:28] [34mINFO[0;39m [36mliquibase.changelog                     [0;39m [35m:37  [0;39m Custom SQL executed
[2025-04-16 23:44:28] [34mINFO[0;39m [36mliquibase.changelog                     [0;39m [35m:37  [0;39m ChangeSet db/changelog/logs/ch-add-create_function_for_calculate_sum_total_amount_without_discounts_order_bag_map_table-Kyzbyt_Maksym.xml::Kuzbyt-3::Maksym Kuzbyt ran successfully in 3ms
[2025-04-16 23:44:28] [34mINFO[0;39m [36mliquibase.ui                            [0;39m [35m:37  [0;39m Running Changeset: db/changelog/logs/ch-add-trigger_for_calculate_sum_total_amount_without_discounts_bag_table-Kyzbyt_Maksym.xml::Kuzbyt-4::Maksym Kuzbyt
[2025-04-16 23:44:28] [34mINFO[0;39m [36mliquibase.changelog                     [0;39m [35m:37  [0;39m Custom SQL executed
[2025-04-16 23:44:28] [34mINFO[0;39m [36mliquibase.changelog                     [0;39m [35m:37  [0;39m ChangeSet db/changelog/logs/ch-add-trigger_for_calculate_sum_total_amount_without_discounts_bag_table-Kyzbyt_Maksym.xml::Kuzbyt-4::Maksym Kuzbyt ran successfully in 3ms
[2025-04-16 23:44:28] [34mINFO[0;39m [36mliquibase.ui                            [0;39m [35m:37  [0;39m Running Changeset: db/changelog/logs/ch-add-trigger_for_calculate_sum_total_amount_without_discounts_order_bag_map_table-Kyzbyt_Maksym.xml::Kuzbyt-5::Maksym Kuzbyt
[2025-04-16 23:44:28] [34mINFO[0;39m [36mliquibase.changelog                     [0;39m [35m:37  [0;39m Custom SQL executed
[2025-04-16 23:44:28] [34mINFO[0;39m [36mliquibase.changelog                     [0;39m [35m:37  [0;39m ChangeSet db/changelog/logs/ch-add-trigger_for_calculate_sum_total_amount_without_discounts_order_bag_map_table-Kyzbyt_Maksym.xml::Kuzbyt-5::Maksym Kuzbyt ran successfully in 2ms
[2025-04-16 23:44:28] [34mINFO[0;39m [36mliquibase.ui                            [0;39m [35m:37  [0;39m Running Changeset: db/changelog/logs/ch-change_function_for_calculate_sum_total_amount_without_discounts_order_bag_map_table-Kyzbyt_Maksym.xml::Kuzbyt-6::Maksym Kuzbyt
[2025-04-16 23:44:28] [34mINFO[0;39m [36mliquibase.changelog                     [0;39m [35m:37  [0;39m Custom SQL executed
[2025-04-16 23:44:28] [34mINFO[0;39m [36mliquibase.changelog                     [0;39m [35m:37  [0;39m ChangeSet db/changelog/logs/ch-change_function_for_calculate_sum_total_amount_without_discounts_order_bag_map_table-Kyzbyt_Maksym.xml::Kuzbyt-6::Maksym Kuzbyt ran successfully in 11ms
[2025-04-16 23:44:28] [34mINFO[0;39m [36mliquibase.ui                            [0;39m [35m:37  [0;39m Running Changeset: db/changelog/logs/ch-add-columns-address-Boiarchuk.xml::Max-101::Max Boiarchuk
[2025-04-16 23:44:28] [34mINFO[0;39m [36mliquibase.changelog                     [0;39m [35m:37  [0;39m Columns city_en(varchar) added to address
[2025-04-16 23:44:28] [34mINFO[0;39m [36mliquibase.changelog                     [0;39m [35m:37  [0;39m ChangeSet db/changelog/logs/ch-add-columns-address-Boiarchuk.xml::Max-101::Max Boiarchuk ran successfully in 4ms
[2025-04-16 23:44:28] [34mINFO[0;39m [36mliquibase.ui                            [0;39m [35m:37  [0;39m Running Changeset: db/changelog/logs/ch-add-columns-address-Boiarchuk.xml::Max-102::Max Boiarchuk
[2025-04-16 23:44:28] [34mINFO[0;39m [36mliquibase.changelog                     [0;39m [35m:37  [0;39m Columns region_en(varchar) added to address
[2025-04-16 23:44:28] [34mINFO[0;39m [36mliquibase.changelog                     [0;39m [35m:37  [0;39m ChangeSet db/changelog/logs/ch-add-columns-address-Boiarchuk.xml::Max-102::Max Boiarchuk ran successfully in 1ms
[2025-04-16 23:44:28] [34mINFO[0;39m [36mliquibase.ui                            [0;39m [35m:37  [0;39m Running Changeset: db/changelog/logs/ch-add-columns-address-Boiarchuk.xml::Max-103::Max Boiarchuk
[2025-04-16 23:44:28] [34mINFO[0;39m [36mliquibase.changelog                     [0;39m [35m:37  [0;39m Columns street_en(varchar) added to address
[2025-04-16 23:44:28] [34mINFO[0;39m [36mliquibase.changelog                     [0;39m [35m:37  [0;39m ChangeSet db/changelog/logs/ch-add-columns-address-Boiarchuk.xml::Max-103::Max Boiarchuk ran successfully in 2ms
[2025-04-16 23:44:28] [34mINFO[0;39m [36mliquibase.ui                            [0;39m [35m:37  [0;39m Running Changeset: db/changelog/logs/ch-add-columns-address-Boiarchuk.xml::Max-104::Max Boiarchuk
[2025-04-16 23:44:28] [34mINFO[0;39m [36mliquibase.changelog                     [0;39m [35m:37  [0;39m Columns district_en(varchar) added to address
[2025-04-16 23:44:28] [34mINFO[0;39m [36mliquibase.changelog                     [0;39m [35m:37  [0;39m ChangeSet db/changelog/logs/ch-add-columns-address-Boiarchuk.xml::Max-104::Max Boiarchuk ran successfully in 1ms
[2025-04-16 23:44:28] [34mINFO[0;39m [36mliquibase.ui                            [0;39m [35m:37  [0;39m Running Changeset: db/changelog/logs/ch-insert-into-order_payment_status_transaltion-Makitra.xml::Makitra-15::Makitra Vadym
[2025-04-16 23:44:28] [34mINFO[0;39m [36mliquibase.changelog                     [0;39m [35m:37  [0;39m New row inserted into order_payment_status_translations
[2025-04-16 23:44:28] [34mINFO[0;39m [36mliquibase.changelog                     [0;39m [35m:37  [0;39m New row inserted into order_payment_status_translations
[2025-04-16 23:44:28] [34mINFO[0;39m [36mliquibase.changelog                     [0;39m [35m:37  [0;39m New row inserted into order_payment_status_translations
[2025-04-16 23:44:28] [34mINFO[0;39m [36mliquibase.changelog                     [0;39m [35m:37  [0;39m New row inserted into order_payment_status_translations
[2025-04-16 23:44:28] [34mINFO[0;39m [36mliquibase.changelog                     [0;39m [35m:37  [0;39m New row inserted into order_payment_status_translations
[2025-04-16 23:44:28] [34mINFO[0;39m [36mliquibase.changelog                     [0;39m [35m:37  [0;39m New row inserted into order_payment_status_translations
[2025-04-16 23:44:28] [34mINFO[0;39m [36mliquibase.changelog                     [0;39m [35m:37  [0;39m New row inserted into order_payment_status_translations
[2025-04-16 23:44:28] [34mINFO[0;39m [36mliquibase.changelog                     [0;39m [35m:37  [0;39m New row inserted into order_payment_status_translations
[2025-04-16 23:44:28] [34mINFO[0;39m [36mliquibase.changelog                     [0;39m [35m:37  [0;39m ChangeSet db/changelog/logs/ch-insert-into-order_payment_status_transaltion-Makitra.xml::Makitra-15::Makitra Vadym ran successfully in 10ms
[2025-04-16 23:44:28] [34mINFO[0;39m [36mliquibase.ui                            [0;39m [35m:37  [0;39m Running Changeset: db/changelog/logs/ch-insert-order-status-translations-Makitra.xml::Makitra-15::Makitra Vadym
[2025-04-16 23:44:28] [34mINFO[0;39m [36mliquibase.changelog                     [0;39m [35m:37  [0;39m New row inserted into order_status_translations
[2025-04-16 23:44:28] [34mINFO[0;39m [36mliquibase.changelog                     [0;39m [35m:37  [0;39m New row inserted into order_status_translations
[2025-04-16 23:44:28] [34mINFO[0;39m [36mliquibase.changelog                     [0;39m [35m:37  [0;39m New row inserted into order_status_translations
[2025-04-16 23:44:28] [34mINFO[0;39m [36mliquibase.changelog                     [0;39m [35m:37  [0;39m New row inserted into order_status_translations
[2025-04-16 23:44:28] [34mINFO[0;39m [36mliquibase.changelog                     [0;39m [35m:37  [0;39m New row inserted into order_status_translations
[2025-04-16 23:44:28] [34mINFO[0;39m [36mliquibase.changelog                     [0;39m [35m:37  [0;39m New row inserted into order_status_translations
[2025-04-16 23:44:28] [34mINFO[0;39m [36mliquibase.changelog                     [0;39m [35m:37  [0;39m New row inserted into order_status_translations
[2025-04-16 23:44:28] [34mINFO[0;39m [36mliquibase.changelog                     [0;39m [35m:37  [0;39m New row inserted into order_status_translations
[2025-04-16 23:44:28] [34mINFO[0;39m [36mliquibase.changelog                     [0;39m [35m:37  [0;39m New row inserted into order_status_translations
[2025-04-16 23:44:28] [34mINFO[0;39m [36mliquibase.changelog                     [0;39m [35m:37  [0;39m New row inserted into order_status_translations
[2025-04-16 23:44:28] [34mINFO[0;39m [36mliquibase.changelog                     [0;39m [35m:37  [0;39m New row inserted into order_status_translations
[2025-04-16 23:44:28] [34mINFO[0;39m [36mliquibase.changelog                     [0;39m [35m:37  [0;39m New row inserted into order_status_translations
[2025-04-16 23:44:28] [34mINFO[0;39m [36mliquibase.changelog                     [0;39m [35m:37  [0;39m New row inserted into order_status_translations
[2025-04-16 23:44:28] [34mINFO[0;39m [36mliquibase.changelog                     [0;39m [35m:37  [0;39m New row inserted into order_status_translations
[2025-04-16 23:44:28] [34mINFO[0;39m [36mliquibase.changelog                     [0;39m [35m:37  [0;39m New row inserted into order_status_translations
[2025-04-16 23:44:28] [34mINFO[0;39m [36mliquibase.changelog                     [0;39m [35m:37  [0;39m New row inserted into order_status_translations
[2025-04-16 23:44:28] [34mINFO[0;39m [36mliquibase.changelog                     [0;39m [35m:37  [0;39m ChangeSet db/changelog/logs/ch-insert-order-status-translations-Makitra.xml::Makitra-15::Makitra Vadym ran successfully in 11ms
[2025-04-16 23:44:28] [34mINFO[0;39m [36mliquibase.ui                            [0;39m [35m:37  [0;39m Running Changeset: db/changelog/logs/ch-insert-into-positions.xml::Makitra-16::Makitra Vadym
[2025-04-16 23:44:28] [34mINFO[0;39m [36mliquibase.changelog                     [0;39m [35m:37  [0;39m New row inserted into positions
[2025-04-16 23:44:28] [34mINFO[0;39m [36mliquibase.changelog                     [0;39m [35m:37  [0;39m New row inserted into positions
[2025-04-16 23:44:28] [34mINFO[0;39m [36mliquibase.changelog                     [0;39m [35m:37  [0;39m New row inserted into positions
[2025-04-16 23:44:28] [34mINFO[0;39m [36mliquibase.changelog                     [0;39m [35m:37  [0;39m New row inserted into positions
[2025-04-16 23:44:28] [34mINFO[0;39m [36mliquibase.changelog                     [0;39m [35m:37  [0;39m New row inserted into positions
[2025-04-16 23:44:28] [34mINFO[0;39m [36mliquibase.changelog                     [0;39m [35m:37  [0;39m New row inserted into positions
[2025-04-16 23:44:28] [34mINFO[0;39m [36mliquibase.changelog                     [0;39m [35m:37  [0;39m New row inserted into positions
[2025-04-16 23:44:28] [34mINFO[0;39m [36mliquibase.changelog                     [0;39m [35m:37  [0;39m ChangeSet db/changelog/logs/ch-insert-into-positions.xml::Makitra-16::Makitra Vadym ran successfully in 7ms
[2025-04-16 23:44:28] [34mINFO[0;39m [36mliquibase.ui                            [0;39m [35m:37  [0;39m Running Changeset: db/changelog/logs/ch-insert-into-bags-and-bags-translations-Makitra.xml::Makitra-15::Makitra Vadym
[2025-04-16 23:44:28] [34mINFO[0;39m [36mliquibase.changelog                     [0;39m [35m:37  [0;39m New row inserted into bag
[2025-04-16 23:44:28] [34mINFO[0;39m [36mliquibase.changelog                     [0;39m [35m:37  [0;39m New row inserted into bag
[2025-04-16 23:44:28] [34mINFO[0;39m [36mliquibase.changelog                     [0;39m [35m:37  [0;39m New row inserted into bag
[2025-04-16 23:44:28] [34mINFO[0;39m [36mliquibase.changelog                     [0;39m [35m:37  [0;39m New row inserted into bag
[2025-04-16 23:44:28] [34mINFO[0;39m [36mliquibase.changelog                     [0;39m [35m:37  [0;39m New row inserted into bag
[2025-04-16 23:44:28] [34mINFO[0;39m [36mliquibase.changelog                     [0;39m [35m:37  [0;39m New row inserted into bag
[2025-04-16 23:44:28] [34mINFO[0;39m [36mliquibase.changelog                     [0;39m [35m:37  [0;39m New row inserted into bag_translations
[2025-04-16 23:44:28] [34mINFO[0;39m [36mliquibase.changelog                     [0;39m [35m:37  [0;39m New row inserted into bag_translations
[2025-04-16 23:44:28] [34mINFO[0;39m [36mliquibase.changelog                     [0;39m [35m:37  [0;39m New row inserted into bag_translations
[2025-04-16 23:44:28] [34mINFO[0;39m [36mliquibase.changelog                     [0;39m [35m:37  [0;39m New row inserted into bag_translations
[2025-04-16 23:44:28] [34mINFO[0;39m [36mliquibase.changelog                     [0;39m [35m:37  [0;39m New row inserted into bag_translations
[2025-04-16 23:44:28] [34mINFO[0;39m [36mliquibase.changelog                     [0;39m [35m:37  [0;39m New row inserted into bag_translations
[2025-04-16 23:44:28] [34mINFO[0;39m [36mliquibase.changelog                     [0;39m [35m:37  [0;39m ChangeSet db/changelog/logs/ch-insert-into-bags-and-bags-translations-Makitra.xml::Makitra-15::Makitra Vadym ran successfully in 12ms
[2025-04-16 23:44:28] [34mINFO[0;39m [36mliquibase.ui                            [0;39m [35m:37  [0;39m Running Changeset: db/changelog/logs/ch-add-table-notification-schedule-Sannytski.xml::Sannytski-1::Dmytro Sannytski
[2025-04-16 23:44:28] [34mINFO[0;39m [36mliquibase.changelog                     [0;39m [35m:37  [0;39m Table notification_schedule created
[2025-04-16 23:44:28] [34mINFO[0;39m [36mliquibase.changelog                     [0;39m [35m:37  [0;39m ChangeSet db/changelog/logs/ch-add-table-notification-schedule-Sannytski.xml::Sannytski-1::Dmytro Sannytski ran successfully in 5ms
[2025-04-16 23:44:28] [34mINFO[0;39m [36mliquibase.ui                            [0;39m [35m:37  [0;39m Running Changeset: db/changelog/logs/ch-add-table-notification-schedule-Sannytski.xml::Sannytski-2::Dmytro Sannytski
[2025-04-16 23:44:28] [34mINFO[0;39m [36mliquibase.changelog                     [0;39m [35m:37  [0;39m New row inserted into notification_schedule
[2025-04-16 23:44:28] [34mINFO[0;39m [36mliquibase.changelog                     [0;39m [35m:37  [0;39m New row inserted into notification_schedule
[2025-04-16 23:44:28] [34mINFO[0;39m [36mliquibase.changelog                     [0;39m [35m:37  [0;39m New row inserted into notification_schedule
[2025-04-16 23:44:28] [34mINFO[0;39m [36mliquibase.changelog                     [0;39m [35m:37  [0;39m ChangeSet db/changelog/logs/ch-add-table-notification-schedule-Sannytski.xml::Sannytski-2::Dmytro Sannytski ran successfully in 5ms
[2025-04-16 23:44:28] [34mINFO[0;39m [36mliquibase.ui                            [0;39m [35m:37  [0;39m Running Changeset: db/changelog/logs/ch-insert-into-region-translations-Kozak.xml::Natalia-2::Kozak
[2025-04-16 23:44:28] [34mINFO[0;39m [36mliquibase.changelog                     [0;39m [35m:37  [0;39m New row inserted into region_translations
[2025-04-16 23:44:28] [34mINFO[0;39m [36mliquibase.changelog                     [0;39m [35m:37  [0;39m New row inserted into region_translations
[2025-04-16 23:44:28] [34mINFO[0;39m [36mliquibase.changelog                     [0;39m [35m:37  [0;39m ChangeSet db/changelog/logs/ch-insert-into-region-translations-Kozak.xml::Natalia-2::Kozak ran successfully in 4ms
[2025-04-16 23:44:28] [34mINFO[0;39m [36mliquibase.ui                            [0;39m [35m:37  [0;39m Running Changeset: db/changelog/logs/ch-insert-into-location-translations-Kozak.xml::Natalia-3::Kozak
[2025-04-16 23:44:28] [34mINFO[0;39m [36mliquibase.changelog                     [0;39m [35m:37  [0;39m New row inserted into location_translations
[2025-04-16 23:44:28] [34mINFO[0;39m [36mliquibase.changelog                     [0;39m [35m:37  [0;39m New row inserted into location_translations
[2025-04-16 23:44:28] [34mINFO[0;39m [36mliquibase.changelog                     [0;39m [35m:37  [0;39m ChangeSet db/changelog/logs/ch-insert-into-location-translations-Kozak.xml::Natalia-3::Kozak ran successfully in 3ms
[2025-04-16 23:44:28] [34mINFO[0;39m [36mliquibase.ui                            [0;39m [35m:37  [0;39m Running Changeset: db/changelog/logs/ch-update-locations-table-Kozak.xml::Natalia-4::Kozak
[2025-04-16 23:44:28] [34mINFO[0;39m [36mliquibase.changelog                     [0;39m [35m:37  [0;39m Data updated in locations
[2025-04-16 23:44:28] [34mINFO[0;39m [36mliquibase.changelog                     [0;39m [35m:37  [0;39m Data updated in locations
[2025-04-16 23:44:28] [34mINFO[0;39m [36mliquibase.changelog                     [0;39m [35m:37  [0;39m ChangeSet db/changelog/logs/ch-update-locations-table-Kozak.xml::Natalia-4::Kozak ran successfully in 2ms
[2025-04-16 23:44:28] [34mINFO[0;39m [36mliquibase.ui                            [0;39m [35m:37  [0;39m Running Changeset: db/changelog/logs/ch-add-column-receiving_station_id-to-orders-Kuzbyt_Maksym.xml::Kuzbyt-7::Maksym Kuzbyt
[2025-04-16 23:44:28] [34mINFO[0;39m [36mliquibase.changelog                     [0;39m [35m:37  [0;39m Columns receiving_station_id(BIGINT) added to orders
[2025-04-16 23:44:28] [34mINFO[0;39m [36mliquibase.changelog                     [0;39m [35m:37  [0;39m Foreign key constraint added to orders (receiving_station_id)
[2025-04-16 23:44:28] [34mINFO[0;39m [36mliquibase.changelog                     [0;39m [35m:37  [0;39m ChangeSet db/changelog/logs/ch-add-column-receiving_station_id-to-orders-Kuzbyt_Maksym.xml::Kuzbyt-7::Maksym Kuzbyt ran successfully in 2ms
[2025-04-16 23:44:28] [34mINFO[0;39m [36mliquibase.ui                            [0;39m [35m:37  [0;39m Running Changeset: db/changelog/logs/ch-add-some-columns-to-ubsUser-for-Sender-Kuzbyt_Maksym.xml::Kuzbyt-8::Maksym Kuzbyt
[2025-04-16 23:44:28] [34mINFO[0;39m [36mliquibase.changelog                     [0;39m [35m:37  [0;39m Columns sender_first_name(varchar(30)),sender_last_name(varchar(30)),sender_email(varchar(50)),sender_phone_number(varchar(15)) added to ubs_user
[2025-04-16 23:44:28] [34mINFO[0;39m [36mliquibase.changelog                     [0;39m [35m:37  [0;39m ChangeSet db/changelog/logs/ch-add-some-columns-to-ubsUser-for-Sender-Kuzbyt_Maksym.xml::Kuzbyt-8::Maksym Kuzbyt ran successfully in 2ms
[2025-04-16 23:44:28] [34mINFO[0;39m [36mliquibase.ui                            [0;39m [35m:37  [0;39m Running Changeset: db/changelog/logs/ch-modify-column-address_comment-address-table-Andzheychak.xml::Andzheychak-1::Mark Andzheychak
[2025-04-16 23:44:28] [34mINFO[0;39m [36mliquibase.changelog                     [0;39m [35m:37  [0;39m address.address_comment datatype was changed to VARCHAR(255)
[2025-04-16 23:44:28] [34mINFO[0;39m [36mliquibase.changelog                     [0;39m [35m:37  [0;39m ChangeSet db/changelog/logs/ch-modify-column-address_comment-address-table-Andzheychak.xml::Andzheychak-1::Mark Andzheychak ran successfully in 1ms
[2025-04-16 23:44:28] [34mINFO[0;39m [36mliquibase.ui                            [0;39m [35m:37  [0;39m Running Changeset: db/changelog/logs/ch-add-order-address-table-Safarov.xml::Safarov-3::Safarov Renat
[2025-04-16 23:44:28] [34mINFO[0;39m [36mliquibase.changelog                     [0;39m [35m:37  [0;39m Table order_address created
[2025-04-16 23:44:28] [34mINFO[0;39m [36mliquibase.changelog                     [0;39m [35m:37  [0;39m ChangeSet db/changelog/logs/ch-add-order-address-table-Safarov.xml::Safarov-3::Safarov Renat ran successfully in 6ms
[2025-04-16 23:44:28] [34mINFO[0;39m [36mliquibase.ui                            [0;39m [35m:37  [0;39m Running Changeset: db/changelog/logs/ch-modify-column-address_comment-order_address-table-Andzheychak.xml::Andzheychak-2::Mark Andzheychak
[2025-04-16 23:44:28] [34mINFO[0;39m [36mliquibase.changelog                     [0;39m [35m:37  [0;39m order_address.address_comment datatype was changed to VARCHAR(255)
[2025-04-16 23:44:28] [34mINFO[0;39m [36mliquibase.changelog                     [0;39m [35m:37  [0;39m ChangeSet db/changelog/logs/ch-modify-column-address_comment-order_address-table-Andzheychak.xml::Andzheychak-2::Mark Andzheychak ran successfully in 1ms
[2025-04-16 23:44:28] [34mINFO[0;39m [36mliquibase.ui                            [0;39m [35m:37  [0;39m Running Changeset: db/changelog/logs/ch-fk_ubs_users_and_order_address-Safarov.xml::Safarov-4::Safarov Renat
[2025-04-16 23:44:28] [34mINFO[0;39m [36mliquibase.changelog                     [0;39m [35m:37  [0;39m Foreign key fk_ubs_user_to_address dropped
[2025-04-16 23:44:28] [34mINFO[0;39m [36mliquibase.changelog                     [0;39m [35m:37  [0;39m Foreign key constraint added to ubs_user (id)
[2025-04-16 23:44:28] [34mINFO[0;39m [36mliquibase.changelog                     [0;39m [35m:37  [0;39m ChangeSet db/changelog/logs/ch-fk_ubs_users_and_order_address-Safarov.xml::Safarov-4::Safarov Renat ran successfully in 2ms
[2025-04-16 23:44:28] [34mINFO[0;39m [36mliquibase.ui                            [0;39m [35m:37  [0;39m Running Changeset: db/changelog/logs/ch-add-big_order_table-view-Kuzbyt_Maksym.xml::Kuzbyt-9::Maksym Kuzbyt
[2025-04-16 23:44:28] [34mINFO[0;39m [36mliquibase.changelog                     [0;39m [35m:37  [0;39m View big_order_table created
[2025-04-16 23:44:28] [34mINFO[0;39m [36mliquibase.changelog                     [0;39m [35m:37  [0;39m ChangeSet db/changelog/logs/ch-add-big_order_table-view-Kuzbyt_Maksym.xml::Kuzbyt-9::Maksym Kuzbyt ran successfully in 24ms
[2025-04-16 23:44:28] [34mINFO[0;39m [36mliquibase.ui                            [0;39m [35m:37  [0;39m Running Changeset: db/changelog/logs/ch-drop-column-language_id-in-table-bag_translations-Boiarchuk.xml::Max-i1::Boiarchuk
[2025-04-16 23:44:28] [34mINFO[0;39m [36mliquibase.changelog                     [0;39m [35m:37  [0;39m Columns language_id dropped from bag_translations
[2025-04-16 23:44:28] [34mINFO[0;39m [36mliquibase.changelog                     [0;39m [35m:37  [0;39m Columns name_eng(VARCHAR(60)) added to bag_translations
[2025-04-16 23:44:28] [34mINFO[0;39m [36mliquibase.changelog                     [0;39m [35m:37  [0;39m Data updated in bag_translations
[2025-04-16 23:44:28] [34mINFO[0;39m [36mliquibase.changelog                     [0;39m [35m:37  [0;39m Data updated in bag_translations
[2025-04-16 23:44:28] [34mINFO[0;39m [36mliquibase.changelog                     [0;39m [35m:37  [0;39m Data updated in bag_translations
[2025-04-16 23:44:28] [34mINFO[0;39m [36mliquibase.changelog                     [0;39m [35m:37  [0;39m ChangeSet db/changelog/logs/ch-drop-column-language_id-in-table-bag_translations-Boiarchuk.xml::Max-i1::Boiarchuk ran successfully in 11ms
[2025-04-16 23:44:28] [34mINFO[0;39m [36mliquibase.ui                            [0;39m [35m:37  [0;39m Running Changeset: db/changelog/logs/ch-update-notification-templates-Kozak.xml::Natalia-5::Kozak
[2025-04-16 23:44:28] [34mINFO[0;39m [36mliquibase.changelog                     [0;39m [35m:37  [0;39m Data updated in notification_templates
[2025-04-16 23:44:28] [34mINFO[0;39m [36mliquibase.changelog                     [0;39m [35m:37  [0;39m Data updated in notification_templates
[2025-04-16 23:44:28] [34mINFO[0;39m [36mliquibase.changelog                     [0;39m [35m:37  [0;39m Data updated in notification_templates
[2025-04-16 23:44:28] [34mINFO[0;39m [36mliquibase.changelog                     [0;39m [35m:37  [0;39m Data updated in notification_templates
[2025-04-16 23:44:28] [34mINFO[0;39m [36mliquibase.changelog                     [0;39m [35m:37  [0;39m Data updated in notification_templates
[2025-04-16 23:44:28] [34mINFO[0;39m [36mliquibase.changelog                     [0;39m [35m:37  [0;39m Data updated in notification_templates
[2025-04-16 23:44:28] [34mINFO[0;39m [36mliquibase.changelog                     [0;39m [35m:37  [0;39m Data updated in notification_templates
[2025-04-16 23:44:28] [34mINFO[0;39m [36mliquibase.changelog                     [0;39m [35m:37  [0;39m Data updated in notification_templates
[2025-04-16 23:44:28] [34mINFO[0;39m [36mliquibase.changelog                     [0;39m [35m:37  [0;39m Data updated in notification_templates
[2025-04-16 23:44:28] [34mINFO[0;39m [36mliquibase.changelog                     [0;39m [35m:37  [0;39m Data updated in notification_templates
[2025-04-16 23:44:28] [34mINFO[0;39m [36mliquibase.changelog                     [0;39m [35m:37  [0;39m Data updated in notification_templates
[2025-04-16 23:44:28] [34mINFO[0;39m [36mliquibase.changelog                     [0;39m [35m:37  [0;39m Data updated in notification_templates
[2025-04-16 23:44:28] [34mINFO[0;39m [36mliquibase.changelog                     [0;39m [35m:37  [0;39m Data updated in notification_templates
[2025-04-16 23:44:28] [34mINFO[0;39m [36mliquibase.changelog                     [0;39m [35m:37  [0;39m Data updated in notification_templates
[2025-04-16 23:44:28] [34mINFO[0;39m [36mliquibase.changelog                     [0;39m [35m:37  [0;39m ChangeSet db/changelog/logs/ch-update-notification-templates-Kozak.xml::Natalia-5::Kozak ran successfully in 10ms
[2025-04-16 23:44:28] [34mINFO[0;39m [36mliquibase.ui                            [0;39m [35m:37  [0;39m Running Changeset: db/changelog/logs/ch-insert-into-notification-templates-Kozak.xml::Natalia-6::Kozak
[2025-04-16 23:44:28] [34mINFO[0;39m [36mliquibase.changelog                     [0;39m [35m:37  [0;39m New row inserted into notification_templates
[2025-04-16 23:44:28] [34mINFO[0;39m [36mliquibase.changelog                     [0;39m [35m:37  [0;39m New row inserted into notification_templates
[2025-04-16 23:44:28] [34mINFO[0;39m [36mliquibase.changelog                     [0;39m [35m:37  [0;39m New row inserted into notification_templates
[2025-04-16 23:44:28] [34mINFO[0;39m [36mliquibase.changelog                     [0;39m [35m:37  [0;39m New row inserted into notification_templates
[2025-04-16 23:44:28] [34mINFO[0;39m [36mliquibase.changelog                     [0;39m [35m:37  [0;39m New row inserted into notification_templates
[2025-04-16 23:44:28] [34mINFO[0;39m [36mliquibase.changelog                     [0;39m [35m:37  [0;39m New row inserted into notification_templates
[2025-04-16 23:44:28] [34mINFO[0;39m [36mliquibase.changelog                     [0;39m [35m:37  [0;39m New row inserted into notification_templates
[2025-04-16 23:44:28] [34mINFO[0;39m [36mliquibase.changelog                     [0;39m [35m:37  [0;39m New row inserted into notification_templates
[2025-04-16 23:44:28] [34mINFO[0;39m [36mliquibase.changelog                     [0;39m [35m:37  [0;39m New row inserted into notification_templates
[2025-04-16 23:44:28] [34mINFO[0;39m [36mliquibase.changelog                     [0;39m [35m:37  [0;39m New row inserted into notification_templates
[2025-04-16 23:44:28] [34mINFO[0;39m [36mliquibase.changelog                     [0;39m [35m:37  [0;39m New row inserted into notification_templates
[2025-04-16 23:44:28] [34mINFO[0;39m [36mliquibase.changelog                     [0;39m [35m:37  [0;39m New row inserted into notification_templates
[2025-04-16 23:44:28] [34mINFO[0;39m [36mliquibase.changelog                     [0;39m [35m:37  [0;39m New row inserted into notification_templates
[2025-04-16 23:44:28] [34mINFO[0;39m [36mliquibase.changelog                     [0;39m [35m:37  [0;39m New row inserted into notification_templates
[2025-04-16 23:44:28] [34mINFO[0;39m [36mliquibase.changelog                     [0;39m [35m:37  [0;39m ChangeSet db/changelog/logs/ch-insert-into-notification-templates-Kozak.xml::Natalia-6::Kozak ran successfully in 11ms
[2025-04-16 23:44:28] [34mINFO[0;39m [36mliquibase.ui                            [0;39m [35m:37  [0;39m Running Changeset: db/changelog/logs/ch-insert-into-courier-translations-Kozak.xml::Natalia-7::Kozak
[2025-04-16 23:44:28] [34mINFO[0;39m [36mliquibase.changelog                     [0;39m [35m:37  [0;39m New row inserted into courier_translations
[2025-04-16 23:44:28] [34mINFO[0;39m [36mliquibase.changelog                     [0;39m [35m:37  [0;39m New row inserted into courier_translations
[2025-04-16 23:44:28] [34mINFO[0;39m [36mliquibase.changelog                     [0;39m [35m:37  [0;39m ChangeSet db/changelog/logs/ch-insert-into-courier-translations-Kozak.xml::Natalia-7::Kozak ran successfully in 4ms
[2025-04-16 23:44:28] [34mINFO[0;39m [36mliquibase.ui                            [0;39m [35m:37  [0;39m Running Changeset: db/changelog/logs/ch-add-column-added-by-user-id-to-violations-description-mapping-Yezenitskyi.xml::Yezenitskyi-1::Andrii Yezenitskyi
[2025-04-16 23:44:28] [34mINFO[0;39m [36mliquibase.changelog                     [0;39m [35m:37  [0;39m Columns added_by_user_id(BIGINT) added to violations_description_mapping
[2025-04-16 23:44:28] [34mINFO[0;39m [36mliquibase.changelog                     [0;39m [35m:37  [0;39m Foreign key constraint added to violations_description_mapping (added_by_user_id)
[2025-04-16 23:44:28] [34mINFO[0;39m [36mliquibase.changelog                     [0;39m [35m:37  [0;39m ChangeSet db/changelog/logs/ch-add-column-added-by-user-id-to-violations-description-mapping-Yezenitskyi.xml::Yezenitskyi-1::Andrii Yezenitskyi ran successfully in 3ms
[2025-04-16 23:44:28] [34mINFO[0;39m [36mliquibase.ui                            [0;39m [35m:37  [0;39m Running Changeset: db/changelog/logs/20220902-ch-add-table-tariffs-info-Melnyk.xml::20223101-ch-add-table-tariffs-info-Melnyk::Bohdan Melnyk
[2025-04-16 23:44:28] [34mINFO[0;39m [36mliquibase.changelog                     [0;39m [35m:37  [0;39m Table tariffs_info created
[2025-04-16 23:44:28] [34mINFO[0;39m [36mliquibase.changelog                     [0;39m [35m:37  [0;39m ChangeSet db/changelog/logs/20220902-ch-add-table-tariffs-info-Melnyk.xml::20223101-ch-add-table-tariffs-info-Melnyk::Bohdan Melnyk ran successfully in 5ms
[2025-04-16 23:44:28] [34mINFO[0;39m [36mliquibase.ui                            [0;39m [35m:37  [0;39m Running Changeset: db/changelog/logs/20223101-ch-add-column-tariffs-info-id-Melnyk.xml::20223101-ch-add-column-tariffs-info-id-Melnyk::Bohdan Melnyk
[2025-04-16 23:44:28] [34mINFO[0;39m [36mliquibase.changelog                     [0;39m [35m:37  [0;39m Columns tariffs_info_id(bigint) added to bag
[2025-04-16 23:44:28] [34mINFO[0;39m [36mliquibase.changelog                     [0;39m [35m:37  [0;39m Foreign key constraint added to bag (tariffs_info_id)
[2025-04-16 23:44:28] [34mINFO[0;39m [36mliquibase.changelog                     [0;39m [35m:37  [0;39m Columns tariffs_info_id(bigint) added to courier_locations
[2025-04-16 23:44:28] [34mINFO[0;39m [36mliquibase.changelog                     [0;39m [35m:37  [0;39m Foreign key constraint added to courier_locations (tariffs_info_id)
[2025-04-16 23:44:28] [34mINFO[0;39m [36mliquibase.changelog                     [0;39m [35m:37  [0;39m Columns tariffs_info_id(bigint) added to receiving_stations
[2025-04-16 23:44:28] [34mINFO[0;39m [36mliquibase.changelog                     [0;39m [35m:37  [0;39m Foreign key constraint added to receiving_stations (tariffs_info_id)
[2025-04-16 23:44:28] [34mINFO[0;39m [36mliquibase.changelog                     [0;39m [35m:37  [0;39m Columns tariffs_info_id(bigint) added to service
[2025-04-16 23:44:28] [34mINFO[0;39m [36mliquibase.changelog                     [0;39m [35m:37  [0;39m Foreign key constraint added to service (tariffs_info_id)
[2025-04-16 23:44:28] [34mINFO[0;39m [36mliquibase.changelog                     [0;39m [35m:37  [0;39m ChangeSet db/changelog/logs/20223101-ch-add-column-tariffs-info-id-Melnyk.xml::20223101-ch-add-column-tariffs-info-id-Melnyk::Bohdan Melnyk ran successfully in 13ms
[2025-04-16 23:44:28] [34mINFO[0;39m [36mliquibase.ui                            [0;39m [35m:37  [0;39m Running Changeset: db/changelog/logs/20221002-ch-add-column-creator-id-in-tariffs-info-table-Melnyk.xml::Melnyk-7::Bohdan Melnyk
[2025-04-16 23:44:28] [34mINFO[0;39m [36mliquibase.changelog                     [0;39m [35m:37  [0;39m Columns creator_id(bigint) added to tariffs_info
[2025-04-16 23:44:28] [34mINFO[0;39m [36mliquibase.changelog                     [0;39m [35m:37  [0;39m Foreign key constraint added to tariffs_info (creator_id)
[2025-04-16 23:44:28] [34mINFO[0;39m [36mliquibase.changelog                     [0;39m [35m:37  [0;39m ChangeSet db/changelog/logs/20221002-ch-add-column-creator-id-in-tariffs-info-table-Melnyk.xml::Melnyk-7::Bohdan Melnyk ran successfully in 3ms
[2025-04-16 23:44:28] [34mINFO[0;39m [36mliquibase.ui                            [0;39m [35m:37  [0;39m Running Changeset: db/changelog/logs/20221102-ch-add-column-created-at-into-tariffs-info-table-Melnyk.xml::20223101-ch-add-table-tariffs-info-Melnyk::Bohdan Melnyk
[2025-04-16 23:44:28] [34mINFO[0;39m [36mliquibase.changelog                     [0;39m [35m:37  [0;39m Columns created_at(date) added to tariffs_info
[2025-04-16 23:44:28] [34mINFO[0;39m [36mliquibase.changelog                     [0;39m [35m:37  [0;39m ChangeSet db/changelog/logs/20221102-ch-add-column-created-at-into-tariffs-info-table-Melnyk.xml::20223101-ch-add-table-tariffs-info-Melnyk::Bohdan Melnyk ran successfully in 2ms
[2025-04-16 23:44:28] [34mINFO[0;39m [36mliquibase.ui                            [0;39m [35m:37  [0;39m Running Changeset: db/changelog/logs/ch-update_big_order_table-view-Yezenitskyi.xml::Yezenitskyi-2::Andrii Yezenitskyi
[2025-04-16 23:44:28] [34mINFO[0;39m [36mliquibase.changelog                     [0;39m [35m:37  [0;39m View big_order_table created
[2025-04-16 23:44:28] [34mINFO[0;39m [36mliquibase.changelog                     [0;39m [35m:37  [0;39m ChangeSet db/changelog/logs/ch-update_big_order_table-view-Yezenitskyi.xml::Yezenitskyi-2::Andrii Yezenitskyi ran successfully in 19ms
[2025-04-16 23:44:28] [34mINFO[0;39m [36mliquibase.ui                            [0;39m [35m:37  [0;39m Running Changeset: db/changelog/logs/ch-drop-column-language_id-order_status_translation-Hural.xml::Pavlo-1::Pavlo Hural
[2025-04-16 23:44:28] [34mINFO[0;39m [36mliquibase.changelog                     [0;39m [35m:37  [0;39m Columns language_id dropped from order_status_translations
[2025-04-16 23:44:28] [34mINFO[0;39m [36mliquibase.changelog                     [0;39m [35m:37  [0;39m Columns name_eng(VARCHAR(60)) added to order_status_translations
[2025-04-16 23:44:28] [34mINFO[0;39m [36mliquibase.changelog                     [0;39m [35m:37  [0;39m Columns language_id dropped from order_payment_status_translations
[2025-04-16 23:44:28] [34mINFO[0;39m [36mliquibase.changelog                     [0;39m [35m:37  [0;39m Columns translation_value_eng(VARCHAR(60)) added to order_payment_status_translations
[2025-04-16 23:44:28] [34mINFO[0;39m [36mliquibase.changelog                     [0;39m [35m:37  [0;39m ChangeSet db/changelog/logs/ch-drop-column-language_id-order_status_translation-Hural.xml::Pavlo-1::Pavlo Hural ran successfully in 3ms
[2025-04-16 23:44:29] [34mINFO[0;39m [36mliquibase.ui                            [0;39m [35m:37  [0;39m Running Changeset: db/changelog/logs/ch-update-order_status_translation-Hural.xml::Hural-2::Pavlo Hural
[2025-04-16 23:44:29] [34mINFO[0;39m [36mliquibase.changelog                     [0;39m [35m:37  [0;39m Data updated in order_status_translations
[2025-04-16 23:44:29] [34mINFO[0;39m [36mliquibase.changelog                     [0;39m [35m:37  [0;39m Data updated in order_status_translations
[2025-04-16 23:44:29] [34mINFO[0;39m [36mliquibase.changelog                     [0;39m [35m:37  [0;39m Data updated in order_status_translations
[2025-04-16 23:44:29] [34mINFO[0;39m [36mliquibase.changelog                     [0;39m [35m:37  [0;39m Data updated in order_status_translations
[2025-04-16 23:44:29] [34mINFO[0;39m [36mliquibase.changelog                     [0;39m [35m:37  [0;39m Data updated in order_status_translations
[2025-04-16 23:44:29] [34mINFO[0;39m [36mliquibase.changelog                     [0;39m [35m:37  [0;39m Data updated in order_status_translations
[2025-04-16 23:44:29] [34mINFO[0;39m [36mliquibase.changelog                     [0;39m [35m:37  [0;39m Data updated in order_status_translations
[2025-04-16 23:44:29] [34mINFO[0;39m [36mliquibase.changelog                     [0;39m [35m:37  [0;39m Data updated in order_status_translations
[2025-04-16 23:44:29] [34mINFO[0;39m [36mliquibase.changelog                     [0;39m [35m:37  [0;39m Data updated in order_payment_status_translations
[2025-04-16 23:44:29] [34mINFO[0;39m [36mliquibase.changelog                     [0;39m [35m:37  [0;39m Data updated in order_payment_status_translations
[2025-04-16 23:44:29] [34mINFO[0;39m [36mliquibase.changelog                     [0;39m [35m:37  [0;39m Data updated in order_payment_status_translations
[2025-04-16 23:44:29] [34mINFO[0;39m [36mliquibase.changelog                     [0;39m [35m:37  [0;39m Data updated in order_payment_status_translations
[2025-04-16 23:44:29] [34mINFO[0;39m [36mliquibase.changelog                     [0;39m [35m:37  [0;39m Data updated in order_payment_status_translations
[2025-04-16 23:44:29] [34mINFO[0;39m [36mliquibase.changelog                     [0;39m [35m:37  [0;39m Data updated in order_payment_status_translations
[2025-04-16 23:44:29] [34mINFO[0;39m [36mliquibase.changelog                     [0;39m [35m:37  [0;39m Data updated in order_payment_status_translations
[2025-04-16 23:44:29] [34mINFO[0;39m [36mliquibase.changelog                     [0;39m [35m:37  [0;39m Data updated in order_payment_status_translations
[2025-04-16 23:44:29] [34mINFO[0;39m [36mliquibase.changelog                     [0;39m [35m:37  [0;39m Data deleted from order_payment_status_translations
[2025-04-16 23:44:29] [34mINFO[0;39m [36mliquibase.changelog                     [0;39m [35m:37  [0;39m Data deleted from order_payment_status_translations
[2025-04-16 23:44:29] [34mINFO[0;39m [36mliquibase.changelog                     [0;39m [35m:37  [0;39m Data deleted from order_payment_status_translations
[2025-04-16 23:44:29] [34mINFO[0;39m [36mliquibase.changelog                     [0;39m [35m:37  [0;39m Data deleted from order_payment_status_translations
[2025-04-16 23:44:29] [34mINFO[0;39m [36mliquibase.changelog                     [0;39m [35m:37  [0;39m Data deleted from order_status_translations
[2025-04-16 23:44:29] [34mINFO[0;39m [36mliquibase.changelog                     [0;39m [35m:37  [0;39m Data deleted from order_status_translations
[2025-04-16 23:44:29] [34mINFO[0;39m [36mliquibase.changelog                     [0;39m [35m:37  [0;39m Data deleted from order_status_translations
[2025-04-16 23:44:29] [34mINFO[0;39m [36mliquibase.changelog                     [0;39m [35m:37  [0;39m Data deleted from order_status_translations
[2025-04-16 23:44:29] [34mINFO[0;39m [36mliquibase.changelog                     [0;39m [35m:37  [0;39m Data deleted from order_status_translations
[2025-04-16 23:44:29] [34mINFO[0;39m [36mliquibase.changelog                     [0;39m [35m:37  [0;39m Data deleted from order_status_translations
[2025-04-16 23:44:29] [34mINFO[0;39m [36mliquibase.changelog                     [0;39m [35m:37  [0;39m Data deleted from order_status_translations
[2025-04-16 23:44:29] [34mINFO[0;39m [36mliquibase.changelog                     [0;39m [35m:37  [0;39m Data deleted from order_status_translations
[2025-04-16 23:44:29] [34mINFO[0;39m [36mliquibase.changelog                     [0;39m [35m:37  [0;39m Data deleted from bag_translations
[2025-04-16 23:44:29] [34mINFO[0;39m [36mliquibase.changelog                     [0;39m [35m:37  [0;39m Data deleted from bag_translations
[2025-04-16 23:44:29] [34mINFO[0;39m [36mliquibase.changelog                     [0;39m [35m:37  [0;39m Data deleted from bag_translations
[2025-04-16 23:44:29] [34mINFO[0;39m [36mliquibase.changelog                     [0;39m [35m:37  [0;39m ChangeSet db/changelog/logs/ch-update-order_status_translation-Hural.xml::Hural-2::Pavlo Hural ran successfully in 14ms
[2025-04-16 23:44:29] [34mINFO[0;39m [36mliquibase.ui                            [0;39m [35m:37  [0;39m Running Changeset: db/changelog/logs/ch-insert-into-notification-templates-Hlynskyi.xml::Hlynskyi-1::Danylo Hlynskyi
[2025-04-16 23:44:29] [34mINFO[0;39m [36mliquibase.changelog                     [0;39m [35m:37  [0;39m New row inserted into notification_templates
[2025-04-16 23:44:29] [34mINFO[0;39m [36mliquibase.changelog                     [0;39m [35m:37  [0;39m New row inserted into notification_templates
[2025-04-16 23:44:29] [34mINFO[0;39m [36mliquibase.changelog                     [0;39m [35m:37  [0;39m New row inserted into notification_templates
[2025-04-16 23:44:29] [34mINFO[0;39m [36mliquibase.changelog                     [0;39m [35m:37  [0;39m New row inserted into notification_templates
[2025-04-16 23:44:29] [34mINFO[0;39m [36mliquibase.changelog                     [0;39m [35m:37  [0;39m ChangeSet db/changelog/logs/ch-insert-into-notification-templates-Hlynskyi.xml::Hlynskyi-1::Danylo Hlynskyi ran successfully in 3ms
[2025-04-16 23:44:29] [34mINFO[0;39m [36mliquibase.ui                            [0;39m [35m:37  [0;39m Running Changeset: db/changelog/logs/2022-03-30-ch-add-columns-nameEn-and-nameUk-to-regions-Fedorko.xml::2022-03-30-ch-add-columns-nameEn-and-nameUk-to-regions-Fedorko::Yurii Fedorko
[2025-04-16 23:44:29] [34mINFO[0;39m [36mliquibase.changelog                     [0;39m [35m:37  [0;39m Columns name_uk(VARCHAR) added to regions
[2025-04-16 23:44:29] [34mINFO[0;39m [36mliquibase.changelog                     [0;39m [35m:37  [0;39m Columns name_en(VARCHAR) added to regions
[2025-04-16 23:44:29] [34mINFO[0;39m [36mliquibase.changelog                     [0;39m [35m:37  [0;39m ChangeSet db/changelog/logs/2022-03-30-ch-add-columns-nameEn-and-nameUk-to-regions-Fedorko.xml::2022-03-30-ch-add-columns-nameEn-and-nameUk-to-regions-Fedorko::Yurii Fedorko ran successfully in 3ms
[2025-04-16 23:44:29] [34mINFO[0;39m [36mliquibase.ui                            [0;39m [35m:37  [0;39m Running Changeset: db/changelog/logs/2022-03-30-ch-add-columns-nameEn-and-nameUk-to-locations-Fedorko.xml::2022-03-30-ch-add-columns-nameEn-and-nameUk-to-Locations-Fedorko::Yurii Fedorko
[2025-04-16 23:44:29] [34mINFO[0;39m [36mliquibase.changelog                     [0;39m [35m:37  [0;39m Columns name_uk(VARCHAR) added to locations
[2025-04-16 23:44:29] [34mINFO[0;39m [36mliquibase.changelog                     [0;39m [35m:37  [0;39m Columns name_en(VARCHAR) added to locations
[2025-04-16 23:44:29] [34mINFO[0;39m [36mliquibase.changelog                     [0;39m [35m:37  [0;39m ChangeSet db/changelog/logs/2022-03-30-ch-add-columns-nameEn-and-nameUk-to-locations-Fedorko.xml::2022-03-30-ch-add-columns-nameEn-and-nameUk-to-Locations-Fedorko::Yurii Fedorko ran successfully in 1ms
[2025-04-16 23:44:29] [34mINFO[0;39m [36mliquibase.ui                            [0;39m [35m:37  [0;39m Running Changeset: db/changelog/logs/2022-03-30-ch-add-columns-to-tarifs_info-Fedorko.xml::2022-03-30-ch-add-columns-to-tariffs_info-Fedorko::Yurii Fedorko
[2025-04-16 23:44:29] [34mINFO[0;39m [36mliquibase.changelog                     [0;39m [35m:37  [0;39m Columns min_amount_of_big_bags(bigint) added to tariffs_info
[2025-04-16 23:44:29] [34mINFO[0;39m [36mliquibase.changelog                     [0;39m [35m:37  [0;39m Columns max_amount_of_big_bags(bigint) added to tariffs_info
[2025-04-16 23:44:29] [34mINFO[0;39m [36mliquibase.changelog                     [0;39m [35m:37  [0;39m Columns min_price_of_order(bigint) added to tariffs_info
[2025-04-16 23:44:29] [34mINFO[0;39m [36mliquibase.changelog                     [0;39m [35m:37  [0;39m Columns max_price_of_order(bigint) added to tariffs_info
[2025-04-16 23:44:29] [34mINFO[0;39m [36mliquibase.changelog                     [0;39m [35m:37  [0;39m Columns courier_limits(varchar) added to tariffs_info
[2025-04-16 23:44:29] [34mINFO[0;39m [36mliquibase.changelog                     [0;39m [35m:37  [0;39m Columns courier_id(bigint) added to tariffs_info
[2025-04-16 23:44:29] [34mINFO[0;39m [36mliquibase.changelog                     [0;39m [35m:37  [0;39m Foreign key constraint added to tariffs_info (courier_id)
[2025-04-16 23:44:29] [34mINFO[0;39m [36mliquibase.changelog                     [0;39m [35m:37  [0;39m Columns tariffs_info_id(bigint) added to orders
[2025-04-16 23:44:29] [34mINFO[0;39m [36mliquibase.changelog                     [0;39m [35m:37  [0;39m Foreign key constraint added to orders (tariffs_info_id)
[2025-04-16 23:44:29] [34mINFO[0;39m [36mliquibase.changelog                     [0;39m [35m:37  [0;39m ChangeSet db/changelog/logs/2022-03-30-ch-add-columns-to-tarifs_info-Fedorko.xml::2022-03-30-ch-add-columns-to-tariffs_info-Fedorko::Yurii Fedorko ran successfully in 7ms
[2025-04-16 23:44:29] [34mINFO[0;39m [36mliquibase.ui                            [0;39m [35m:37  [0;39m Running Changeset: db/changelog/logs/2022-03-30-ch-drop-table-locationTranslations-Fedorko.xml::2022-03-30-ch-drop-table-location_translations-Fedorko::Yurii Fedorko
[2025-04-16 23:44:29] [34mINFO[0;39m [36mliquibase.changelog                     [0;39m [35m:37  [0;39m Column orders.courier_locations_id dropped
[2025-04-16 23:44:29] [34mINFO[0;39m [36mliquibase.changelog                     [0;39m [35m:37  [0;39m Column receiving_stations.tariffs_info_id dropped
[2025-04-16 23:44:29] [34mINFO[0;39m [36mliquibase.changelog                     [0;39m [35m:37  [0;39m Table location_translations dropped
[2025-04-16 23:44:29] [34mINFO[0;39m [36mliquibase.changelog                     [0;39m [35m:37  [0;39m Table region_translations dropped
[2025-04-16 23:44:29] [34mINFO[0;39m [36mliquibase.changelog                     [0;39m [35m:37  [0;39m Table courier_locations dropped
[2025-04-16 23:44:29] [34mINFO[0;39m [36mliquibase.changelog                     [0;39m [35m:37  [0;39m ChangeSet db/changelog/logs/2022-03-30-ch-drop-table-locationTranslations-Fedorko.xml::2022-03-30-ch-drop-table-location_translations-Fedorko::Yurii Fedorko ran successfully in 13ms
[2025-04-16 23:44:29] [34mINFO[0;39m [36mliquibase.ui                            [0;39m [35m:37  [0;39m Running Changeset: db/changelog/logs/ch-add-table-tariffs_info-locations_mapping-Fedorko.xml::ch-add-table-locations-to-tariffs_info-mapping-Fedorko::Fedorko Yurii
[2025-04-16 23:44:29] [34mINFO[0;39m [36mliquibase.changelog                     [0;39m [35m:37  [0;39m Table tariffs_info_locations_mapping created
[2025-04-16 23:44:29] [34mINFO[0;39m [36mliquibase.changelog                     [0;39m [35m:37  [0;39m Primary key added to tariffs_info_locations_mapping (tariffs_info_id,location_id)
[2025-04-16 23:44:29] [34mINFO[0;39m [36mliquibase.changelog                     [0;39m [35m:37  [0;39m Foreign key constraint added to tariffs_info_locations_mapping (tariffs_info_id)
[2025-04-16 23:44:29] [34mINFO[0;39m [36mliquibase.changelog                     [0;39m [35m:37  [0;39m Foreign key constraint added to tariffs_info_locations_mapping (location_id)
[2025-04-16 23:44:29] [34mINFO[0;39m [36mliquibase.changelog                     [0;39m [35m:37  [0;39m ChangeSet db/changelog/logs/ch-add-table-tariffs_info-locations_mapping-Fedorko.xml::ch-add-table-locations-to-tariffs_info-mapping-Fedorko::Fedorko Yurii ran successfully in 6ms
[2025-04-16 23:44:29] [34mINFO[0;39m [36mliquibase.ui                            [0;39m [35m:37  [0;39m Running Changeset: db/changelog/logs/ch-add-table-tariffs_info-receiving_stations_mapping-Fedorko.xml::ch-add-table-receiving_stations-to-tariffs_info-mapping-Fedorko::Fedorko Yurii
[2025-04-16 23:44:29] [34mINFO[0;39m [36mliquibase.changelog                     [0;39m [35m:37  [0;39m Table tariffs_info_receiving_stations_mapping created
[2025-04-16 23:44:29] [34mINFO[0;39m [36mliquibase.changelog                     [0;39m [35m:37  [0;39m Primary key added to tariffs_info_receiving_stations_mapping (tariffs_info_id,receiving_station_id)
[2025-04-16 23:44:29] [34mINFO[0;39m [36mliquibase.changelog                     [0;39m [35m:37  [0;39m Foreign key constraint added to tariffs_info_receiving_stations_mapping (tariffs_info_id)
[2025-04-16 23:44:29] [34mINFO[0;39m [36mliquibase.changelog                     [0;39m [35m:37  [0;39m Foreign key constraint added to tariffs_info_receiving_stations_mapping (receiving_station_id)
[2025-04-16 23:44:29] [34mINFO[0;39m [36mliquibase.changelog                     [0;39m [35m:37  [0;39m ChangeSet db/changelog/logs/ch-add-table-tariffs_info-receiving_stations_mapping-Fedorko.xml::ch-add-table-receiving_stations-to-tariffs_info-mapping-Fedorko::Fedorko Yurii ran successfully in 5ms
[2025-04-16 23:44:29] [34mINFO[0;39m [36mliquibase.ui                            [0;39m [35m:37  [0;39m Running Changeset: db/changelog/logs/ch-add-table-tariff_infos_receiving_employee_mapping-Hlazova.xml::Hlazova-5::Hlazova Nataliia
[2025-04-16 23:44:29] [34mINFO[0;39m [36mliquibase.changelog                     [0;39m [35m:37  [0;39m Table tariff_infos_receiving_employee_mapping created
[2025-04-16 23:44:29] [34mINFO[0;39m [36mliquibase.changelog                     [0;39m [35m:37  [0;39m Primary key added to tariff_infos_receiving_employee_mapping (employee_id,tariffs_info_id)
[2025-04-16 23:44:29] [34mINFO[0;39m [36mliquibase.changelog                     [0;39m [35m:37  [0;39m Foreign key constraint added to tariff_infos_receiving_employee_mapping (employee_id)
[2025-04-16 23:44:29] [34mINFO[0;39m [36mliquibase.changelog                     [0;39m [35m:37  [0;39m Foreign key constraint added to tariff_infos_receiving_employee_mapping (tariffs_info_id)
[2025-04-16 23:44:29] [34mINFO[0;39m [36mliquibase.changelog                     [0;39m [35m:37  [0;39m ChangeSet db/changelog/logs/ch-add-table-tariff_infos_receiving_employee_mapping-Hlazova.xml::Hlazova-5::Hlazova Nataliia ran successfully in 6ms
[2025-04-16 23:44:29] [34mINFO[0;39m [36mliquibase.ui                            [0;39m [35m:37  [0;39m Running Changeset: db/changelog/logs/сg-change-constraint-for-user-Korzh.xml::Korzh-14::Nikita Korzh
[2025-04-16 23:44:29] [34mINFO[0;39m [36mliquibase.changelog                     [0;39m [35m:37  [0;39m Foreign key fk_creator_to_tariffs_info dropped
[2025-04-16 23:44:29] [34mINFO[0;39m [36mliquibase.changelog                     [0;39m [35m:37  [0;39m Foreign key constraint added to tariffs_info (creator_id)
[2025-04-16 23:44:29] [34mINFO[0;39m [36mliquibase.changelog                     [0;39m [35m:37  [0;39m Foreign key FK_user_id dropped
[2025-04-16 23:44:29] [34mINFO[0;39m [36mliquibase.changelog                     [0;39m [35m:37  [0;39m Foreign key constraint added to courier (created_by_id)
[2025-04-16 23:44:29] [34mINFO[0;39m [36mliquibase.changelog                     [0;39m [35m:37  [0;39m Foreign key FK_created_by dropped
[2025-04-16 23:44:29] [34mINFO[0;39m [36mliquibase.changelog                     [0;39m [35m:37  [0;39m Foreign key constraint added to receiving_stations (created_by_id)
[2025-04-16 23:44:29] [34mINFO[0;39m [36mliquibase.changelog                     [0;39m [35m:37  [0;39m ChangeSet db/changelog/logs/сg-change-constraint-for-user-Korzh.xml::Korzh-14::Nikita Korzh ran successfully in 5ms
[2025-04-16 23:44:29] [34mINFO[0;39m [36mliquibase.ui                            [0;39m [35m:37  [0;39m Running Changeset: db/changelog/logs/ch-add-column-uuid-to-employees-Korzh.xml::Korzh-13::Nikita Korzh
[2025-04-16 23:44:29] [34mINFO[0;39m [36mliquibase.changelog                     [0;39m [35m:37  [0;39m Columns uuid(VARCHAR(60)) added to employees
[2025-04-16 23:44:29] [34mINFO[0;39m [36mliquibase.changelog                     [0;39m [35m:37  [0;39m Unique constraint added to employees(uuid)
[2025-04-16 23:44:29] [34mINFO[0;39m [36mliquibase.changelog                     [0;39m [35m:37  [0;39m ChangeSet db/changelog/logs/ch-add-column-uuid-to-employees-Korzh.xml::Korzh-13::Nikita Korzh ran successfully in 3ms
[2025-04-16 23:44:29] [34mINFO[0;39m [36mliquibase.ui                            [0;39m [35m:37  [0;39m Running Changeset: db/changelog/logs/ch-drop-table-employee-receiving-station-mapping-Korzh.xml::Korzh-11::Nikita Korzh
[2025-04-16 23:44:29] [34mINFO[0;39m [36mliquibase.changelog                     [0;39m [35m:37  [0;39m Table employee_receiving_station_mapping dropped
[2025-04-16 23:44:29] [34mINFO[0;39m [36mliquibase.changelog                     [0;39m [35m:37  [0;39m ChangeSet db/changelog/logs/ch-drop-table-employee-receiving-station-mapping-Korzh.xml::Korzh-11::Nikita Korzh ran successfully in 2ms
[2025-04-16 23:44:29] [34mINFO[0;39m [36mliquibase.ui                            [0;39m [35m:37  [0;39m Running Changeset: db/changelog/logs/ch-insert-into-employee-Korzh.xml::Korzh-2::Korzh Nikita
[2025-04-16 23:44:29] [34mINFO[0;39m [36mliquibase.changelog                     [0;39m [35m:37  [0;39m New row inserted into employees
[2025-04-16 23:44:29] [34mINFO[0;39m [36mliquibase.changelog                     [0;39m [35m:37  [0;39m ChangeSet db/changelog/logs/ch-insert-into-employee-Korzh.xml::Korzh-2::Korzh Nikita ran successfully in 2ms
[2025-04-16 23:44:29] [34mINFO[0;39m [36mliquibase.ui                            [0;39m [35m:37  [0;39m Running Changeset: db/changelog/logs/ch-insert-into-employee-position-Korzh.xml::Korzh-3::Korzh Nikita
[2025-04-16 23:44:29] [34mINFO[0;39m [36mliquibase.changelog                     [0;39m [35m:37  [0;39m New row inserted into employee_position
[2025-04-16 23:44:29] [34mINFO[0;39m [36mliquibase.changelog                     [0;39m [35m:37  [0;39m New row inserted into employee_position
[2025-04-16 23:44:29] [34mINFO[0;39m [36mliquibase.changelog                     [0;39m [35m:37  [0;39m New row inserted into employee_position
[2025-04-16 23:44:29] [34mINFO[0;39m [36mliquibase.changelog                     [0;39m [35m:37  [0;39m New row inserted into employee_position
[2025-04-16 23:44:29] [34mINFO[0;39m [36mliquibase.changelog                     [0;39m [35m:37  [0;39m New row inserted into employee_position
[2025-04-16 23:44:29] [34mINFO[0;39m [36mliquibase.changelog                     [0;39m [35m:37  [0;39m New row inserted into employee_position
[2025-04-16 23:44:29] [34mINFO[0;39m [36mliquibase.changelog                     [0;39m [35m:37  [0;39m New row inserted into employee_position
[2025-04-16 23:44:29] [34mINFO[0;39m [36mliquibase.changelog                     [0;39m [35m:37  [0;39m ChangeSet db/changelog/logs/ch-insert-into-employee-position-Korzh.xml::Korzh-3::Korzh Nikita ran successfully in 6ms
[2025-04-16 23:44:29] [34mINFO[0;39m [36mliquibase.ui                            [0;39m [35m:37  [0;39m Running Changeset: db/changelog/logs/ch-insert-into-receiving-stations-Makitra.xml::Makitra-17::Makitra Vadym
[2025-04-16 23:44:29] [34mINFO[0;39m [36mliquibase.changelog                     [0;39m [35m:37  [0;39m New row inserted into receiving_stations
[2025-04-16 23:44:29] [34mINFO[0;39m [36mliquibase.changelog                     [0;39m [35m:37  [0;39m ChangeSet db/changelog/logs/ch-insert-into-receiving-stations-Makitra.xml::Makitra-17::Makitra Vadym ran successfully in 2ms
[2025-04-16 23:44:29] [34mINFO[0;39m [36mliquibase.ui                            [0;39m [35m:37  [0;39m Running Changeset: db/changelog/logs/ch-insert-into-regions-Fedorko.xml::ch-insert-all-regions::Fedorko Yurii
[2025-04-16 23:44:29] [34mINFO[0;39m [36mliquibase.changelog                     [0;39m [35m:37  [0;39m Data updated in regions
[2025-04-16 23:44:29] [34mINFO[0;39m [36mliquibase.changelog                     [0;39m [35m:37  [0;39m Data updated in locations
[2025-04-16 23:44:29] [34mINFO[0;39m [36mliquibase.changelog                     [0;39m [35m:37  [0;39m Data updated in locations
[2025-04-16 23:44:29] [34mINFO[0;39m [36mliquibase.changelog                     [0;39m [35m:37  [0;39m New row inserted into tariffs_info
[2025-04-16 23:44:29] [34mINFO[0;39m [36mliquibase.changelog                     [0;39m [35m:37  [0;39m New row inserted into tariffs_info
[2025-04-16 23:44:29] [34mINFO[0;39m [36mliquibase.changelog                     [0;39m [35m:37  [0;39m New row inserted into tariffs_info_locations_mapping
[2025-04-16 23:44:29] [34mINFO[0;39m [36mliquibase.changelog                     [0;39m [35m:37  [0;39m New row inserted into tariffs_info_locations_mapping
[2025-04-16 23:44:29] [34mINFO[0;39m [36mliquibase.changelog                     [0;39m [35m:37  [0;39m New row inserted into tariffs_info_receiving_stations_mapping
[2025-04-16 23:44:29] [34mINFO[0;39m [36mliquibase.changelog                     [0;39m [35m:37  [0;39m New row inserted into tariffs_info_receiving_stations_mapping
[2025-04-16 23:44:29] [34mINFO[0;39m [36mliquibase.changelog                     [0;39m [35m:37  [0;39m New row inserted into tariff_infos_receiving_employee_mapping
[2025-04-16 23:44:29] [34mINFO[0;39m [36mliquibase.changelog                     [0;39m [35m:37  [0;39m New row inserted into tariff_infos_receiving_employee_mapping
[2025-04-16 23:44:29] [34mINFO[0;39m [36mliquibase.changelog                     [0;39m [35m:37  [0;39m ChangeSet db/changelog/logs/ch-insert-into-regions-Fedorko.xml::ch-insert-all-regions::Fedorko Yurii ran successfully in 14ms
[2025-04-16 23:44:29] [34mINFO[0;39m [36mliquibase.ui                            [0;39m [35m:37  [0;39m Running Changeset: db/changelog/logs/ch-insert-info-bags-tariffs_info-Korzh.xml::Korzh-7::Korzh Nikita
[2025-04-16 23:44:29] [34mINFO[0;39m [36mliquibase.changelog                     [0;39m [35m:37  [0;39m New row inserted into bag_translations
[2025-04-16 23:44:29] [34mINFO[0;39m [36mliquibase.changelog                     [0;39m [35m:37  [0;39m New row inserted into bag_translations
[2025-04-16 23:44:29] [34mINFO[0;39m [36mliquibase.changelog                     [0;39m [35m:37  [0;39m New row inserted into bag_translations
[2025-04-16 23:44:29] [34mINFO[0;39m [36mliquibase.changelog                     [0;39m [35m:37  [0;39m Data updated in bag
[2025-04-16 23:44:29] [34mINFO[0;39m [36mliquibase.changelog                     [0;39m [35m:37  [0;39m Data updated in bag
[2025-04-16 23:44:29] [34mINFO[0;39m [36mliquibase.changelog                     [0;39m [35m:37  [0;39m Data updated in bag
[2025-04-16 23:44:29] [34mINFO[0;39m [36mliquibase.changelog                     [0;39m [35m:37  [0;39m Data updated in bag
[2025-04-16 23:44:29] [34mINFO[0;39m [36mliquibase.changelog                     [0;39m [35m:37  [0;39m Data updated in bag
[2025-04-16 23:44:29] [34mINFO[0;39m [36mliquibase.changelog                     [0;39m [35m:37  [0;39m Data updated in bag
[2025-04-16 23:44:29] [34mINFO[0;39m [36mliquibase.changelog                     [0;39m [35m:37  [0;39m ChangeSet db/changelog/logs/ch-insert-info-bags-tariffs_info-Korzh.xml::Korzh-7::Korzh Nikita ran successfully in 6ms
[2025-04-16 23:44:29] [34mINFO[0;39m [36mliquibase.ui                            [0;39m [35m:37  [0;39m Running Changeset: db/changelog/logs/ch-update-courier-created-by-id-Korzh.xml::Korzh-5::Korzh Nikita
[2025-04-16 23:44:29] [34mINFO[0;39m [36mliquibase.changelog                     [0;39m [35m:37  [0;39m Data updated in courier
[2025-04-16 23:44:29] [34mINFO[0;39m [36mliquibase.changelog                     [0;39m [35m:37  [0;39m ChangeSet db/changelog/logs/ch-update-courier-created-by-id-Korzh.xml::Korzh-5::Korzh Nikita ran successfully in 1ms
[2025-04-16 23:44:29] [34mINFO[0;39m [36mliquibase.ui                            [0;39m [35m:37  [0;39m Running Changeset: db/changelog/logs/ch-add-constraint-payment-settlement_date-Yezenitskyi.xml::Yezenitskyi-3::Andrii Yezenitskyi
[2025-04-16 23:44:29] [31mWARN[0;39m [36mliquibase.executor                      [0;39m [35m:37  [0;39m constraint "settlement_date_is_right_format_or_null" of relation "payment" does not exist, skipping
[2025-04-16 23:44:29] [34mINFO[0;39m [36mliquibase.changelog                     [0;39m [35m:37  [0;39m Custom SQL executed
[2025-04-16 23:44:29] [34mINFO[0;39m [36mliquibase.changelog                     [0;39m [35m:37  [0;39m ChangeSet db/changelog/logs/ch-add-constraint-payment-settlement_date-Yezenitskyi.xml::Yezenitskyi-3::Andrii Yezenitskyi ran successfully in 3ms
[2025-04-16 23:44:29] [34mINFO[0;39m [36mliquibase.ui                            [0;39m [35m:37  [0;39m Running Changeset: db/changelog/logs/ch-add-column-alternate_email-to-ubs_user-to-users-Hlazova.xml::Hlazova-1::Hlazova Nataliia
[2025-04-16 23:44:29] [34mINFO[0;39m [36mliquibase.changelog                     [0;39m [35m:37  [0;39m Columns alternate_email(varchar(170)) added to users
[2025-04-16 23:44:29] [34mINFO[0;39m [36mliquibase.changelog                     [0;39m [35m:37  [0;39m ChangeSet db/changelog/logs/ch-add-column-alternate_email-to-ubs_user-to-users-Hlazova.xml::Hlazova-1::Hlazova Nataliia ran successfully in 1ms
[2025-04-16 23:44:29] [34mINFO[0;39m [36mliquibase.ui                            [0;39m [35m:37  [0;39m Running Changeset: db/changelog/logs/ch-add-column-alternate_email-to-ubs_user-to-users-Hlazova.xml::Hlazova-2::Hlazova Nataliia
[2025-04-16 23:44:29] [34mINFO[0;39m [36mliquibase.changelog                     [0;39m [35m:37  [0;39m Columns alternate_email(varchar(50)) added to ubs_user
[2025-04-16 23:44:29] [34mINFO[0;39m [36mliquibase.changelog                     [0;39m [35m:37  [0;39m ChangeSet db/changelog/logs/ch-add-column-alternate_email-to-ubs_user-to-users-Hlazova.xml::Hlazova-2::Hlazova Nataliia ran successfully in 1ms
[2025-04-16 23:44:29] [34mINFO[0;39m [36mliquibase.ui                            [0;39m [35m:37  [0;39m Running Changeset: db/changelog/logs/ch-add-table-tariffs-locations-Fedorko.xml::ch-add-table-tariffs_locations-Fedorko::Fedorko Yurii
[2025-04-16 23:44:29] [34mINFO[0;39m [36mliquibase.changelog                     [0;39m [35m:37  [0;39m Table tariffs_info_locations_mapping dropped
[2025-04-16 23:44:29] [34mINFO[0;39m [36mliquibase.changelog                     [0;39m [35m:37  [0;39m Table tariffs_locations created
[2025-04-16 23:44:29] [34mINFO[0;39m [36mliquibase.changelog                     [0;39m [35m:37  [0;39m Primary key added to tariffs_locations (id)
[2025-04-16 23:44:29] [34mINFO[0;39m [36mliquibase.changelog                     [0;39m [35m:37  [0;39m Unique constraint added to tariffs_locations(tariffs_info_id, location_id)
[2025-04-16 23:44:29] [34mINFO[0;39m [36mliquibase.changelog                     [0;39m [35m:37  [0;39m Foreign key constraint added to tariffs_locations (tariffs_info_id)
[2025-04-16 23:44:29] [34mINFO[0;39m [36mliquibase.changelog                     [0;39m [35m:37  [0;39m Foreign key constraint added to tariffs_locations (location_id)
[2025-04-16 23:44:29] [34mINFO[0;39m [36mliquibase.changelog                     [0;39m [35m:37  [0;39m ChangeSet db/changelog/logs/ch-add-table-tariffs-locations-Fedorko.xml::ch-add-table-tariffs_locations-Fedorko::Fedorko Yurii ran successfully in 15ms
[2025-04-16 23:44:29] [34mINFO[0;39m [36mliquibase.ui                            [0;39m [35m:37  [0;39m Running Changeset: db/changelog/logs/ch-add-table-tariffs-locations-Fedorko.xml::ch-insert-table-tariffs_locations-Fedorko::Fedorko Yurii
[2025-04-16 23:44:29] [34mINFO[0;39m [36mliquibase.changelog                     [0;39m [35m:37  [0;39m New row inserted into tariffs_locations
[2025-04-16 23:44:29] [34mINFO[0;39m [36mliquibase.changelog                     [0;39m [35m:37  [0;39m New row inserted into tariffs_locations
[2025-04-16 23:44:29] [34mINFO[0;39m [36mliquibase.changelog                     [0;39m [35m:37  [0;39m ChangeSet db/changelog/logs/ch-add-table-tariffs-locations-Fedorko.xml::ch-insert-table-tariffs_locations-Fedorko::Fedorko Yurii ran successfully in 4ms
[2025-04-16 23:44:29] [34mINFO[0;39m [36mliquibase.ui                            [0;39m [35m:37  [0;39m Running Changeset: db/changelog/logs/ch-update-order_status_translation-Hlazova.xml::Hlazova-3::Hlazova Nataliia
[2025-04-16 23:44:29] [34mINFO[0;39m [36mliquibase.changelog                     [0;39m [35m:37  [0;39m Data updated in order_status_translations
[2025-04-16 23:44:29] [34mINFO[0;39m [36mliquibase.changelog                     [0;39m [35m:37  [0;39m ChangeSet db/changelog/logs/ch-update-order_status_translation-Hlazova.xml::Hlazova-3::Hlazova Nataliia ran successfully in 1ms
[2025-04-16 23:44:29] [34mINFO[0;39m [36mliquibase.ui                            [0;39m [35m:37  [0;39m Running Changeset: db/changelog/logs/ch-update-into-notification-templates-Postolovskyi.xml::Oleg-1::Postolovskyi
[2025-04-16 23:44:29] [34mINFO[0;39m [36mliquibase.changelog                     [0;39m [35m:37  [0;39m Data updated in notification_templates
[2025-04-16 23:44:29] [34mINFO[0;39m [36mliquibase.changelog                     [0;39m [35m:37  [0;39m Data updated in notification_templates
[2025-04-16 23:44:29] [34mINFO[0;39m [36mliquibase.changelog                     [0;39m [35m:37  [0;39m Data updated in notification_templates
[2025-04-16 23:44:29] [34mINFO[0;39m [36mliquibase.changelog                     [0;39m [35m:37  [0;39m Data updated in notification_templates
[2025-04-16 23:44:29] [34mINFO[0;39m [36mliquibase.changelog                     [0;39m [35m:37  [0;39m ChangeSet db/changelog/logs/ch-update-into-notification-templates-Postolovskyi.xml::Oleg-1::Postolovskyi ran successfully in 3ms
[2025-04-16 23:44:29] [34mINFO[0;39m [36mliquibase.ui                            [0;39m [35m:37  [0;39m Running Changeset: db/changelog/logs/ch-add-column-certificate-initial_points_value-Postolovskyi.xml::Oleg-2::Postolovskyi
[2025-04-16 23:44:29] [34mINFO[0;39m [36mliquibase.changelog                     [0;39m [35m:37  [0;39m Columns initial_points_value(integer) added to certificate
[2025-04-16 23:44:29] [34mINFO[0;39m [36mliquibase.changelog                     [0;39m [35m:37  [0;39m ChangeSet db/changelog/logs/ch-add-column-certificate-initial_points_value-Postolovskyi.xml::Oleg-2::Postolovskyi ran successfully in 1ms
[2025-04-16 23:44:29] [34mINFO[0;39m [36mliquibase.ui                            [0;39m [35m:37  [0;39m Running Changeset: db/changelog/logs/ch-add-big_order_table-view-Oleg-Postolovskyi.xml::Oleg-3::Postolovskyi
[2025-04-16 23:44:29] [34mINFO[0;39m [36mliquibase.changelog                     [0;39m [35m:37  [0;39m View big_order_table created
[2025-04-16 23:44:29] [34mINFO[0;39m [36mliquibase.changelog                     [0;39m [35m:37  [0;39m ChangeSet db/changelog/logs/ch-add-big_order_table-view-Oleg-Postolovskyi.xml::Oleg-3::Postolovskyi ran successfully in 19ms
[2025-04-16 23:44:29] [34mINFO[0;39m [36mliquibase.ui                            [0;39m [35m:37  [0;39m Running Changeset: db/changelog/logs/ch-update_big_order_table-view-Hlazova.xml::Hlazova-4::Hlazova Nataliia
[2025-04-16 23:44:29] [34mINFO[0;39m [36mliquibase.changelog                     [0;39m [35m:37  [0;39m View big_order_table created
[2025-04-16 23:44:29] [34mINFO[0;39m [36mliquibase.changelog                     [0;39m [35m:37  [0;39m ChangeSet db/changelog/logs/ch-update_big_order_table-view-Hlazova.xml::Hlazova-4::Hlazova Nataliia ran successfully in 26ms
[2025-04-16 23:44:29] [34mINFO[0;39m [36mliquibase.ui                            [0;39m [35m:37  [0;39m Running Changeset: db/changelog/logs/ch-update-into-notification-templates-Hlazova.xml::Hlazova-6::Hlazova Nataliia
[2025-04-16 23:44:29] [34mINFO[0;39m [36mliquibase.changelog                     [0;39m [35m:37  [0;39m Data updated in notification_templates
[2025-04-16 23:44:29] [34mINFO[0;39m [36mliquibase.changelog                     [0;39m [35m:37  [0;39m Data updated in notification_templates
[2025-04-16 23:44:29] [34mINFO[0;39m [36mliquibase.changelog                     [0;39m [35m:37  [0;39m ChangeSet db/changelog/logs/ch-update-into-notification-templates-Hlazova.xml::Hlazova-6::Hlazova Nataliia ran successfully in 1ms
[2025-04-16 23:44:29] [34mINFO[0;39m [36mliquibase.ui                            [0;39m [35m:37  [0;39m Running Changeset: db/changelog/logs/ch-update_big_order_table-view-Hlazova-2.xml::Hlazova-7::Hlazova Nataliia
[2025-04-16 23:44:29] [34mINFO[0;39m [36mliquibase.changelog                     [0;39m [35m:37  [0;39m View big_order_table created
[2025-04-16 23:44:29] [34mINFO[0;39m [36mliquibase.changelog                     [0;39m [35m:37  [0;39m ChangeSet db/changelog/logs/ch-update_big_order_table-view-Hlazova-2.xml::Hlazova-7::Hlazova Nataliia ran successfully in 17ms
[2025-04-16 23:44:29] [34mINFO[0;39m [36mliquibase.ui                            [0;39m [35m:37  [0;39m Running Changeset: db/changelog/logs/ch-insert-into-order-status-translations-Yashna.xml::Yashna-1::Yashna Inna
[2025-04-16 23:44:29] [34mINFO[0;39m [36mliquibase.changelog                     [0;39m [35m:37  [0;39m New row inserted into order_status_translations
[2025-04-16 23:44:29] [34mINFO[0;39m [36mliquibase.changelog                     [0;39m [35m:37  [0;39m ChangeSet db/changelog/logs/ch-insert-into-order-status-translations-Yashna.xml::Yashna-1::Yashna Inna ran successfully in 1ms
[2025-04-16 23:44:29] [34mINFO[0;39m [36mliquibase.ui                            [0;39m [35m:37  [0;39m Running Changeset: db/changelog/logs/ch-drop-column-language_id-in-courier_and_service_translations-Hlazova.xml::Hlazova-8::Hlazova Nataliia
[2025-04-16 23:44:29] [34mINFO[0;39m [36mliquibase.changelog                     [0;39m [35m:37  [0;39m Columns language_id dropped from service_translations
[2025-04-16 23:44:29] [34mINFO[0;39m [36mliquibase.changelog                     [0;39m [35m:37  [0;39m Columns name_eng(VARCHAR(60)) added to service_translations
[2025-04-16 23:44:29] [34mINFO[0;39m [36mliquibase.changelog                     [0;39m [35m:37  [0;39m Columns language_id dropped from courier_translations
[2025-04-16 23:44:29] [34mINFO[0;39m [36mliquibase.changelog                     [0;39m [35m:37  [0;39m Columns name_eng(VARCHAR(60)) added to courier_translations
[2025-04-16 23:44:29] [34mINFO[0;39m [36mliquibase.changelog                     [0;39m [35m:37  [0;39m Data updated in courier_translations
[2025-04-16 23:44:29] [34mINFO[0;39m [36mliquibase.changelog                     [0;39m [35m:37  [0;39m Data updated in courier_translations
[2025-04-16 23:44:29] [34mINFO[0;39m [36mliquibase.changelog                     [0;39m [35m:37  [0;39m Data deleted from courier_translations
[2025-04-16 23:44:29] [34mINFO[0;39m [36mliquibase.changelog                     [0;39m [35m:37  [0;39m ChangeSet db/changelog/logs/ch-drop-column-language_id-in-courier_and_service_translations-Hlazova.xml::Hlazova-8::Hlazova Nataliia ran successfully in 6ms
[2025-04-16 23:44:29] [34mINFO[0;39m [36mliquibase.ui                            [0;39m [35m:37  [0;39m Running Changeset: db/changelog/logs/ch-drop-column-language_id-in-notification_templates-Hlazova.xml::Hlazova-9::Hlazova Nataliia
[2025-04-16 23:44:29] [31mWARN[0;39m [36mliquibase.executor                      [0;39m [35m:37  [0;39m drop cascades to constraint fk_language_id on table notification_templates
[2025-04-16 23:44:29] [34mINFO[0;39m [36mliquibase.changelog                     [0;39m [35m:37  [0;39m Table languages dropped
[2025-04-16 23:44:29] [34mINFO[0;39m [36mliquibase.changelog                     [0;39m [35m:37  [0;39m Columns language_id dropped from notification_templates
[2025-04-16 23:44:29] [34mINFO[0;39m [36mliquibase.changelog                     [0;39m [35m:37  [0;39m Columns language_code(VARCHAR(10)) added to notification_templates
[2025-04-16 23:44:29] [34mINFO[0;39m [36mliquibase.changelog                     [0;39m [35m:37  [0;39m Data updated in notification_templates
[2025-04-16 23:44:29] [34mINFO[0;39m [36mliquibase.changelog                     [0;39m [35m:37  [0;39m Data updated in notification_templates
[2025-04-16 23:44:29] [34mINFO[0;39m [36mliquibase.changelog                     [0;39m [35m:37  [0;39m Data updated in notification_templates
[2025-04-16 23:44:29] [34mINFO[0;39m [36mliquibase.changelog                     [0;39m [35m:37  [0;39m Data updated in notification_templates
[2025-04-16 23:44:29] [34mINFO[0;39m [36mliquibase.changelog                     [0;39m [35m:37  [0;39m Data updated in notification_templates
[2025-04-16 23:44:29] [34mINFO[0;39m [36mliquibase.changelog                     [0;39m [35m:37  [0;39m Data updated in notification_templates
[2025-04-16 23:44:29] [34mINFO[0;39m [36mliquibase.changelog                     [0;39m [35m:37  [0;39m Data updated in notification_templates
[2025-04-16 23:44:29] [34mINFO[0;39m [36mliquibase.changelog                     [0;39m [35m:37  [0;39m Data updated in notification_templates
[2025-04-16 23:44:29] [34mINFO[0;39m [36mliquibase.changelog                     [0;39m [35m:37  [0;39m Data updated in notification_templates
[2025-04-16 23:44:29] [34mINFO[0;39m [36mliquibase.changelog                     [0;39m [35m:37  [0;39m Data updated in notification_templates
[2025-04-16 23:44:29] [34mINFO[0;39m [36mliquibase.changelog                     [0;39m [35m:37  [0;39m Data updated in notification_templates
[2025-04-16 23:44:29] [34mINFO[0;39m [36mliquibase.changelog                     [0;39m [35m:37  [0;39m Data updated in notification_templates
[2025-04-16 23:44:29] [34mINFO[0;39m [36mliquibase.changelog                     [0;39m [35m:37  [0;39m Data updated in notification_templates
[2025-04-16 23:44:29] [34mINFO[0;39m [36mliquibase.changelog                     [0;39m [35m:37  [0;39m Data updated in notification_templates
[2025-04-16 23:44:29] [34mINFO[0;39m [36mliquibase.changelog                     [0;39m [35m:37  [0;39m Data updated in notification_templates
[2025-04-16 23:44:29] [34mINFO[0;39m [36mliquibase.changelog                     [0;39m [35m:37  [0;39m Data updated in notification_templates
[2025-04-16 23:44:29] [34mINFO[0;39m [36mliquibase.changelog                     [0;39m [35m:37  [0;39m Data updated in notification_templates
[2025-04-16 23:44:29] [34mINFO[0;39m [36mliquibase.changelog                     [0;39m [35m:37  [0;39m Data updated in notification_templates
[2025-04-16 23:44:29] [34mINFO[0;39m [36mliquibase.changelog                     [0;39m [35m:37  [0;39m Data updated in notification_templates
[2025-04-16 23:44:29] [34mINFO[0;39m [36mliquibase.changelog                     [0;39m [35m:37  [0;39m Data updated in notification_templates
[2025-04-16 23:44:29] [34mINFO[0;39m [36mliquibase.changelog                     [0;39m [35m:37  [0;39m Data updated in notification_templates
[2025-04-16 23:44:29] [34mINFO[0;39m [36mliquibase.changelog                     [0;39m [35m:37  [0;39m Data updated in notification_templates
[2025-04-16 23:44:29] [34mINFO[0;39m [36mliquibase.changelog                     [0;39m [35m:37  [0;39m Data updated in notification_templates
[2025-04-16 23:44:29] [34mINFO[0;39m [36mliquibase.changelog                     [0;39m [35m:37  [0;39m Data updated in notification_templates
[2025-04-16 23:44:29] [34mINFO[0;39m [36mliquibase.changelog                     [0;39m [35m:37  [0;39m Data updated in notification_templates
[2025-04-16 23:44:29] [34mINFO[0;39m [36mliquibase.changelog                     [0;39m [35m:37  [0;39m Data updated in notification_templates
[2025-04-16 23:44:29] [34mINFO[0;39m [36mliquibase.changelog                     [0;39m [35m:37  [0;39m Data updated in notification_templates
[2025-04-16 23:44:29] [34mINFO[0;39m [36mliquibase.changelog                     [0;39m [35m:37  [0;39m Data updated in notification_templates
[2025-04-16 23:44:29] [34mINFO[0;39m [36mliquibase.changelog                     [0;39m [35m:37  [0;39m Data updated in notification_templates
[2025-04-16 23:44:29] [34mINFO[0;39m [36mliquibase.changelog                     [0;39m [35m:37  [0;39m Data updated in notification_templates
[2025-04-16 23:44:29] [34mINFO[0;39m [36mliquibase.changelog                     [0;39m [35m:37  [0;39m Data updated in notification_templates
[2025-04-16 23:44:29] [34mINFO[0;39m [36mliquibase.changelog                     [0;39m [35m:37  [0;39m Data updated in notification_templates
[2025-04-16 23:44:29] [34mINFO[0;39m [36mliquibase.changelog                     [0;39m [35m:37  [0;39m ChangeSet db/changelog/logs/ch-drop-column-language_id-in-notification_templates-Hlazova.xml::Hlazova-9::Hlazova Nataliia ran successfully in 19ms
[2025-04-16 23:44:29] [34mINFO[0;39m [36mliquibase.ui                            [0;39m [35m:37  [0;39m Running Changeset: db/changelog/logs/ch-add-column-description_eng-Safarov.xml::Safarov-1::Safarov Renat
[2025-04-16 23:44:29] [34mINFO[0;39m [36mliquibase.changelog                     [0;39m [35m:37  [0;39m Columns description_eng(varchar) added to service_translations
[2025-04-16 23:44:29] [34mINFO[0;39m [36mliquibase.changelog                     [0;39m [35m:37  [0;39m ChangeSet db/changelog/logs/ch-add-column-description_eng-Safarov.xml::Safarov-1::Safarov Renat ran successfully in 1ms
[2025-04-16 23:44:29] [34mINFO[0;39m [36mliquibase.ui                            [0;39m [35m:37  [0;39m Running Changeset: db/changelog/logs/ch-add-column-description_eng-into-bag_translations-table-Safarov.xml::Safarov-2::Safarov Renat
[2025-04-16 23:44:29] [34mINFO[0;39m [36mliquibase.changelog                     [0;39m [35m:37  [0;39m Columns description_eng(varchar) added to bag_translations
[2025-04-16 23:44:29] [34mINFO[0;39m [36mliquibase.changelog                     [0;39m [35m:37  [0;39m ChangeSet db/changelog/logs/ch-add-column-description_eng-into-bag_translations-table-Safarov.xml::Safarov-2::Safarov Renat ran successfully in 2ms
[2025-04-16 23:44:29] [34mINFO[0;39m [36mliquibase.ui                            [0;39m [35m:37  [0;39m Running Changeset: db/changelog/logs/ch-row-migration-bag-translation-to-bag.xml::Jose-3::José Castellanos
[2025-04-16 23:44:29] [34mINFO[0;39m [36mliquibase.changelog                     [0;39m [35m:37  [0;39m Columns name(varchar(60)),description(text),name_eng(varchar(60)),description_eng(text) added to bag
[2025-04-16 23:44:29] [34mINFO[0;39m [36mliquibase.changelog                     [0;39m [35m:37  [0;39m ChangeSet db/changelog/logs/ch-row-migration-bag-translation-to-bag.xml::Jose-3::José Castellanos ran successfully in 2ms
[2025-04-16 23:44:29] [34mINFO[0;39m [36mliquibase.ui                            [0;39m [35m:37  [0;39m Running Changeset: db/changelog/logs/ch-row-migration-bag-translation-to-bag.xml::Jose-4::José Castellanos
[2025-04-16 23:44:29] [34mINFO[0;39m [36mliquibase.changelog                     [0;39m [35m:37  [0;39m Custom SQL executed
[2025-04-16 23:44:29] [34mINFO[0;39m [36mliquibase.changelog                     [0;39m [35m:37  [0;39m ChangeSet db/changelog/logs/ch-row-migration-bag-translation-to-bag.xml::Jose-4::José Castellanos ran successfully in 3ms
[2025-04-16 23:44:29] [34mINFO[0;39m [36mliquibase.ui                            [0;39m [35m:37  [0;39m Running Changeset: db/changelog/logs/ch-drop-bag-translations-table.xml::Jose-5::José Castellanos
[2025-04-16 23:44:29] [34mINFO[0;39m [36mliquibase.changelog                     [0;39m [35m:37  [0;39m Table bag_translations dropped
[2025-04-16 23:44:29] [34mINFO[0;39m [36mliquibase.changelog                     [0;39m [35m:37  [0;39m ChangeSet db/changelog/logs/ch-drop-bag-translations-table.xml::Jose-5::José Castellanos ran successfully in 4ms
[2025-04-16 23:44:29] [34mINFO[0;39m [36mliquibase.ui                            [0;39m [35m:37  [0;39m Running Changeset: db/changelog/logs/ch-add-column-limit-included-to-bag.xml::Jose-06::José Castellanos
[2025-04-16 23:44:29] [34mINFO[0;39m [36mliquibase.changelog                     [0;39m [35m:37  [0;39m Columns limit_included(boolean) added to bag
[2025-04-16 23:44:29] [34mINFO[0;39m [36mliquibase.changelog                     [0;39m [35m:37  [0;39m ChangeSet db/changelog/logs/ch-add-column-limit-included-to-bag.xml::Jose-06::José Castellanos ran successfully in 2ms
[2025-04-16 23:44:29] [34mINFO[0;39m [36mliquibase.ui                            [0;39m [35m:37  [0;39m Running Changeset: db/changelog/logs/сh-add-columns-name-nameUk-nameEng-limit-to-courier-Korzh.xml::Korzh-8::Korzh Nikita
[2025-04-16 23:44:29] [34mINFO[0;39m [36mliquibase.changelog                     [0;39m [35m:37  [0;39m Columns name_uk(varchar),name_en(varchar) added to courier
[2025-04-16 23:44:29] [34mINFO[0;39m [36mliquibase.changelog                     [0;39m [35m:37  [0;39m ChangeSet db/changelog/logs/сh-add-columns-name-nameUk-nameEng-limit-to-courier-Korzh.xml::Korzh-8::Korzh Nikita ran successfully in 1ms
[2025-04-16 23:44:29] [34mINFO[0;39m [36mliquibase.ui                            [0;39m [35m:37  [0;39m Running Changeset: db/changelog/logs/ch-update-into-courier-Korzh.xml::Korzh-9::Korzh Nikita
[2025-04-16 23:44:29] [34mINFO[0;39m [36mliquibase.changelog                     [0;39m [35m:37  [0;39m Data updated in courier
[2025-04-16 23:44:29] [34mINFO[0;39m [36mliquibase.changelog                     [0;39m [35m:37  [0;39m ChangeSet db/changelog/logs/ch-update-into-courier-Korzh.xml::Korzh-9::Korzh Nikita ran successfully in 2ms
[2025-04-16 23:44:29] [34mINFO[0;39m [36mliquibase.ui                            [0;39m [35m:37  [0;39m Running Changeset: db/changelog/logs/ch-drop-table-courier-translation-Korzh.xml::Korzh-10::Nikita Korzh
[2025-04-16 23:44:29] [34mINFO[0;39m [36mliquibase.changelog                     [0;39m [35m:37  [0;39m Table courier_translations dropped
[2025-04-16 23:44:29] [34mINFO[0;39m [36mliquibase.changelog                     [0;39m [35m:37  [0;39m ChangeSet db/changelog/logs/ch-drop-table-courier-translation-Korzh.xml::Korzh-10::Nikita Korzh ran successfully in 4ms
[2025-04-16 23:44:29] [34mINFO[0;39m [36mliquibase.ui                            [0;39m [35m:37  [0;39m Running Changeset: db/changelog/logs/ch-add-column-limit-description-to-tariffs-info-Korzh.xml::Korzh-11::Korzh Nikita
[2025-04-16 23:44:29] [34mINFO[0;39m [36mliquibase.changelog                     [0;39m [35m:37  [0;39m Columns limit_description(varchar) added to tariffs_info
[2025-04-16 23:44:29] [34mINFO[0;39m [36mliquibase.changelog                     [0;39m [35m:37  [0;39m ChangeSet db/changelog/logs/ch-add-column-limit-description-to-tariffs-info-Korzh.xml::Korzh-11::Korzh Nikita ran successfully in 3ms
[2025-04-16 23:44:29] [34mINFO[0;39m [36mliquibase.ui                            [0;39m [35m:37  [0;39m Running Changeset: db/changelog/logs/ch-modify-employee-table-Korzh.xml::Korzh-12::Nikita Korzh
[2025-04-16 23:44:29] [34mINFO[0;39m [36mliquibase.changelog                     [0;39m [35m:37  [0;39m Unique constraint employees_phone_number_key dropped from employees
[2025-04-16 23:44:29] [34mINFO[0;39m [36mliquibase.changelog                     [0;39m [35m:37  [0;39m ChangeSet db/changelog/logs/ch-modify-employee-table-Korzh.xml::Korzh-12::Nikita Korzh ran successfully in 2ms
[2025-04-16 23:44:29] [34mINFO[0;39m [36mliquibase.ui                            [0;39m [35m:37  [0;39m Running Changeset: db/changelog/logs/ch-update_big_order_table-view-Safarov.xml::Safarov-5::Safarov Renat
[2025-04-16 23:44:29] [34mINFO[0;39m [36mliquibase.changelog                     [0;39m [35m:37  [0;39m View big_order_table created
[2025-04-16 23:44:29] [34mINFO[0;39m [36mliquibase.changelog                     [0;39m [35m:37  [0;39m ChangeSet db/changelog/logs/ch-update_big_order_table-view-Safarov.xml::Safarov-5::Safarov Renat ran successfully in 19ms
[2025-04-16 23:44:29] [34mINFO[0;39m [36mliquibase.ui                            [0;39m [35m:37  [0;39m Running Changeset: db/changelog/logs/ch-drop-column_address_id-in-ubs_user-Safarov.xml::Safarov-6::Safarov Renat
[2025-04-16 23:44:29] [34mINFO[0;39m [36mliquibase.changelog                     [0;39m [35m:37  [0;39m Columns address_id dropped from ubs_user
[2025-04-16 23:44:29] [34mINFO[0;39m [36mliquibase.changelog                     [0;39m [35m:37  [0;39m ChangeSet db/changelog/logs/ch-drop-column_address_id-in-ubs_user-Safarov.xml::Safarov-6::Safarov Renat ran successfully in 1ms
[2025-04-16 23:44:29] [34mINFO[0;39m [36mliquibase.ui                            [0;39m [35m:37  [0;39m Running Changeset: db/changelog/logs/сh-add-column-min-max-delete-min-max-amount-and-price-again.xml::Jose-10::José Castellanos
[2025-04-16 23:44:29] [34mINFO[0;39m [36mliquibase.changelog                     [0;39m [35m:37  [0;39m Columns min(int8),max(int8) added to tariffs_info
[2025-04-16 23:44:29] [34mINFO[0;39m [36mliquibase.changelog                     [0;39m [35m:37  [0;39m ChangeSet db/changelog/logs/сh-add-column-min-max-delete-min-max-amount-and-price-again.xml::Jose-10::José Castellanos ran successfully in 2ms
[2025-04-16 23:44:29] [34mINFO[0;39m [36mliquibase.ui                            [0;39m [35m:37  [0;39m Running Changeset: db/changelog/logs/сh-add-column-min-max-delete-min-max-amount-and-price-again.xml::Jose-11::José Castellanos
[2025-04-16 23:44:29] [34mINFO[0;39m [36mliquibase.changelog                     [0;39m [35m:37  [0;39m Columns min_amount_of_big_bags,max_amount_of_big_bags,min_price_of_order,max_price_of_order dropped from tariffs_info
[2025-04-16 23:44:29] [34mINFO[0;39m [36mliquibase.changelog                     [0;39m [35m:37  [0;39m ChangeSet db/changelog/logs/сh-add-column-min-max-delete-min-max-amount-and-price-again.xml::Jose-11::José Castellanos ran successfully in 2ms
[2025-04-16 23:44:29] [34mINFO[0;39m [36mliquibase.ui                            [0;39m [35m:37  [0;39m Running Changeset: db/changelog/logs/ch-alter-table-service-add-columns-service-translations-drop-columns-Seti.xml::Seti-1::Julia Seti
[2025-04-16 23:44:29] [34mINFO[0;39m [36mliquibase.changelog                     [0;39m [35m:37  [0;39m Columns name(VARCHAR(60)),description(VARCHAR),name_eng(VARCHAR(60)),description_eng(VARCHAR) added to service
[2025-04-16 23:44:29] [34mINFO[0;39m [36mliquibase.changelog                     [0;39m [35m:37  [0;39m Column service.base_price renamed to price
[2025-04-16 23:44:29] [34mINFO[0;39m [36mliquibase.changelog                     [0;39m [35m:37  [0;39m service.created_by datatype was changed to BIGINT
[2025-04-16 23:44:29] [34mINFO[0;39m [36mliquibase.changelog                     [0;39m [35m:37  [0;39m service.edited_by datatype was changed to BIGINT
[2025-04-16 23:44:29] [34mINFO[0;39m [36mliquibase.changelog                     [0;39m [35m:37  [0;39m Foreign key constraint added to service (created_by)
[2025-04-16 23:44:29] [34mINFO[0;39m [36mliquibase.changelog                     [0;39m [35m:37  [0;39m Foreign key constraint added to service (edited_by)
[2025-04-16 23:44:29] [34mINFO[0;39m [36mliquibase.changelog                     [0;39m [35m:37  [0;39m Columns capacity,full_price,commission,courier_id dropped from service
[2025-04-16 23:44:29] [34mINFO[0;39m [36mliquibase.changelog                     [0;39m [35m:37  [0;39m ChangeSet db/changelog/logs/ch-alter-table-service-add-columns-service-translations-drop-columns-Seti.xml::Seti-1::Julia Seti ran successfully in 21ms
[2025-04-16 23:44:29] [34mINFO[0;39m [36mliquibase.ui                            [0;39m [35m:37  [0;39m Running Changeset: db/changelog/logs/ch-drop-table-service-translations-Seti.xml::Seti-2::Julia Seti
[2025-04-16 23:44:29] [34mINFO[0;39m [36mliquibase.changelog                     [0;39m [35m:37  [0;39m Table service_translations dropped
[2025-04-16 23:44:29] [34mINFO[0;39m [36mliquibase.changelog                     [0;39m [35m:37  [0;39m ChangeSet db/changelog/logs/ch-drop-table-service-translations-Seti.xml::Seti-2::Julia Seti ran successfully in 4ms
[2025-04-16 23:44:29] [34mINFO[0;39m [36mliquibase.ui                            [0;39m [35m:37  [0;39m Running Changeset: db/changelog/logs/ch-change-columns-createdby-editedby-in-table-bag-Seti.xml::Seti-3::Julia Seti
[2025-04-16 23:44:29] [34mINFO[0;39m [36mliquibase.changelog                     [0;39m [35m:37  [0;39m Column bag.created_by renamed to created_by_id
[2025-04-16 23:44:29] [34mINFO[0;39m [36mliquibase.changelog                     [0;39m [35m:37  [0;39m Column bag.edited_by renamed to edited_by_id
[2025-04-16 23:44:29] [34mINFO[0;39m [36mliquibase.changelog                     [0;39m [35m:37  [0;39m bag.created_by_id datatype was changed to BIGINT
[2025-04-16 23:44:29] [34mINFO[0;39m [36mliquibase.changelog                     [0;39m [35m:37  [0;39m bag.edited_by_id datatype was changed to BIGINT
[2025-04-16 23:44:29] [34mINFO[0;39m [36mliquibase.changelog                     [0;39m [35m:37  [0;39m Foreign key constraint added to bag (created_by_id)
[2025-04-16 23:44:29] [34mINFO[0;39m [36mliquibase.changelog                     [0;39m [35m:37  [0;39m Foreign key constraint added to bag (edited_by_id)
[2025-04-16 23:44:29] [34mINFO[0;39m [36mliquibase.changelog                     [0;39m [35m:37  [0;39m ChangeSet db/changelog/logs/ch-change-columns-createdby-editedby-in-table-bag-Seti.xml::Seti-3::Julia Seti ran successfully in 16ms
[2025-04-16 23:44:29] [34mINFO[0;39m [36mliquibase.ui                            [0;39m [35m:37  [0;39m Running Changeset: db/changelog/logs/ch-update-bag-created-at-created-by-id-description-description-eng-Seti.xml::Seti-5::Julia Seti
[2025-04-16 23:44:29] [34mINFO[0;39m [36mliquibase.changelog                     [0;39m [35m:37  [0;39m Data updated in bag
[2025-04-16 23:44:29] [34mINFO[0;39m [36mliquibase.changelog                     [0;39m [35m:37  [0;39m Data updated in bag
[2025-04-16 23:44:29] [34mINFO[0;39m [36mliquibase.changelog                     [0;39m [35m:37  [0;39m Data updated in bag
[2025-04-16 23:44:29] [34mINFO[0;39m [36mliquibase.changelog                     [0;39m [35m:37  [0;39m Data updated in bag
[2025-04-16 23:44:29] [34mINFO[0;39m [36mliquibase.changelog                     [0;39m [35m:37  [0;39m Data updated in bag
[2025-04-16 23:44:29] [34mINFO[0;39m [36mliquibase.changelog                     [0;39m [35m:37  [0;39m Data updated in bag
[2025-04-16 23:44:29] [34mINFO[0;39m [36mliquibase.changelog                     [0;39m [35m:37  [0;39m ChangeSet db/changelog/logs/ch-update-bag-created-at-created-by-id-description-description-eng-Seti.xml::Seti-5::Julia Seti ran successfully in 5ms
[2025-04-16 23:44:29] [34mINFO[0;39m [36mliquibase.ui                            [0;39m [35m:37  [0;39m Running Changeset: db/changelog/logs/ch-drop-column-location-id-in-table-bag-Seti.xml::Seti-4::Julia Seti
[2025-04-16 23:44:29] [34mINFO[0;39m [36mliquibase.changelog                     [0;39m [35m:37  [0;39m Column bag.location_id dropped
[2025-04-16 23:44:29] [34mINFO[0;39m [36mliquibase.changelog                     [0;39m [35m:37  [0;39m ChangeSet db/changelog/logs/ch-drop-column-location-id-in-table-bag-Seti.xml::Seti-4::Julia Seti ran successfully in 1ms
[2025-04-16 23:44:29] [34mINFO[0;39m [36mliquibase.ui                            [0;39m [35m:37  [0;39m Running Changeset: db/changelog/logs/ch-update-tariffs-info-table-min-and-max-values-Bondar.xml::Anton-1::Bondar Anton
[2025-04-16 23:44:29] [34mINFO[0;39m [36mliquibase.changelog                     [0;39m [35m:37  [0;39m Data updated in tariffs_info
[2025-04-16 23:44:29] [34mINFO[0;39m [36mliquibase.changelog                     [0;39m [35m:37  [0;39m Data updated in tariffs_info
[2025-04-16 23:44:29] [34mINFO[0;39m [36mliquibase.changelog                     [0;39m [35m:37  [0;39m Data updated in tariffs_info
[2025-04-16 23:44:29] [34mINFO[0;39m [36mliquibase.changelog                     [0;39m [35m:37  [0;39m Data updated in tariffs_info
[2025-04-16 23:44:29] [34mINFO[0;39m [36mliquibase.changelog                     [0;39m [35m:37  [0;39m ChangeSet db/changelog/logs/ch-update-tariffs-info-table-min-and-max-values-Bondar.xml::Anton-1::Bondar Anton ran successfully in 3ms
[2025-04-16 23:44:29] [34mINFO[0;39m [36mliquibase.ui                            [0;39m [35m:37  [0;39m Running Changeset: db/changelog/logs/ch-update-bag-table-limit_included-value-Bondar.xml::Anton-2::Bondar Anton
[2025-04-16 23:44:29] [34mINFO[0;39m [36mliquibase.changelog                     [0;39m [35m:37  [0;39m Data updated in bag
[2025-04-16 23:44:29] [34mINFO[0;39m [36mliquibase.changelog                     [0;39m [35m:37  [0;39m Data updated in bag
[2025-04-16 23:44:29] [34mINFO[0;39m [36mliquibase.changelog                     [0;39m [35m:37  [0;39m ChangeSet db/changelog/logs/ch-update-bag-table-limit_included-value-Bondar.xml::Anton-2::Bondar Anton ran successfully in 2ms
[2025-04-16 23:44:29] [34mINFO[0;39m [36mliquibase.ui                            [0;39m [35m:37  [0;39m Running Changeset: db/changelog/logs/ch-drop-column-min-amount-of-bags-in-table-bag-Seti.xml::Seti-6::Julia Seti
[2025-04-16 23:44:29] [34mINFO[0;39m [36mliquibase.changelog                     [0;39m [35m:37  [0;39m Columns min_amount_of_bags dropped from bag
[2025-04-16 23:44:29] [34mINFO[0;39m [36mliquibase.changelog                     [0;39m [35m:37  [0;39m ChangeSet db/changelog/logs/ch-drop-column-min-amount-of-bags-in-table-bag-Seti.xml::Seti-6::Julia Seti ran successfully in 1ms
[2025-04-16 23:44:29] [34mINFO[0;39m [36mliquibase.ui                            [0;39m [35m:37  [0;39m Running Changeset: db/changelog/logs/ch-insert-info-into-table-service-Seti.xml::Seti-7::Julia Seti
[2025-04-16 23:44:29] [34mINFO[0;39m [36mliquibase.changelog                     [0;39m [35m:37  [0;39m New row inserted into service
[2025-04-16 23:44:29] [34mINFO[0;39m [36mliquibase.changelog                     [0;39m [35m:37  [0;39m New row inserted into service
[2025-04-16 23:44:29] [34mINFO[0;39m [36mliquibase.changelog                     [0;39m [35m:37  [0;39m ChangeSet db/changelog/logs/ch-insert-info-into-table-service-Seti.xml::Seti-7::Julia Seti ran successfully in 2ms
[2025-04-16 23:44:29] [34mINFO[0;39m [36mliquibase.ui                            [0;39m [35m:37  [0;39m Running Changeset: db/changelog/logs/ch-add-foreign-key-column-locationId-to-OrderAddress-table-Safarov.xml::Safarov-8::Safarov Renat
[2025-04-16 23:44:29] [34mINFO[0;39m [36mliquibase.changelog                     [0;39m [35m:37  [0;39m Columns location_id(BIGINT) added to order_address
[2025-04-16 23:44:29] [34mINFO[0;39m [36mliquibase.changelog                     [0;39m [35m:37  [0;39m Foreign key constraint added to order_address (location_id)
[2025-04-16 23:44:29] [34mINFO[0;39m [36mliquibase.changelog                     [0;39m [35m:37  [0;39m ChangeSet db/changelog/logs/ch-add-foreign-key-column-locationId-to-OrderAddress-table-Safarov.xml::Safarov-8::Safarov Renat ran successfully in 2ms
[2025-04-16 23:44:29] [34mINFO[0;39m [36mliquibase.ui                            [0;39m [35m:37  [0;39m Running Changeset: db/changelog/logs/ch-drop-column-receiving-station-Kharchenko.xml::Kharchenko-1::Volodymyr Kharchenko
[2025-04-16 23:44:29] [34mINFO[0;39m [36mliquibase.changelog                     [0;39m [35m:37  [0;39m Column orders.receiving_station dropped
[2025-04-16 23:44:29] [34mINFO[0;39m [36mliquibase.changelog                     [0;39m [35m:37  [0;39m ChangeSet db/changelog/logs/ch-drop-column-receiving-station-Kharchenko.xml::Kharchenko-1::Volodymyr Kharchenko ran successfully in 1ms
[2025-04-16 23:44:29] [34mINFO[0;39m [36mliquibase.ui                            [0;39m [35m:37  [0;39m Running Changeset: db/changelog/logs/ch-drop-table-order-employee-Kharchenko.xml::Kharchenko-2::Volodymyr Kharchenko
[2025-04-16 23:44:29] [34mINFO[0;39m [36mliquibase.changelog                     [0;39m [35m:37  [0;39m Table order_employee dropped
[2025-04-16 23:44:29] [34mINFO[0;39m [36mliquibase.changelog                     [0;39m [35m:37  [0;39m ChangeSet db/changelog/logs/ch-drop-table-order-employee-Kharchenko.xml::Kharchenko-2::Volodymyr Kharchenko ran successfully in 2ms
[2025-04-16 23:44:29] [34mINFO[0;39m [36mliquibase.ui                            [0;39m [35m:37  [0;39m Running Changeset: db/changelog/logs/ch-add-column-notify-to-telegram-bot-Seti.xml::Seti-8::Julia Seti
[2025-04-16 23:44:29] [34mINFO[0;39m [36mliquibase.changelog                     [0;39m [35m:37  [0;39m Columns notify(boolean) added to telegram_bot
[2025-04-16 23:44:29] [34mINFO[0;39m [36mliquibase.changelog                     [0;39m [35m:37  [0;39m ChangeSet db/changelog/logs/ch-add-column-notify-to-telegram-bot-Seti.xml::Seti-8::Julia Seti ran successfully in 1ms
[2025-04-16 23:44:29] [34mINFO[0;39m [36mliquibase.ui                            [0;39m [35m:37  [0;39m Running Changeset: db/changelog/logs/ch-change-columns-location_status-to-tariff_status-in-table-tariff_info-Oliyarnik.xml::Oliyarnik-1::Oliyarnik Serhiy
[2025-04-16 23:44:29] [34mINFO[0;39m [36mliquibase.changelog                     [0;39m [35m:37  [0;39m Column tariffs_info.location_status renamed to tariff_status
[2025-04-16 23:44:29] [34mINFO[0;39m [36mliquibase.changelog                     [0;39m [35m:37  [0;39m ChangeSet db/changelog/logs/ch-change-columns-location_status-to-tariff_status-in-table-tariff_info-Oliyarnik.xml::Oliyarnik-1::Oliyarnik Serhiy ran successfully in 1ms
[2025-04-16 23:44:29] [34mINFO[0;39m [36mliquibase.ui                            [0;39m [35m:37  [0;39m Running Changeset: db/changelog/logs/ch-update_big_order_table_view-Golik.xml::Golik-5::Maksym Golik
[2025-04-16 23:44:29] [34mINFO[0;39m [36mliquibase.changelog                     [0;39m [35m:37  [0;39m Column big_order_table.settlement renamed to city
[2025-04-16 23:44:29] [34mINFO[0;39m [36mliquibase.changelog                     [0;39m [35m:37  [0;39m Column big_order_table.settlement_en renamed to city_en
[2025-04-16 23:44:29] [34mINFO[0;39m [36mliquibase.changelog                     [0;39m [35m:37  [0;39m ChangeSet db/changelog/logs/ch-update_big_order_table_view-Golik.xml::Golik-5::Maksym Golik ran successfully in 3ms
[2025-04-16 23:44:29] [34mINFO[0;39m [36mliquibase.ui                            [0;39m [35m:37  [0;39m Running Changeset: db/changelog/logs/ch-delete-order-status-translations-Golik.xml::Golik-2::Maksym Golik
[2025-04-16 23:44:29] [34mINFO[0;39m [36mliquibase.changelog                     [0;39m [35m:37  [0;39m Data deleted from order_status_translations
[2025-04-16 23:44:29] [34mINFO[0;39m [36mliquibase.changelog                     [0;39m [35m:37  [0;39m ChangeSet db/changelog/logs/ch-delete-order-status-translations-Golik.xml::Golik-2::Maksym Golik ran successfully in 1ms
[2025-04-16 23:44:29] [34mINFO[0;39m [36mliquibase.ui                            [0;39m [35m:37  [0;39m Running Changeset: db/changelog/logs/ch-update_big_order_table_view-Golik-1.xml::Golik-1::Maksym Golik
[2025-04-16 23:44:29] [34mINFO[0;39m [36mliquibase.changelog                     [0;39m [35m:37  [0;39m View big_order_table dropped
[2025-04-16 23:44:29] [34mINFO[0;39m [36mliquibase.changelog                     [0;39m [35m:37  [0;39m View big_order_table created
[2025-04-16 23:44:29] [34mINFO[0;39m [36mliquibase.changelog                     [0;39m [35m:37  [0;39m ChangeSet db/changelog/logs/ch-update_big_order_table_view-Golik-1.xml::Golik-1::Maksym Golik ran successfully in 17ms
[2025-04-16 23:44:29] [34mINFO[0;39m [36mliquibase.ui                            [0;39m [35m:37  [0;39m Running Changeset: db/changelog/logs/ch-drop-column-note-in-orders-Golik.xml::Golik-3::Maksym Golik
[2025-04-16 23:44:29] [34mINFO[0;39m [36mliquibase.changelog                     [0;39m [35m:37  [0;39m Column orders.note dropped
[2025-04-16 23:44:29] [34mINFO[0;39m [36mliquibase.changelog                     [0;39m [35m:37  [0;39m ChangeSet db/changelog/logs/ch-drop-column-note-in-orders-Golik.xml::Golik-3::Maksym Golik ran successfully in 1ms
[2025-04-16 23:44:29] [34mINFO[0;39m [36mliquibase.ui                            [0;39m [35m:37  [0;39m Running Changeset: db/changelog/logs/ch-drop-table-notification-templates-Safarov.xml::Safarov-8::Safarov Renat
[2025-04-16 23:44:29] [34mINFO[0;39m [36mliquibase.changelog                     [0;39m [35m:37  [0;39m Table notification_templates dropped
[2025-04-16 23:44:29] [34mINFO[0;39m [36mliquibase.changelog                     [0;39m [35m:37  [0;39m ChangeSet db/changelog/logs/ch-drop-table-notification-templates-Safarov.xml::Safarov-8::Safarov Renat ran successfully in 4ms
[2025-04-16 23:44:29] [34mINFO[0;39m [36mliquibase.ui                            [0;39m [35m:37  [0;39m Running Changeset: db/changelog/logs/ch-drop-table-notification-schedule-Safarov.xml::13::Safarov Renat
[2025-04-16 23:44:29] [34mINFO[0;39m [36mliquibase.changelog                     [0;39m [35m:37  [0;39m Table notification_schedule dropped
[2025-04-16 23:44:29] [34mINFO[0;39m [36mliquibase.changelog                     [0;39m [35m:37  [0;39m ChangeSet db/changelog/logs/ch-drop-table-notification-schedule-Safarov.xml::13::Safarov Renat ran successfully in 3ms
[2025-04-16 23:44:29] [34mINFO[0;39m [36mliquibase.ui                            [0;39m [35m:37  [0;39m Running Changeset: db/changelog/logs/ch-add-table-notification-templates-Safarov.xml::Safarov-9::Safarov Renat
[2025-04-16 23:44:29] [34mINFO[0;39m [36mliquibase.changelog                     [0;39m [35m:37  [0;39m Table notification_templates created
[2025-04-16 23:44:29] [34mINFO[0;39m [36mliquibase.changelog                     [0;39m [35m:37  [0;39m ChangeSet db/changelog/logs/ch-add-table-notification-templates-Safarov.xml::Safarov-9::Safarov Renat ran successfully in 6ms
[2025-04-16 23:44:29] [34mINFO[0;39m [36mliquibase.ui                            [0;39m [35m:37  [0;39m Running Changeset: db/changelog/logs/ch-insert-into-table-notification-templates-Safarov.xml::Safarov-11::Safarov Renat
[2025-04-16 23:44:29] [34mINFO[0;39m [36mliquibase.changelog                     [0;39m [35m:37  [0;39m New row inserted into notification_templates
[2025-04-16 23:44:29] [34mINFO[0;39m [36mliquibase.changelog                     [0;39m [35m:37  [0;39m New row inserted into notification_templates
[2025-04-16 23:44:29] [34mINFO[0;39m [36mliquibase.changelog                     [0;39m [35m:37  [0;39m New row inserted into notification_templates
[2025-04-16 23:44:29] [34mINFO[0;39m [36mliquibase.changelog                     [0;39m [35m:37  [0;39m New row inserted into notification_templates
[2025-04-16 23:44:29] [34mINFO[0;39m [36mliquibase.changelog                     [0;39m [35m:37  [0;39m New row inserted into notification_templates
[2025-04-16 23:44:29] [34mINFO[0;39m [36mliquibase.changelog                     [0;39m [35m:37  [0;39m New row inserted into notification_templates
[2025-04-16 23:44:29] [34mINFO[0;39m [36mliquibase.changelog                     [0;39m [35m:37  [0;39m New row inserted into notification_templates
[2025-04-16 23:44:29] [34mINFO[0;39m [36mliquibase.changelog                     [0;39m [35m:37  [0;39m New row inserted into notification_templates
[2025-04-16 23:44:29] [34mINFO[0;39m [36mliquibase.changelog                     [0;39m [35m:37  [0;39m New row inserted into notification_templates
[2025-04-16 23:44:29] [34mINFO[0;39m [36mliquibase.changelog                     [0;39m [35m:37  [0;39m New row inserted into notification_templates
[2025-04-16 23:44:29] [34mINFO[0;39m [36mliquibase.changelog                     [0;39m [35m:37  [0;39m ChangeSet db/changelog/logs/ch-insert-into-table-notification-templates-Safarov.xml::Safarov-11::Safarov Renat ran successfully in 8ms
[2025-04-16 23:44:29] [34mINFO[0;39m [36mliquibase.ui                            [0;39m [35m:37  [0;39m Running Changeset: db/changelog/logs/ch-add-table-notification-platforms-Safarov.xml::Safarov-10::Safarov Renat
[2025-04-16 23:44:29] [34mINFO[0;39m [36mliquibase.changelog                     [0;39m [35m:37  [0;39m Table notification_platforms created
[2025-04-16 23:44:29] [34mINFO[0;39m [36mliquibase.changelog                     [0;39m [35m:37  [0;39m Foreign key constraint added to notification_platforms (notification_id)
[2025-04-16 23:44:29] [34mINFO[0;39m [36mliquibase.changelog                     [0;39m [35m:37  [0;39m ChangeSet db/changelog/logs/ch-add-table-notification-platforms-Safarov.xml::Safarov-10::Safarov Renat ran successfully in 8ms
[2025-04-16 23:44:29] [34mINFO[0;39m [36mliquibase.ui                            [0;39m [35m:37  [0;39m Running Changeset: db/changelog/logs/ch-insert-into-table-notification-platforms-Safarov.xml::Safarov-12::Safarov Renat
[2025-04-16 23:44:29] [34mINFO[0;39m [36mliquibase.changelog                     [0;39m [35m:37  [0;39m New row inserted into notification_platforms
[2025-04-16 23:44:29] [34mINFO[0;39m [36mliquibase.changelog                     [0;39m [35m:37  [0;39m New row inserted into notification_platforms
[2025-04-16 23:44:29] [34mINFO[0;39m [36mliquibase.changelog                     [0;39m [35m:37  [0;39m New row inserted into notification_platforms
[2025-04-16 23:44:29] [34mINFO[0;39m [36mliquibase.changelog                     [0;39m [35m:37  [0;39m New row inserted into notification_platforms
[2025-04-16 23:44:29] [34mINFO[0;39m [36mliquibase.changelog                     [0;39m [35m:37  [0;39m New row inserted into notification_platforms
[2025-04-16 23:44:29] [34mINFO[0;39m [36mliquibase.changelog                     [0;39m [35m:37  [0;39m New row inserted into notification_platforms
[2025-04-16 23:44:29] [34mINFO[0;39m [36mliquibase.changelog                     [0;39m [35m:37  [0;39m New row inserted into notification_platforms
[2025-04-16 23:44:29] [34mINFO[0;39m [36mliquibase.changelog                     [0;39m [35m:37  [0;39m New row inserted into notification_platforms
[2025-04-16 23:44:29] [34mINFO[0;39m [36mliquibase.changelog                     [0;39m [35m:37  [0;39m New row inserted into notification_platforms
[2025-04-16 23:44:29] [34mINFO[0;39m [36mliquibase.changelog                     [0;39m [35m:37  [0;39m New row inserted into notification_platforms
[2025-04-16 23:44:29] [34mINFO[0;39m [36mliquibase.changelog                     [0;39m [35m:37  [0;39m New row inserted into notification_platforms
[2025-04-16 23:44:29] [34mINFO[0;39m [36mliquibase.changelog                     [0;39m [35m:37  [0;39m New row inserted into notification_platforms
[2025-04-16 23:44:29] [34mINFO[0;39m [36mliquibase.changelog                     [0;39m [35m:37  [0;39m New row inserted into notification_platforms
[2025-04-16 23:44:29] [34mINFO[0;39m [36mliquibase.changelog                     [0;39m [35m:37  [0;39m New row inserted into notification_platforms
[2025-04-16 23:44:29] [34mINFO[0;39m [36mliquibase.changelog                     [0;39m [35m:37  [0;39m New row inserted into notification_platforms
[2025-04-16 23:44:29] [34mINFO[0;39m [36mliquibase.changelog                     [0;39m [35m:37  [0;39m New row inserted into notification_platforms
[2025-04-16 23:44:29] [34mINFO[0;39m [36mliquibase.changelog                     [0;39m [35m:37  [0;39m New row inserted into notification_platforms
[2025-04-16 23:44:29] [34mINFO[0;39m [36mliquibase.changelog                     [0;39m [35m:37  [0;39m New row inserted into notification_platforms
[2025-04-16 23:44:29] [34mINFO[0;39m [36mliquibase.changelog                     [0;39m [35m:37  [0;39m New row inserted into notification_platforms
[2025-04-16 23:44:29] [34mINFO[0;39m [36mliquibase.changelog                     [0;39m [35m:37  [0;39m New row inserted into notification_platforms
[2025-04-16 23:44:29] [34mINFO[0;39m [36mliquibase.changelog                     [0;39m [35m:37  [0;39m New row inserted into notification_platforms
[2025-04-16 23:44:29] [34mINFO[0;39m [36mliquibase.changelog                     [0;39m [35m:37  [0;39m New row inserted into notification_platforms
[2025-04-16 23:44:29] [34mINFO[0;39m [36mliquibase.changelog                     [0;39m [35m:37  [0;39m New row inserted into notification_platforms
[2025-04-16 23:44:29] [34mINFO[0;39m [36mliquibase.changelog                     [0;39m [35m:37  [0;39m New row inserted into notification_platforms
[2025-04-16 23:44:29] [34mINFO[0;39m [36mliquibase.changelog                     [0;39m [35m:37  [0;39m New row inserted into notification_platforms
[2025-04-16 23:44:29] [34mINFO[0;39m [36mliquibase.changelog                     [0;39m [35m:37  [0;39m New row inserted into notification_platforms
[2025-04-16 23:44:29] [34mINFO[0;39m [36mliquibase.changelog                     [0;39m [35m:37  [0;39m New row inserted into notification_platforms
[2025-04-16 23:44:29] [34mINFO[0;39m [36mliquibase.changelog                     [0;39m [35m:37  [0;39m New row inserted into notification_platforms
[2025-04-16 23:44:29] [34mINFO[0;39m [36mliquibase.changelog                     [0;39m [35m:37  [0;39m New row inserted into notification_platforms
[2025-04-16 23:44:29] [34mINFO[0;39m [36mliquibase.changelog                     [0;39m [35m:37  [0;39m New row inserted into notification_platforms
[2025-04-16 23:44:29] [34mINFO[0;39m [36mliquibase.changelog                     [0;39m [35m:37  [0;39m ChangeSet db/changelog/logs/ch-insert-into-table-notification-platforms-Safarov.xml::Safarov-12::Safarov Renat ran successfully in 26ms
[2025-04-16 23:44:29] [34mINFO[0;39m [36mliquibase.ui                            [0;39m [35m:37  [0;39m Running Changeset: db/changelog/logs/ch-insert-into-notification-templates-Kulbaba.xml::Kulbaba-1::Oleh Kulbaba
[2025-04-16 23:44:29] [34mINFO[0;39m [36mliquibase.changelog                     [0;39m [35m:37  [0;39m New row inserted into notification_templates
[2025-04-16 23:44:29] [34mINFO[0;39m [36mliquibase.changelog                     [0;39m [35m:37  [0;39m New row inserted into notification_templates
[2025-04-16 23:44:29] [34mINFO[0;39m [36mliquibase.changelog                     [0;39m [35m:37  [0;39m New row inserted into notification_templates
[2025-04-16 23:44:29] [34mINFO[0;39m [36mliquibase.changelog                     [0;39m [35m:37  [0;39m ChangeSet db/changelog/logs/ch-insert-into-notification-templates-Kulbaba.xml::Kulbaba-1::Oleh Kulbaba ran successfully in 3ms
[2025-04-16 23:44:29] [34mINFO[0;39m [36mliquibase.ui                            [0;39m [35m:37  [0;39m Running Changeset: db/changelog/logs/ch-insert-into-notification-platforms-Kulbaba.xml::Kulbaba-2::Oleh Kulbaba
[2025-04-16 23:44:29] [34mINFO[0;39m [36mliquibase.changelog                     [0;39m [35m:37  [0;39m New row inserted into notification_platforms
[2025-04-16 23:44:29] [34mINFO[0;39m [36mliquibase.changelog                     [0;39m [35m:37  [0;39m New row inserted into notification_platforms
[2025-04-16 23:44:29] [34mINFO[0;39m [36mliquibase.changelog                     [0;39m [35m:37  [0;39m New row inserted into notification_platforms
[2025-04-16 23:44:29] [34mINFO[0;39m [36mliquibase.changelog                     [0;39m [35m:37  [0;39m New row inserted into notification_platforms
[2025-04-16 23:44:29] [34mINFO[0;39m [36mliquibase.changelog                     [0;39m [35m:37  [0;39m New row inserted into notification_platforms
[2025-04-16 23:44:29] [34mINFO[0;39m [36mliquibase.changelog                     [0;39m [35m:37  [0;39m New row inserted into notification_platforms
[2025-04-16 23:44:29] [34mINFO[0;39m [36mliquibase.changelog                     [0;39m [35m:37  [0;39m New row inserted into notification_platforms
[2025-04-16 23:44:29] [34mINFO[0;39m [36mliquibase.changelog                     [0;39m [35m:37  [0;39m New row inserted into notification_platforms
[2025-04-16 23:44:29] [34mINFO[0;39m [36mliquibase.changelog                     [0;39m [35m:37  [0;39m New row inserted into notification_platforms
[2025-04-16 23:44:29] [34mINFO[0;39m [36mliquibase.changelog                     [0;39m [35m:37  [0;39m ChangeSet db/changelog/logs/ch-insert-into-notification-platforms-Kulbaba.xml::Kulbaba-2::Oleh Kulbaba ran successfully in 7ms
[2025-04-16 23:44:29] [34mINFO[0;39m [36mliquibase.ui                            [0;39m [35m:37  [0;39m Running Changeset: db/changelog/logs/ch-add-columns-to-order-table-Kulbaba.xml::Kulbaba-3::Oleh Kulbaba
[2025-04-16 23:44:29] [34mINFO[0;39m [36mliquibase.changelog                     [0;39m [35m:37  [0;39m Columns ubs_courier_sum(bigint),write_off_station_sum(bigint) added to orders
[2025-04-16 23:44:29] [34mINFO[0;39m [36mliquibase.changelog                     [0;39m [35m:37  [0;39m ChangeSet db/changelog/logs/ch-add-columns-to-order-table-Kulbaba.xml::Kulbaba-3::Oleh Kulbaba ran successfully in 1ms
[2025-04-16 23:44:29] [34mINFO[0;39m [36mliquibase.ui                            [0;39m [35m:37  [0;39m Running Changeset: db/changelog/logs/ch-add-table-notification-platforms-paybutton-Vatuliak.xml::Vatuliak-1::Vatuliak Oleh
[2025-04-16 23:44:29] [34mINFO[0;39m [36mliquibase.changelog                     [0;39m [35m:37  [0;39m Data updated in notification_platforms
[2025-04-16 23:44:29] [34mINFO[0;39m [36mliquibase.changelog                     [0;39m [35m:37  [0;39m Data updated in notification_platforms
[2025-04-16 23:44:29] [34mINFO[0;39m [36mliquibase.changelog                     [0;39m [35m:37  [0;39m Data updated in notification_platforms
[2025-04-16 23:44:29] [34mINFO[0;39m [36mliquibase.changelog                     [0;39m [35m:37  [0;39m Data updated in notification_platforms
[2025-04-16 23:44:29] [34mINFO[0;39m [36mliquibase.changelog                     [0;39m [35m:37  [0;39m Data updated in notification_platforms
[2025-04-16 23:44:29] [34mINFO[0;39m [36mliquibase.changelog                     [0;39m [35m:37  [0;39m Data updated in notification_platforms
[2025-04-16 23:44:29] [34mINFO[0;39m [36mliquibase.changelog                     [0;39m [35m:37  [0;39m ChangeSet db/changelog/logs/ch-add-table-notification-platforms-paybutton-Vatuliak.xml::Vatuliak-1::Vatuliak Oleh ran successfully in 4ms
[2025-04-16 23:44:29] [34mINFO[0;39m [36mliquibase.ui                            [0;39m [35m:37  [0;39m Running Changeset: db/changelog/logs/ch-add-table-column-width-for-employee-Kulbaba.xml::Kulbaba-4::Oleh Kulbaba
[2025-04-16 23:44:29] [34mINFO[0;39m [36mliquibase.changelog                     [0;39m [35m:37  [0;39m Table column_width_for_employee created
[2025-04-16 23:44:29] [34mINFO[0;39m [36mliquibase.changelog                     [0;39m [35m:37  [0;39m Foreign key constraint added to column_width_for_employee (employee_id)
[2025-04-16 23:44:29] [34mINFO[0;39m [36mliquibase.changelog                     [0;39m [35m:37  [0;39m ChangeSet db/changelog/logs/ch-add-table-column-width-for-employee-Kulbaba.xml::Kulbaba-4::Oleh Kulbaba ran successfully in 6ms
[2025-04-16 23:44:29] [34mINFO[0;39m [36mliquibase.ui                            [0;39m [35m:37  [0;39m Running Changeset: db/changelog/logs/ch-add-table-notification-platforms-paybutton-Lenets.xml::Lenets-1::Maksym Lenets
[2025-04-16 23:44:29] [34mINFO[0;39m [36mliquibase.changelog                     [0;39m [35m:37  [0;39m Data updated in notification_platforms
[2025-04-16 23:44:29] [34mINFO[0;39m [36mliquibase.changelog                     [0;39m [35m:37  [0;39m Data updated in notification_platforms
[2025-04-16 23:44:29] [34mINFO[0;39m [36mliquibase.changelog                     [0;39m [35m:37  [0;39m Data updated in notification_platforms
[2025-04-16 23:44:29] [34mINFO[0;39m [36mliquibase.changelog                     [0;39m [35m:37  [0;39m Data updated in notification_platforms
[2025-04-16 23:44:29] [34mINFO[0;39m [36mliquibase.changelog                     [0;39m [35m:37  [0;39m Data updated in notification_platforms
[2025-04-16 23:44:29] [34mINFO[0;39m [36mliquibase.changelog                     [0;39m [35m:37  [0;39m Data updated in notification_platforms
[2025-04-16 23:44:29] [34mINFO[0;39m [36mliquibase.changelog                     [0;39m [35m:37  [0;39m Data updated in notification_platforms
[2025-04-16 23:44:29] [34mINFO[0;39m [36mliquibase.changelog                     [0;39m [35m:37  [0;39m Data updated in notification_platforms
[2025-04-16 23:44:29] [34mINFO[0;39m [36mliquibase.changelog                     [0;39m [35m:37  [0;39m Data updated in notification_platforms
[2025-04-16 23:44:29] [34mINFO[0;39m [36mliquibase.changelog                     [0;39m [35m:37  [0;39m Data updated in notification_platforms
[2025-04-16 23:44:29] [34mINFO[0;39m [36mliquibase.changelog                     [0;39m [35m:37  [0;39m Data updated in notification_platforms
[2025-04-16 23:44:29] [34mINFO[0;39m [36mliquibase.changelog                     [0;39m [35m:37  [0;39m Data updated in notification_platforms
[2025-04-16 23:44:29] [34mINFO[0;39m [36mliquibase.changelog                     [0;39m [35m:37  [0;39m ChangeSet db/changelog/logs/ch-add-table-notification-platforms-paybutton-Lenets.xml::Lenets-1::Maksym Lenets ran successfully in 6ms
[2025-04-16 23:44:29] [34mINFO[0;39m [36mliquibase.ui                            [0;39m [35m:37  [0;39m Running Changeset: db/changelog/logs/ch-update_big_order_table_view-Lenets.xml::Lenets-2::Maksym Lenets
[2025-04-16 23:44:29] [34mINFO[0;39m [36mliquibase.changelog                     [0;39m [35m:37  [0;39m View big_order_table dropped
[2025-04-16 23:44:29] [34mINFO[0;39m [36mliquibase.changelog                     [0;39m [35m:37  [0;39m View big_order_table created
[2025-04-16 23:44:29] [34mINFO[0;39m [36mliquibase.changelog                     [0;39m [35m:37  [0;39m ChangeSet db/changelog/logs/ch-update_big_order_table_view-Lenets.xml::Lenets-2::Maksym Lenets ran successfully in 18ms
[2025-04-16 23:44:29] [34mINFO[0;39m [36mliquibase.ui                            [0;39m [35m:37  [0;39m Running Changeset: db/changelog/logs/ch-add-view-employees_filters-view-Safarov.xml::Safarov-HZ::Safarov Renat
[2025-04-16 23:44:29] [34mINFO[0;39m [36mliquibase.changelog                     [0;39m [35m:37  [0;39m View employees_filters created
[2025-04-16 23:44:29] [34mINFO[0;39m [36mliquibase.changelog                     [0;39m [35m:37  [0;39m ChangeSet db/changelog/logs/ch-add-view-employees_filters-view-Safarov.xml::Safarov-HZ::Safarov Renat ran successfully in 5ms
[2025-04-16 23:44:29] [34mINFO[0;39m [36mliquibase.ui                            [0;39m [35m:37  [0;39m Running Changeset: db/changelog/logs/ch-update-bag-price-commission-Seti.xml::Seti-9::Julia Seti
[2025-04-16 23:44:29] [34mINFO[0;39m [36mliquibase.changelog                     [0;39m [35m:37  [0;39m bag.price datatype was changed to bigint
[2025-04-16 23:44:29] [34mINFO[0;39m [36mliquibase.changelog                     [0;39m [35m:37  [0;39m bag.commission datatype was changed to bigint
[2025-04-16 23:44:29] [34mINFO[0;39m [36mliquibase.changelog                     [0;39m [35m:37  [0;39m bag.full_price datatype was changed to bigint
[2025-04-16 23:44:29] [34mINFO[0;39m [36mliquibase.changelog                     [0;39m [35m:37  [0;39m Data updated in bag
[2025-04-16 23:44:29] [34mINFO[0;39m [36mliquibase.changelog                     [0;39m [35m:37  [0;39m Data updated in bag
[2025-04-16 23:44:29] [34mINFO[0;39m [36mliquibase.changelog                     [0;39m [35m:37  [0;39m Data updated in bag
[2025-04-16 23:44:29] [34mINFO[0;39m [36mliquibase.changelog                     [0;39m [35m:37  [0;39m Data updated in bag
[2025-04-16 23:44:29] [34mINFO[0;39m [36mliquibase.changelog                     [0;39m [35m:37  [0;39m Data updated in bag
[2025-04-16 23:44:29] [34mINFO[0;39m [36mliquibase.changelog                     [0;39m [35m:37  [0;39m Data updated in bag
[2025-04-16 23:44:29] [34mINFO[0;39m [36mliquibase.changelog                     [0;39m [35m:37  [0;39m ChangeSet db/changelog/logs/ch-update-bag-price-commission-Seti.xml::Seti-9::Julia Seti ran successfully in 23ms
[2025-04-16 23:44:29] [34mINFO[0;39m [36mliquibase.ui                            [0;39m [35m:37  [0;39m Running Changeset: db/changelog/logs/ch-update-service-price-Seti.xml::Seti-10::Julia Seti
[2025-04-16 23:44:29] [34mINFO[0;39m [36mliquibase.changelog                     [0;39m [35m:37  [0;39m service.price datatype was changed to bigint
[2025-04-16 23:44:29] [34mINFO[0;39m [36mliquibase.changelog                     [0;39m [35m:37  [0;39m Data updated in service
[2025-04-16 23:44:29] [34mINFO[0;39m [36mliquibase.changelog                     [0;39m [35m:37  [0;39m ChangeSet db/changelog/logs/ch-update-service-price-Seti.xml::Seti-10::Julia Seti ran successfully in 9ms
[2025-04-16 23:44:29] [34mINFO[0;39m [36mliquibase.ui                            [0;39m [35m:37  [0;39m Running Changeset: db/changelog/logs/ch-update_big_order_table_view-Seti.xml::Seti-11::Julia Seti
[2025-04-16 23:44:29] [34mINFO[0;39m [36mliquibase.changelog                     [0;39m [35m:37  [0;39m View big_order_table dropped
[2025-04-16 23:44:29] [34mINFO[0;39m [36mliquibase.changelog                     [0;39m [35m:37  [0;39m View big_order_table created
[2025-04-16 23:44:29] [34mINFO[0;39m [36mliquibase.changelog                     [0;39m [35m:37  [0;39m ChangeSet db/changelog/logs/ch-update_big_order_table_view-Seti.xml::Seti-11::Julia Seti ran successfully in 18ms
[2025-04-16 23:44:29] [34mINFO[0;39m [36mliquibase.ui                            [0;39m [35m:37  [0;39m Running Changeset: db/changelog/logs/ch-modify-columns-name-name-eng-in-bag-and-service-tables.xml::Seti-12::Julia Seti
[2025-04-16 23:44:29] [34mINFO[0;39m [36mliquibase.changelog                     [0;39m [35m:37  [0;39m service.name datatype was changed to VARCHAR(30)
[2025-04-16 23:44:29] [34mINFO[0;39m [36mliquibase.changelog                     [0;39m [35m:37  [0;39m service.name_eng datatype was changed to VARCHAR(30)
[2025-04-16 23:44:29] [34mINFO[0;39m [36mliquibase.changelog                     [0;39m [35m:37  [0;39m bag.name datatype was changed to VARCHAR(30)
[2025-04-16 23:44:29] [34mINFO[0;39m [36mliquibase.changelog                     [0;39m [35m:37  [0;39m bag.name_eng datatype was changed to VARCHAR(30)
[2025-04-16 23:44:29] [34mINFO[0;39m [36mliquibase.changelog                     [0;39m [35m:37  [0;39m ChangeSet db/changelog/logs/ch-modify-columns-name-name-eng-in-bag-and-service-tables.xml::Seti-12::Julia Seti ran successfully in 30ms
[2025-04-16 23:44:29] [34mINFO[0;39m [36mliquibase.ui                            [0;39m [35m:37  [0;39m Running Changeset: db/changelog/logs/ch-add-column-position-Spodaryk.xml::Spodaryk-1::Oksana Spodaryk
[2025-04-16 23:44:29] [34mINFO[0;39m [36mliquibase.changelog                     [0;39m [35m:37  [0;39m Columns name_eng(varchar(30)) added to positions
[2025-04-16 23:44:29] [34mINFO[0;39m [36mliquibase.changelog                     [0;39m [35m:37  [0;39m ChangeSet db/changelog/logs/ch-add-column-position-Spodaryk.xml::Spodaryk-1::Oksana Spodaryk ran successfully in 1ms
[2025-04-16 23:44:29] [34mINFO[0;39m [36mliquibase.ui                            [0;39m [35m:37  [0;39m Running Changeset: db/changelog/logs/ch-add-column-position-Spodaryk.xml::Spodaryk-2::Oksana Spodaryk
[2025-04-16 23:44:29] [34mINFO[0;39m [36mliquibase.changelog                     [0;39m [35m:37  [0;39m Data updated in positions
[2025-04-16 23:44:29] [34mINFO[0;39m [36mliquibase.changelog                     [0;39m [35m:37  [0;39m Data updated in positions
[2025-04-16 23:44:29] [34mINFO[0;39m [36mliquibase.changelog                     [0;39m [35m:37  [0;39m Data updated in positions
[2025-04-16 23:44:29] [34mINFO[0;39m [36mliquibase.changelog                     [0;39m [35m:37  [0;39m Data updated in positions
[2025-04-16 23:44:29] [34mINFO[0;39m [36mliquibase.changelog                     [0;39m [35m:37  [0;39m Data updated in positions
[2025-04-16 23:44:29] [34mINFO[0;39m [36mliquibase.changelog                     [0;39m [35m:37  [0;39m Data updated in positions
[2025-04-16 23:44:29] [34mINFO[0;39m [36mliquibase.changelog                     [0;39m [35m:37  [0;39m Data updated in positions
[2025-04-16 23:44:29] [34mINFO[0;39m [36mliquibase.changelog                     [0;39m [35m:37  [0;39m ChangeSet db/changelog/logs/ch-add-column-position-Spodaryk.xml::Spodaryk-2::Oksana Spodaryk ran successfully in 6ms
[2025-04-16 23:44:29] [34mINFO[0;39m [36mliquibase.ui                            [0;39m [35m:37  [0;39m Running Changeset: db/changelog/logs/ch-add-column-employee_filter_view-Spodaryk.xml::Spodaryk-3::Spodaryk
[2025-04-16 23:44:29] [34mINFO[0;39m [36mliquibase.changelog                     [0;39m [35m:37  [0;39m View employees_filters created
[2025-04-16 23:44:29] [34mINFO[0;39m [36mliquibase.changelog                     [0;39m [35m:37  [0;39m ChangeSet db/changelog/logs/ch-add-column-employee_filter_view-Spodaryk.xml::Spodaryk-3::Spodaryk ran successfully in 8ms
[2025-04-16 23:44:29] [34mINFO[0;39m [36mliquibase.ui                            [0;39m [35m:37  [0;39m Running Changeset: db/changelog/logs/ch-modify-columns-house-number-in-tables-address-and-order-address.xml::Mokhnatska-10::Lilia Mokhnatska
[2025-04-16 23:44:29] [34mINFO[0;39m [36mliquibase.changelog                     [0;39m [35m:37  [0;39m View big_order_table dropped
[2025-04-16 23:44:29] [34mINFO[0;39m [36mliquibase.changelog                     [0;39m [35m:37  [0;39m ChangeSet db/changelog/logs/ch-modify-columns-house-number-in-tables-address-and-order-address.xml::Mokhnatska-10::Lilia Mokhnatska ran successfully in 4ms
[2025-04-16 23:44:29] [34mINFO[0;39m [36mliquibase.ui                            [0;39m [35m:37  [0;39m Running Changeset: db/changelog/logs/ch-modify-columns-house-number-in-tables-address-and-order-address.xml::Mokhnatska-11::Lilia Mokhnatska
[2025-04-16 23:44:29] [34mINFO[0;39m [36mliquibase.changelog                     [0;39m [35m:37  [0;39m address.house_number datatype was changed to varchar(10)
[2025-04-16 23:44:29] [34mINFO[0;39m [36mliquibase.changelog                     [0;39m [35m:37  [0;39m order_address.house_number datatype was changed to varchar(10)
[2025-04-16 23:44:29] [34mINFO[0;39m [36mliquibase.changelog                     [0;39m [35m:37  [0;39m ChangeSet db/changelog/logs/ch-modify-columns-house-number-in-tables-address-and-order-address.xml::Mokhnatska-11::Lilia Mokhnatska ran successfully in 1ms
[2025-04-16 23:44:29] [34mINFO[0;39m [36mliquibase.ui                            [0;39m [35m:37  [0;39m Running Changeset: db/changelog/logs/ch-modify-columns-house-number-in-tables-address-and-order-address.xml::Mokhnatska-12::Lilia Mokhnatska
[2025-04-16 23:44:29] [34mINFO[0;39m [36mliquibase.changelog                     [0;39m [35m:37  [0;39m View big_order_table created
[2025-04-16 23:44:29] [34mINFO[0;39m [36mliquibase.changelog                     [0;39m [35m:37  [0;39m ChangeSet db/changelog/logs/ch-modify-columns-house-number-in-tables-address-and-order-address.xml::Mokhnatska-12::Lilia Mokhnatska ran successfully in 18ms
[2025-04-16 23:44:29] [34mINFO[0;39m [36mliquibase.ui                            [0;39m [35m:37  [0;39m Running Changeset: db/changelog/logs/ch-upd-notification-platforms-body-body_eng-Lenets.xml::Lenets-3::Maksym Lenets
[2025-04-16 23:44:29] [34mINFO[0;39m [36mliquibase.changelog                     [0;39m [35m:37  [0;39m Data updated in notification_platforms
[2025-04-16 23:44:29] [34mINFO[0;39m [36mliquibase.changelog                     [0;39m [35m:37  [0;39m Data updated in notification_platforms
[2025-04-16 23:44:29] [34mINFO[0;39m [36mliquibase.changelog                     [0;39m [35m:37  [0;39m Data updated in notification_platforms
[2025-04-16 23:44:29] [34mINFO[0;39m [36mliquibase.changelog                     [0;39m [35m:37  [0;39m Data updated in notification_platforms
[2025-04-16 23:44:29] [34mINFO[0;39m [36mliquibase.changelog                     [0;39m [35m:37  [0;39m Data updated in notification_platforms
[2025-04-16 23:44:29] [34mINFO[0;39m [36mliquibase.changelog                     [0;39m [35m:37  [0;39m Data updated in notification_platforms
[2025-04-16 23:44:29] [34mINFO[0;39m [36mliquibase.changelog                     [0;39m [35m:37  [0;39m Data updated in notification_platforms
[2025-04-16 23:44:29] [34mINFO[0;39m [36mliquibase.changelog                     [0;39m [35m:37  [0;39m Data updated in notification_platforms
[2025-04-16 23:44:29] [34mINFO[0;39m [36mliquibase.changelog                     [0;39m [35m:37  [0;39m Data updated in notification_platforms
[2025-04-16 23:44:29] [34mINFO[0;39m [36mliquibase.changelog                     [0;39m [35m:37  [0;39m Data updated in notification_platforms
[2025-04-16 23:44:29] [34mINFO[0;39m [36mliquibase.changelog                     [0;39m [35m:37  [0;39m Data updated in notification_platforms
[2025-04-16 23:44:29] [34mINFO[0;39m [36mliquibase.changelog                     [0;39m [35m:37  [0;39m Data updated in notification_platforms
[2025-04-16 23:44:29] [34mINFO[0;39m [36mliquibase.changelog                     [0;39m [35m:37  [0;39m Data updated in notification_platforms
[2025-04-16 23:44:29] [34mINFO[0;39m [36mliquibase.changelog                     [0;39m [35m:37  [0;39m Data updated in notification_platforms
[2025-04-16 23:44:29] [34mINFO[0;39m [36mliquibase.changelog                     [0;39m [35m:37  [0;39m Data updated in notification_platforms
[2025-04-16 23:44:29] [34mINFO[0;39m [36mliquibase.changelog                     [0;39m [35m:37  [0;39m Data updated in notification_platforms
[2025-04-16 23:44:29] [34mINFO[0;39m [36mliquibase.changelog                     [0;39m [35m:37  [0;39m Data updated in notification_platforms
[2025-04-16 23:44:29] [34mINFO[0;39m [36mliquibase.changelog                     [0;39m [35m:37  [0;39m Data updated in notification_platforms
[2025-04-16 23:44:29] [34mINFO[0;39m [36mliquibase.changelog                     [0;39m [35m:37  [0;39m Data updated in notification_platforms
[2025-04-16 23:44:29] [34mINFO[0;39m [36mliquibase.changelog                     [0;39m [35m:37  [0;39m Data updated in notification_platforms
[2025-04-16 23:44:29] [34mINFO[0;39m [36mliquibase.changelog                     [0;39m [35m:37  [0;39m Data updated in notification_platforms
[2025-04-16 23:44:29] [34mINFO[0;39m [36mliquibase.changelog                     [0;39m [35m:37  [0;39m Data updated in notification_platforms
[2025-04-16 23:44:29] [34mINFO[0;39m [36mliquibase.changelog                     [0;39m [35m:37  [0;39m Data updated in notification_platforms
[2025-04-16 23:44:29] [34mINFO[0;39m [36mliquibase.changelog                     [0;39m [35m:37  [0;39m Data updated in notification_platforms
[2025-04-16 23:44:29] [34mINFO[0;39m [36mliquibase.changelog                     [0;39m [35m:37  [0;39m Data updated in notification_platforms
[2025-04-16 23:44:29] [34mINFO[0;39m [36mliquibase.changelog                     [0;39m [35m:37  [0;39m Data updated in notification_platforms
[2025-04-16 23:44:29] [34mINFO[0;39m [36mliquibase.changelog                     [0;39m [35m:37  [0;39m Data updated in notification_templates
[2025-04-16 23:44:29] [34mINFO[0;39m [36mliquibase.changelog                     [0;39m [35m:37  [0;39m Data updated in notification_templates
[2025-04-16 23:44:29] [34mINFO[0;39m [36mliquibase.changelog                     [0;39m [35m:37  [0;39m ChangeSet db/changelog/logs/ch-upd-notification-platforms-body-body_eng-Lenets.xml::Lenets-3::Maksym Lenets ran successfully in 15ms
[2025-04-16 23:44:29] [34mINFO[0;39m [36mliquibase.ui                            [0;39m [35m:37  [0;39m Running Changeset: db/changelog/logs/ch-update-table-notification-platforms-telegram-Shumeyko.xml::Shumeyko-1::Mykola Shumeyko
[2025-04-16 23:44:29] [34mINFO[0;39m [36mliquibase.changelog                     [0;39m [35m:37  [0;39m Data updated in notification_platforms
[2025-04-16 23:44:29] [34mINFO[0;39m [36mliquibase.changelog                     [0;39m [35m:37  [0;39m Data updated in notification_platforms
[2025-04-16 23:44:29] [34mINFO[0;39m [36mliquibase.changelog                     [0;39m [35m:37  [0;39m Data updated in notification_platforms
[2025-04-16 23:44:29] [34mINFO[0;39m [36mliquibase.changelog                     [0;39m [35m:37  [0;39m Data updated in notification_platforms
[2025-04-16 23:44:29] [34mINFO[0;39m [36mliquibase.changelog                     [0;39m [35m:37  [0;39m Data updated in notification_platforms
[2025-04-16 23:44:29] [34mINFO[0;39m [36mliquibase.changelog                     [0;39m [35m:37  [0;39m Data updated in notification_platforms
[2025-04-16 23:44:29] [34mINFO[0;39m [36mliquibase.changelog                     [0;39m [35m:37  [0;39m Data updated in notification_platforms
[2025-04-16 23:44:29] [34mINFO[0;39m [36mliquibase.changelog                     [0;39m [35m:37  [0;39m Data updated in notification_platforms
[2025-04-16 23:44:29] [34mINFO[0;39m [36mliquibase.changelog                     [0;39m [35m:37  [0;39m Data updated in notification_platforms
[2025-04-16 23:44:29] [34mINFO[0;39m [36mliquibase.changelog                     [0;39m [35m:37  [0;39m Data updated in notification_platforms
[2025-04-16 23:44:29] [34mINFO[0;39m [36mliquibase.changelog                     [0;39m [35m:37  [0;39m Data updated in notification_platforms
[2025-04-16 23:44:29] [34mINFO[0;39m [36mliquibase.changelog                     [0;39m [35m:37  [0;39m Data updated in notification_platforms
[2025-04-16 23:44:29] [34mINFO[0;39m [36mliquibase.changelog                     [0;39m [35m:37  [0;39m Data updated in notification_platforms
[2025-04-16 23:44:29] [34mINFO[0;39m [36mliquibase.changelog                     [0;39m [35m:37  [0;39m Data updated in notification_platforms
[2025-04-16 23:44:29] [34mINFO[0;39m [36mliquibase.changelog                     [0;39m [35m:37  [0;39m Data updated in notification_platforms
[2025-04-16 23:44:29] [34mINFO[0;39m [36mliquibase.changelog                     [0;39m [35m:37  [0;39m Data updated in notification_platforms
[2025-04-16 23:44:29] [34mINFO[0;39m [36mliquibase.changelog                     [0;39m [35m:37  [0;39m Data updated in notification_platforms
[2025-04-16 23:44:29] [34mINFO[0;39m [36mliquibase.changelog                     [0;39m [35m:37  [0;39m Data updated in notification_platforms
[2025-04-16 23:44:29] [34mINFO[0;39m [36mliquibase.changelog                     [0;39m [35m:37  [0;39m Data updated in notification_platforms
[2025-04-16 23:44:29] [34mINFO[0;39m [36mliquibase.changelog                     [0;39m [35m:37  [0;39m Data updated in notification_platforms
[2025-04-16 23:44:29] [34mINFO[0;39m [36mliquibase.changelog                     [0;39m [35m:37  [0;39m Data updated in notification_platforms
[2025-04-16 23:44:29] [34mINFO[0;39m [36mliquibase.changelog                     [0;39m [35m:37  [0;39m Data updated in notification_platforms
[2025-04-16 23:44:29] [34mINFO[0;39m [36mliquibase.changelog                     [0;39m [35m:37  [0;39m Data updated in notification_platforms
[2025-04-16 23:44:29] [34mINFO[0;39m [36mliquibase.changelog                     [0;39m [35m:37  [0;39m Data updated in notification_platforms
[2025-04-16 23:44:29] [34mINFO[0;39m [36mliquibase.changelog                     [0;39m [35m:37  [0;39m ChangeSet db/changelog/logs/ch-update-table-notification-platforms-telegram-Shumeyko.xml::Shumeyko-1::Mykola Shumeyko ran successfully in 12ms
[2025-04-16 23:44:29] [34mINFO[0;39m [36mliquibase.ui                            [0;39m [35m:37  [0;39m Running Changeset: db/changelog/logs/ch-update_big_order_table_view-with-bags-sorting-Lenets.xml::Lenets-3::Maksym Lenets
[2025-04-16 23:44:29] [34mINFO[0;39m [36mliquibase.changelog                     [0;39m [35m:37  [0;39m View big_order_table dropped
[2025-04-16 23:44:29] [34mINFO[0;39m [36mliquibase.changelog                     [0;39m [35m:37  [0;39m View big_order_table created
[2025-04-16 23:44:29] [34mINFO[0;39m [36mliquibase.changelog                     [0;39m [35m:37  [0;39m ChangeSet db/changelog/logs/ch-update_big_order_table_view-with-bags-sorting-Lenets.xml::Lenets-3::Maksym Lenets ran successfully in 17ms
[2025-04-16 23:44:29] [34mINFO[0;39m [36mliquibase.ui                            [0;39m [35m:37  [0;39m Running Changeset: db/changelog/logs/ch-upd-notification-templates-titles-Lenets.xml::Lenets-4::Maksym Lenets
[2025-04-16 23:44:29] [34mINFO[0;39m [36mliquibase.changelog                     [0;39m [35m:37  [0;39m Data updated in notification_templates
[2025-04-16 23:44:29] [34mINFO[0;39m [36mliquibase.changelog                     [0;39m [35m:37  [0;39m Data updated in notification_templates
[2025-04-16 23:44:29] [34mINFO[0;39m [36mliquibase.changelog                     [0;39m [35m:37  [0;39m Data updated in notification_templates
[2025-04-16 23:44:29] [34mINFO[0;39m [36mliquibase.changelog                     [0;39m [35m:37  [0;39m Data updated in notification_templates
[2025-04-16 23:44:29] [34mINFO[0;39m [36mliquibase.changelog                     [0;39m [35m:37  [0;39m Data updated in notification_templates
[2025-04-16 23:44:29] [34mINFO[0;39m [36mliquibase.changelog                     [0;39m [35m:37  [0;39m Data updated in notification_templates
[2025-04-16 23:44:29] [34mINFO[0;39m [36mliquibase.changelog                     [0;39m [35m:37  [0;39m ChangeSet db/changelog/logs/ch-upd-notification-templates-titles-Lenets.xml::Lenets-4::Maksym Lenets ran successfully in 4ms
[2025-04-16 23:44:29] [34mINFO[0;39m [36mliquibase.ui                            [0;39m [35m:37  [0;39m Running Changeset: db/changelog/logs/ch-add-table-refunds-Bondar.xml::Anton-3::Bondar Anton
[2025-04-16 23:44:29] [34mINFO[0;39m [36mliquibase.changelog                     [0;39m [35m:37  [0;39m Table refunds created
[2025-04-16 23:44:29] [34mINFO[0;39m [36mliquibase.changelog                     [0;39m [35m:37  [0;39m ChangeSet db/changelog/logs/ch-add-table-refunds-Bondar.xml::Anton-3::Bondar Anton ran successfully in 4ms
[2025-04-16 23:44:29] [34mINFO[0;39m [36mliquibase.ui                            [0;39m [35m:37  [0;39m Running Changeset: db/changelog/logs/2023-08-07-change-service-name-column-length.xml::2023-08-07-change-service-name-column-length.xml::Olena Sotnik
[2025-04-16 23:44:29] [34mINFO[0;39m [36mliquibase.changelog                     [0;39m [35m:37  [0;39m SQL in file db/changelog/sql/tariff-name-length-change.sql executed
[2025-04-16 23:44:29] [34mINFO[0;39m [36mliquibase.changelog                     [0;39m [35m:37  [0;39m ChangeSet db/changelog/logs/2023-08-07-change-service-name-column-length.xml::2023-08-07-change-service-name-column-length.xml::Olena Sotnik ran successfully in 3ms
[2025-04-16 23:44:29] [34mINFO[0;39m [36mliquibase.ui                            [0;39m [35m:37  [0;39m Running Changeset: db/changelog/logs/2023-08-08-change-bag-name-column-length.xml::change-bag-name-column-length.xml::Olena Sotnik
[2025-04-16 23:44:29] [34mINFO[0;39m [36mliquibase.changelog                     [0;39m [35m:37  [0;39m SQL in file db/changelog/sql/bag-name-length-change.sql executed
[2025-04-16 23:44:29] [34mINFO[0;39m [36mliquibase.changelog                     [0;39m [35m:37  [0;39m ChangeSet db/changelog/logs/2023-08-08-change-bag-name-column-length.xml::change-bag-name-column-length.xml::Olena Sotnik ran successfully in 3ms
[2025-04-16 23:44:29] [34mINFO[0;39m [36mliquibase.ui                            [0;39m [35m:37  [0;39m Running Changeset: db/changelog/logs/ch-add-column-status-to-bag-table-Spodaryk.xml::Spodaryk-7::Oksana Spodaryk
[2025-04-16 23:44:29] [34mINFO[0;39m [36mliquibase.changelog                     [0;39m [35m:37  [0;39m Columns status(varchar(30)) added to bag
[2025-04-16 23:44:29] [34mINFO[0;39m [36mliquibase.changelog                     [0;39m [35m:37  [0;39m ChangeSet db/changelog/logs/ch-add-column-status-to-bag-table-Spodaryk.xml::Spodaryk-7::Oksana Spodaryk ran successfully in 4ms
[2025-04-16 23:44:29] [34mINFO[0;39m [36mliquibase.ui                            [0;39m [35m:37  [0;39m Running Changeset: db/changelog/logs/ch-add-column-order-bag-mapping-table-Spodaryk.xml::Spodaryk-4::Oksana Spodaryk
[2025-04-16 23:44:29] [34mINFO[0;39m [36mliquibase.changelog                     [0;39m [35m:37  [0;39m Primary key dropped from order_bag_mapping
[2025-04-16 23:44:29] [34mINFO[0;39m [36mliquibase.changelog                     [0;39m [35m:37  [0;39m Columns id(bigint) added to order_bag_mapping
[2025-04-16 23:44:29] [34mINFO[0;39m [36mliquibase.changelog                     [0;39m [35m:37  [0;39m Columns capacity(int) added to order_bag_mapping
[2025-04-16 23:44:29] [34mINFO[0;39m [36mliquibase.changelog                     [0;39m [35m:37  [0;39m Columns price(bigint) added to order_bag_mapping
[2025-04-16 23:44:29] [34mINFO[0;39m [36mliquibase.changelog                     [0;39m [35m:37  [0;39m Columns name(varchar(30)) added to order_bag_mapping
[2025-04-16 23:44:29] [34mINFO[0;39m [36mliquibase.changelog                     [0;39m [35m:37  [0;39m Columns name_eng(varchar(30)) added to order_bag_mapping
[2025-04-16 23:44:29] [34mINFO[0;39m [36mliquibase.changelog                     [0;39m [35m:37  [0;39m Foreign key constraint added to order_bag_mapping (bag_id)
[2025-04-16 23:44:29] [34mINFO[0;39m [36mliquibase.changelog                     [0;39m [35m:37  [0;39m ChangeSet db/changelog/logs/ch-add-column-order-bag-mapping-table-Spodaryk.xml::Spodaryk-4::Oksana Spodaryk ran successfully in 26ms
[2025-04-16 23:44:29] [34mINFO[0;39m [36mliquibase.ui                            [0;39m [35m:37  [0;39m Running Changeset: db/changelog/logs/ch-add-column-order-bag-mapping-table-Spodaryk.xml::Spodaryk-5::Oksana Spodaryk
[2025-04-16 23:44:29] [34mINFO[0;39m [36mliquibase.changelog                     [0;39m [35m:37  [0;39m Marking ChangeSet: "db/changelog/logs/ch-add-column-order-bag-mapping-table-Spodaryk.xml::Spodaryk-5::Oksana Spodaryk" as ran despite precondition failure due to onFail='MARK_RAN': 
          db/changelog/db.changelog-master.xml : Not precondition failed

[2025-04-16 23:44:29] [34mINFO[0;39m [36mliquibase.ui                            [0;39m [35m:37  [0;39m Running Changeset: db/changelog/logs/ch-update-order-bag-mapping-table-Spodaryk.xml::Spodaryk-6::Oksana Spodaryk
[2025-04-16 23:44:29] [34mINFO[0;39m [36mliquibase.changelog                     [0;39m [35m:37  [0;39m SQL in file db/changelog/sql/ch-update-order-bag-mapping-table-Spodaryk.sql executed
[2025-04-16 23:44:29] [34mINFO[0;39m [36mliquibase.changelog                     [0;39m [35m:37  [0;39m ChangeSet db/changelog/logs/ch-update-order-bag-mapping-table-Spodaryk.xml::Spodaryk-6::Oksana Spodaryk ran successfully in 4ms
[2025-04-16 23:44:29] [34mINFO[0;39m [36mliquibase.ui                            [0;39m [35m:37  [0;39m Running Changeset: db/changelog/logs/ch-insert-into-users-Spodaryk.xml::Spodaryk-8::Oksana Spodaryk
[2025-04-16 23:44:29] [34mINFO[0;39m [36mliquibase.changelog                     [0;39m [35m:37  [0;39m New row inserted into users
[2025-04-16 23:44:29] [34mINFO[0;39m [36mliquibase.changelog                     [0;39m [35m:37  [0;39m ChangeSet db/changelog/logs/ch-insert-into-users-Spodaryk.xml::Spodaryk-8::Oksana Spodaryk ran successfully in 4ms
[2025-04-16 23:44:29] [34mINFO[0;39m [36mliquibase.ui                            [0;39m [35m:37  [0;39m Running Changeset: db/changelog/logs/ch-add-columns-nameEventEng-and-authorEng-to-Events-Bokalo.xml::Nazar-1::Nazar Bokalo
[2025-04-16 23:44:29] [34mINFO[0;39m [36mliquibase.changelog                     [0;39m [35m:37  [0;39m Columns event_name_eng(varchar) added to events
[2025-04-16 23:44:29] [34mINFO[0;39m [36mliquibase.changelog                     [0;39m [35m:37  [0;39m Columns author_eng(varchar) added to events
[2025-04-16 23:44:29] [34mINFO[0;39m [36mliquibase.changelog                     [0;39m [35m:37  [0;39m ChangeSet db/changelog/logs/ch-add-columns-nameEventEng-and-authorEng-to-Events-Bokalo.xml::Nazar-1::Nazar Bokalo ran successfully in 3ms
[2025-04-16 23:44:29] [34mINFO[0;39m [36mliquibase.ui                            [0;39m [35m:37  [0;39m Running Changeset: db/changelog/logs/ch-update-employees-set-new-main-email-Midianyi.xml::Midianyi-1::Yurii Midianyi
[2025-04-16 23:44:29] [34mINFO[0;39m [36mliquibase.changelog                     [0;39m [35m:37  [0;39m Data updated in employees
[2025-04-16 23:44:29] [34mINFO[0;39m [36mliquibase.changelog                     [0;39m [35m:37  [0;39m ChangeSet db/changelog/logs/ch-update-employees-set-new-main-email-Midianyi.xml::Midianyi-1::Yurii Midianyi ran successfully in 5ms
[2025-04-16 23:44:29] [34mINFO[0;39m [36mliquibase.ui                            [0;39m [35m:37  [0;39m Running Changeset: db/changelog/logs/2024-04-26-ch-add-column-isDeleted-to-Locations-Ryhal.xml::2024-04-26-ch-add-column-isDeleted-to-Locations-Ryhal::Ryhal Denys
[2025-04-16 23:44:29] [34mINFO[0;39m [36mliquibase.changelog                     [0;39m [35m:37  [0;39m Columns is_deleted(boolean) added to locations
[2025-04-16 23:44:29] [34mINFO[0;39m [36mliquibase.changelog                     [0;39m [35m:37  [0;39m ChangeSet db/changelog/logs/2024-04-26-ch-add-column-isDeleted-to-Locations-Ryhal.xml::2024-04-26-ch-add-column-isDeleted-to-Locations-Ryhal::Ryhal Denys ran successfully in 2ms
[2025-04-16 23:44:29] [34mINFO[0;39m [36mliquibase.ui                            [0;39m [35m:37  [0;39m Running Changeset: db/changelog/logs/2024-05-28-ch-insert-new-notification-with-platforms-to-notificationTempalate-and-notificationPlatforms-Ryhal.xml::1-insert-new-template::Denys Ryhal
[2025-04-16 23:44:29] [34mINFO[0;39m [36mliquibase.changelog                     [0;39m [35m:37  [0;39m New row inserted into notification_templates
[2025-04-16 23:44:29] [34mINFO[0;39m [36mliquibase.changelog                     [0;39m [35m:37  [0;39m ChangeSet db/changelog/logs/2024-05-28-ch-insert-new-notification-with-platforms-to-notificationTempalate-and-notificationPlatforms-Ryhal.xml::1-insert-new-template::Denys Ryhal ran successfully in 1ms
[2025-04-16 23:44:29] [34mINFO[0;39m [36mliquibase.ui                            [0;39m [35m:37  [0;39m Running Changeset: db/changelog/logs/2024-05-28-ch-insert-new-notification-with-platforms-to-notificationTempalate-and-notificationPlatforms-Ryhal.xml::2-insert-new-platforms-mobile::Denys Ryhal
[2025-04-16 23:44:29] [34mINFO[0;39m [36mliquibase.changelog                     [0;39m [35m:37  [0;39m Custom SQL executed
[2025-04-16 23:44:29] [34mINFO[0;39m [36mliquibase.changelog                     [0;39m [35m:37  [0;39m ChangeSet db/changelog/logs/2024-05-28-ch-insert-new-notification-with-platforms-to-notificationTempalate-and-notificationPlatforms-Ryhal.xml::2-insert-new-platforms-mobile::Denys Ryhal ran successfully in 2ms
[2025-04-16 23:44:29] [34mINFO[0;39m [36mliquibase.ui                            [0;39m [35m:37  [0;39m Running Changeset: db/changelog/logs/2024-05-28-ch-insert-new-notification-with-platforms-to-notificationTempalate-and-notificationPlatforms-Ryhal.xml::3-insert-new-platforms-email::Denys Ryhal
[2025-04-16 23:44:29] [34mINFO[0;39m [36mliquibase.changelog                     [0;39m [35m:37  [0;39m Custom SQL executed
[2025-04-16 23:44:29] [34mINFO[0;39m [36mliquibase.changelog                     [0;39m [35m:37  [0;39m ChangeSet db/changelog/logs/2024-05-28-ch-insert-new-notification-with-platforms-to-notificationTempalate-and-notificationPlatforms-Ryhal.xml::3-insert-new-platforms-email::Denys Ryhal ran successfully in 2ms
[2025-04-16 23:44:29] [34mINFO[0;39m [36mliquibase.ui                            [0;39m [35m:37  [0;39m Running Changeset: db/changelog/logs/2024-05-28-ch-insert-new-notification-with-platforms-to-notificationTempalate-and-notificationPlatforms-Ryhal.xml::4-insert-new-platforms-site::Denys Ryhal
[2025-04-16 23:44:29] [34mINFO[0;39m [36mliquibase.changelog                     [0;39m [35m:37  [0;39m Custom SQL executed
[2025-04-16 23:44:29] [34mINFO[0;39m [36mliquibase.changelog                     [0;39m [35m:37  [0;39m ChangeSet db/changelog/logs/2024-05-28-ch-insert-new-notification-with-platforms-to-notificationTempalate-and-notificationPlatforms-Ryhal.xml::4-insert-new-platforms-site::Denys Ryhal ran successfully in 1ms
[2025-04-16 23:44:29] [34mINFO[0;39m [36mliquibase.ui                            [0;39m [35m:37  [0;39m Running Changeset: db/changelog/logs/2024-05-10-ch-add-column-isScheduleUpdateForbidden-toNotificationTemplate-Ryhal.xml::2024-05-10-add-column-isScheduleUpdateForbidden-to-NotificationTemplate::Ryhal Denys
[2025-04-16 23:44:29] [34mINFO[0;39m [36mliquibase.changelog                     [0;39m [35m:37  [0;39m Columns is_schedule_update_forbidden(boolean) added to notification_templates
[2025-04-16 23:44:29] [34mINFO[0;39m [36mliquibase.changelog                     [0;39m [35m:37  [0;39m ChangeSet db/changelog/logs/2024-05-10-ch-add-column-isScheduleUpdateForbidden-toNotificationTemplate-Ryhal.xml::2024-05-10-add-column-isScheduleUpdateForbidden-to-NotificationTemplate::Ryhal Denys ran successfully in 2ms
[2025-04-16 23:44:29] [34mINFO[0;39m [36mliquibase.ui                            [0;39m [35m:37  [0;39m Running Changeset: db/changelog/logs/2024-05-16-ch-add-column-template_id-to-UserNotification-Ryhal.xml::2024-05-13-add-column-template_uuid-to-UserNotification::Ryhal Denys
[2025-04-16 23:44:29] [34mINFO[0;39m [36mliquibase.changelog                     [0;39m [35m:37  [0;39m Columns template_id(bigint) added to user_notifications
[2025-04-16 23:44:29] [34mINFO[0;39m [36mliquibase.changelog                     [0;39m [35m:37  [0;39m ChangeSet db/changelog/logs/2024-05-16-ch-add-column-template_id-to-UserNotification-Ryhal.xml::2024-05-13-add-column-template_uuid-to-UserNotification::Ryhal Denys ran successfully in 1ms
[2025-04-16 23:44:29] [34mINFO[0;39m [36mliquibase.ui                            [0;39m [35m:37  [0;39m Running Changeset: db/changelog/logs/2024-05-20-ch-add-column-userCategory-to-NotificationTemplate-Ryhal.xml::2024-05-20-ch-add-column-userCategory-to-NotificationTemplate-Ryhal::Denys Ryhal
[2025-04-16 23:44:29] [34mINFO[0;39m [36mliquibase.changelog                     [0;39m [35m:37  [0;39m Columns user_category(varchar(255)) added to notification_templates
[2025-04-16 23:44:29] [34mINFO[0;39m [36mliquibase.changelog                     [0;39m [35m:37  [0;39m ChangeSet db/changelog/logs/2024-05-20-ch-add-column-userCategory-to-NotificationTemplate-Ryhal.xml::2024-05-20-ch-add-column-userCategory-to-NotificationTemplate-Ryhal::Denys Ryhal ran successfully in 1ms
[2025-04-16 23:44:29] [34mINFO[0;39m [36mliquibase.ui                            [0;39m [35m:37  [0;39m Running Changeset: db/changelog/logs/2024-05-20-ch-set-values-isScheduleUpdateForbidden-true-to-NotificationTemplate-Ryhal.xml::2024-05-20-ch-set-values-isScheduleUpdateForbidden-true-to-NotificationTemplates-Ryhal::Denys Ryhal
[2025-04-16 23:44:29] [34mINFO[0;39m [36mliquibase.changelog                     [0;39m [35m:37  [0;39m Data updated in notification_templates
[2025-04-16 23:44:29] [34mINFO[0;39m [36mliquibase.changelog                     [0;39m [35m:37  [0;39m ChangeSet db/changelog/logs/2024-05-20-ch-set-values-isScheduleUpdateForbidden-true-to-NotificationTemplate-Ryhal.xml::2024-05-20-ch-set-values-isScheduleUpdateForbidden-true-to-NotificationTemplates-Ryhal::Denys Ryhal ran successfully in 2ms
[2025-04-16 23:44:29] [34mINFO[0;39m [36mliquibase.ui                            [0;39m [35m:37  [0;39m Running Changeset: db/changelog/logs/ch-add-column-blocked-at-to-orders-table-Kizerov.xml::ch-add-column-blocked-at-to-orders-table-Kizerov::Kizerov
[2025-04-16 23:44:29] [34mINFO[0;39m [36mliquibase.changelog                     [0;39m [35m:37  [0;39m Columns blocked_at(timestamp) added to orders
[2025-04-16 23:44:29] [34mINFO[0;39m [36mliquibase.changelog                     [0;39m [35m:37  [0;39m ChangeSet db/changelog/logs/ch-add-column-blocked-at-to-orders-table-Kizerov.xml::ch-add-column-blocked-at-to-orders-table-Kizerov::Kizerov ran successfully in 1ms
[2025-04-16 23:44:29] [34mINFO[0;39m [36mliquibase.ui                            [0;39m [35m:37  [0;39m Running Changeset: db/changelog/logs/ch-insert-data-into-notification_templates-Kizerov.xml::1::Kizerov
[2025-04-16 23:44:29] [34mINFO[0;39m [36mliquibase.changelog                     [0;39m [35m:37  [0;39m New row inserted into notification_templates
[2025-04-16 23:44:29] [34mINFO[0;39m [36mliquibase.changelog                     [0;39m [35m:37  [0;39m ChangeSet db/changelog/logs/ch-insert-data-into-notification_templates-Kizerov.xml::1::Kizerov ran successfully in 3ms
[2025-04-16 23:44:29] [34mINFO[0;39m [36mliquibase.ui                            [0;39m [35m:37  [0;39m Running Changeset: db/changelog/logs/ch-insert-data-into-notification-platforms-Kizerov.xml::1::Kizerov
[2025-04-16 23:44:29] [34mINFO[0;39m [36mliquibase.changelog                     [0;39m [35m:37  [0;39m Custom SQL executed
[2025-04-16 23:44:29] [34mINFO[0;39m [36mliquibase.changelog                     [0;39m [35m:37  [0;39m ChangeSet db/changelog/logs/ch-insert-data-into-notification-platforms-Kizerov.xml::1::Kizerov ran successfully in 4ms
[2025-04-16 23:44:29] [34mINFO[0;39m [36mliquibase.ui                            [0;39m [35m:37  [0;39m Running Changeset: db/changelog/logs/ch-update-values-in-notification-templates-title-Sotnik.xml::ch-update-values-in-notification-templates-title-Sotnik::Olena Sotnik
[2025-04-16 23:44:29] [34mINFO[0;39m [36mliquibase.changelog                     [0;39m [35m:37  [0;39m Data updated in notification_templates
[2025-04-16 23:44:29] [34mINFO[0;39m [36mliquibase.changelog                     [0;39m [35m:37  [0;39m ChangeSet db/changelog/logs/ch-update-values-in-notification-templates-title-Sotnik.xml::ch-update-values-in-notification-templates-title-Sotnik::Olena Sotnik ran successfully in 1ms
[2025-04-16 23:44:29] [34mINFO[0;39m [36mliquibase.ui                            [0;39m [35m:37  [0;39m Running Changeset: db/changelog/logs/ch-add-column-status-and-deleteDate-to-Violation-Chekhovska.xml::add-column-status-and-deleteDate-to-Violation::MarynaChekhovska
[2025-04-16 23:44:29] [34mINFO[0;39m [36mliquibase.changelog                     [0;39m [35m:37  [0;39m Columns violation_status(VARCHAR(15)),delete_date(TIMESTAMP) added to violations_description_mapping
[2025-04-16 23:44:29] [34mINFO[0;39m [36mliquibase.changelog                     [0;39m [35m:37  [0;39m ChangeSet db/changelog/logs/ch-add-column-status-and-deleteDate-to-Violation-Chekhovska.xml::add-column-status-and-deleteDate-to-Violation::MarynaChekhovska ran successfully in 1ms
[2025-04-16 23:44:29] [34mINFO[0;39m [36mliquibase.ui                            [0;39m [35m:37  [0;39m Running Changeset: db/changelog/logs/ch-add-column-status-and-deleteDate-to-Violation-Chekhovska.xml::set-status-to-Violation::MarynaChekhovska
[2025-04-16 23:44:29] [34mINFO[0;39m [36mliquibase.changelog                     [0;39m [35m:37  [0;39m Data updated in violations_description_mapping
[2025-04-16 23:44:29] [34mINFO[0;39m [36mliquibase.changelog                     [0;39m [35m:37  [0;39m ChangeSet db/changelog/logs/ch-add-column-status-and-deleteDate-to-Violation-Chekhovska.xml::set-status-to-Violation::MarynaChekhovska ran successfully in 1ms
[2025-04-16 23:44:29] [34mINFO[0;39m [36mliquibase.ui                            [0;39m [35m:37  [0;39m Running Changeset: db/changelog/logs/ch-update-notification-templates-Herchanivska.xml::Viktoriia-1::Herchanivska
[2025-04-16 23:44:29] [34mINFO[0;39m [36mliquibase.changelog                     [0;39m [35m:37  [0;39m Data updated in notification_templates
[2025-04-16 23:44:29] [34mINFO[0;39m [36mliquibase.changelog                     [0;39m [35m:37  [0;39m Data updated in notification_templates
[2025-04-16 23:44:29] [34mINFO[0;39m [36mliquibase.changelog                     [0;39m [35m:37  [0;39m ChangeSet db/changelog/logs/ch-update-notification-templates-Herchanivska.xml::Viktoriia-1::Herchanivska ran successfully in 1ms
[2025-04-16 23:44:29] [34mINFO[0;39m [36mliquibase.ui                            [0;39m [35m:37  [0;39m Running Changeset: db/changelog/logs/ch-add-column-tarriff-infos-mapping-Klopov.xml::1::Dmytro Klopov
[2025-04-16 23:44:29] [34mINFO[0;39m [36mliquibase.changelog                     [0;39m [35m:37  [0;39m Columns has_chat(boolean) added to tariff_infos_receiving_employee_mapping
[2025-04-16 23:44:29] [34mINFO[0;39m [36mliquibase.changelog                     [0;39m [35m:37  [0;39m ChangeSet db/changelog/logs/ch-add-column-tarriff-infos-mapping-Klopov.xml::1::Dmytro Klopov ran successfully in 2ms
[2025-04-16 23:44:29] [34mINFO[0;39m [36mliquibase.ui                            [0;39m [35m:37  [0;39m Running Changeset: db/changelog/logs/ch-add-table-user-agreements-Prots.xml::Prots-1::Nazar Prots
[2025-04-16 23:44:30] [34mINFO[0;39m [36mliquibase.changelog                     [0;39m [35m:37  [0;39m Table user_agreements created
[2025-04-16 23:44:30] [34mINFO[0;39m [36mliquibase.changelog                     [0;39m [35m:37  [0;39m Foreign key constraint added to user_agreements (author_id)
[2025-04-16 23:44:30] [34mINFO[0;39m [36mliquibase.changelog                     [0;39m [35m:37  [0;39m ChangeSet db/changelog/logs/ch-add-table-user-agreements-Prots.xml::Prots-1::Nazar Prots ran successfully in 10ms
[2025-04-16 23:44:30] [34mINFO[0;39m [36mliquibase.ui                            [0;39m [35m:37  [0;39m Running Changeset: db/changelog/logs/ch-drop-and-create-refunds-table.xml::Lukovskyi-1::Lukovskyi Volodymyr
[2025-04-16 23:44:30] [34mINFO[0;39m [36mliquibase.changelog                     [0;39m [35m:37  [0;39m Table refunds dropped
[2025-04-16 23:44:30] [34mINFO[0;39m [36mliquibase.changelog                     [0;39m [35m:37  [0;39m ChangeSet db/changelog/logs/ch-drop-and-create-refunds-table.xml::Lukovskyi-1::Lukovskyi Volodymyr ran successfully in 3ms
[2025-04-16 23:44:30] [34mINFO[0;39m [36mliquibase.ui                            [0;39m [35m:37  [0;39m Running Changeset: db/changelog/logs/ch-drop-and-create-refunds-table.xml::Lukovskyi-2::Lukovskyi Volodymyr
[2025-04-16 23:44:30] [34mINFO[0;39m [36mliquibase.changelog                     [0;39m [35m:37  [0;39m Table refunds created
[2025-04-16 23:44:30] [34mINFO[0;39m [36mliquibase.changelog                     [0;39m [35m:37  [0;39m Foreign key constraint added to refunds (order_id)
[2025-04-16 23:44:30] [34mINFO[0;39m [36mliquibase.changelog                     [0;39m [35m:37  [0;39m ChangeSet db/changelog/logs/ch-drop-and-create-refunds-table.xml::Lukovskyi-2::Lukovskyi Volodymyr ran successfully in 4ms
[2025-04-16 23:44:30] [34mINFO[0;39m [36mliquibase.ui                            [0;39m [35m:37  [0;39m Running Changeset: db/changelog/logs/ch-create-table-cities-Kizerov.xml::create-cities-table::Kizerov Dmytro
[2025-04-16 23:44:30] [34mINFO[0;39m [36mliquibase.changelog                     [0;39m [35m:37  [0;39m Table cities created
[2025-04-16 23:44:30] [34mINFO[0;39m [36mliquibase.changelog                     [0;39m [35m:37  [0;39m Foreign key constraint added to cities (region_id)
[2025-04-16 23:44:30] [34mINFO[0;39m [36mliquibase.changelog                     [0;39m [35m:37  [0;39m ChangeSet db/changelog/logs/ch-create-table-cities-Kizerov.xml::create-cities-table::Kizerov Dmytro ran successfully in 6ms
[2025-04-16 23:44:30] [34mINFO[0;39m [36mliquibase.ui                            [0;39m [35m:37  [0;39m Running Changeset: db/changelog/logs/ch-create-table-districts-Kizerov.xml::create-districts-table::Kizerov Dmytro
[2025-04-16 23:44:30] [34mINFO[0;39m [36mliquibase.changelog                     [0;39m [35m:37  [0;39m Table districts created
[2025-04-16 23:44:30] [34mINFO[0;39m [36mliquibase.changelog                     [0;39m [35m:37  [0;39m Foreign key constraint added to districts (city_id)
[2025-04-16 23:44:30] [34mINFO[0;39m [36mliquibase.changelog                     [0;39m [35m:37  [0;39m ChangeSet db/changelog/logs/ch-create-table-districts-Kizerov.xml::create-districts-table::Kizerov Dmytro ran successfully in 5ms
[2025-04-16 23:44:30] [34mINFO[0;39m [36mliquibase.ui                            [0;39m [35m:37  [0;39m Running Changeset: db/changelog/logs/add-columns-to-address-table-Kizerov.xml::add-region-city-district-ids-to-address::Kizerov Dmytro
[2025-04-16 23:44:30] [34mINFO[0;39m [36mliquibase.changelog                     [0;39m [35m:37  [0;39m Columns region_id(BIGINT),city_id(BIGINT),district_id(BIGINT) added to address
[2025-04-16 23:44:30] [34mINFO[0;39m [36mliquibase.changelog                     [0;39m [35m:37  [0;39m Foreign key constraint added to address (region_id)
[2025-04-16 23:44:30] [34mINFO[0;39m [36mliquibase.changelog                     [0;39m [35m:37  [0;39m Foreign key constraint added to address (city_id)
[2025-04-16 23:44:30] [34mINFO[0;39m [36mliquibase.changelog                     [0;39m [35m:37  [0;39m Foreign key constraint added to address (district_id)
[2025-04-16 23:44:30] [34mINFO[0;39m [36mliquibase.changelog                     [0;39m [35m:37  [0;39m ChangeSet db/changelog/logs/add-columns-to-address-table-Kizerov.xml::add-region-city-district-ids-to-address::Kizerov Dmytro ran successfully in 5ms
[2025-04-16 23:44:30] [34mINFO[0;39m [36mliquibase.ui                            [0;39m [35m:37  [0;39m Running Changeset: db/changelog/logs/ch-insert-into-address-region-id-Kizerov.xml::update-region_id::Kizerov Dmytro
[2025-04-16 23:44:30] [34mINFO[0;39m [36mliquibase.changelog                     [0;39m [35m:37  [0;39m Data updated in address
[2025-04-16 23:44:30] [34mINFO[0;39m [36mliquibase.changelog                     [0;39m [35m:37  [0;39m ChangeSet db/changelog/logs/ch-insert-into-address-region-id-Kizerov.xml::update-region_id::Kizerov Dmytro ran successfully in 1ms
[2025-04-16 23:44:30] [34mINFO[0;39m [36mliquibase.ui                            [0;39m [35m:37  [0;39m Running Changeset: db/changelog/logs/ch-insert-into-city-data-Kizerov.xml::insert-data-to-table-city::Kizerov Dmytro
[2025-04-16 23:44:30] [34mINFO[0;39m [36mliquibase.changelog                     [0;39m [35m:37  [0;39m Custom SQL executed
[2025-04-16 23:44:30] [34mINFO[0;39m [36mliquibase.changelog                     [0;39m [35m:37  [0;39m ChangeSet db/changelog/logs/ch-insert-into-city-data-Kizerov.xml::insert-data-to-table-city::Kizerov Dmytro ran successfully in 1ms
[2025-04-16 23:44:30] [34mINFO[0;39m [36mliquibase.ui                            [0;39m [35m:37  [0;39m Running Changeset: db/changelog/logs/ch-insert-into-address-city-id-Kizerov.xml::update-address-city-id::Kizerov Dmytro
[2025-04-16 23:44:30] [34mINFO[0;39m [36mliquibase.changelog                     [0;39m [35m:37  [0;39m Custom SQL executed
[2025-04-16 23:44:30] [34mINFO[0;39m [36mliquibase.changelog                     [0;39m [35m:37  [0;39m ChangeSet db/changelog/logs/ch-insert-into-address-city-id-Kizerov.xml::update-address-city-id::Kizerov Dmytro ran successfully in 1ms
[2025-04-16 23:44:30] [34mINFO[0;39m [36mliquibase.ui                            [0;39m [35m:37  [0;39m Running Changeset: db/changelog/logs/ch-insert-data-into-table-districts-Kizerov.xml::insert-data-into-districts::Kizerov Dmytro
[2025-04-16 23:44:30] [34mINFO[0;39m [36mliquibase.changelog                     [0;39m [35m:37  [0;39m Custom SQL executed
[2025-04-16 23:44:30] [34mINFO[0;39m [36mliquibase.changelog                     [0;39m [35m:37  [0;39m ChangeSet db/changelog/logs/ch-insert-data-into-table-districts-Kizerov.xml::insert-data-into-districts::Kizerov Dmytro ran successfully in 1ms
[2025-04-16 23:44:30] [34mINFO[0;39m [36mliquibase.ui                            [0;39m [35m:37  [0;39m Running Changeset: db/changelog/logs/ch-update-table-address-with-district-id-Kizerov.xml::update-address-with-district-id::Kizerov Dmytro
[2025-04-16 23:44:30] [34mINFO[0;39m [36mliquibase.changelog                     [0;39m [35m:37  [0;39m Custom SQL executed
[2025-04-16 23:44:30] [34mINFO[0;39m [36mliquibase.changelog                     [0;39m [35m:37  [0;39m ChangeSet db/changelog/logs/ch-update-table-address-with-district-id-Kizerov.xml::update-address-with-district-id::Kizerov Dmytro ran successfully in 1ms
[2025-04-16 23:44:30] [34mINFO[0;39m [36mliquibase.ui                            [0;39m [35m:37  [0;39m Running Changeset: db/changelog/logs/ch-insert-into-user-agreement-Prots.xml::Prots-2::Nazar Prots
[2025-04-16 23:44:30] [34mINFO[0;39m [36mliquibase.changelog                     [0;39m [35m:37  [0;39m New row inserted into user_agreements
[2025-04-16 23:44:30] [34mINFO[0;39m [36mliquibase.changelog                     [0;39m [35m:37  [0;39m ChangeSet db/changelog/logs/ch-insert-into-user-agreement-Prots.xml::Prots-2::Nazar Prots ran successfully in 3ms
[2025-04-16 23:44:30] [34mINFO[0;39m [36mliquibase.ui                            [0;39m [35m:37  [0;39m Running Changeset: db/changelog/logs/ch-update-refunds-table-Lukovskyi.xml::Lukovskyi-3::Lukovskyi Volodymyr
[2025-04-16 23:44:30] [34mINFO[0;39m [36mliquibase.changelog                     [0;39m [35m:37  [0;39m Custom SQL executed
[2025-04-16 23:44:30] [34mINFO[0;39m [36mliquibase.changelog                     [0;39m [35m:37  [0;39m Unique constraint added to refunds(order_id)
[2025-04-16 23:44:30] [34mINFO[0;39m [36mliquibase.changelog                     [0;39m [35m:37  [0;39m ChangeSet db/changelog/logs/ch-update-refunds-table-Lukovskyi.xml::Lukovskyi-3::Lukovskyi Volodymyr ran successfully in 4ms
[2025-04-16 23:44:30] [34mINFO[0;39m [36mliquibase.ui                            [0;39m [35m:37  [0;39m Running Changeset: db/changelog/logs/ch-add-columns-to-order_address-table-Lukovskyi.xml::Lukovskyi-4::Volodymyr Lukovskyi
[2025-04-16 23:44:30] [34mINFO[0;39m [36mliquibase.changelog                     [0;39m [35m:37  [0;39m Columns city_id(bigint),region_id(bigint),district_id(bigint) added to order_address
[2025-04-16 23:44:30] [34mINFO[0;39m [36mliquibase.changelog                     [0;39m [35m:37  [0;39m Custom SQL executed
[2025-04-16 23:44:30] [34mINFO[0;39m [36mliquibase.changelog                     [0;39m [35m:37  [0;39m Custom SQL executed
[2025-04-16 23:44:30] [34mINFO[0;39m [36mliquibase.changelog                     [0;39m [35m:37  [0;39m Custom SQL executed
[2025-04-16 23:44:30] [34mINFO[0;39m [36mliquibase.changelog                     [0;39m [35m:37  [0;39m NOT NULL constraint has been added to order_address.city_id
[2025-04-16 23:44:30] [34mINFO[0;39m [36mliquibase.changelog                     [0;39m [35m:37  [0;39m NOT NULL constraint has been added to order_address.region_id
[2025-04-16 23:44:30] [34mINFO[0;39m [36mliquibase.changelog                     [0;39m [35m:37  [0;39m NOT NULL constraint has been added to order_address.district_id
[2025-04-16 23:44:30] [34mINFO[0;39m [36mliquibase.changelog                     [0;39m [35m:37  [0;39m Foreign key constraint added to order_address (city_id)
[2025-04-16 23:44:30] [34mINFO[0;39m [36mliquibase.changelog                     [0;39m [35m:37  [0;39m Foreign key constraint added to order_address (region_id)
[2025-04-16 23:44:30] [34mINFO[0;39m [36mliquibase.changelog                     [0;39m [35m:37  [0;39m Foreign key constraint added to order_address (district_id)
[2025-04-16 23:44:30] [34mINFO[0;39m [36mliquibase.changelog                     [0;39m [35m:37  [0;39m ChangeSet db/changelog/logs/ch-add-columns-to-order_address-table-Lukovskyi.xml::Lukovskyi-4::Volodymyr Lukovskyi ran successfully in 8ms
[2025-04-16 23:44:30] [34mINFO[0;39m [36mliquibase.ui                            [0;39m [35m:37  [0;39m Running Changeset: db/changelog/logs/ch-insert-all-ukrainian-regions-into-region-table-Lukovskyi.xml::Lukovskyi-5::Volodymyr Lukovskyi
[2025-04-16 23:44:30] [34mINFO[0;39m [36mliquibase.changelog                     [0;39m [35m:37  [0;39m Custom SQL executed
[2025-04-16 23:44:30] [34mINFO[0;39m [36mliquibase.changelog                     [0;39m [35m:37  [0;39m ChangeSet db/changelog/logs/ch-insert-all-ukrainian-regions-into-region-table-Lukovskyi.xml::Lukovskyi-5::Volodymyr Lukovskyi ran successfully in 14ms
[2025-04-16 23:44:30] [34mINFO[0;39m [36mliquibase.ui                            [0;39m [35m:37  [0;39m Running Changeset: db/changelog/logs/ch-add-columns-into-big_order_table-Lukovskyi.xml::Lukovskyi-6::Volodymyr Lukovskyi
[2025-04-16 23:44:30] [34mINFO[0;39m [36mliquibase.changelog                     [0;39m [35m:37  [0;39m View big_order_table dropped
[2025-04-16 23:44:30] [34mINFO[0;39m [36mliquibase.changelog                     [0;39m [35m:37  [0;39m View big_order_table created
[2025-04-16 23:44:30] [34mINFO[0;39m [36mliquibase.changelog                     [0;39m [35m:37  [0;39m ChangeSet db/changelog/logs/ch-add-columns-into-big_order_table-Lukovskyi.xml::Lukovskyi-6::Volodymyr Lukovskyi ran successfully in 19ms
[2025-04-16 23:44:30] [34mINFO[0;39m [36mliquibase.ui                            [0;39m [35m:37  [0;39m Running Changeset: db/changelog/logs/2024-10-04-ch-delete-values-from-notifications_platforms-and-notification_templates-Kizerov.xml::2024-10-04-delete-from-notifications_platforms-and-notification_templates::Kizerov Dmytro
[2025-04-16 23:44:30] [34mINFO[0;39m [36mliquibase.changelog                     [0;39m [35m:37  [0;39m Data deleted from notification_platforms
[2025-04-16 23:44:30] [34mINFO[0;39m [36mliquibase.changelog                     [0;39m [35m:37  [0;39m Data deleted from notification_templates
[2025-04-16 23:44:30] [34mINFO[0;39m [36mliquibase.changelog                     [0;39m [35m:37  [0;39m ChangeSet db/changelog/logs/2024-10-04-ch-delete-values-from-notifications_platforms-and-notification_templates-Kizerov.xml::2024-10-04-delete-from-notifications_platforms-and-notification_templates::Kizerov Dmytro ran successfully in 2ms
[2025-04-16 23:44:30] [34mINFO[0;39m [36mliquibase.ui                            [0;39m [35m:37  [0;39m Running Changeset: db/changelog/logs/ch-update-text-for-notifications-Rozhko.xml::Rozhko-1::Ilia Rozhko
[2025-04-16 23:44:30] [34mINFO[0;39m [36mliquibase.changelog                     [0;39m [35m:37  [0;39m Data updated in notification_platforms
[2025-04-16 23:44:30] [34mINFO[0;39m [36mliquibase.changelog                     [0;39m [35m:37  [0;39m Data updated in notification_platforms
[2025-04-16 23:44:30] [34mINFO[0;39m [36mliquibase.changelog                     [0;39m [35m:37  [0;39m Data updated in notification_platforms
[2025-04-16 23:44:30] [34mINFO[0;39m [36mliquibase.changelog                     [0;39m [35m:37  [0;39m Data updated in notification_platforms
[2025-04-16 23:44:30] [34mINFO[0;39m [36mliquibase.changelog                     [0;39m [35m:37  [0;39m Data updated in notification_platforms
[2025-04-16 23:44:30] [34mINFO[0;39m [36mliquibase.changelog                     [0;39m [35m:37  [0;39m Data updated in notification_platforms
[2025-04-16 23:44:30] [34mINFO[0;39m [36mliquibase.changelog                     [0;39m [35m:37  [0;39m Data updated in notification_platforms
[2025-04-16 23:44:30] [34mINFO[0;39m [36mliquibase.changelog                     [0;39m [35m:37  [0;39m Data updated in notification_platforms
[2025-04-16 23:44:30] [34mINFO[0;39m [36mliquibase.changelog                     [0;39m [35m:37  [0;39m Data updated in notification_platforms
[2025-04-16 23:44:30] [34mINFO[0;39m [36mliquibase.changelog                     [0;39m [35m:37  [0;39m Data updated in notification_platforms
[2025-04-16 23:44:30] [34mINFO[0;39m [36mliquibase.changelog                     [0;39m [35m:37  [0;39m Data updated in notification_platforms
[2025-04-16 23:44:30] [34mINFO[0;39m [36mliquibase.changelog                     [0;39m [35m:37  [0;39m Data updated in notification_platforms
[2025-04-16 23:44:30] [34mINFO[0;39m [36mliquibase.changelog                     [0;39m [35m:37  [0;39m Data updated in notification_platforms
[2025-04-16 23:44:30] [34mINFO[0;39m [36mliquibase.changelog                     [0;39m [35m:37  [0;39m Data updated in notification_platforms
[2025-04-16 23:44:30] [34mINFO[0;39m [36mliquibase.changelog                     [0;39m [35m:37  [0;39m Data updated in notification_platforms
[2025-04-16 23:44:30] [34mINFO[0;39m [36mliquibase.changelog                     [0;39m [35m:37  [0;39m ChangeSet db/changelog/logs/ch-update-text-for-notifications-Rozhko.xml::Rozhko-1::Ilia Rozhko ran successfully in 12ms
[2025-04-16 23:44:30] [34mINFO[0;39m [36mliquibase.ui                            [0;39m [35m:37  [0;39m Running Changeset: db/changelog/logs/ch-add-column-isDeleted-to-UserNotifications-Kasarab.xml::ch-add-column-isDeleted-to-UserNotifications-Kasarab::Roman Kasarab
[2025-04-16 23:44:30] [34mINFO[0;39m [36mliquibase.changelog                     [0;39m [35m:37  [0;39m Columns is_deleted(boolean) added to user_notifications
[2025-04-16 23:44:30] [34mINFO[0;39m [36mliquibase.changelog                     [0;39m [35m:37  [0;39m ChangeSet db/changelog/logs/ch-add-column-isDeleted-to-UserNotifications-Kasarab.xml::ch-add-column-isDeleted-to-UserNotifications-Kasarab::Roman Kasarab ran successfully in 1ms
[2025-04-16 23:44:30] [34mINFO[0;39m [36mliquibase.ui                            [0;39m [35m:37  [0;39m Running Changeset: db/changelog/logs/2024-11-07-rename-positions-Kizerov.xml::2024-11-07-rename-positions::Kizerov Dmytro
[2025-04-16 23:44:30] [34mINFO[0;39m [36mliquibase.changelog                     [0;39m [35m:37  [0;39m Data updated in positions
[2025-04-16 23:44:30] [34mINFO[0;39m [36mliquibase.changelog                     [0;39m [35m:37  [0;39m Data updated in positions
[2025-04-16 23:44:30] [34mINFO[0;39m [36mliquibase.changelog                     [0;39m [35m:37  [0;39m ChangeSet db/changelog/logs/2024-11-07-rename-positions-Kizerov.xml::2024-11-07-rename-positions::Kizerov Dmytro ran successfully in 2ms
[2025-04-16 23:44:30] [34mINFO[0;39m [36mliquibase.ui                            [0;39m [35m:37  [0;39m Running Changeset: db/changelog/logs/2024-11-08-rename-position-kizerov.xml::2024-11-08-rename-position::Kizerov Dmytro
[2025-04-16 23:44:30] [34mINFO[0;39m [36mliquibase.changelog                     [0;39m [35m:37  [0;39m Data updated in positions
[2025-04-16 23:44:30] [34mINFO[0;39m [36mliquibase.changelog                     [0;39m [35m:37  [0;39m ChangeSet db/changelog/logs/2024-11-08-rename-position-kizerov.xml::2024-11-08-rename-position::Kizerov Dmytro ran successfully in 2ms
[2025-04-16 23:44:30] [34mINFO[0;39m [36mliquibase.ui                            [0;39m [35m:37  [0;39m Running Changeset: db/changelog/logs/2024-12-09-update-big-order-table-view-Kizerov.xml::delete-big-order-table-view::Kizerov Dmytro
[2025-04-16 23:44:30] [34mINFO[0;39m [36mliquibase.changelog                     [0;39m [35m:37  [0;39m View big_order_table dropped
[2025-04-16 23:44:30] [34mINFO[0;39m [36mliquibase.changelog                     [0;39m [35m:37  [0;39m ChangeSet db/changelog/logs/2024-12-09-update-big-order-table-view-Kizerov.xml::delete-big-order-table-view::Kizerov Dmytro ran successfully in 3ms
[2025-04-16 23:44:30] [34mINFO[0;39m [36mliquibase.ui                            [0;39m [35m:37  [0;39m Running Changeset: db/changelog/logs/2024-12-09-update-big-order-table-view-Kizerov.xml::create-big-order-table-view::Kizerov Dmytro
[2025-04-16 23:44:30] [34mINFO[0;39m [36mliquibase.changelog                     [0;39m [35m:37  [0;39m View big_order_table created
[2025-04-16 23:44:30] [34mINFO[0;39m [36mliquibase.changelog                     [0;39m [35m:37  [0;39m ChangeSet db/changelog/logs/2024-12-09-update-big-order-table-view-Kizerov.xml::create-big-order-table-view::Kizerov Dmytro ran successfully in 26ms
[2025-04-16 23:44:30] [34mINFO[0;39m [36mliquibase.ui                            [0;39m [35m:37  [0;39m Running Changeset: db/changelog/logs/2024-12-09-update-colum_width_for_employee-Kizerov.xml::update-colum_width_for_employee::Kizerov Dmytro
[2025-04-16 23:44:30] [34mINFO[0;39m [36mliquibase.changelog                     [0;39m [35m:37  [0;39m Columns mixed_waste_120l(INT),textile_waste_60l(INT),textile_waste_20l(INT) added to column_width_for_employee
[2025-04-16 23:44:30] [34mINFO[0;39m [36mliquibase.changelog                     [0;39m [35m:37  [0;39m Column column_width_for_employee.bags_amount dropped
[2025-04-16 23:44:30] [34mINFO[0;39m [36mliquibase.changelog                     [0;39m [35m:37  [0;39m ChangeSet db/changelog/logs/2024-12-09-update-colum_width_for_employee-Kizerov.xml::update-colum_width_for_employee::Kizerov Dmytro ran successfully in 2ms
[2025-04-16 23:44:30] [34mINFO[0;39m [36mliquibase.ui                            [0;39m [35m:37  [0;39m Running Changeset: db/changelog/logs/2024-12-14-update-custom_table_view-Kizerov.xml::update-custom_table_view::Kizerov Dmytro
[2025-04-16 23:44:30] [34mINFO[0;39m [36mliquibase.changelog                     [0;39m [35m:37  [0;39m Custom SQL executed
[2025-04-16 23:44:30] [34mINFO[0;39m [36mliquibase.changelog                     [0;39m [35m:37  [0;39m ChangeSet db/changelog/logs/2024-12-14-update-custom_table_view-Kizerov.xml::update-custom_table_view::Kizerov Dmytro ran successfully in 3ms
[2025-04-16 23:44:30] [34mINFO[0;39m [36mliquibase.ui                            [0;39m [35m:37  [0;39m Running Changeset: db/changelog/logs/2024-12-16-hotfix-big_order_table-Kizerov.xml::hotfix-big_order_table::Kizerov Dmytro
[2025-04-16 23:44:30] [34mINFO[0;39m [36mliquibase.changelog                     [0;39m [35m:37  [0;39m Custom SQL executed
[2025-04-16 23:44:30] [34mINFO[0;39m [36mliquibase.changelog                     [0;39m [35m:37  [0;39m Custom SQL executed
[2025-04-16 23:44:30] [34mINFO[0;39m [36mliquibase.changelog                     [0;39m [35m:37  [0;39m ChangeSet db/changelog/logs/2024-12-16-hotfix-big_order_table-Kizerov.xml::hotfix-big_order_table::Kizerov Dmytro ran successfully in 3ms
[2025-04-16 23:44:30] [34mINFO[0;39m [36mliquibase.ui                            [0;39m [35m:37  [0;39m Running Changeset: db/changelog/logs/2024-11-28-change-add-column-isTableFreeze-to-column_width_for_employee-Warded120.xml::change-add-column-isTableFreeze-to-column_width_for_employee-Warded120::Warded120
[2025-04-16 23:44:30] [34mINFO[0;39m [36mliquibase.changelog                     [0;39m [35m:37  [0;39m Columns is_table_freeze(boolean) added to column_width_for_employee
[2025-04-16 23:44:30] [34mINFO[0;39m [36mliquibase.changelog                     [0;39m [35m:37  [0;39m ChangeSet db/changelog/logs/2024-11-28-change-add-column-isTableFreeze-to-column_width_for_employee-Warded120.xml::change-add-column-isTableFreeze-to-column_width_for_employee-Warded120::Warded120 ran successfully in 3ms
[2025-04-16 23:44:30] [34mINFO[0;39m [36mliquibase.ui                            [0;39m [35m:37  [0;39m Running Changeset: db/changelog/logs/2024-12-18-update-column_width_for_employee-Kizerov.xml::update-column_width_for_employee::Kizerov Dmytro
[2025-04-16 23:44:30] [34mINFO[0;39m [36mliquibase.changelog                     [0;39m [35m:37  [0;39m Custom SQL executed
[2025-04-16 23:44:30] [34mINFO[0;39m [36mliquibase.changelog                     [0;39m [35m:37  [0;39m ChangeSet db/changelog/logs/2024-12-18-update-column_width_for_employee-Kizerov.xml::update-column_width_for_employee::Kizerov Dmytro ran successfully in 5ms
[2025-04-16 23:44:30] [34mINFO[0;39m [36mliquibase.ui                            [0;39m [35m:37  [0;39m Running Changeset: db/changelog/logs/ch-add-column-reason-into-change-of-points-table-Chernenko.xml::2024-12-19-add-column-reason::Chernenko Vitaliy
[2025-04-16 23:44:30] [34mINFO[0;39m [36mliquibase.changelog                     [0;39m [35m:37  [0;39m Columns reason(VARCHAR(50)) added to change_of_points
[2025-04-16 23:44:30] [34mINFO[0;39m [36mliquibase.changelog                     [0;39m [35m:37  [0;39m ChangeSet db/changelog/logs/ch-add-column-reason-into-change-of-points-table-Chernenko.xml::2024-12-19-add-column-reason::Chernenko Vitaliy ran successfully in 1ms
[2025-04-16 23:44:30] [34mINFO[0;39m [36mliquibase.ui                            [0;39m [35m:37  [0;39m Running Changeset: db/changelog/logs/ch-add-column-reason-into-change-of-points-table-Chernenko.xml::2024-12-19-update-reason-values::Chernenko Vitaliy
[2025-04-16 23:44:30] [34mINFO[0;39m [36mliquibase.changelog                     [0;39m [35m:37  [0;39m Custom SQL executed
[2025-04-16 23:44:30] [34mINFO[0;39m [36mliquibase.changelog                     [0;39m [35m:37  [0;39m ChangeSet db/changelog/logs/ch-add-column-reason-into-change-of-points-table-Chernenko.xml::2024-12-19-update-reason-values::Chernenko Vitaliy ran successfully in 3ms
[2025-04-16 23:44:30] [34mINFO[0;39m [36mliquibase.ui                            [0;39m [35m:37  [0;39m Running Changeset: db/changelog/logs/2024-12-18-add-new-column-to-user-table-Kizerov.xml::add-new-column-to-user::Kizerov Dmytro
[2025-04-16 23:44:30] [34mINFO[0;39m [36mliquibase.changelog                     [0;39m [35m:37  [0;39m Columns chat_link(VARCHAR(500)) added to users
[2025-04-16 23:44:30] [34mINFO[0;39m [36mliquibase.changelog                     [0;39m [35m:37  [0;39m ChangeSet db/changelog/logs/2024-12-18-add-new-column-to-user-table-Kizerov.xml::add-new-column-to-user::Kizerov Dmytro ran successfully in 1ms
[2025-04-16 23:44:30] [34mINFO[0;39m [36mliquibase.ui                            [0;39m [35m:37  [0;39m Running Changeset: db/changelog/logs/add-other-packages-to-column_width_for_employee-table.xml::2025-01-04-add-other-packages-to-column_width_for_employee::Kizerov Dmytro
[2025-04-16 23:44:30] [34mINFO[0;39m [36mliquibase.changelog                     [0;39m [35m:37  [0;39m Columns other_packages(INT) added to column_width_for_employee
[2025-04-16 23:44:30] [34mINFO[0;39m [36mliquibase.changelog                     [0;39m [35m:37  [0;39m ChangeSet db/changelog/logs/add-other-packages-to-column_width_for_employee-table.xml::2025-01-04-add-other-packages-to-column_width_for_employee::Kizerov Dmytro ran successfully in 1ms
[2025-04-16 23:44:30] [34mINFO[0;39m [36mliquibase.ui                            [0;39m [35m:37  [0;39m Running Changeset: db/changelog/logs/add-other-packages-to-column_width_for_employee-table.xml::2025-01-04-update-column_width_for_employee::Kizerov Dmytro
[2025-04-16 23:44:30] [34mINFO[0;39m [36mliquibase.changelog                     [0;39m [35m:37  [0;39m Custom SQL executed
[2025-04-16 23:44:30] [34mINFO[0;39m [36mliquibase.changelog                     [0;39m [35m:37  [0;39m ChangeSet db/changelog/logs/add-other-packages-to-column_width_for_employee-table.xml::2025-01-04-update-column_width_for_employee::Kizerov Dmytro ran successfully in 2ms
[2025-04-16 23:44:30] [34mINFO[0;39m [36mliquibase.ui                            [0;39m [35m:37  [0;39m Running Changeset: db/changelog/logs/add-new-column-to-big_order_table-view.xml::2025-01-04-delete-big-order-table-view::Kizerov Dmytro
[2025-04-16 23:44:30] [34mINFO[0;39m [36mliquibase.changelog                     [0;39m [35m:37  [0;39m View big_order_table dropped
[2025-04-16 23:44:30] [34mINFO[0;39m [36mliquibase.changelog                     [0;39m [35m:37  [0;39m ChangeSet db/changelog/logs/add-new-column-to-big_order_table-view.xml::2025-01-04-delete-big-order-table-view::Kizerov Dmytro ran successfully in 4ms
[2025-04-16 23:44:30] [34mINFO[0;39m [36mliquibase.ui                            [0;39m [35m:37  [0;39m Running Changeset: db/changelog/logs/add-new-column-to-big_order_table-view.xml::2025-01-04-add-new-column-to-big_order_table::Kizerov Dmytro
[2025-04-16 23:44:30] [34mINFO[0;39m [36mliquibase.changelog                     [0;39m [35m:37  [0;39m View big_order_table created
[2025-04-16 23:44:30] [34mINFO[0;39m [36mliquibase.changelog                     [0;39m [35m:37  [0;39m ChangeSet db/changelog/logs/add-new-column-to-big_order_table-view.xml::2025-01-04-add-new-column-to-big_order_table::Kizerov Dmytro ran successfully in 19ms
[2025-04-16 23:44:30] [34mINFO[0;39m [36mliquibase.ui                            [0;39m [35m:37  [0;39m Running Changeset: db/changelog/logs/update-custom_table_view-table.xml::2025-01-04-update-custom_table_view::Kizerov Dmytro
[2025-04-16 23:44:30] [34mINFO[0;39m [36mliquibase.changelog                     [0;39m [35m:37  [0;39m Custom SQL executed
[2025-04-16 23:44:30] [34mINFO[0;39m [36mliquibase.changelog                     [0;39m [35m:37  [0;39m ChangeSet db/changelog/logs/update-custom_table_view-table.xml::2025-01-04-update-custom_table_view::Kizerov Dmytro ran successfully in 1ms
[2025-04-16 23:44:30] [34mINFO[0;39m [36mliquibase.ui                            [0;39m [35m:37  [0;39m Running Changeset: db/changelog/logs/update-logic-to-fill-other-packages-column.xml::2025-01-04-delete-big-order-table-view::Kizerov Dmytro
[2025-04-16 23:44:30] [34mINFO[0;39m [36mliquibase.changelog                     [0;39m [35m:37  [0;39m View big_order_table dropped
[2025-04-16 23:44:30] [34mINFO[0;39m [36mliquibase.changelog                     [0;39m [35m:37  [0;39m ChangeSet db/changelog/logs/update-logic-to-fill-other-packages-column.xml::2025-01-04-delete-big-order-table-view::Kizerov Dmytro ran successfully in 2ms
[2025-04-16 23:44:30] [34mINFO[0;39m [36mliquibase.ui                            [0;39m [35m:37  [0;39m Running Changeset: db/changelog/logs/update-logic-to-fill-other-packages-column.xml::2025-01-06-update-logic-to-fill-other-packages-column::Kizerov Dmytro
[2025-04-16 23:44:30] [34mINFO[0;39m [36mliquibase.changelog                     [0;39m [35m:37  [0;39m View big_order_table created
[2025-04-16 23:44:30] [34mINFO[0;39m [36mliquibase.changelog                     [0;39m [35m:37  [0;39m ChangeSet db/changelog/logs/update-logic-to-fill-other-packages-column.xml::2025-01-06-update-logic-to-fill-other-packages-column::Kizerov Dmytro ran successfully in 19ms
[2025-04-16 23:44:30] [34mINFO[0;39m [36mliquibase.ui                            [0;39m [35m:37  [0;39m Running Changeset: db/changelog/logs/add-other_packages_eng-column-to-big_order_table-view.xml::2025-01-07-delete-big-order-table-view::Kizerov Dmytro
[2025-04-16 23:44:30] [34mINFO[0;39m [36mliquibase.changelog                     [0;39m [35m:37  [0;39m View big_order_table dropped
[2025-04-16 23:44:30] [34mINFO[0;39m [36mliquibase.changelog                     [0;39m [35m:37  [0;39m ChangeSet db/changelog/logs/add-other_packages_eng-column-to-big_order_table-view.xml::2025-01-07-delete-big-order-table-view::Kizerov Dmytro ran successfully in 2ms
[2025-04-16 23:44:30] [34mINFO[0;39m [36mliquibase.ui                            [0;39m [35m:37  [0;39m Running Changeset: db/changelog/logs/add-other_packages_eng-column-to-big_order_table-view.xml::2025-01-07-add-other-packages-eng-column-to-big_order_table::Kizerov Dmytro
[2025-04-16 23:44:30] [34mINFO[0;39m [36mliquibase.changelog                     [0;39m [35m:37  [0;39m View big_order_table created
[2025-04-16 23:44:30] [34mINFO[0;39m [36mliquibase.changelog                     [0;39m [35m:37  [0;39m ChangeSet db/changelog/logs/add-other_packages_eng-column-to-big_order_table-view.xml::2025-01-07-add-other-packages-eng-column-to-big_order_table::Kizerov Dmytro ran successfully in 19ms
[2025-04-16 23:44:30] [34mINFO[0;39m [36mliquibase.ui                            [0;39m [35m:37  [0;39m Running Changeset: db/changelog/logs/ch-update-values-in-notification-platforms-table-Chernenko.xml::2025-1-09-update_values_for_notifications::Chernenko Vitaliy
[2025-04-16 23:44:30] [34mINFO[0;39m [36mliquibase.changelog                     [0;39m [35m:37  [0;39m Data updated in notification_platforms
[2025-04-16 23:44:30] [34mINFO[0;39m [36mliquibase.changelog                     [0;39m [35m:37  [0;39m Data updated in notification_platforms
[2025-04-16 23:44:30] [34mINFO[0;39m [36mliquibase.changelog                     [0;39m [35m:37  [0;39m Data updated in notification_platforms
[2025-04-16 23:44:30] [34mINFO[0;39m [36mliquibase.changelog                     [0;39m [35m:37  [0;39m Data updated in notification_platforms
[2025-04-16 23:44:30] [34mINFO[0;39m [36mliquibase.changelog                     [0;39m [35m:37  [0;39m Data updated in notification_platforms
[2025-04-16 23:44:30] [34mINFO[0;39m [36mliquibase.changelog                     [0;39m [35m:37  [0;39m Data updated in notification_platforms
[2025-04-16 23:44:30] [34mINFO[0;39m [36mliquibase.changelog                     [0;39m [35m:37  [0;39m Data updated in notification_platforms
[2025-04-16 23:44:30] [34mINFO[0;39m [36mliquibase.changelog                     [0;39m [35m:37  [0;39m Data updated in notification_platforms
[2025-04-16 23:44:30] [34mINFO[0;39m [36mliquibase.changelog                     [0;39m [35m:37  [0;39m Data updated in notification_platforms
[2025-04-16 23:44:30] [34mINFO[0;39m [36mliquibase.changelog                     [0;39m [35m:37  [0;39m Data updated in notification_platforms
[2025-04-16 23:44:30] [34mINFO[0;39m [36mliquibase.changelog                     [0;39m [35m:37  [0;39m Data updated in notification_platforms
[2025-04-16 23:44:30] [34mINFO[0;39m [36mliquibase.changelog                     [0;39m [35m:37  [0;39m Data updated in notification_platforms
[2025-04-16 23:44:30] [34mINFO[0;39m [36mliquibase.changelog                     [0;39m [35m:37  [0;39m Data updated in notification_platforms
[2025-04-16 23:44:30] [34mINFO[0;39m [36mliquibase.changelog                     [0;39m [35m:37  [0;39m Data updated in notification_platforms
[2025-04-16 23:44:30] [34mINFO[0;39m [36mliquibase.changelog                     [0;39m [35m:37  [0;39m Data updated in notification_platforms
[2025-04-16 23:44:30] [34mINFO[0;39m [36mliquibase.changelog                     [0;39m [35m:37  [0;39m ChangeSet db/changelog/logs/ch-update-values-in-notification-platforms-table-Chernenko.xml::2025-1-09-update_values_for_notifications::Chernenko Vitaliy ran successfully in 9ms
[2025-04-16 23:44:30] [34mINFO[0;39m [36mliquibase.ui                            [0;39m [35m:37  [0;39m Running Changeset: db/changelog/logs/2025-02-11-edit-order-address-table-Kizerov.xml::delete-big-order-table-view::Kizerov Dmytro
[2025-04-16 23:44:30] [34mINFO[0;39m [36mliquibase.changelog                     [0;39m [35m:37  [0;39m View big_order_table dropped
[2025-04-16 23:44:30] [34mINFO[0;39m [36mliquibase.changelog                     [0;39m [35m:37  [0;39m ChangeSet db/changelog/logs/2025-02-11-edit-order-address-table-Kizerov.xml::delete-big-order-table-view::Kizerov Dmytro ran successfully in 3ms
[2025-04-16 23:44:30] [34mINFO[0;39m [36mliquibase.ui                            [0;39m [35m:37  [0;39m Running Changeset: db/changelog/logs/2025-02-11-edit-order-address-table-Kizerov.xml::update-column-lengths::Kizerov Dmytro
[2025-04-16 23:44:30] [34mINFO[0;39m [36mliquibase.changelog                     [0;39m [35m:37  [0;39m order_address.district datatype was changed to VARCHAR(255)
[2025-04-16 23:44:30] [34mINFO[0;39m [36mliquibase.changelog                     [0;39m [35m:37  [0;39m order_address.city datatype was changed to VARCHAR(255)
[2025-04-16 23:44:30] [34mINFO[0;39m [36mliquibase.changelog                     [0;39m [35m:37  [0;39m order_address.region datatype was changed to VARCHAR(255)
[2025-04-16 23:44:30] [34mINFO[0;39m [36mliquibase.changelog                     [0;39m [35m:37  [0;39m order_address.street datatype was changed to VARCHAR(255)
[2025-04-16 23:44:30] [34mINFO[0;39m [36mliquibase.changelog                     [0;39m [35m:37  [0;39m order_address.district_en datatype was changed to VARCHAR(255)
[2025-04-16 23:44:30] [34mINFO[0;39m [36mliquibase.changelog                     [0;39m [35m:37  [0;39m order_address.city_en datatype was changed to VARCHAR(255)
[2025-04-16 23:44:30] [34mINFO[0;39m [36mliquibase.changelog                     [0;39m [35m:37  [0;39m order_address.region_en datatype was changed to VARCHAR(255)
[2025-04-16 23:44:30] [34mINFO[0;39m [36mliquibase.changelog                     [0;39m [35m:37  [0;39m order_address.street_en datatype was changed to VARCHAR(255)
[2025-04-16 23:44:30] [34mINFO[0;39m [36mliquibase.changelog                     [0;39m [35m:37  [0;39m ChangeSet db/changelog/logs/2025-02-11-edit-order-address-table-Kizerov.xml::update-column-lengths::Kizerov Dmytro ran successfully in 34ms
[2025-04-16 23:44:30] [34mINFO[0;39m [36mliquibase.ui                            [0;39m [35m:37  [0;39m Running Changeset: db/changelog/logs/2025-02-11-edit-order-address-table-Kizerov.xml::create-big-order-table-view::Kizerov Dmytro
[2025-04-16 23:44:30] [34mINFO[0;39m [36mliquibase.changelog                     [0;39m [35m:37  [0;39m View big_order_table created
[2025-04-16 23:44:30] [34mINFO[0;39m [36mliquibase.changelog                     [0;39m [35m:37  [0;39m ChangeSet db/changelog/logs/2025-02-11-edit-order-address-table-Kizerov.xml::create-big-order-table-view::Kizerov Dmytro ran successfully in 21ms
[2025-04-16 23:44:30] [34mINFO[0;39m [36mliquibase.ui                            [0;39m [35m:37  [0;39m Running Changeset: db/changelog/logs/ch-update-order-payment-status-translations-Feduniak.xml::Feduniak-1::Feduniak Yurii
[2025-04-16 23:44:30] [34mINFO[0;39m [36mliquibase.changelog                     [0;39m [35m:37  [0;39m Data updated in order_payment_status_translations
[2025-04-16 23:44:30] [34mINFO[0;39m [36mliquibase.changelog                     [0;39m [35m:37  [0;39m ChangeSet db/changelog/logs/ch-update-order-payment-status-translations-Feduniak.xml::Feduniak-1::Feduniak Yurii ran successfully in 1ms
[2025-04-16 23:44:30] [34mINFO[0;39m [36mliquibase.ui                            [0;39m [35m:37  [0;39m Running Changeset: db/changelog/logs/ch-update-column-names-Bulhakova.xml::rename-notification_platforms-columns::Oleksandra Bulhakova
[2025-04-16 23:44:30] [34mINFO[0;39m [36mliquibase.changelog                     [0;39m [35m:37  [0;39m Column notification_platforms.body_eng renamed to body_en
[2025-04-16 23:44:30] [34mINFO[0;39m [36mliquibase.changelog                     [0;39m [35m:37  [0;39m Column notification_platforms.body renamed to body_uk
[2025-04-16 23:44:30] [34mINFO[0;39m [36mliquibase.changelog                     [0;39m [35m:37  [0;39m ChangeSet db/changelog/logs/ch-update-column-names-Bulhakova.xml::rename-notification_platforms-columns::Oleksandra Bulhakova ran successfully in 2ms
[2025-04-16 23:44:30] [34mINFO[0;39m [36mliquibase.ui                            [0;39m [35m:37  [0;39m Running Changeset: db/changelog/logs/ch-update-column-names-Bulhakova.xml::rename-notification_templates-columns::Oleksandra Bulhakova
[2025-04-16 23:44:30] [34mINFO[0;39m [36mliquibase.changelog                     [0;39m [35m:37  [0;39m Column notification_templates.title_eng renamed to title_en
[2025-04-16 23:44:30] [34mINFO[0;39m [36mliquibase.changelog                     [0;39m [35m:37  [0;39m Column notification_templates.title renamed to title_uk
[2025-04-16 23:44:30] [34mINFO[0;39m [36mliquibase.changelog                     [0;39m [35m:37  [0;39m ChangeSet db/changelog/logs/ch-update-column-names-Bulhakova.xml::rename-notification_templates-columns::Oleksandra Bulhakova ran successfully in 2ms
[2025-04-16 23:44:30] [34mINFO[0;39m [36mliquibase.ui                            [0;39m [35m:37  [0;39m Running Changeset: db/changelog/logs/ch-update-column-names-Bulhakova.xml::rename-bag-columns::Oleksandra Bulhakova
[2025-04-16 23:44:30] [34mINFO[0;39m [36mliquibase.changelog                     [0;39m [35m:37  [0;39m Column bag.name_eng renamed to name_en
[2025-04-16 23:44:30] [34mINFO[0;39m [36mliquibase.changelog                     [0;39m [35m:37  [0;39m Column bag.name renamed to name_uk
[2025-04-16 23:44:30] [34mINFO[0;39m [36mliquibase.changelog                     [0;39m [35m:37  [0;39m Column bag.description_eng renamed to description_en
[2025-04-16 23:44:30] [34mINFO[0;39m [36mliquibase.changelog                     [0;39m [35m:37  [0;39m Column bag.description renamed to description_uk
[2025-04-16 23:44:30] [34mINFO[0;39m [36mliquibase.changelog                     [0;39m [35m:37  [0;39m ChangeSet db/changelog/logs/ch-update-column-names-Bulhakova.xml::rename-bag-columns::Oleksandra Bulhakova ran successfully in 2ms
[2025-04-16 23:44:30] [34mINFO[0;39m [36mliquibase.ui                            [0;39m [35m:37  [0;39m Running Changeset: db/changelog/logs/ch-update-column-names-Bulhakova.xml::rename-big_order_table-columns::Oleksandra Bulhakova
[2025-04-16 23:44:30] [34mINFO[0;39m [36mliquibase.changelog                     [0;39m [35m:37  [0;39m Column big_order_table.region renamed to region_uk
[2025-04-16 23:44:30] [34mINFO[0;39m [36mliquibase.changelog                     [0;39m [35m:37  [0;39m Column big_order_table.city renamed to city_uk
[2025-04-16 23:44:30] [34mINFO[0;39m [36mliquibase.changelog                     [0;39m [35m:37  [0;39m Column big_order_table.district renamed to district_uk
[2025-04-16 23:44:30] [34mINFO[0;39m [36mliquibase.changelog                     [0;39m [35m:37  [0;39m Column big_order_table.address renamed to address_uk
[2025-04-16 23:44:30] [34mINFO[0;39m [36mliquibase.changelog                     [0;39m [35m:37  [0;39m Column big_order_table.other_packages renamed to other_packages_uk
[2025-04-16 23:44:30] [34mINFO[0;39m [36mliquibase.changelog                     [0;39m [35m:37  [0;39m Column big_order_table.other_packages_eng renamed to other_packages_en
[2025-04-16 23:44:30] [34mINFO[0;39m [36mliquibase.changelog                     [0;39m [35m:37  [0;39m ChangeSet db/changelog/logs/ch-update-column-names-Bulhakova.xml::rename-big_order_table-columns::Oleksandra Bulhakova ran successfully in 12ms
[2025-04-16 23:44:30] [34mINFO[0;39m [36mliquibase.ui                            [0;39m [35m:37  [0;39m Running Changeset: db/changelog/logs/ch-update-column-names-Bulhakova.xml::rename-events-columns::Oleksandra Bulhakova
[2025-04-16 23:44:30] [34mINFO[0;39m [36mliquibase.changelog                     [0;39m [35m:37  [0;39m Column events.event_name renamed to event_name_uk
[2025-04-16 23:44:30] [34mINFO[0;39m [36mliquibase.changelog                     [0;39m [35m:37  [0;39m Column events.author renamed to author_uk
[2025-04-16 23:44:30] [34mINFO[0;39m [36mliquibase.changelog                     [0;39m [35m:37  [0;39m Column events.event_name_eng renamed to event_name_en
[2025-04-16 23:44:30] [34mINFO[0;39m [36mliquibase.changelog                     [0;39m [35m:37  [0;39m Column events.author_eng renamed to author_en
[2025-04-16 23:44:30] [34mINFO[0;39m [36mliquibase.changelog                     [0;39m [35m:37  [0;39m ChangeSet db/changelog/logs/ch-update-column-names-Bulhakova.xml::rename-events-columns::Oleksandra Bulhakova ran successfully in 3ms
[2025-04-16 23:44:30] [34mINFO[0;39m [36mliquibase.ui                            [0;39m [35m:37  [0;39m Running Changeset: db/changelog/logs/ch-update-column-names-Bulhakova.xml::rename-order_bag_mapping-columns::Oleksandra Bulhakova
[2025-04-16 23:44:30] [34mINFO[0;39m [36mliquibase.changelog                     [0;39m [35m:37  [0;39m Column order_bag_mapping.name renamed to name_uk
[2025-04-16 23:44:30] [34mINFO[0;39m [36mliquibase.changelog                     [0;39m [35m:37  [0;39m Column order_bag_mapping.name_eng renamed to name_en
[2025-04-16 23:44:30] [34mINFO[0;39m [36mliquibase.changelog                     [0;39m [35m:37  [0;39m ChangeSet db/changelog/logs/ch-update-column-names-Bulhakova.xml::rename-order_bag_mapping-columns::Oleksandra Bulhakova ran successfully in 1ms
[2025-04-16 23:44:30] [34mINFO[0;39m [36mliquibase.ui                            [0;39m [35m:37  [0;39m Running Changeset: db/changelog/logs/ch-update-column-names-Bulhakova.xml::rename-order_payment_status_translations-columns::Oleksandra Bulhakova
[2025-04-16 23:44:30] [34mINFO[0;39m [36mliquibase.changelog                     [0;39m [35m:37  [0;39m Column order_payment_status_translations.translation_value renamed to translation_value_uk
[2025-04-16 23:44:30] [34mINFO[0;39m [36mliquibase.changelog                     [0;39m [35m:37  [0;39m Column order_payment_status_translations.translation_value_eng renamed to translation_value_en
[2025-04-16 23:44:30] [34mINFO[0;39m [36mliquibase.changelog                     [0;39m [35m:37  [0;39m ChangeSet db/changelog/logs/ch-update-column-names-Bulhakova.xml::rename-order_payment_status_translations-columns::Oleksandra Bulhakova ran successfully in 1ms
[2025-04-16 23:44:30] [34mINFO[0;39m [36mliquibase.ui                            [0;39m [35m:37  [0;39m Running Changeset: db/changelog/logs/ch-update-column-names-Bulhakova.xml::rename-order_status_translations-columns::Oleksandra Bulhakova
[2025-04-16 23:44:30] [34mINFO[0;39m [36mliquibase.changelog                     [0;39m [35m:37  [0;39m Column order_status_translations.name renamed to name_uk
[2025-04-16 23:44:30] [34mINFO[0;39m [36mliquibase.changelog                     [0;39m [35m:37  [0;39m Column order_status_translations.name_eng renamed to name_en
[2025-04-16 23:44:30] [34mINFO[0;39m [36mliquibase.changelog                     [0;39m [35m:37  [0;39m ChangeSet db/changelog/logs/ch-update-column-names-Bulhakova.xml::rename-order_status_translations-columns::Oleksandra Bulhakova ran successfully in 1ms
[2025-04-16 23:44:30] [34mINFO[0;39m [36mliquibase.ui                            [0;39m [35m:37  [0;39m Running Changeset: db/changelog/logs/ch-update-column-names-Bulhakova.xml::rename-service-columns::Oleksandra Bulhakova
[2025-04-16 23:44:30] [34mINFO[0;39m [36mliquibase.changelog                     [0;39m [35m:37  [0;39m Column service.name renamed to name_uk
[2025-04-16 23:44:30] [34mINFO[0;39m [36mliquibase.changelog                     [0;39m [35m:37  [0;39m Column service.name_eng renamed to name_en
[2025-04-16 23:44:30] [34mINFO[0;39m [36mliquibase.changelog                     [0;39m [35m:37  [0;39m Column service.description renamed to description_uk
[2025-04-16 23:44:30] [34mINFO[0;39m [36mliquibase.changelog                     [0;39m [35m:37  [0;39m Column service.description_eng renamed to description_en
[2025-04-16 23:44:30] [34mINFO[0;39m [36mliquibase.changelog                     [0;39m [35m:37  [0;39m ChangeSet db/changelog/logs/ch-update-column-names-Bulhakova.xml::rename-service-columns::Oleksandra Bulhakova ran successfully in 2ms
[2025-04-16 23:44:30] [34mINFO[0;39m [36mliquibase.ui                            [0;39m [35m:37  [0;39m Running Changeset: db/changelog/logs/ch-update-column-names-Bulhakova.xml::rename-employees_filters-columns::Oleksandra Bulhakova
[2025-04-16 23:44:30] [34mINFO[0;39m [36mliquibase.changelog                     [0;39m [35m:37  [0;39m Column employees_filters.position_name renamed to position_name_uk
[2025-04-16 23:44:30] [34mINFO[0;39m [36mliquibase.changelog                     [0;39m [35m:37  [0;39m ChangeSet db/changelog/logs/ch-update-column-names-Bulhakova.xml::rename-employees_filters-columns::Oleksandra Bulhakova ran successfully in 1ms
[2025-04-16 23:44:30] [34mINFO[0;39m [36mliquibase.ui                            [0;39m [35m:37  [0;39m Running Changeset: db/changelog/logs/ch-update-column-names-Bulhakova.xml::rename-positions-columns::Oleksandra Bulhakova
[2025-04-16 23:44:30] [34mINFO[0;39m [36mliquibase.changelog                     [0;39m [35m:37  [0;39m Column positions.name renamed to name_uk
[2025-04-16 23:44:30] [34mINFO[0;39m [36mliquibase.changelog                     [0;39m [35m:37  [0;39m Column positions.name_eng renamed to name_en
[2025-04-16 23:44:30] [34mINFO[0;39m [36mliquibase.changelog                     [0;39m [35m:37  [0;39m ChangeSet db/changelog/logs/ch-update-column-names-Bulhakova.xml::rename-positions-columns::Oleksandra Bulhakova ran successfully in 1ms
[2025-04-16 23:44:30] [34mINFO[0;39m [36mliquibase.ui                            [0;39m [35m:37  [0;39m Running Changeset: db/changelog/logs/ch-update-column-names-Bulhakova.xml::rename-address-columns::Oleksandra Bulhakova
[2025-04-16 23:44:30] [34mINFO[0;39m [36mliquibase.changelog                     [0;39m [35m:37  [0;39m Column address.region renamed to region_uk
[2025-04-16 23:44:30] [34mINFO[0;39m [36mliquibase.changelog                     [0;39m [35m:37  [0;39m Column address.city renamed to city_uk
[2025-04-16 23:44:30] [34mINFO[0;39m [36mliquibase.changelog                     [0;39m [35m:37  [0;39m Column address.street renamed to street_uk
[2025-04-16 23:44:30] [34mINFO[0;39m [36mliquibase.changelog                     [0;39m [35m:37  [0;39m Column address.district renamed to district_uk
[2025-04-16 23:44:30] [34mINFO[0;39m [36mliquibase.changelog                     [0;39m [35m:37  [0;39m ChangeSet db/changelog/logs/ch-update-column-names-Bulhakova.xml::rename-address-columns::Oleksandra Bulhakova ran successfully in 3ms
[2025-04-16 23:44:30] [34mINFO[0;39m [36mliquibase.ui                            [0;39m [35m:37  [0;39m Running Changeset: db/changelog/logs/ch-update-column-names-Bulhakova.xml::rename-order_address-columns::Oleksandra Bulhakova
[2025-04-16 23:44:30] [34mINFO[0;39m [36mliquibase.changelog                     [0;39m [35m:37  [0;39m Column order_address.region renamed to region_uk
[2025-04-16 23:44:30] [34mINFO[0;39m [36mliquibase.changelog                     [0;39m [35m:37  [0;39m Column order_address.city renamed to city_uk
[2025-04-16 23:44:30] [34mINFO[0;39m [36mliquibase.changelog                     [0;39m [35m:37  [0;39m Column order_address.street renamed to street_uk
[2025-04-16 23:44:30] [34mINFO[0;39m [36mliquibase.changelog                     [0;39m [35m:37  [0;39m Column order_address.district renamed to district_uk
[2025-04-16 23:44:30] [34mINFO[0;39m [36mliquibase.changelog                     [0;39m [35m:37  [0;39m ChangeSet db/changelog/logs/ch-update-column-names-Bulhakova.xml::rename-order_address-columns::Oleksandra Bulhakova ran successfully in 2ms
[2025-04-16 23:44:30] [34mINFO[0;39m [36mliquibase.ui                            [0;39m [35m:37  [0;39m Running Changeset: db/changelog/logs/ch-update-column-names-Bulhakova.xml::rename-user_agreements-columns::Oleksandra Bulhakova
[2025-04-16 23:44:30] [34mINFO[0;39m [36mliquibase.changelog                     [0;39m [35m:37  [0;39m Column user_agreements.text_ua renamed to text_uk
[2025-04-16 23:44:30] [34mINFO[0;39m [36mliquibase.changelog                     [0;39m [35m:37  [0;39m ChangeSet db/changelog/logs/ch-update-column-names-Bulhakova.xml::rename-user_agreements-columns::Oleksandra Bulhakova ran successfully in 1ms
[2025-04-16 23:44:30] [34mINFO[0;39m [36mliquibase.util                          [0;39m [35m:37  [0;39m UPDATE SUMMARY
[2025-04-16 23:44:30] [34mINFO[0;39m [36mliquibase.util                          [0;39m [35m:37  [0;39m Run:                        362
[2025-04-16 23:44:30] [34mINFO[0;39m [36mliquibase.util                          [0;39m [35m:37  [0;39m Previously run:               0
[2025-04-16 23:44:30] [34mINFO[0;39m [36mliquibase.util                          [0;39m [35m:37  [0;39m Filtered out:                 0
[2025-04-16 23:44:30] [34mINFO[0;39m [36mliquibase.util                          [0;39m [35m:37  [0;39m -------------------------------
[2025-04-16 23:44:30] [34mINFO[0;39m [36mliquibase.util                          [0;39m [35m:37  [0;39m Total change sets:          362
[2025-04-16 23:44:30] [34mINFO[0;39m [36mliquibase.util                          [0;39m [35m:37  [0;39m Update summary generated
[2025-04-16 23:44:30] [34mINFO[0;39m [36mliquibase.command                       [0;39m [35m:37  [0;39m Update command completed successfully.
[2025-04-16 23:44:30] [34mINFO[0;39m [36mliquibase.ui                            [0;39m [35m:37  [0;39m Liquibase: Update has been successful. Rows affected: 868
[2025-04-16 23:44:30] [34mINFO[0;39m [36mliquibase.lockservice                   [0;39m [35m:37  [0;39m Successfully released change log lock
[2025-04-16 23:44:30] [34mINFO[0;39m [36mliquibase.command                       [0;39m [35m:37  [0;39m Command execution complete
[2025-04-16 23:44:30] [34mINFO[0;39m [36mo.hibernate.jpa.internal.util.LogHelper [0;39m [35m:31  [0;39m HHH000204: Processing PersistenceUnitInfo [name: default]
[2025-04-16 23:44:30] [34mINFO[0;39m [36morg.hibernate.Version                   [0;39m [35m:44  [0;39m HHH000412: Hibernate ORM core version 6.4.1.Final
[2025-04-16 23:44:30] [34mINFO[0;39m [36mo.h.c.internal.RegionFactoryInitiator   [0;39m [35m:50  [0;39m HHH000026: Second-level cache disabled
[2025-04-16 23:44:31] [34mINFO[0;39m [36mo.s.o.j.p.SpringPersistenceUnitInfo     [0;39m [35m:87  [0;39m No LoadTimeWeaver setup: ignoring JPA class transformer
[2025-04-16 23:44:31] [34mINFO[0;39m [36mcom.zaxxer.hikari.HikariDataSource      [0;39m [35m:110 [0;39m HikariPool-1 - Starting...
[2025-04-16 23:44:31] [34mINFO[0;39m [36mcom.zaxxer.hikari.pool.HikariPool       [0;39m [35m:565 [0;39m HikariPool-1 - Added connection org.postgresql.jdbc.PgConnection@5eff3302
[2025-04-16 23:44:31] [34mINFO[0;39m [36mcom.zaxxer.hikari.HikariDataSource      [0;39m [35m:123 [0;39m HikariPool-1 - Start completed.
[2025-04-16 23:44:31] [31mWARN[0;39m [36morg.hibernate.mapping.RootClass         [0;39m [35m:341 [0;39m HHH000038: Composite-id class does not override equals(): greencity.entity.user.employee.EmployeeFilterViewId
[2025-04-16 23:44:31] [31mWARN[0;39m [36morg.hibernate.mapping.RootClass         [0;39m [35m:344 [0;39m HHH000039: Composite-id class does not override hashCode(): greencity.entity.user.employee.EmployeeFilterViewId
[2025-04-16 23:44:33] [31mWARN[0;39m [36mo.h.metamodel.internal.MetadataContext  [0;39m [35m:727 [0;39m HHH015011: Unable to locate static metamodel field : greencity.entity.user.employee.EmployeeFilterViewId_#employeeId; this may or may not indicate a problem with the static metamodel
[2025-04-16 23:44:33] [31mWARN[0;39m [36mo.h.metamodel.internal.MetadataContext  [0;39m [35m:727 [0;39m HHH015011: Unable to locate static metamodel field : greencity.entity.user.employee.EmployeeFilterViewId_#positionId; this may or may not indicate a problem with the static metamodel
[2025-04-16 23:44:33] [34mINFO[0;39m [36mo.h.e.t.j.p.i.JtaPlatformInitiator      [0;39m [35m:58  [0;39m HHH000489: No JTA platform available (set 'hibernate.transaction.jta.platform' to enable JTA platform integration)
[2025-04-16 23:44:33] [34mINFO[0;39m [36mj.LocalContainerEntityManagerFactoryBean[0;39m [35m:437 [0;39m Initialized JPA EntityManagerFactory for persistence unit 'default'
[2025-04-16 23:44:33] [31mWARN[0;39m [36mJpaBaseConfiguration$JpaWebConfiguration[0;39m [35m:232 [0;39m spring.jpa.open-in-view is enabled by default. Therefore, database queries may be performed during view rendering. Explicitly configure spring.jpa.open-in-view to disable this warning
[2025-04-16 23:44:33] [31mWARN[0;39m [36mo.s.b.d.a.OptionalLiveReloadServer      [0;39m [35m:62  [0;39m Unable to start LiveReload server
[2025-04-16 23:44:33] [34mINFO[0;39m [36mo.s.d.j.r.query.QueryEnhancerFactory    [0;39m [35m:49  [0;39m Hibernate is in classpath; If applicable, HQL parser will be used.
[2025-04-16 23:44:38] [34mINFO[0;39m [36mo.s.s.web.DefaultSecurityFilterChain    [0;39m [35m:54  [0;39m Will secure any request with [org.springframework.security.web.session.DisableEncodeUrlFilter@13bf9a90, org.springframework.security.web.context.request.async.WebAsyncManagerIntegrationFilter@7256aef4, org.springframework.security.web.context.SecurityContextHolderFilter@335cecc8, org.springframework.security.web.header.HeaderWriterFilter@27167a02, org.springframework.web.filter.CorsFilter@62fef027, org.springframework.security.web.authentication.logout.LogoutFilter@77d0de06, greencity.security.filters.AccessTokenAuthenticationFilter@675456f6, org.springframework.security.web.savedrequest.RequestCacheAwareFilter@bd300cb, org.springframework.security.web.servletapi.SecurityContextHolderAwareRequestFilter@4bf4f299, org.springframework.security.web.authentication.AnonymousAuthenticationFilter@8d03b96, org.springframework.security.web.session.SessionManagementFilter@3111b8cf, org.springframework.security.web.access.ExceptionTranslationFilter@1dff19b6, org.springframework.security.web.access.intercept.AuthorizationFilter@4bbb6071]
[2025-04-16 23:44:38] [31mWARN[0;39m [36mo.s.s.c.a.web.builders.WebSecurity      [0;39m [35m:289 [0;39m You are asking Spring Security to ignore Mvc [pattern='/ubs/receivePayment']. This is not recommended -- please use permitAll via HttpSecurity#authorizeHttpRequests instead.
[2025-04-16 23:44:38] [34mINFO[0;39m [36mo.s.s.web.DefaultSecurityFilterChain    [0;39m [35m:51  [0;39m Will not secure Mvc [pattern='/ubs/receivePayment']
[2025-04-16 23:44:38] [31mWARN[0;39m [36mo.s.s.c.a.web.builders.WebSecurity      [0;39m [35m:289 [0;39m You are asking Spring Security to ignore Mvc [pattern='/ubs/monobank/payments']. This is not recommended -- please use permitAll via HttpSecurity#authorizeHttpRequests instead.
[2025-04-16 23:44:38] [34mINFO[0;39m [36mo.s.s.web.DefaultSecurityFilterChain    [0;39m [35m:51  [0;39m Will not secure Mvc [pattern='/ubs/monobank/payments']
[2025-04-16 23:44:38] [31mWARN[0;39m [36mion$DefaultTemplateResolverConfiguration[0;39m [35m:101 [0;39m Cannot find template location: classpath:/templates/ (please add some templates, check your Thymeleaf configuration, or set spring.thymeleaf.check-template-location=false)
[2025-04-16 23:44:39] [34mINFO[0;39m [36mo.apache.coyote.http11.Http11NioProtocol[0;39m [35m:173 [0;39m Starting ProtocolHandler ["http-nio-8050"]
[2025-04-16 23:44:39] [34mINFO[0;39m [36mo.s.b.w.embedded.tomcat.TomcatWebServer [0;39m [35m:241 [0;39m Tomcat started on port 8050 (http) with context path ''
[2025-04-16 23:44:39] [34mINFO[0;39m [36mgreencity.UbsApplication                [0;39m [35m:56  [0;39m Started UbsApplication in 18.001 seconds (process running for 19.116)
[2025-04-16 23:44:39] [34mINFO[0;39m [36mg.service.ubs.OrderLockServiceImpl      [0;39m [35m:60  [0;39m Time: 2025-04-16T23:39:39.184449900
[2025-04-16 23:44:39] [34mINFO[0;39m [36mg.service.ubs.OrderLockServiceImpl      [0;39m [35m:62  [0;39m Unlock orders
[2025-04-16 23:44:39] [34mINFO[0;39m [36mg.n.scheduler.NotificationTaskScheduler [0;39m [35m:39  [0;39m Failed to start scheduled notificator with type VIOLATION_THE_RULES because cron is incorrect or template is inactive.
[2025-04-16 23:44:39] [34mINFO[0;39m [36mg.n.scheduler.NotificationTaskScheduler [0;39m [35m:39  [0;39m Failed to start scheduled notificator with type CANCELED_VIOLATION_THE_RULES_BY_THE_MANAGER because cron is incorrect or template is inactive.
[2025-04-16 23:44:39] [34mINFO[0;39m [36mg.n.scheduler.NotificationTaskScheduler [0;39m [35m:39  [0;39m Failed to start scheduled notificator with type ORDER_STATUS_CHANGED because cron is incorrect or template is inactive.
[2025-04-16 23:44:39] [34mINFO[0;39m [36mg.n.scheduler.NotificationTaskScheduler [0;39m [35m:39  [0;39m Failed to start scheduled notificator with type CHANGED_IN_RULE_VIOLATION_STATUS because cron is incorrect or template is inactive.
[2025-04-16 23:44:39] [34mINFO[0;39m [36mg.n.scheduler.NotificationTaskScheduler [0;39m [35m:39  [0;39m Failed to start scheduled notificator with type COURIER_ITINERARY_FORMED because cron is incorrect or template is inactive.
[2025-04-16 23:44:39] [34mINFO[0;39m [36mg.n.scheduler.NotificationTaskScheduler [0;39m [35m:39  [0;39m Failed to start scheduled notificator with type DONE_OR_CANCELED_UNPAID_ORDER because cron is incorrect or template is inactive.
[2025-04-16 23:44:39] [34mINFO[0;39m [36mg.n.scheduler.NotificationTaskScheduler [0;39m [35m:39  [0;39m Failed to start scheduled notificator with type HALF_PAID_ORDER_WITH_STATUS_BROUGHT_BY_HIMSELF because cron is incorrect or template is inactive.
[2025-04-16 23:44:39] [34mINFO[0;39m [36mg.n.scheduler.NotificationTaskScheduler [0;39m [35m:29  [0;39m Scheduled notificator for LETS_STAY_CONNECTED notification template by 0 0 18 * * ? cron
[2025-04-16 23:44:39] [34mINFO[0;39m [36mg.n.scheduler.NotificationTaskScheduler [0;39m [35m:29  [0;39m Scheduled notificator for UNPAID_ORDER notification template by 0 0 18 * * ? cron
[2025-04-16 23:44:39] [34mINFO[0;39m [36mg.n.scheduler.NotificationTaskScheduler [0;39m [35m:39  [0;39m Failed to start scheduled notificator with type UNPAID_PACKAGE because cron is incorrect or template is inactive.
[2025-04-16 23:45:39] [34mINFO[0;39m [36mg.service.ubs.OrderLockServiceImpl      [0;39m [35m:60  [0;39m Time: 2025-04-16T23:40:39.182952
[2025-04-16 23:45:39] [34mINFO[0;39m [36mg.service.ubs.OrderLockServiceImpl      [0;39m [35m:62  [0;39m Unlock orders
[2025-04-16 23:46:39] [34mINFO[0;39m [36mg.service.ubs.OrderLockServiceImpl      [0;39m [35m:60  [0;39m Time: 2025-04-16T23:41:39.178558800
[2025-04-16 23:46:39] [34mINFO[0;39m [36mg.service.ubs.OrderLockServiceImpl      [0;39m [35m:62  [0;39m Unlock orders
[2025-04-16 23:47:39] [34mINFO[0;39m [36mg.service.ubs.OrderLockServiceImpl      [0;39m [35m:60  [0;39m Time: 2025-04-16T23:42:39.182567800
[2025-04-16 23:47:39] [34mINFO[0;39m [36mg.service.ubs.OrderLockServiceImpl      [0;39m [35m:62  [0;39m Unlock orders
[2025-04-16 23:48:39] [34mINFO[0;39m [36mg.service.ubs.OrderLockServiceImpl      [0;39m [35m:60  [0;39m Time: 2025-04-16T23:43:39.177154600
[2025-04-16 23:48:39] [34mINFO[0;39m [36mg.service.ubs.OrderLockServiceImpl      [0;39m [35m:62  [0;39m Unlock orders
[2025-04-16 23:49:39] [34mINFO[0;39m [36mg.service.ubs.OrderLockServiceImpl      [0;39m [35m:60  [0;39m Time: 2025-04-16T23:44:39.179776900
[2025-04-16 23:49:39] [34mINFO[0;39m [36mg.service.ubs.OrderLockServiceImpl      [0;39m [35m:62  [0;39m Unlock orders
[2025-04-16 23:50:39] [34mINFO[0;39m [36mg.service.ubs.OrderLockServiceImpl      [0;39m [35m:60  [0;39m Time: 2025-04-16T23:45:39.184841600
[2025-04-16 23:50:39] [34mINFO[0;39m [36mg.service.ubs.OrderLockServiceImpl      [0;39m [35m:62  [0;39m Unlock orders
[2025-04-16 23:51:39] [34mINFO[0;39m [36mg.service.ubs.OrderLockServiceImpl      [0;39m [35m:60  [0;39m Time: 2025-04-16T23:46:39.172138100
[2025-04-16 23:51:39] [34mINFO[0;39m [36mg.service.ubs.OrderLockServiceImpl      [0;39m [35m:62  [0;39m Unlock orders
[2025-04-16 23:52:39] [34mINFO[0;39m [36mg.service.ubs.OrderLockServiceImpl      [0;39m [35m:60  [0;39m Time: 2025-04-16T23:47:39.173029
[2025-04-16 23:52:39] [34mINFO[0;39m [36mg.service.ubs.OrderLockServiceImpl      [0;39m [35m:62  [0;39m Unlock orders
[2025-04-16 23:53:39] [34mINFO[0;39m [36mg.service.ubs.OrderLockServiceImpl      [0;39m [35m:60  [0;39m Time: 2025-04-16T23:48:39.178053700
[2025-04-16 23:53:39] [34mINFO[0;39m [36mg.service.ubs.OrderLockServiceImpl      [0;39m [35m:62  [0;39m Unlock orders
[2025-04-16 23:54:39] [34mINFO[0;39m [36mg.service.ubs.OrderLockServiceImpl      [0;39m [35m:60  [0;39m Time: 2025-04-16T23:49:39.183650400
[2025-04-16 23:54:39] [34mINFO[0;39m [36mg.service.ubs.OrderLockServiceImpl      [0;39m [35m:62  [0;39m Unlock orders
[2025-04-16 23:55:39] [34mINFO[0;39m [36mg.service.ubs.OrderLockServiceImpl      [0;39m [35m:60  [0;39m Time: 2025-04-16T23:50:39.176986700
[2025-04-16 23:55:39] [34mINFO[0;39m [36mg.service.ubs.OrderLockServiceImpl      [0;39m [35m:62  [0;39m Unlock orders
[2025-04-16 23:56:39] [34mINFO[0;39m [36mg.service.ubs.OrderLockServiceImpl      [0;39m [35m:60  [0;39m Time: 2025-04-16T23:51:39.182608900
[2025-04-16 23:56:39] [34mINFO[0;39m [36mg.service.ubs.OrderLockServiceImpl      [0;39m [35m:62  [0;39m Unlock orders
[2025-04-16 23:57:39] [34mINFO[0;39m [36mg.service.ubs.OrderLockServiceImpl      [0;39m [35m:60  [0;39m Time: 2025-04-16T23:52:39.180244600
[2025-04-16 23:57:39] [34mINFO[0;39m [36mg.service.ubs.OrderLockServiceImpl      [0;39m [35m:62  [0;39m Unlock orders
[2025-04-16 23:57:53] [34mINFO[0;39m [36mo.a.c.c.C.[Tomcat].[localhost].[/]      [0;39m [35m:173 [0;39m Initializing Spring DispatcherServlet 'dispatcherServlet'
[2025-04-16 23:57:53] [34mINFO[0;39m [36mo.s.web.servlet.DispatcherServlet       [0;39m [35m:532 [0;39m Initializing Servlet 'dispatcherServlet'
[2025-04-16 23:57:53] [34mINFO[0;39m [36mo.s.web.servlet.DispatcherServlet       [0;39m [35m:554 [0;39m Completed initialization in 9 ms
[2025-04-16 23:57:53] [31mWARN[0;39m [36mo.s.w.s.h.HandlerMappingIntrospector    [0;39m [35m:458 [0;39m Cache miss for REQUEST dispatch to '/ubs/getAllActiveCouriers' (previous null). Performing MatchableHandlerMapping lookup. This is logged once only at WARN level, and every time at TRACE.
[2025-04-16 23:57:53] [34mINFO[0;39m [36mg.s.f.AccessTokenAuthenticationFilter   [0;39m [35m:54  [0;39m token: eyJhbGciOiJIUzI1NiJ9.eyJzdWIiOiJvLmJ1bGhha292YS5jaGlAZ21haWwuY29tIiwicm9sZSI6WyJST0xFX1VCU19FTVBMT1lFRSJdLCJlbXBsb3llZV9hdXRob3JpdGllcyI6WyJURUxFR1JBTV9NQU5BR0VNRU5UIl0sImV4cCI6MTc0NDg0MjgzOSwiaWF0IjoxNzQ0ODM1NjM5fQ.vIpQsUxXzK1JyV6N0b2OOWp7euB1voMMzAIpB5Oue4E
[2025-04-16 23:57:57] [34mINFO[0;39m [36mg.s.f.AccessTokenAuthenticationFilter   [0;39m [35m:62  [0;39m user: Optional[UserVO(id=5, email=o.bulhakova.chi@gmail.com, languageVO=greencity.dto.language.LanguageVO@1c60)]
[2025-04-16 23:57:57] [34mINFO[0;39m [36mg.s.f.AccessTokenAuthenticationFilter   [0;39m [35m:54  [0;39m token: eyJhbGciOiJIUzI1NiJ9.eyJzdWIiOiJvLmJ1bGhha292YS5jaGlAZ21haWwuY29tIiwicm9sZSI6WyJST0xFX1VCU19FTVBMT1lFRSJdLCJlbXBsb3llZV9hdXRob3JpdGllcyI6WyJURUxFR1JBTV9NQU5BR0VNRU5UIl0sImV4cCI6MTc0NDg0MjgzOSwiaWF0IjoxNzQ0ODM1NjM5fQ.vIpQsUxXzK1JyV6N0b2OOWp7euB1voMMzAIpB5Oue4E
[2025-04-16 23:57:57] [34mINFO[0;39m [36mg.s.f.AccessTokenAuthenticationFilter   [0;39m [35m:62  [0;39m user: Optional[UserVO(id=5, email=o.bulhakova.chi@gmail.com, languageVO=greencity.dto.language.LanguageVO@1c60)]
[2025-04-16 23:57:57] [34mINFO[0;39m [36mg.s.f.AccessTokenAuthenticationFilter   [0;39m [35m:54  [0;39m token: eyJhbGciOiJIUzI1NiJ9.eyJzdWIiOiJvLmJ1bGhha292YS5jaGlAZ21haWwuY29tIiwicm9sZSI6WyJST0xFX1VCU19FTVBMT1lFRSJdLCJlbXBsb3llZV9hdXRob3JpdGllcyI6WyJURUxFR1JBTV9NQU5BR0VNRU5UIl0sImV4cCI6MTc0NDg0MjgzOSwiaWF0IjoxNzQ0ODM1NjM5fQ.vIpQsUxXzK1JyV6N0b2OOWp7euB1voMMzAIpB5Oue4E
[2025-04-16 23:57:57] [34mINFO[0;39m [36mg.s.f.AccessTokenAuthenticationFilter   [0;39m [35m:62  [0;39m user: Optional[UserVO(id=5, email=o.bulhakova.chi@gmail.com, languageVO=greencity.dto.language.LanguageVO@1c60)]
[2025-04-16 23:57:57] [34mINFO[0;39m [36mg.s.f.AccessTokenAuthenticationFilter   [0;39m [35m:54  [0;39m token: eyJhbGciOiJIUzI1NiJ9.eyJzdWIiOiJvLmJ1bGhha292YS5jaGlAZ21haWwuY29tIiwicm9sZSI6WyJST0xFX1VCU19FTVBMT1lFRSJdLCJlbXBsb3llZV9hdXRob3JpdGllcyI6WyJURUxFR1JBTV9NQU5BR0VNRU5UIl0sImV4cCI6MTc0NDg0MjgzOSwiaWF0IjoxNzQ0ODM1NjM5fQ.vIpQsUxXzK1JyV6N0b2OOWp7euB1voMMzAIpB5Oue4E
[2025-04-16 23:57:57] [34mINFO[0;39m [36mg.s.f.AccessTokenAuthenticationFilter   [0;39m [35m:62  [0;39m user: Optional[UserVO(id=5, email=o.bulhakova.chi@gmail.com, languageVO=greencity.dto.language.LanguageVO@1c60)]
[2025-04-16 23:57:58] [34mINFO[0;39m [36mg.s.f.AccessTokenAuthenticationFilter   [0;39m [35m:54  [0;39m token: eyJhbGciOiJIUzI1NiJ9.eyJzdWIiOiJvLmJ1bGhha292YS5jaGlAZ21haWwuY29tIiwicm9sZSI6WyJST0xFX1VCU19FTVBMT1lFRSJdLCJlbXBsb3llZV9hdXRob3JpdGllcyI6WyJURUxFR1JBTV9NQU5BR0VNRU5UIl0sImV4cCI6MTc0NDg0MjgzOSwiaWF0IjoxNzQ0ODM1NjM5fQ.vIpQsUxXzK1JyV6N0b2OOWp7euB1voMMzAIpB5Oue4E
[2025-04-16 23:57:58] [34mINFO[0;39m [36mg.s.f.AccessTokenAuthenticationFilter   [0;39m [35m:62  [0;39m user: Optional[UserVO(id=5, email=o.bulhakova.chi@gmail.com, languageVO=greencity.dto.language.LanguageVO@1c60)]
[2025-04-16 23:57:58] [34mINFO[0;39m [36mg.s.f.AccessTokenAuthenticationFilter   [0;39m [35m:54  [0;39m token: eyJhbGciOiJIUzI1NiJ9.eyJzdWIiOiJvLmJ1bGhha292YS5jaGlAZ21haWwuY29tIiwicm9sZSI6WyJST0xFX1VCU19FTVBMT1lFRSJdLCJlbXBsb3llZV9hdXRob3JpdGllcyI6WyJURUxFR1JBTV9NQU5BR0VNRU5UIl0sImV4cCI6MTc0NDg0MjgzOSwiaWF0IjoxNzQ0ODM1NjM5fQ.vIpQsUxXzK1JyV6N0b2OOWp7euB1voMMzAIpB5Oue4E
[2025-04-16 23:57:58] [34mINFO[0;39m [36mg.s.f.AccessTokenAuthenticationFilter   [0;39m [35m:62  [0;39m user: Optional[UserVO(id=5, email=o.bulhakova.chi@gmail.com, languageVO=greencity.dto.language.LanguageVO@1c60)]
[2025-04-16 23:58:00] [34mINFO[0;39m [36mg.s.f.AccessTokenAuthenticationFilter   [0;39m [35m:54  [0;39m token: eyJhbGciOiJIUzI1NiJ9.eyJzdWIiOiJvLmJ1bGhha292YS5jaGlAZ21haWwuY29tIiwicm9sZSI6WyJST0xFX1VCU19FTVBMT1lFRSJdLCJlbXBsb3llZV9hdXRob3JpdGllcyI6WyJURUxFR1JBTV9NQU5BR0VNRU5UIl0sImV4cCI6MTc0NDg0MjgzOSwiaWF0IjoxNzQ0ODM1NjM5fQ.vIpQsUxXzK1JyV6N0b2OOWp7euB1voMMzAIpB5Oue4E
[2025-04-16 23:58:00] [34mINFO[0;39m [36mg.s.f.AccessTokenAuthenticationFilter   [0;39m [35m:62  [0;39m user: Optional[UserVO(id=5, email=o.bulhakova.chi@gmail.com, languageVO=greencity.dto.language.LanguageVO@1c60)]
[2025-04-16 23:58:00] [34mINFO[0;39m [36mg.s.f.AccessTokenAuthenticationFilter   [0;39m [35m:54  [0;39m token: eyJhbGciOiJIUzI1NiJ9.eyJzdWIiOiJvLmJ1bGhha292YS5jaGlAZ21haWwuY29tIiwicm9sZSI6WyJST0xFX1VCU19FTVBMT1lFRSJdLCJlbXBsb3llZV9hdXRob3JpdGllcyI6WyJURUxFR1JBTV9NQU5BR0VNRU5UIl0sImV4cCI6MTc0NDg0MjgzOSwiaWF0IjoxNzQ0ODM1NjM5fQ.vIpQsUxXzK1JyV6N0b2OOWp7euB1voMMzAIpB5Oue4E
[2025-04-16 23:58:00] [34mINFO[0;39m [36mg.s.f.AccessTokenAuthenticationFilter   [0;39m [35m:62  [0;39m user: Optional[UserVO(id=5, email=o.bulhakova.chi@gmail.com, languageVO=greencity.dto.language.LanguageVO@1c60)]
[2025-04-16 23:58:00] [34mINFO[0;39m [36mg.s.f.AccessTokenAuthenticationFilter   [0;39m [35m:54  [0;39m token: eyJhbGciOiJIUzI1NiJ9.eyJzdWIiOiJvLmJ1bGhha292YS5jaGlAZ21haWwuY29tIiwicm9sZSI6WyJST0xFX1VCU19FTVBMT1lFRSJdLCJlbXBsb3llZV9hdXRob3JpdGllcyI6WyJURUxFR1JBTV9NQU5BR0VNRU5UIl0sImV4cCI6MTc0NDg0MjgzOSwiaWF0IjoxNzQ0ODM1NjM5fQ.vIpQsUxXzK1JyV6N0b2OOWp7euB1voMMzAIpB5Oue4E
[2025-04-16 23:58:00] [34mINFO[0;39m [36mg.s.f.AccessTokenAuthenticationFilter   [0;39m [35m:62  [0;39m user: Optional[UserVO(id=5, email=o.bulhakova.chi@gmail.com, languageVO=greencity.dto.language.LanguageVO@1c60)]
[2025-04-16 23:58:01] [34mINFO[0;39m [36mg.s.f.AccessTokenAuthenticationFilter   [0;39m [35m:54  [0;39m token: eyJhbGciOiJIUzI1NiJ9.eyJzdWIiOiJvLmJ1bGhha292YS5jaGlAZ21haWwuY29tIiwicm9sZSI6WyJST0xFX1VCU19FTVBMT1lFRSJdLCJlbXBsb3llZV9hdXRob3JpdGllcyI6WyJURUxFR1JBTV9NQU5BR0VNRU5UIl0sImV4cCI6MTc0NDg0MjgzOSwiaWF0IjoxNzQ0ODM1NjM5fQ.vIpQsUxXzK1JyV6N0b2OOWp7euB1voMMzAIpB5Oue4E
[2025-04-16 23:58:01] [34mINFO[0;39m [36mg.s.f.AccessTokenAuthenticationFilter   [0;39m [35m:62  [0;39m user: Optional[UserVO(id=5, email=o.bulhakova.chi@gmail.com, languageVO=greencity.dto.language.LanguageVO@1c60)]
[2025-04-16 23:58:01] [39mTRACE[0;39m [36mg.e.handler.CustomExceptionHandler      [0;39m [35m:129 [0;39m Employee with this email does not exist: o.bulhakova.chi@gmail.com
greencity.exceptions.NotFoundException: Employee with this email does not exist: o.bulhakova.chi@gmail.com
	at greencity.service.ubs.UBSClientServiceImpl.lambda$getPositionsAndRelatedAuthorities$61(UBSClientServiceImpl.java:1696)
	at java.base/java.util.Optional.orElseThrow(Optional.java:403)
	at greencity.service.ubs.UBSClientServiceImpl.getPositionsAndRelatedAuthorities(UBSClientServiceImpl.java:1696)
	at java.base/jdk.internal.reflect.DirectMethodHandleAccessor.invoke(DirectMethodHandleAccessor.java:103)
	at java.base/java.lang.reflect.Method.invoke(Method.java:580)
	at org.springframework.aop.support.AopUtils.invokeJoinpointUsingReflection(AopUtils.java:351)
	at org.springframework.aop.framework.ReflectiveMethodInvocation.invokeJoinpoint(ReflectiveMethodInvocation.java:196)
	at org.springframework.aop.framework.ReflectiveMethodInvocation.proceed(ReflectiveMethodInvocation.java:163)
	at org.springframework.aop.framework.CglibAopProxy$CglibMethodInvocation.proceed(CglibAopProxy.java:765)
	at org.springframework.cache.interceptor.CacheInterceptor.lambda$invoke$0(CacheInterceptor.java:64)
	at org.springframework.cache.interceptor.CacheAspectSupport.invokeOperation(CacheAspectSupport.java:416)
	at org.springframework.cache.interceptor.CacheAspectSupport.evaluate(CacheAspectSupport.java:545)
	at org.springframework.cache.interceptor.CacheAspectSupport.execute(CacheAspectSupport.java:433)
	at org.springframework.cache.interceptor.CacheAspectSupport.execute(CacheAspectSupport.java:395)
	at org.springframework.cache.interceptor.CacheInterceptor.invoke(CacheInterceptor.java:74)
	at org.springframework.aop.framework.ReflectiveMethodInvocation.proceed(ReflectiveMethodInvocation.java:184)
	at org.springframework.aop.framework.CglibAopProxy$CglibMethodInvocation.proceed(CglibAopProxy.java:765)
	at org.springframework.aop.framework.CglibAopProxy$DynamicAdvisedInterceptor.intercept(CglibAopProxy.java:717)
	at greencity.service.ubs.UBSClientServiceImpl$$SpringCGLIB$$0.getPositionsAndRelatedAuthorities(<generated>)
	at greencity.controller.ManagementEmployeeController.getPositionsAndRelatedAuthorities(ManagementEmployeeController.java:235)
	at java.base/jdk.internal.reflect.DirectMethodHandleAccessor.invoke(DirectMethodHandleAccessor.java:103)
	at java.base/java.lang.reflect.Method.invoke(Method.java:580)
	at org.springframework.aop.support.AopUtils.invokeJoinpointUsingReflection(AopUtils.java:351)
	at org.springframework.aop.framework.CglibAopProxy$DynamicAdvisedInterceptor.intercept(CglibAopProxy.java:713)
	at greencity.controller.ManagementEmployeeController$$SpringCGLIB$$0.getPositionsAndRelatedAuthorities(<generated>)
	at java.base/jdk.internal.reflect.DirectMethodHandleAccessor.invoke(DirectMethodHandleAccessor.java:103)
	at java.base/java.lang.reflect.Method.invoke(Method.java:580)
	at org.springframework.web.method.support.InvocableHandlerMethod.doInvoke(InvocableHandlerMethod.java:261)
	at org.springframework.web.method.support.InvocableHandlerMethod.invokeForRequest(InvocableHandlerMethod.java:189)
	at org.springframework.web.servlet.mvc.method.annotation.ServletInvocableHandlerMethod.invokeAndHandle(ServletInvocableHandlerMethod.java:118)
	at org.springframework.web.servlet.mvc.method.annotation.RequestMappingHandlerAdapter.invokeHandlerMethod(RequestMappingHandlerAdapter.java:917)
	at org.springframework.web.servlet.mvc.method.annotation.RequestMappingHandlerAdapter.handleInternal(RequestMappingHandlerAdapter.java:829)
	at org.springframework.web.servlet.mvc.method.AbstractHandlerMethodAdapter.handle(AbstractHandlerMethodAdapter.java:87)
	at org.springframework.web.servlet.DispatcherServlet.doDispatch(DispatcherServlet.java:1089)
	at org.springframework.web.servlet.DispatcherServlet.doService(DispatcherServlet.java:979)
	at org.springframework.web.servlet.FrameworkServlet.processRequest(FrameworkServlet.java:1014)
	at org.springframework.web.servlet.FrameworkServlet.doGet(FrameworkServlet.java:903)
	at jakarta.servlet.http.HttpServlet.service(HttpServlet.java:564)
	at org.springframework.web.servlet.FrameworkServlet.service(FrameworkServlet.java:885)
	at jakarta.servlet.http.HttpServlet.service(HttpServlet.java:658)
	at org.apache.catalina.core.ApplicationFilterChain.internalDoFilter(ApplicationFilterChain.java:205)
	at org.apache.catalina.core.ApplicationFilterChain.doFilter(ApplicationFilterChain.java:149)
	at org.apache.tomcat.websocket.server.WsFilter.doFilter(WsFilter.java:51)
	at org.apache.catalina.core.ApplicationFilterChain.internalDoFilter(ApplicationFilterChain.java:174)
	at org.apache.catalina.core.ApplicationFilterChain.doFilter(ApplicationFilterChain.java:149)
	at org.springframework.security.web.FilterChainProxy.lambda$doFilterInternal$3(FilterChainProxy.java:231)
	at org.springframework.security.web.FilterChainProxy$VirtualFilterChain.doFilter(FilterChainProxy.java:365)
	at org.springframework.security.web.access.intercept.AuthorizationFilter.doFilter(AuthorizationFilter.java:100)
	at org.springframework.security.web.FilterChainProxy$VirtualFilterChain.doFilter(FilterChainProxy.java:374)
	at org.springframework.security.web.access.ExceptionTranslationFilter.doFilter(ExceptionTranslationFilter.java:126)
	at org.springframework.security.web.access.ExceptionTranslationFilter.doFilter(ExceptionTranslationFilter.java:120)
	at org.springframework.security.web.FilterChainProxy$VirtualFilterChain.doFilter(FilterChainProxy.java:374)
	at org.springframework.security.web.session.SessionManagementFilter.doFilter(SessionManagementFilter.java:131)
	at org.springframework.security.web.session.SessionManagementFilter.doFilter(SessionManagementFilter.java:85)
	at org.springframework.security.web.FilterChainProxy$VirtualFilterChain.doFilter(FilterChainProxy.java:374)
	at org.springframework.security.web.authentication.AnonymousAuthenticationFilter.doFilter(AnonymousAuthenticationFilter.java:100)
	at org.springframework.security.web.FilterChainProxy$VirtualFilterChain.doFilter(FilterChainProxy.java:374)
	at org.springframework.security.web.servletapi.SecurityContextHolderAwareRequestFilter.doFilter(SecurityContextHolderAwareRequestFilter.java:179)
	at org.springframework.security.web.FilterChainProxy$VirtualFilterChain.doFilter(FilterChainProxy.java:374)
	at org.springframework.security.web.savedrequest.RequestCacheAwareFilter.doFilter(RequestCacheAwareFilter.java:63)
	at org.springframework.security.web.FilterChainProxy$VirtualFilterChain.doFilter(FilterChainProxy.java:374)
	at greencity.security.filters.AccessTokenAuthenticationFilter.doFilterInternal(AccessTokenAuthenticationFilter.java:76)
	at org.springframework.web.filter.OncePerRequestFilter.doFilter(OncePerRequestFilter.java:116)
	at org.springframework.security.web.FilterChainProxy$VirtualFilterChain.doFilter(FilterChainProxy.java:374)
	at org.springframework.security.web.authentication.logout.LogoutFilter.doFilter(LogoutFilter.java:107)
	at org.springframework.security.web.authentication.logout.LogoutFilter.doFilter(LogoutFilter.java:93)
	at org.springframework.security.web.FilterChainProxy$VirtualFilterChain.doFilter(FilterChainProxy.java:374)
	at org.springframework.web.filter.CorsFilter.doFilterInternal(CorsFilter.java:91)
	at org.springframework.web.filter.OncePerRequestFilter.doFilter(OncePerRequestFilter.java:116)
	at org.springframework.security.web.FilterChainProxy$VirtualFilterChain.doFilter(FilterChainProxy.java:374)
	at org.springframework.security.web.header.HeaderWriterFilter.doHeadersAfter(HeaderWriterFilter.java:90)
	at org.springframework.security.web.header.HeaderWriterFilter.doFilterInternal(HeaderWriterFilter.java:75)
	at org.springframework.web.filter.OncePerRequestFilter.doFilter(OncePerRequestFilter.java:116)
	at org.springframework.security.web.FilterChainProxy$VirtualFilterChain.doFilter(FilterChainProxy.java:374)
	at org.springframework.security.web.context.SecurityContextHolderFilter.doFilter(SecurityContextHolderFilter.java:82)
	at org.springframework.security.web.context.SecurityContextHolderFilter.doFilter(SecurityContextHolderFilter.java:69)
	at org.springframework.security.web.FilterChainProxy$VirtualFilterChain.doFilter(FilterChainProxy.java:374)
	at org.springframework.security.web.context.request.async.WebAsyncManagerIntegrationFilter.doFilterInternal(WebAsyncManagerIntegrationFilter.java:62)
	at org.springframework.web.filter.OncePerRequestFilter.doFilter(OncePerRequestFilter.java:116)
	at org.springframework.security.web.FilterChainProxy$VirtualFilterChain.doFilter(FilterChainProxy.java:374)
	at org.springframework.security.web.session.DisableEncodeUrlFilter.doFilterInternal(DisableEncodeUrlFilter.java:42)
	at org.springframework.web.filter.OncePerRequestFilter.doFilter(OncePerRequestFilter.java:116)
	at org.springframework.security.web.FilterChainProxy$VirtualFilterChain.doFilter(FilterChainProxy.java:374)
	at org.springframework.security.web.FilterChainProxy.doFilterInternal(FilterChainProxy.java:233)
	at org.springframework.security.web.FilterChainProxy.doFilter(FilterChainProxy.java:191)
	at org.springframework.web.filter.DelegatingFilterProxy.invokeDelegate(DelegatingFilterProxy.java:352)
	at org.springframework.web.filter.DelegatingFilterProxy.doFilter(DelegatingFilterProxy.java:268)
	at org.apache.catalina.core.ApplicationFilterChain.internalDoFilter(ApplicationFilterChain.java:174)
	at org.apache.catalina.core.ApplicationFilterChain.doFilter(ApplicationFilterChain.java:149)
	at org.springframework.web.filter.RequestContextFilter.doFilterInternal(RequestContextFilter.java:100)
	at org.springframework.web.filter.OncePerRequestFilter.doFilter(OncePerRequestFilter.java:116)
	at org.apache.catalina.core.ApplicationFilterChain.internalDoFilter(ApplicationFilterChain.java:174)
	at org.apache.catalina.core.ApplicationFilterChain.doFilter(ApplicationFilterChain.java:149)
	at org.springframework.web.filter.FormContentFilter.doFilterInternal(FormContentFilter.java:93)
	at org.springframework.web.filter.OncePerRequestFilter.doFilter(OncePerRequestFilter.java:116)
	at org.apache.catalina.core.ApplicationFilterChain.internalDoFilter(ApplicationFilterChain.java:174)
	at org.apache.catalina.core.ApplicationFilterChain.doFilter(ApplicationFilterChain.java:149)
	at org.springframework.web.filter.CharacterEncodingFilter.doFilterInternal(CharacterEncodingFilter.java:201)
	at org.springframework.web.filter.OncePerRequestFilter.doFilter(OncePerRequestFilter.java:116)
	at org.apache.catalina.core.ApplicationFilterChain.internalDoFilter(ApplicationFilterChain.java:174)
	at org.apache.catalina.core.ApplicationFilterChain.doFilter(ApplicationFilterChain.java:149)
	at org.apache.catalina.core.StandardWrapperValve.invoke(StandardWrapperValve.java:167)
	at org.apache.catalina.core.StandardContextValve.invoke(StandardContextValve.java:90)
	at org.apache.catalina.authenticator.AuthenticatorBase.invoke(AuthenticatorBase.java:482)
	at org.apache.catalina.core.StandardHostValve.invoke(StandardHostValve.java:115)
	at org.apache.catalina.valves.ErrorReportValve.invoke(ErrorReportValve.java:93)
	at org.apache.catalina.core.StandardEngineValve.invoke(StandardEngineValve.java:74)
	at org.apache.catalina.connector.CoyoteAdapter.service(CoyoteAdapter.java:340)
	at org.apache.coyote.http11.Http11Processor.service(Http11Processor.java:391)
	at org.apache.coyote.AbstractProcessorLight.process(AbstractProcessorLight.java:63)
	at org.apache.coyote.AbstractProtocol$ConnectionHandler.process(AbstractProtocol.java:896)
	at org.apache.tomcat.util.net.NioEndpoint$SocketProcessor.doRun(NioEndpoint.java:1744)
	at org.apache.tomcat.util.net.SocketProcessorBase.run(SocketProcessorBase.java:52)
	at org.apache.tomcat.util.threads.ThreadPoolExecutor.runWorker(ThreadPoolExecutor.java:1191)
	at org.apache.tomcat.util.threads.ThreadPoolExecutor$Worker.run(ThreadPoolExecutor.java:659)
	at org.apache.tomcat.util.threads.TaskThread$WrappingRunnable.run(TaskThread.java:61)
	at java.base/java.lang.Thread.run(Thread.java:1583)
[2025-04-16 23:58:01] [31mWARN[0;39m [36m.m.m.a.ExceptionHandlerExceptionResolver[0;39m [35m:247 [0;39m Resolved [greencity.exceptions.NotFoundException: Employee with this email does not exist: o.bulhakova.chi@gmail.com]
[2025-04-16 23:58:10] [34mINFO[0;39m [36mg.s.f.AccessTokenAuthenticationFilter   [0;39m [35m:54  [0;39m token: eyJhbGciOiJIUzI1NiJ9.eyJzdWIiOiJvLmJ1bGhha292YS5jaGlAZ21haWwuY29tIiwicm9sZSI6WyJST0xFX1VCU19FTVBMT1lFRSJdLCJlbXBsb3llZV9hdXRob3JpdGllcyI6WyJURUxFR1JBTV9NQU5BR0VNRU5UIl0sImV4cCI6MTc0NDg0MjgzOSwiaWF0IjoxNzQ0ODM1NjM5fQ.vIpQsUxXzK1JyV6N0b2OOWp7euB1voMMzAIpB5Oue4E
[2025-04-16 23:58:10] [34mINFO[0;39m [36mg.s.f.AccessTokenAuthenticationFilter   [0;39m [35m:62  [0;39m user: Optional[UserVO(id=5, email=o.bulhakova.chi@gmail.com, languageVO=greencity.dto.language.LanguageVO@1c60)]
[2025-04-16 23:58:10] [39mTRACE[0;39m [36mg.e.handler.CustomExceptionHandler      [0;39m [35m:129 [0;39m Employee with this email does not exist: o.bulhakova.chi@gmail.com
greencity.exceptions.NotFoundException: Employee with this email does not exist: o.bulhakova.chi@gmail.com
	at greencity.service.ubs.UBSClientServiceImpl.lambda$getPositionsAndRelatedAuthorities$61(UBSClientServiceImpl.java:1696)
	at java.base/java.util.Optional.orElseThrow(Optional.java:403)
	at greencity.service.ubs.UBSClientServiceImpl.getPositionsAndRelatedAuthorities(UBSClientServiceImpl.java:1696)
	at java.base/jdk.internal.reflect.DirectMethodHandleAccessor.invoke(DirectMethodHandleAccessor.java:103)
	at java.base/java.lang.reflect.Method.invoke(Method.java:580)
	at org.springframework.aop.support.AopUtils.invokeJoinpointUsingReflection(AopUtils.java:351)
	at org.springframework.aop.framework.ReflectiveMethodInvocation.invokeJoinpoint(ReflectiveMethodInvocation.java:196)
	at org.springframework.aop.framework.ReflectiveMethodInvocation.proceed(ReflectiveMethodInvocation.java:163)
	at org.springframework.aop.framework.CglibAopProxy$CglibMethodInvocation.proceed(CglibAopProxy.java:765)
	at org.springframework.cache.interceptor.CacheInterceptor.lambda$invoke$0(CacheInterceptor.java:64)
	at org.springframework.cache.interceptor.CacheAspectSupport.invokeOperation(CacheAspectSupport.java:416)
	at org.springframework.cache.interceptor.CacheAspectSupport.evaluate(CacheAspectSupport.java:545)
	at org.springframework.cache.interceptor.CacheAspectSupport.execute(CacheAspectSupport.java:433)
	at org.springframework.cache.interceptor.CacheAspectSupport.execute(CacheAspectSupport.java:395)
	at org.springframework.cache.interceptor.CacheInterceptor.invoke(CacheInterceptor.java:74)
	at org.springframework.aop.framework.ReflectiveMethodInvocation.proceed(ReflectiveMethodInvocation.java:184)
	at org.springframework.aop.framework.CglibAopProxy$CglibMethodInvocation.proceed(CglibAopProxy.java:765)
	at org.springframework.aop.framework.CglibAopProxy$DynamicAdvisedInterceptor.intercept(CglibAopProxy.java:717)
	at greencity.service.ubs.UBSClientServiceImpl$$SpringCGLIB$$0.getPositionsAndRelatedAuthorities(<generated>)
	at greencity.controller.ManagementEmployeeController.getPositionsAndRelatedAuthorities(ManagementEmployeeController.java:235)
	at java.base/jdk.internal.reflect.DirectMethodHandleAccessor.invoke(DirectMethodHandleAccessor.java:103)
	at java.base/java.lang.reflect.Method.invoke(Method.java:580)
	at org.springframework.aop.support.AopUtils.invokeJoinpointUsingReflection(AopUtils.java:351)
	at org.springframework.aop.framework.CglibAopProxy$DynamicAdvisedInterceptor.intercept(CglibAopProxy.java:713)
	at greencity.controller.ManagementEmployeeController$$SpringCGLIB$$0.getPositionsAndRelatedAuthorities(<generated>)
	at java.base/jdk.internal.reflect.DirectMethodHandleAccessor.invoke(DirectMethodHandleAccessor.java:103)
	at java.base/java.lang.reflect.Method.invoke(Method.java:580)
	at org.springframework.web.method.support.InvocableHandlerMethod.doInvoke(InvocableHandlerMethod.java:261)
	at org.springframework.web.method.support.InvocableHandlerMethod.invokeForRequest(InvocableHandlerMethod.java:189)
	at org.springframework.web.servlet.mvc.method.annotation.ServletInvocableHandlerMethod.invokeAndHandle(ServletInvocableHandlerMethod.java:118)
	at org.springframework.web.servlet.mvc.method.annotation.RequestMappingHandlerAdapter.invokeHandlerMethod(RequestMappingHandlerAdapter.java:917)
	at org.springframework.web.servlet.mvc.method.annotation.RequestMappingHandlerAdapter.handleInternal(RequestMappingHandlerAdapter.java:829)
	at org.springframework.web.servlet.mvc.method.AbstractHandlerMethodAdapter.handle(AbstractHandlerMethodAdapter.java:87)
	at org.springframework.web.servlet.DispatcherServlet.doDispatch(DispatcherServlet.java:1089)
	at org.springframework.web.servlet.DispatcherServlet.doService(DispatcherServlet.java:979)
	at org.springframework.web.servlet.FrameworkServlet.processRequest(FrameworkServlet.java:1014)
	at org.springframework.web.servlet.FrameworkServlet.doGet(FrameworkServlet.java:903)
	at jakarta.servlet.http.HttpServlet.service(HttpServlet.java:564)
	at org.springframework.web.servlet.FrameworkServlet.service(FrameworkServlet.java:885)
	at jakarta.servlet.http.HttpServlet.service(HttpServlet.java:658)
	at org.apache.catalina.core.ApplicationFilterChain.internalDoFilter(ApplicationFilterChain.java:205)
	at org.apache.catalina.core.ApplicationFilterChain.doFilter(ApplicationFilterChain.java:149)
	at org.apache.tomcat.websocket.server.WsFilter.doFilter(WsFilter.java:51)
	at org.apache.catalina.core.ApplicationFilterChain.internalDoFilter(ApplicationFilterChain.java:174)
	at org.apache.catalina.core.ApplicationFilterChain.doFilter(ApplicationFilterChain.java:149)
	at org.springframework.security.web.FilterChainProxy.lambda$doFilterInternal$3(FilterChainProxy.java:231)
	at org.springframework.security.web.FilterChainProxy$VirtualFilterChain.doFilter(FilterChainProxy.java:365)
	at org.springframework.security.web.access.intercept.AuthorizationFilter.doFilter(AuthorizationFilter.java:100)
	at org.springframework.security.web.FilterChainProxy$VirtualFilterChain.doFilter(FilterChainProxy.java:374)
	at org.springframework.security.web.access.ExceptionTranslationFilter.doFilter(ExceptionTranslationFilter.java:126)
	at org.springframework.security.web.access.ExceptionTranslationFilter.doFilter(ExceptionTranslationFilter.java:120)
	at org.springframework.security.web.FilterChainProxy$VirtualFilterChain.doFilter(FilterChainProxy.java:374)
	at org.springframework.security.web.session.SessionManagementFilter.doFilter(SessionManagementFilter.java:131)
	at org.springframework.security.web.session.SessionManagementFilter.doFilter(SessionManagementFilter.java:85)
	at org.springframework.security.web.FilterChainProxy$VirtualFilterChain.doFilter(FilterChainProxy.java:374)
	at org.springframework.security.web.authentication.AnonymousAuthenticationFilter.doFilter(AnonymousAuthenticationFilter.java:100)
	at org.springframework.security.web.FilterChainProxy$VirtualFilterChain.doFilter(FilterChainProxy.java:374)
	at org.springframework.security.web.servletapi.SecurityContextHolderAwareRequestFilter.doFilter(SecurityContextHolderAwareRequestFilter.java:179)
	at org.springframework.security.web.FilterChainProxy$VirtualFilterChain.doFilter(FilterChainProxy.java:374)
	at org.springframework.security.web.savedrequest.RequestCacheAwareFilter.doFilter(RequestCacheAwareFilter.java:63)
	at org.springframework.security.web.FilterChainProxy$VirtualFilterChain.doFilter(FilterChainProxy.java:374)
	at greencity.security.filters.AccessTokenAuthenticationFilter.doFilterInternal(AccessTokenAuthenticationFilter.java:76)
	at org.springframework.web.filter.OncePerRequestFilter.doFilter(OncePerRequestFilter.java:116)
	at org.springframework.security.web.FilterChainProxy$VirtualFilterChain.doFilter(FilterChainProxy.java:374)
	at org.springframework.security.web.authentication.logout.LogoutFilter.doFilter(LogoutFilter.java:107)
	at org.springframework.security.web.authentication.logout.LogoutFilter.doFilter(LogoutFilter.java:93)
	at org.springframework.security.web.FilterChainProxy$VirtualFilterChain.doFilter(FilterChainProxy.java:374)
	at org.springframework.web.filter.CorsFilter.doFilterInternal(CorsFilter.java:91)
	at org.springframework.web.filter.OncePerRequestFilter.doFilter(OncePerRequestFilter.java:116)
	at org.springframework.security.web.FilterChainProxy$VirtualFilterChain.doFilter(FilterChainProxy.java:374)
	at org.springframework.security.web.header.HeaderWriterFilter.doHeadersAfter(HeaderWriterFilter.java:90)
	at org.springframework.security.web.header.HeaderWriterFilter.doFilterInternal(HeaderWriterFilter.java:75)
	at org.springframework.web.filter.OncePerRequestFilter.doFilter(OncePerRequestFilter.java:116)
	at org.springframework.security.web.FilterChainProxy$VirtualFilterChain.doFilter(FilterChainProxy.java:374)
	at org.springframework.security.web.context.SecurityContextHolderFilter.doFilter(SecurityContextHolderFilter.java:82)
	at org.springframework.security.web.context.SecurityContextHolderFilter.doFilter(SecurityContextHolderFilter.java:69)
	at org.springframework.security.web.FilterChainProxy$VirtualFilterChain.doFilter(FilterChainProxy.java:374)
	at org.springframework.security.web.context.request.async.WebAsyncManagerIntegrationFilter.doFilterInternal(WebAsyncManagerIntegrationFilter.java:62)
	at org.springframework.web.filter.OncePerRequestFilter.doFilter(OncePerRequestFilter.java:116)
	at org.springframework.security.web.FilterChainProxy$VirtualFilterChain.doFilter(FilterChainProxy.java:374)
	at org.springframework.security.web.session.DisableEncodeUrlFilter.doFilterInternal(DisableEncodeUrlFilter.java:42)
	at org.springframework.web.filter.OncePerRequestFilter.doFilter(OncePerRequestFilter.java:116)
	at org.springframework.security.web.FilterChainProxy$VirtualFilterChain.doFilter(FilterChainProxy.java:374)
	at org.springframework.security.web.FilterChainProxy.doFilterInternal(FilterChainProxy.java:233)
	at org.springframework.security.web.FilterChainProxy.doFilter(FilterChainProxy.java:191)
	at org.springframework.web.filter.DelegatingFilterProxy.invokeDelegate(DelegatingFilterProxy.java:352)
	at org.springframework.web.filter.DelegatingFilterProxy.doFilter(DelegatingFilterProxy.java:268)
	at org.apache.catalina.core.ApplicationFilterChain.internalDoFilter(ApplicationFilterChain.java:174)
	at org.apache.catalina.core.ApplicationFilterChain.doFilter(ApplicationFilterChain.java:149)
	at org.springframework.web.filter.RequestContextFilter.doFilterInternal(RequestContextFilter.java:100)
	at org.springframework.web.filter.OncePerRequestFilter.doFilter(OncePerRequestFilter.java:116)
	at org.apache.catalina.core.ApplicationFilterChain.internalDoFilter(ApplicationFilterChain.java:174)
	at org.apache.catalina.core.ApplicationFilterChain.doFilter(ApplicationFilterChain.java:149)
	at org.springframework.web.filter.FormContentFilter.doFilterInternal(FormContentFilter.java:93)
	at org.springframework.web.filter.OncePerRequestFilter.doFilter(OncePerRequestFilter.java:116)
	at org.apache.catalina.core.ApplicationFilterChain.internalDoFilter(ApplicationFilterChain.java:174)
	at org.apache.catalina.core.ApplicationFilterChain.doFilter(ApplicationFilterChain.java:149)
	at org.springframework.web.filter.CharacterEncodingFilter.doFilterInternal(CharacterEncodingFilter.java:201)
	at org.springframework.web.filter.OncePerRequestFilter.doFilter(OncePerRequestFilter.java:116)
	at org.apache.catalina.core.ApplicationFilterChain.internalDoFilter(ApplicationFilterChain.java:174)
	at org.apache.catalina.core.ApplicationFilterChain.doFilter(ApplicationFilterChain.java:149)
	at org.apache.catalina.core.StandardWrapperValve.invoke(StandardWrapperValve.java:167)
	at org.apache.catalina.core.StandardContextValve.invoke(StandardContextValve.java:90)
	at org.apache.catalina.authenticator.AuthenticatorBase.invoke(AuthenticatorBase.java:482)
	at org.apache.catalina.core.StandardHostValve.invoke(StandardHostValve.java:115)
	at org.apache.catalina.valves.ErrorReportValve.invoke(ErrorReportValve.java:93)
	at org.apache.catalina.core.StandardEngineValve.invoke(StandardEngineValve.java:74)
	at org.apache.catalina.connector.CoyoteAdapter.service(CoyoteAdapter.java:340)
	at org.apache.coyote.http11.Http11Processor.service(Http11Processor.java:391)
	at org.apache.coyote.AbstractProcessorLight.process(AbstractProcessorLight.java:63)
	at org.apache.coyote.AbstractProtocol$ConnectionHandler.process(AbstractProtocol.java:896)
	at org.apache.tomcat.util.net.NioEndpoint$SocketProcessor.doRun(NioEndpoint.java:1744)
	at org.apache.tomcat.util.net.SocketProcessorBase.run(SocketProcessorBase.java:52)
	at org.apache.tomcat.util.threads.ThreadPoolExecutor.runWorker(ThreadPoolExecutor.java:1191)
	at org.apache.tomcat.util.threads.ThreadPoolExecutor$Worker.run(ThreadPoolExecutor.java:659)
	at org.apache.tomcat.util.threads.TaskThread$WrappingRunnable.run(TaskThread.java:61)
	at java.base/java.lang.Thread.run(Thread.java:1583)
[2025-04-16 23:58:10] [31mWARN[0;39m [36m.m.m.a.ExceptionHandlerExceptionResolver[0;39m [35m:247 [0;39m Resolved [greencity.exceptions.NotFoundException: Employee with this email does not exist: o.bulhakova.chi@gmail.com]
[2025-04-16 23:58:30] [34mINFO[0;39m [36mg.s.f.AccessTokenAuthenticationFilter   [0;39m [35m:54  [0;39m token: eyJhbGciOiJIUzI1NiJ9.eyJzdWIiOiJvLmJ1bGhha292YS5jaGlAZ21haWwuY29tIiwicm9sZSI6WyJST0xFX1VCU19FTVBMT1lFRSJdLCJlbXBsb3llZV9hdXRob3JpdGllcyI6WyJURUxFR1JBTV9NQU5BR0VNRU5UIl0sImV4cCI6MTc0NDg0MjgzOSwiaWF0IjoxNzQ0ODM1NjM5fQ.vIpQsUxXzK1JyV6N0b2OOWp7euB1voMMzAIpB5Oue4E
[2025-04-16 23:58:30] [34mINFO[0;39m [36mg.s.f.AccessTokenAuthenticationFilter   [0;39m [35m:62  [0;39m user: Optional[UserVO(id=5, email=o.bulhakova.chi@gmail.com, languageVO=greencity.dto.language.LanguageVO@1c60)]
[2025-04-16 23:58:30] [39mTRACE[0;39m [36mg.e.handler.CustomExceptionHandler      [0;39m [35m:129 [0;39m Employee with this email does not exist: o.bulhakova.chi@gmail.com
greencity.exceptions.NotFoundException: Employee with this email does not exist: o.bulhakova.chi@gmail.com
	at greencity.service.ubs.UBSClientServiceImpl.lambda$getPositionsAndRelatedAuthorities$61(UBSClientServiceImpl.java:1696)
	at java.base/java.util.Optional.orElseThrow(Optional.java:403)
	at greencity.service.ubs.UBSClientServiceImpl.getPositionsAndRelatedAuthorities(UBSClientServiceImpl.java:1696)
	at java.base/jdk.internal.reflect.DirectMethodHandleAccessor.invoke(DirectMethodHandleAccessor.java:103)
	at java.base/java.lang.reflect.Method.invoke(Method.java:580)
	at org.springframework.aop.support.AopUtils.invokeJoinpointUsingReflection(AopUtils.java:351)
	at org.springframework.aop.framework.ReflectiveMethodInvocation.invokeJoinpoint(ReflectiveMethodInvocation.java:196)
	at org.springframework.aop.framework.ReflectiveMethodInvocation.proceed(ReflectiveMethodInvocation.java:163)
	at org.springframework.aop.framework.CglibAopProxy$CglibMethodInvocation.proceed(CglibAopProxy.java:765)
	at org.springframework.cache.interceptor.CacheInterceptor.lambda$invoke$0(CacheInterceptor.java:64)
	at org.springframework.cache.interceptor.CacheAspectSupport.invokeOperation(CacheAspectSupport.java:416)
	at org.springframework.cache.interceptor.CacheAspectSupport.evaluate(CacheAspectSupport.java:545)
	at org.springframework.cache.interceptor.CacheAspectSupport.execute(CacheAspectSupport.java:433)
	at org.springframework.cache.interceptor.CacheAspectSupport.execute(CacheAspectSupport.java:395)
	at org.springframework.cache.interceptor.CacheInterceptor.invoke(CacheInterceptor.java:74)
	at org.springframework.aop.framework.ReflectiveMethodInvocation.proceed(ReflectiveMethodInvocation.java:184)
	at org.springframework.aop.framework.CglibAopProxy$CglibMethodInvocation.proceed(CglibAopProxy.java:765)
	at org.springframework.aop.framework.CglibAopProxy$DynamicAdvisedInterceptor.intercept(CglibAopProxy.java:717)
	at greencity.service.ubs.UBSClientServiceImpl$$SpringCGLIB$$0.getPositionsAndRelatedAuthorities(<generated>)
	at greencity.controller.ManagementEmployeeController.getPositionsAndRelatedAuthorities(ManagementEmployeeController.java:235)
	at java.base/jdk.internal.reflect.DirectMethodHandleAccessor.invoke(DirectMethodHandleAccessor.java:103)
	at java.base/java.lang.reflect.Method.invoke(Method.java:580)
	at org.springframework.aop.support.AopUtils.invokeJoinpointUsingReflection(AopUtils.java:351)
	at org.springframework.aop.framework.CglibAopProxy$DynamicAdvisedInterceptor.intercept(CglibAopProxy.java:713)
	at greencity.controller.ManagementEmployeeController$$SpringCGLIB$$0.getPositionsAndRelatedAuthorities(<generated>)
	at java.base/jdk.internal.reflect.DirectMethodHandleAccessor.invoke(DirectMethodHandleAccessor.java:103)
	at java.base/java.lang.reflect.Method.invoke(Method.java:580)
	at org.springframework.web.method.support.InvocableHandlerMethod.doInvoke(InvocableHandlerMethod.java:261)
	at org.springframework.web.method.support.InvocableHandlerMethod.invokeForRequest(InvocableHandlerMethod.java:189)
	at org.springframework.web.servlet.mvc.method.annotation.ServletInvocableHandlerMethod.invokeAndHandle(ServletInvocableHandlerMethod.java:118)
	at org.springframework.web.servlet.mvc.method.annotation.RequestMappingHandlerAdapter.invokeHandlerMethod(RequestMappingHandlerAdapter.java:917)
	at org.springframework.web.servlet.mvc.method.annotation.RequestMappingHandlerAdapter.handleInternal(RequestMappingHandlerAdapter.java:829)
	at org.springframework.web.servlet.mvc.method.AbstractHandlerMethodAdapter.handle(AbstractHandlerMethodAdapter.java:87)
	at org.springframework.web.servlet.DispatcherServlet.doDispatch(DispatcherServlet.java:1089)
	at org.springframework.web.servlet.DispatcherServlet.doService(DispatcherServlet.java:979)
	at org.springframework.web.servlet.FrameworkServlet.processRequest(FrameworkServlet.java:1014)
	at org.springframework.web.servlet.FrameworkServlet.doGet(FrameworkServlet.java:903)
	at jakarta.servlet.http.HttpServlet.service(HttpServlet.java:564)
	at org.springframework.web.servlet.FrameworkServlet.service(FrameworkServlet.java:885)
	at jakarta.servlet.http.HttpServlet.service(HttpServlet.java:658)
	at org.apache.catalina.core.ApplicationFilterChain.internalDoFilter(ApplicationFilterChain.java:205)
	at org.apache.catalina.core.ApplicationFilterChain.doFilter(ApplicationFilterChain.java:149)
	at org.apache.tomcat.websocket.server.WsFilter.doFilter(WsFilter.java:51)
	at org.apache.catalina.core.ApplicationFilterChain.internalDoFilter(ApplicationFilterChain.java:174)
	at org.apache.catalina.core.ApplicationFilterChain.doFilter(ApplicationFilterChain.java:149)
	at org.springframework.security.web.FilterChainProxy.lambda$doFilterInternal$3(FilterChainProxy.java:231)
	at org.springframework.security.web.FilterChainProxy$VirtualFilterChain.doFilter(FilterChainProxy.java:365)
	at org.springframework.security.web.access.intercept.AuthorizationFilter.doFilter(AuthorizationFilter.java:100)
	at org.springframework.security.web.FilterChainProxy$VirtualFilterChain.doFilter(FilterChainProxy.java:374)
	at org.springframework.security.web.access.ExceptionTranslationFilter.doFilter(ExceptionTranslationFilter.java:126)
	at org.springframework.security.web.access.ExceptionTranslationFilter.doFilter(ExceptionTranslationFilter.java:120)
	at org.springframework.security.web.FilterChainProxy$VirtualFilterChain.doFilter(FilterChainProxy.java:374)
	at org.springframework.security.web.session.SessionManagementFilter.doFilter(SessionManagementFilter.java:131)
	at org.springframework.security.web.session.SessionManagementFilter.doFilter(SessionManagementFilter.java:85)
	at org.springframework.security.web.FilterChainProxy$VirtualFilterChain.doFilter(FilterChainProxy.java:374)
	at org.springframework.security.web.authentication.AnonymousAuthenticationFilter.doFilter(AnonymousAuthenticationFilter.java:100)
	at org.springframework.security.web.FilterChainProxy$VirtualFilterChain.doFilter(FilterChainProxy.java:374)
	at org.springframework.security.web.servletapi.SecurityContextHolderAwareRequestFilter.doFilter(SecurityContextHolderAwareRequestFilter.java:179)
	at org.springframework.security.web.FilterChainProxy$VirtualFilterChain.doFilter(FilterChainProxy.java:374)
	at org.springframework.security.web.savedrequest.RequestCacheAwareFilter.doFilter(RequestCacheAwareFilter.java:63)
	at org.springframework.security.web.FilterChainProxy$VirtualFilterChain.doFilter(FilterChainProxy.java:374)
	at greencity.security.filters.AccessTokenAuthenticationFilter.doFilterInternal(AccessTokenAuthenticationFilter.java:76)
	at org.springframework.web.filter.OncePerRequestFilter.doFilter(OncePerRequestFilter.java:116)
	at org.springframework.security.web.FilterChainProxy$VirtualFilterChain.doFilter(FilterChainProxy.java:374)
	at org.springframework.security.web.authentication.logout.LogoutFilter.doFilter(LogoutFilter.java:107)
	at org.springframework.security.web.authentication.logout.LogoutFilter.doFilter(LogoutFilter.java:93)
	at org.springframework.security.web.FilterChainProxy$VirtualFilterChain.doFilter(FilterChainProxy.java:374)
	at org.springframework.web.filter.CorsFilter.doFilterInternal(CorsFilter.java:91)
	at org.springframework.web.filter.OncePerRequestFilter.doFilter(OncePerRequestFilter.java:116)
	at org.springframework.security.web.FilterChainProxy$VirtualFilterChain.doFilter(FilterChainProxy.java:374)
	at org.springframework.security.web.header.HeaderWriterFilter.doHeadersAfter(HeaderWriterFilter.java:90)
	at org.springframework.security.web.header.HeaderWriterFilter.doFilterInternal(HeaderWriterFilter.java:75)
	at org.springframework.web.filter.OncePerRequestFilter.doFilter(OncePerRequestFilter.java:116)
	at org.springframework.security.web.FilterChainProxy$VirtualFilterChain.doFilter(FilterChainProxy.java:374)
	at org.springframework.security.web.context.SecurityContextHolderFilter.doFilter(SecurityContextHolderFilter.java:82)
	at org.springframework.security.web.context.SecurityContextHolderFilter.doFilter(SecurityContextHolderFilter.java:69)
	at org.springframework.security.web.FilterChainProxy$VirtualFilterChain.doFilter(FilterChainProxy.java:374)
	at org.springframework.security.web.context.request.async.WebAsyncManagerIntegrationFilter.doFilterInternal(WebAsyncManagerIntegrationFilter.java:62)
	at org.springframework.web.filter.OncePerRequestFilter.doFilter(OncePerRequestFilter.java:116)
	at org.springframework.security.web.FilterChainProxy$VirtualFilterChain.doFilter(FilterChainProxy.java:374)
	at org.springframework.security.web.session.DisableEncodeUrlFilter.doFilterInternal(DisableEncodeUrlFilter.java:42)
	at org.springframework.web.filter.OncePerRequestFilter.doFilter(OncePerRequestFilter.java:116)
	at org.springframework.security.web.FilterChainProxy$VirtualFilterChain.doFilter(FilterChainProxy.java:374)
	at org.springframework.security.web.FilterChainProxy.doFilterInternal(FilterChainProxy.java:233)
	at org.springframework.security.web.FilterChainProxy.doFilter(FilterChainProxy.java:191)
	at org.springframework.web.filter.DelegatingFilterProxy.invokeDelegate(DelegatingFilterProxy.java:352)
	at org.springframework.web.filter.DelegatingFilterProxy.doFilter(DelegatingFilterProxy.java:268)
	at org.apache.catalina.core.ApplicationFilterChain.internalDoFilter(ApplicationFilterChain.java:174)
	at org.apache.catalina.core.ApplicationFilterChain.doFilter(ApplicationFilterChain.java:149)
	at org.springframework.web.filter.RequestContextFilter.doFilterInternal(RequestContextFilter.java:100)
	at org.springframework.web.filter.OncePerRequestFilter.doFilter(OncePerRequestFilter.java:116)
	at org.apache.catalina.core.ApplicationFilterChain.internalDoFilter(ApplicationFilterChain.java:174)
	at org.apache.catalina.core.ApplicationFilterChain.doFilter(ApplicationFilterChain.java:149)
	at org.springframework.web.filter.FormContentFilter.doFilterInternal(FormContentFilter.java:93)
	at org.springframework.web.filter.OncePerRequestFilter.doFilter(OncePerRequestFilter.java:116)
	at org.apache.catalina.core.ApplicationFilterChain.internalDoFilter(ApplicationFilterChain.java:174)
	at org.apache.catalina.core.ApplicationFilterChain.doFilter(ApplicationFilterChain.java:149)
	at org.springframework.web.filter.CharacterEncodingFilter.doFilterInternal(CharacterEncodingFilter.java:201)
	at org.springframework.web.filter.OncePerRequestFilter.doFilter(OncePerRequestFilter.java:116)
	at org.apache.catalina.core.ApplicationFilterChain.internalDoFilter(ApplicationFilterChain.java:174)
	at org.apache.catalina.core.ApplicationFilterChain.doFilter(ApplicationFilterChain.java:149)
	at org.apache.catalina.core.StandardWrapperValve.invoke(StandardWrapperValve.java:167)
	at org.apache.catalina.core.StandardContextValve.invoke(StandardContextValve.java:90)
	at org.apache.catalina.authenticator.AuthenticatorBase.invoke(AuthenticatorBase.java:482)
	at org.apache.catalina.core.StandardHostValve.invoke(StandardHostValve.java:115)
	at org.apache.catalina.valves.ErrorReportValve.invoke(ErrorReportValve.java:93)
	at org.apache.catalina.core.StandardEngineValve.invoke(StandardEngineValve.java:74)
	at org.apache.catalina.connector.CoyoteAdapter.service(CoyoteAdapter.java:340)
	at org.apache.coyote.http11.Http11Processor.service(Http11Processor.java:391)
	at org.apache.coyote.AbstractProcessorLight.process(AbstractProcessorLight.java:63)
	at org.apache.coyote.AbstractProtocol$ConnectionHandler.process(AbstractProtocol.java:896)
	at org.apache.tomcat.util.net.NioEndpoint$SocketProcessor.doRun(NioEndpoint.java:1744)
	at org.apache.tomcat.util.net.SocketProcessorBase.run(SocketProcessorBase.java:52)
	at org.apache.tomcat.util.threads.ThreadPoolExecutor.runWorker(ThreadPoolExecutor.java:1191)
	at org.apache.tomcat.util.threads.ThreadPoolExecutor$Worker.run(ThreadPoolExecutor.java:659)
	at org.apache.tomcat.util.threads.TaskThread$WrappingRunnable.run(TaskThread.java:61)
	at java.base/java.lang.Thread.run(Thread.java:1583)
[2025-04-16 23:58:30] [31mWARN[0;39m [36m.m.m.a.ExceptionHandlerExceptionResolver[0;39m [35m:247 [0;39m Resolved [greencity.exceptions.NotFoundException: Employee with this email does not exist: o.bulhakova.chi@gmail.com]
[2025-04-16 23:58:39] [34mINFO[0;39m [36mg.service.ubs.OrderLockServiceImpl      [0;39m [35m:60  [0;39m Time: 2025-04-16T23:53:39.171735300
[2025-04-16 23:58:39] [34mINFO[0;39m [36mg.service.ubs.OrderLockServiceImpl      [0;39m [35m:62  [0;39m Unlock orders
[2025-04-16 23:58:46] [34mINFO[0;39m [36mg.s.f.AccessTokenAuthenticationFilter   [0;39m [35m:54  [0;39m token: eyJhbGciOiJIUzI1NiJ9.eyJzdWIiOiJvLmJ1bGhha292YS5jaGlAZ21haWwuY29tIiwicm9sZSI6WyJST0xFX1VCU19FTVBMT1lFRSJdLCJlbXBsb3llZV9hdXRob3JpdGllcyI6WyJURUxFR1JBTV9NQU5BR0VNRU5UIl0sImV4cCI6MTc0NDg0MjgzOSwiaWF0IjoxNzQ0ODM1NjM5fQ.vIpQsUxXzK1JyV6N0b2OOWp7euB1voMMzAIpB5Oue4E
[2025-04-16 23:58:46] [34mINFO[0;39m [36mg.s.f.AccessTokenAuthenticationFilter   [0;39m [35m:62  [0;39m user: Optional[UserVO(id=5, email=o.bulhakova.chi@gmail.com, languageVO=greencity.dto.language.LanguageVO@1c60)]
[2025-04-16 23:58:46] [39mTRACE[0;39m [36mg.e.handler.CustomExceptionHandler      [0;39m [35m:129 [0;39m Employee with this email does not exist: o.bulhakova.chi@gmail.com
greencity.exceptions.NotFoundException: Employee with this email does not exist: o.bulhakova.chi@gmail.com
	at greencity.service.ubs.UBSClientServiceImpl.lambda$getPositionsAndRelatedAuthorities$61(UBSClientServiceImpl.java:1696)
	at java.base/java.util.Optional.orElseThrow(Optional.java:403)
	at greencity.service.ubs.UBSClientServiceImpl.getPositionsAndRelatedAuthorities(UBSClientServiceImpl.java:1696)
	at java.base/jdk.internal.reflect.DirectMethodHandleAccessor.invoke(DirectMethodHandleAccessor.java:103)
	at java.base/java.lang.reflect.Method.invoke(Method.java:580)
	at org.springframework.aop.support.AopUtils.invokeJoinpointUsingReflection(AopUtils.java:351)
	at org.springframework.aop.framework.ReflectiveMethodInvocation.invokeJoinpoint(ReflectiveMethodInvocation.java:196)
	at org.springframework.aop.framework.ReflectiveMethodInvocation.proceed(ReflectiveMethodInvocation.java:163)
	at org.springframework.aop.framework.CglibAopProxy$CglibMethodInvocation.proceed(CglibAopProxy.java:765)
	at org.springframework.cache.interceptor.CacheInterceptor.lambda$invoke$0(CacheInterceptor.java:64)
	at org.springframework.cache.interceptor.CacheAspectSupport.invokeOperation(CacheAspectSupport.java:416)
	at org.springframework.cache.interceptor.CacheAspectSupport.evaluate(CacheAspectSupport.java:545)
	at org.springframework.cache.interceptor.CacheAspectSupport.execute(CacheAspectSupport.java:433)
	at org.springframework.cache.interceptor.CacheAspectSupport.execute(CacheAspectSupport.java:395)
	at org.springframework.cache.interceptor.CacheInterceptor.invoke(CacheInterceptor.java:74)
	at org.springframework.aop.framework.ReflectiveMethodInvocation.proceed(ReflectiveMethodInvocation.java:184)
	at org.springframework.aop.framework.CglibAopProxy$CglibMethodInvocation.proceed(CglibAopProxy.java:765)
	at org.springframework.aop.framework.CglibAopProxy$DynamicAdvisedInterceptor.intercept(CglibAopProxy.java:717)
	at greencity.service.ubs.UBSClientServiceImpl$$SpringCGLIB$$0.getPositionsAndRelatedAuthorities(<generated>)
	at greencity.controller.ManagementEmployeeController.getPositionsAndRelatedAuthorities(ManagementEmployeeController.java:235)
	at java.base/jdk.internal.reflect.DirectMethodHandleAccessor.invoke(DirectMethodHandleAccessor.java:103)
	at java.base/java.lang.reflect.Method.invoke(Method.java:580)
	at org.springframework.aop.support.AopUtils.invokeJoinpointUsingReflection(AopUtils.java:351)
	at org.springframework.aop.framework.CglibAopProxy$DynamicAdvisedInterceptor.intercept(CglibAopProxy.java:713)
	at greencity.controller.ManagementEmployeeController$$SpringCGLIB$$0.getPositionsAndRelatedAuthorities(<generated>)
	at java.base/jdk.internal.reflect.DirectMethodHandleAccessor.invoke(DirectMethodHandleAccessor.java:103)
	at java.base/java.lang.reflect.Method.invoke(Method.java:580)
	at org.springframework.web.method.support.InvocableHandlerMethod.doInvoke(InvocableHandlerMethod.java:261)
	at org.springframework.web.method.support.InvocableHandlerMethod.invokeForRequest(InvocableHandlerMethod.java:189)
	at org.springframework.web.servlet.mvc.method.annotation.ServletInvocableHandlerMethod.invokeAndHandle(ServletInvocableHandlerMethod.java:118)
	at org.springframework.web.servlet.mvc.method.annotation.RequestMappingHandlerAdapter.invokeHandlerMethod(RequestMappingHandlerAdapter.java:917)
	at org.springframework.web.servlet.mvc.method.annotation.RequestMappingHandlerAdapter.handleInternal(RequestMappingHandlerAdapter.java:829)
	at org.springframework.web.servlet.mvc.method.AbstractHandlerMethodAdapter.handle(AbstractHandlerMethodAdapter.java:87)
	at org.springframework.web.servlet.DispatcherServlet.doDispatch(DispatcherServlet.java:1089)
	at org.springframework.web.servlet.DispatcherServlet.doService(DispatcherServlet.java:979)
	at org.springframework.web.servlet.FrameworkServlet.processRequest(FrameworkServlet.java:1014)
	at org.springframework.web.servlet.FrameworkServlet.doGet(FrameworkServlet.java:903)
	at jakarta.servlet.http.HttpServlet.service(HttpServlet.java:564)
	at org.springframework.web.servlet.FrameworkServlet.service(FrameworkServlet.java:885)
	at jakarta.servlet.http.HttpServlet.service(HttpServlet.java:658)
	at org.apache.catalina.core.ApplicationFilterChain.internalDoFilter(ApplicationFilterChain.java:205)
	at org.apache.catalina.core.ApplicationFilterChain.doFilter(ApplicationFilterChain.java:149)
	at org.apache.tomcat.websocket.server.WsFilter.doFilter(WsFilter.java:51)
	at org.apache.catalina.core.ApplicationFilterChain.internalDoFilter(ApplicationFilterChain.java:174)
	at org.apache.catalina.core.ApplicationFilterChain.doFilter(ApplicationFilterChain.java:149)
	at org.springframework.security.web.FilterChainProxy.lambda$doFilterInternal$3(FilterChainProxy.java:231)
	at org.springframework.security.web.FilterChainProxy$VirtualFilterChain.doFilter(FilterChainProxy.java:365)
	at org.springframework.security.web.access.intercept.AuthorizationFilter.doFilter(AuthorizationFilter.java:100)
	at org.springframework.security.web.FilterChainProxy$VirtualFilterChain.doFilter(FilterChainProxy.java:374)
	at org.springframework.security.web.access.ExceptionTranslationFilter.doFilter(ExceptionTranslationFilter.java:126)
	at org.springframework.security.web.access.ExceptionTranslationFilter.doFilter(ExceptionTranslationFilter.java:120)
	at org.springframework.security.web.FilterChainProxy$VirtualFilterChain.doFilter(FilterChainProxy.java:374)
	at org.springframework.security.web.session.SessionManagementFilter.doFilter(SessionManagementFilter.java:131)
	at org.springframework.security.web.session.SessionManagementFilter.doFilter(SessionManagementFilter.java:85)
	at org.springframework.security.web.FilterChainProxy$VirtualFilterChain.doFilter(FilterChainProxy.java:374)
	at org.springframework.security.web.authentication.AnonymousAuthenticationFilter.doFilter(AnonymousAuthenticationFilter.java:100)
	at org.springframework.security.web.FilterChainProxy$VirtualFilterChain.doFilter(FilterChainProxy.java:374)
	at org.springframework.security.web.servletapi.SecurityContextHolderAwareRequestFilter.doFilter(SecurityContextHolderAwareRequestFilter.java:179)
	at org.springframework.security.web.FilterChainProxy$VirtualFilterChain.doFilter(FilterChainProxy.java:374)
	at org.springframework.security.web.savedrequest.RequestCacheAwareFilter.doFilter(RequestCacheAwareFilter.java:63)
	at org.springframework.security.web.FilterChainProxy$VirtualFilterChain.doFilter(FilterChainProxy.java:374)
	at greencity.security.filters.AccessTokenAuthenticationFilter.doFilterInternal(AccessTokenAuthenticationFilter.java:76)
	at org.springframework.web.filter.OncePerRequestFilter.doFilter(OncePerRequestFilter.java:116)
	at org.springframework.security.web.FilterChainProxy$VirtualFilterChain.doFilter(FilterChainProxy.java:374)
	at org.springframework.security.web.authentication.logout.LogoutFilter.doFilter(LogoutFilter.java:107)
	at org.springframework.security.web.authentication.logout.LogoutFilter.doFilter(LogoutFilter.java:93)
	at org.springframework.security.web.FilterChainProxy$VirtualFilterChain.doFilter(FilterChainProxy.java:374)
	at org.springframework.web.filter.CorsFilter.doFilterInternal(CorsFilter.java:91)
	at org.springframework.web.filter.OncePerRequestFilter.doFilter(OncePerRequestFilter.java:116)
	at org.springframework.security.web.FilterChainProxy$VirtualFilterChain.doFilter(FilterChainProxy.java:374)
	at org.springframework.security.web.header.HeaderWriterFilter.doHeadersAfter(HeaderWriterFilter.java:90)
	at org.springframework.security.web.header.HeaderWriterFilter.doFilterInternal(HeaderWriterFilter.java:75)
	at org.springframework.web.filter.OncePerRequestFilter.doFilter(OncePerRequestFilter.java:116)
	at org.springframework.security.web.FilterChainProxy$VirtualFilterChain.doFilter(FilterChainProxy.java:374)
	at org.springframework.security.web.context.SecurityContextHolderFilter.doFilter(SecurityContextHolderFilter.java:82)
	at org.springframework.security.web.context.SecurityContextHolderFilter.doFilter(SecurityContextHolderFilter.java:69)
	at org.springframework.security.web.FilterChainProxy$VirtualFilterChain.doFilter(FilterChainProxy.java:374)
	at org.springframework.security.web.context.request.async.WebAsyncManagerIntegrationFilter.doFilterInternal(WebAsyncManagerIntegrationFilter.java:62)
	at org.springframework.web.filter.OncePerRequestFilter.doFilter(OncePerRequestFilter.java:116)
	at org.springframework.security.web.FilterChainProxy$VirtualFilterChain.doFilter(FilterChainProxy.java:374)
	at org.springframework.security.web.session.DisableEncodeUrlFilter.doFilterInternal(DisableEncodeUrlFilter.java:42)
	at org.springframework.web.filter.OncePerRequestFilter.doFilter(OncePerRequestFilter.java:116)
	at org.springframework.security.web.FilterChainProxy$VirtualFilterChain.doFilter(FilterChainProxy.java:374)
	at org.springframework.security.web.FilterChainProxy.doFilterInternal(FilterChainProxy.java:233)
	at org.springframework.security.web.FilterChainProxy.doFilter(FilterChainProxy.java:191)
	at org.springframework.web.filter.DelegatingFilterProxy.invokeDelegate(DelegatingFilterProxy.java:352)
	at org.springframework.web.filter.DelegatingFilterProxy.doFilter(DelegatingFilterProxy.java:268)
	at org.apache.catalina.core.ApplicationFilterChain.internalDoFilter(ApplicationFilterChain.java:174)
	at org.apache.catalina.core.ApplicationFilterChain.doFilter(ApplicationFilterChain.java:149)
	at org.springframework.web.filter.RequestContextFilter.doFilterInternal(RequestContextFilter.java:100)
	at org.springframework.web.filter.OncePerRequestFilter.doFilter(OncePerRequestFilter.java:116)
	at org.apache.catalina.core.ApplicationFilterChain.internalDoFilter(ApplicationFilterChain.java:174)
	at org.apache.catalina.core.ApplicationFilterChain.doFilter(ApplicationFilterChain.java:149)
	at org.springframework.web.filter.FormContentFilter.doFilterInternal(FormContentFilter.java:93)
	at org.springframework.web.filter.OncePerRequestFilter.doFilter(OncePerRequestFilter.java:116)
	at org.apache.catalina.core.ApplicationFilterChain.internalDoFilter(ApplicationFilterChain.java:174)
	at org.apache.catalina.core.ApplicationFilterChain.doFilter(ApplicationFilterChain.java:149)
	at org.springframework.web.filter.CharacterEncodingFilter.doFilterInternal(CharacterEncodingFilter.java:201)
	at org.springframework.web.filter.OncePerRequestFilter.doFilter(OncePerRequestFilter.java:116)
	at org.apache.catalina.core.ApplicationFilterChain.internalDoFilter(ApplicationFilterChain.java:174)
	at org.apache.catalina.core.ApplicationFilterChain.doFilter(ApplicationFilterChain.java:149)
	at org.apache.catalina.core.StandardWrapperValve.invoke(StandardWrapperValve.java:167)
	at org.apache.catalina.core.StandardContextValve.invoke(StandardContextValve.java:90)
	at org.apache.catalina.authenticator.AuthenticatorBase.invoke(AuthenticatorBase.java:482)
	at org.apache.catalina.core.StandardHostValve.invoke(StandardHostValve.java:115)
	at org.apache.catalina.valves.ErrorReportValve.invoke(ErrorReportValve.java:93)
	at org.apache.catalina.core.StandardEngineValve.invoke(StandardEngineValve.java:74)
	at org.apache.catalina.connector.CoyoteAdapter.service(CoyoteAdapter.java:340)
	at org.apache.coyote.http11.Http11Processor.service(Http11Processor.java:391)
	at org.apache.coyote.AbstractProcessorLight.process(AbstractProcessorLight.java:63)
	at org.apache.coyote.AbstractProtocol$ConnectionHandler.process(AbstractProtocol.java:896)
	at org.apache.tomcat.util.net.NioEndpoint$SocketProcessor.doRun(NioEndpoint.java:1744)
	at org.apache.tomcat.util.net.SocketProcessorBase.run(SocketProcessorBase.java:52)
	at org.apache.tomcat.util.threads.ThreadPoolExecutor.runWorker(ThreadPoolExecutor.java:1191)
	at org.apache.tomcat.util.threads.ThreadPoolExecutor$Worker.run(ThreadPoolExecutor.java:659)
	at org.apache.tomcat.util.threads.TaskThread$WrappingRunnable.run(TaskThread.java:61)
	at java.base/java.lang.Thread.run(Thread.java:1583)
[2025-04-16 23:58:46] [31mWARN[0;39m [36m.m.m.a.ExceptionHandlerExceptionResolver[0;39m [35m:247 [0;39m Resolved [greencity.exceptions.NotFoundException: Employee with this email does not exist: o.bulhakova.chi@gmail.com]
[2025-04-16 23:58:54] [34mINFO[0;39m [36mg.s.f.AccessTokenAuthenticationFilter   [0;39m [35m:54  [0;39m token: eyJhbGciOiJIUzI1NiJ9.eyJzdWIiOiJvLmJ1bGhha292YS5jaGlAZ21haWwuY29tIiwicm9sZSI6WyJST0xFX1VCU19FTVBMT1lFRSJdLCJlbXBsb3llZV9hdXRob3JpdGllcyI6WyJURUxFR1JBTV9NQU5BR0VNRU5UIl0sImV4cCI6MTc0NDg0MjgzOSwiaWF0IjoxNzQ0ODM1NjM5fQ.vIpQsUxXzK1JyV6N0b2OOWp7euB1voMMzAIpB5Oue4E
[2025-04-16 23:58:54] [34mINFO[0;39m [36mg.s.f.AccessTokenAuthenticationFilter   [0;39m [35m:62  [0;39m user: Optional[UserVO(id=5, email=o.bulhakova.chi@gmail.com, languageVO=greencity.dto.language.LanguageVO@1c60)]
[2025-04-16 23:58:54] [34mINFO[0;39m [36mg.s.f.AccessTokenAuthenticationFilter   [0;39m [35m:54  [0;39m token: eyJhbGciOiJIUzI1NiJ9.eyJzdWIiOiJvLmJ1bGhha292YS5jaGlAZ21haWwuY29tIiwicm9sZSI6WyJST0xFX1VCU19FTVBMT1lFRSJdLCJlbXBsb3llZV9hdXRob3JpdGllcyI6WyJURUxFR1JBTV9NQU5BR0VNRU5UIl0sImV4cCI6MTc0NDg0MjgzOSwiaWF0IjoxNzQ0ODM1NjM5fQ.vIpQsUxXzK1JyV6N0b2OOWp7euB1voMMzAIpB5Oue4E
[2025-04-16 23:58:54] [34mINFO[0;39m [36mg.s.f.AccessTokenAuthenticationFilter   [0;39m [35m:62  [0;39m user: Optional[UserVO(id=5, email=o.bulhakova.chi@gmail.com, languageVO=greencity.dto.language.LanguageVO@1c60)]
[2025-04-16 23:58:54] [34mINFO[0;39m [36mg.s.f.AccessTokenAuthenticationFilter   [0;39m [35m:54  [0;39m token: eyJhbGciOiJIUzI1NiJ9.eyJzdWIiOiJvLmJ1bGhha292YS5jaGlAZ21haWwuY29tIiwicm9sZSI6WyJST0xFX1VCU19FTVBMT1lFRSJdLCJlbXBsb3llZV9hdXRob3JpdGllcyI6WyJURUxFR1JBTV9NQU5BR0VNRU5UIl0sImV4cCI6MTc0NDg0MjgzOSwiaWF0IjoxNzQ0ODM1NjM5fQ.vIpQsUxXzK1JyV6N0b2OOWp7euB1voMMzAIpB5Oue4E
[2025-04-16 23:58:54] [34mINFO[0;39m [36mg.s.f.AccessTokenAuthenticationFilter   [0;39m [35m:62  [0;39m user: Optional[UserVO(id=5, email=o.bulhakova.chi@gmail.com, languageVO=greencity.dto.language.LanguageVO@1c60)]
[2025-04-16 23:58:55] [34mINFO[0;39m [36mg.s.f.AccessTokenAuthenticationFilter   [0;39m [35m:54  [0;39m token: eyJhbGciOiJIUzI1NiJ9.eyJzdWIiOiJvLmJ1bGhha292YS5jaGlAZ21haWwuY29tIiwicm9sZSI6WyJST0xFX1VCU19FTVBMT1lFRSJdLCJlbXBsb3llZV9hdXRob3JpdGllcyI6WyJURUxFR1JBTV9NQU5BR0VNRU5UIl0sImV4cCI6MTc0NDg0MjgzOSwiaWF0IjoxNzQ0ODM1NjM5fQ.vIpQsUxXzK1JyV6N0b2OOWp7euB1voMMzAIpB5Oue4E
[2025-04-16 23:58:55] [34mINFO[0;39m [36mg.s.f.AccessTokenAuthenticationFilter   [0;39m [35m:62  [0;39m user: Optional[UserVO(id=5, email=o.bulhakova.chi@gmail.com, languageVO=greencity.dto.language.LanguageVO@1c60)]
[2025-04-16 23:59:00] [34mINFO[0;39m [36mg.s.f.AccessTokenAuthenticationFilter   [0;39m [35m:54  [0;39m token: eyJhbGciOiJIUzI1NiJ9.eyJzdWIiOiJvLmJ1bGhha292YS5jaGlAZ21haWwuY29tIiwicm9sZSI6WyJST0xFX1VCU19FTVBMT1lFRSJdLCJlbXBsb3llZV9hdXRob3JpdGllcyI6WyJURUxFR1JBTV9NQU5BR0VNRU5UIl0sImV4cCI6MTc0NDg0MjgzOSwiaWF0IjoxNzQ0ODM1NjM5fQ.vIpQsUxXzK1JyV6N0b2OOWp7euB1voMMzAIpB5Oue4E
[2025-04-16 23:59:00] [34mINFO[0;39m [36mg.s.f.AccessTokenAuthenticationFilter   [0;39m [35m:54  [0;39m token: null
[2025-04-16 23:59:00] [34mINFO[0;39m [36mg.s.f.AccessTokenAuthenticationFilter   [0;39m [35m:62  [0;39m user: Optional[UserVO(id=5, email=o.bulhakova.chi@gmail.com, languageVO=greencity.dto.language.LanguageVO@1c60)]
[2025-04-16 23:59:01] [34mINFO[0;39m [36mg.s.f.AccessTokenAuthenticationFilter   [0;39m [35m:54  [0;39m token: null
[2025-04-16 23:59:01] [34mINFO[0;39m [36mg.s.f.AccessTokenAuthenticationFilter   [0;39m [35m:54  [0;39m token: null
[2025-04-16 23:59:01] [34mINFO[0;39m [36mg.s.f.AccessTokenAuthenticationFilter   [0;39m [35m:54  [0;39m token: eyJhbGciOiJIUzI1NiJ9.eyJzdWIiOiJvLmJ1bGhha292YS5jaGlAZ21haWwuY29tIiwicm9sZSI6WyJST0xFX1VCU19FTVBMT1lFRSJdLCJlbXBsb3llZV9hdXRob3JpdGllcyI6WyJURUxFR1JBTV9NQU5BR0VNRU5UIl0sImV4cCI6MTc0NDg0MjgzOSwiaWF0IjoxNzQ0ODM1NjM5fQ.vIpQsUxXzK1JyV6N0b2OOWp7euB1voMMzAIpB5Oue4E
[2025-04-16 23:59:01] [34mINFO[0;39m [36mg.s.f.AccessTokenAuthenticationFilter   [0;39m [35m:54  [0;39m token: null
[2025-04-16 23:59:01] [34mINFO[0;39m [36mg.s.f.AccessTokenAuthenticationFilter   [0;39m [35m:62  [0;39m user: Optional[UserVO(id=5, email=o.bulhakova.chi@gmail.com, languageVO=greencity.dto.language.LanguageVO@1c60)]
[2025-04-16 23:59:01] [34mINFO[0;39m [36mg.s.f.AccessTokenAuthenticationFilter   [0;39m [35m:54  [0;39m token: eyJhbGciOiJIUzI1NiJ9.eyJzdWIiOiJvLmJ1bGhha292YS5jaGlAZ21haWwuY29tIiwicm9sZSI6WyJST0xFX1VCU19FTVBMT1lFRSJdLCJlbXBsb3llZV9hdXRob3JpdGllcyI6WyJURUxFR1JBTV9NQU5BR0VNRU5UIl0sImV4cCI6MTc0NDg0MjgzOSwiaWF0IjoxNzQ0ODM1NjM5fQ.vIpQsUxXzK1JyV6N0b2OOWp7euB1voMMzAIpB5Oue4E
[2025-04-16 23:59:01] [34mINFO[0;39m [36mg.s.f.AccessTokenAuthenticationFilter   [0;39m [35m:62  [0;39m user: Optional[UserVO(id=5, email=o.bulhakova.chi@gmail.com, languageVO=greencity.dto.language.LanguageVO@1c60)]
[2025-04-16 23:59:25] [34mINFO[0;39m [36mg.s.f.AccessTokenAuthenticationFilter   [0;39m [35m:54  [0;39m token: eyJhbGciOiJIUzI1NiJ9.eyJzdWIiOiJvLmJ1bGhha292YS5jaGlAZ21haWwuY29tIiwicm9sZSI6WyJST0xFX1VTRVIiXSwiZXhwIjoxNzQ0ODQ0MzY1LCJpYXQiOjE3NDQ4MzcxNjV9.K-XFC9aW6wMntFoWZQp7D2QdGU2Lpv_WmjMFEFrCV1o
[2025-04-16 23:59:25] [34mINFO[0;39m [36mg.s.f.AccessTokenAuthenticationFilter   [0;39m [35m:54  [0;39m token: eyJhbGciOiJIUzI1NiJ9.eyJzdWIiOiJvLmJ1bGhha292YS5jaGlAZ21haWwuY29tIiwicm9sZSI6WyJST0xFX1VTRVIiXSwiZXhwIjoxNzQ0ODQ0MzY1LCJpYXQiOjE3NDQ4MzcxNjV9.K-XFC9aW6wMntFoWZQp7D2QdGU2Lpv_WmjMFEFrCV1o
[2025-04-16 23:59:25] [34mINFO[0;39m [36mg.s.f.AccessTokenAuthenticationFilter   [0;39m [35m:62  [0;39m user: Optional[UserVO(id=5, email=o.bulhakova.chi@gmail.com, languageVO=greencity.dto.language.LanguageVO@1c60)]
[2025-04-16 23:59:25] [34mINFO[0;39m [36mg.s.f.AccessTokenAuthenticationFilter   [0;39m [35m:62  [0;39m user: Optional[UserVO(id=5, email=o.bulhakova.chi@gmail.com, languageVO=greencity.dto.language.LanguageVO@1c60)]
[2025-04-16 23:59:25] [34mINFO[0;39m [36mg.s.f.AccessTokenAuthenticationFilter   [0;39m [35m:54  [0;39m token: eyJhbGciOiJIUzI1NiJ9.eyJzdWIiOiJvLmJ1bGhha292YS5jaGlAZ21haWwuY29tIiwicm9sZSI6WyJST0xFX1VTRVIiXSwiZXhwIjoxNzQ0ODQ0MzY1LCJpYXQiOjE3NDQ4MzcxNjV9.K-XFC9aW6wMntFoWZQp7D2QdGU2Lpv_WmjMFEFrCV1o
[2025-04-16 23:59:25] [34mINFO[0;39m [36mg.s.f.AccessTokenAuthenticationFilter   [0;39m [35m:54  [0;39m token: eyJhbGciOiJIUzI1NiJ9.eyJzdWIiOiJvLmJ1bGhha292YS5jaGlAZ21haWwuY29tIiwicm9sZSI6WyJST0xFX1VTRVIiXSwiZXhwIjoxNzQ0ODQ0MzY1LCJpYXQiOjE3NDQ4MzcxNjV9.K-XFC9aW6wMntFoWZQp7D2QdGU2Lpv_WmjMFEFrCV1o
[2025-04-16 23:59:25] [34mINFO[0;39m [36mg.s.f.AccessTokenAuthenticationFilter   [0;39m [35m:62  [0;39m user: Optional[UserVO(id=5, email=o.bulhakova.chi@gmail.com, languageVO=greencity.dto.language.LanguageVO@1c60)]
[2025-04-16 23:59:25] [34mINFO[0;39m [36mg.s.f.AccessTokenAuthenticationFilter   [0;39m [35m:62  [0;39m user: Optional[UserVO(id=5, email=o.bulhakova.chi@gmail.com, languageVO=greencity.dto.language.LanguageVO@1c60)]
[2025-04-16 23:59:25] [34mINFO[0;39m [36mg.s.f.AccessTokenAuthenticationFilter   [0;39m [35m:54  [0;39m token: eyJhbGciOiJIUzI1NiJ9.eyJzdWIiOiJvLmJ1bGhha292YS5jaGlAZ21haWwuY29tIiwicm9sZSI6WyJST0xFX1VTRVIiXSwiZXhwIjoxNzQ0ODQ0MzY1LCJpYXQiOjE3NDQ4MzcxNjV9.K-XFC9aW6wMntFoWZQp7D2QdGU2Lpv_WmjMFEFrCV1o
[2025-04-16 23:59:25] [34mINFO[0;39m [36mg.s.f.AccessTokenAuthenticationFilter   [0;39m [35m:54  [0;39m token: eyJhbGciOiJIUzI1NiJ9.eyJzdWIiOiJvLmJ1bGhha292YS5jaGlAZ21haWwuY29tIiwicm9sZSI6WyJST0xFX1VTRVIiXSwiZXhwIjoxNzQ0ODQ0MzY1LCJpYXQiOjE3NDQ4MzcxNjV9.K-XFC9aW6wMntFoWZQp7D2QdGU2Lpv_WmjMFEFrCV1o
[2025-04-16 23:59:26] [34mINFO[0;39m [36mg.s.f.AccessTokenAuthenticationFilter   [0;39m [35m:62  [0;39m user: Optional[UserVO(id=5, email=o.bulhakova.chi@gmail.com, languageVO=greencity.dto.language.LanguageVO@1c60)]
[2025-04-16 23:59:26] [34mINFO[0;39m [36mg.s.f.AccessTokenAuthenticationFilter   [0;39m [35m:62  [0;39m user: Optional[UserVO(id=5, email=o.bulhakova.chi@gmail.com, languageVO=greencity.dto.language.LanguageVO@1c60)]
[2025-04-16 23:59:26] [34mINFO[0;39m [36mg.s.f.AccessTokenAuthenticationFilter   [0;39m [35m:54  [0;39m token: eyJhbGciOiJIUzI1NiJ9.eyJzdWIiOiJvLmJ1bGhha292YS5jaGlAZ21haWwuY29tIiwicm9sZSI6WyJST0xFX1VTRVIiXSwiZXhwIjoxNzQ0ODQ0MzY1LCJpYXQiOjE3NDQ4MzcxNjV9.K-XFC9aW6wMntFoWZQp7D2QdGU2Lpv_WmjMFEFrCV1o
[2025-04-16 23:59:26] [34mINFO[0;39m [36mg.s.f.AccessTokenAuthenticationFilter   [0;39m [35m:62  [0;39m user: Optional[UserVO(id=5, email=o.bulhakova.chi@gmail.com, languageVO=greencity.dto.language.LanguageVO@1c60)]
[2025-04-16 23:59:26] [34mINFO[0;39m [36mg.s.f.AccessTokenAuthenticationFilter   [0;39m [35m:54  [0;39m token: eyJhbGciOiJIUzI1NiJ9.eyJzdWIiOiJvLmJ1bGhha292YS5jaGlAZ21haWwuY29tIiwicm9sZSI6WyJST0xFX1VTRVIiXSwiZXhwIjoxNzQ0ODQ0MzY1LCJpYXQiOjE3NDQ4MzcxNjV9.K-XFC9aW6wMntFoWZQp7D2QdGU2Lpv_WmjMFEFrCV1o
[2025-04-16 23:59:26] [34mINFO[0;39m [36mg.s.f.AccessTokenAuthenticationFilter   [0;39m [35m:62  [0;39m user: Optional[UserVO(id=5, email=o.bulhakova.chi@gmail.com, languageVO=greencity.dto.language.LanguageVO@1c60)]
[2025-04-16 23:59:36] [34mINFO[0;39m [36mg.s.f.AccessTokenAuthenticationFilter   [0;39m [35m:54  [0;39m token: eyJhbGciOiJIUzI1NiJ9.eyJzdWIiOiJvLmJ1bGhha292YS5jaGlAZ21haWwuY29tIiwicm9sZSI6WyJST0xFX1VTRVIiXSwiZXhwIjoxNzQ0ODQ0MzY1LCJpYXQiOjE3NDQ4MzcxNjV9.K-XFC9aW6wMntFoWZQp7D2QdGU2Lpv_WmjMFEFrCV1o
[2025-04-16 23:59:36] [34mINFO[0;39m [36mg.s.f.AccessTokenAuthenticationFilter   [0;39m [35m:62  [0;39m user: Optional[UserVO(id=5, email=o.bulhakova.chi@gmail.com, languageVO=greencity.dto.language.LanguageVO@1c60)]
[2025-04-16 23:59:37] [34mINFO[0;39m [36mg.s.f.AccessTokenAuthenticationFilter   [0;39m [35m:54  [0;39m token: eyJhbGciOiJIUzI1NiJ9.eyJzdWIiOiJvLmJ1bGhha292YS5jaGlAZ21haWwuY29tIiwicm9sZSI6WyJST0xFX1VTRVIiXSwiZXhwIjoxNzQ0ODQ0MzY1LCJpYXQiOjE3NDQ4MzcxNjV9.K-XFC9aW6wMntFoWZQp7D2QdGU2Lpv_WmjMFEFrCV1o
[2025-04-16 23:59:37] [34mINFO[0;39m [36mg.s.f.AccessTokenAuthenticationFilter   [0;39m [35m:62  [0;39m user: Optional[UserVO(id=5, email=o.bulhakova.chi@gmail.com, languageVO=greencity.dto.language.LanguageVO@1c60)]
[2025-04-16 23:59:38] [34mINFO[0;39m [36mg.s.f.AccessTokenAuthenticationFilter   [0;39m [35m:54  [0;39m token: eyJhbGciOiJIUzI1NiJ9.eyJzdWIiOiJvLmJ1bGhha292YS5jaGlAZ21haWwuY29tIiwicm9sZSI6WyJST0xFX1VTRVIiXSwiZXhwIjoxNzQ0ODQ0MzY1LCJpYXQiOjE3NDQ4MzcxNjV9.K-XFC9aW6wMntFoWZQp7D2QdGU2Lpv_WmjMFEFrCV1o
[2025-04-16 23:59:38] [34mINFO[0;39m [36mg.s.f.AccessTokenAuthenticationFilter   [0;39m [35m:62  [0;39m user: Optional[UserVO(id=5, email=o.bulhakova.chi@gmail.com, languageVO=greencity.dto.language.LanguageVO@1c60)]
[2025-04-16 23:59:38] [34mINFO[0;39m [36mg.s.f.AccessTokenAuthenticationFilter   [0;39m [35m:54  [0;39m token: eyJhbGciOiJIUzI1NiJ9.eyJzdWIiOiJvLmJ1bGhha292YS5jaGlAZ21haWwuY29tIiwicm9sZSI6WyJST0xFX1VTRVIiXSwiZXhwIjoxNzQ0ODQ0MzY1LCJpYXQiOjE3NDQ4MzcxNjV9.K-XFC9aW6wMntFoWZQp7D2QdGU2Lpv_WmjMFEFrCV1o
[2025-04-16 23:59:38] [34mINFO[0;39m [36mg.s.f.AccessTokenAuthenticationFilter   [0;39m [35m:62  [0;39m user: Optional[UserVO(id=5, email=o.bulhakova.chi@gmail.com, languageVO=greencity.dto.language.LanguageVO@1c60)]
[2025-04-16 23:59:38] [34mINFO[0;39m [36mg.s.f.AccessTokenAuthenticationFilter   [0;39m [35m:54  [0;39m token: eyJhbGciOiJIUzI1NiJ9.eyJzdWIiOiJvLmJ1bGhha292YS5jaGlAZ21haWwuY29tIiwicm9sZSI6WyJST0xFX1VTRVIiXSwiZXhwIjoxNzQ0ODQ0MzY1LCJpYXQiOjE3NDQ4MzcxNjV9.K-XFC9aW6wMntFoWZQp7D2QdGU2Lpv_WmjMFEFrCV1o
[2025-04-16 23:59:38] [34mINFO[0;39m [36mg.s.f.AccessTokenAuthenticationFilter   [0;39m [35m:62  [0;39m user: Optional[UserVO(id=5, email=o.bulhakova.chi@gmail.com, languageVO=greencity.dto.language.LanguageVO@1c60)]
[2025-04-16 23:59:38] [34mINFO[0;39m [36mg.s.f.AccessTokenAuthenticationFilter   [0;39m [35m:54  [0;39m token: eyJhbGciOiJIUzI1NiJ9.eyJzdWIiOiJvLmJ1bGhha292YS5jaGlAZ21haWwuY29tIiwicm9sZSI6WyJST0xFX1VTRVIiXSwiZXhwIjoxNzQ0ODQ0MzY1LCJpYXQiOjE3NDQ4MzcxNjV9.K-XFC9aW6wMntFoWZQp7D2QdGU2Lpv_WmjMFEFrCV1o
[2025-04-16 23:59:38] [34mINFO[0;39m [36mg.s.f.AccessTokenAuthenticationFilter   [0;39m [35m:54  [0;39m token: eyJhbGciOiJIUzI1NiJ9.eyJzdWIiOiJvLmJ1bGhha292YS5jaGlAZ21haWwuY29tIiwicm9sZSI6WyJST0xFX1VTRVIiXSwiZXhwIjoxNzQ0ODQ0MzY1LCJpYXQiOjE3NDQ4MzcxNjV9.K-XFC9aW6wMntFoWZQp7D2QdGU2Lpv_WmjMFEFrCV1o
[2025-04-16 23:59:38] [34mINFO[0;39m [36mg.s.f.AccessTokenAuthenticationFilter   [0;39m [35m:62  [0;39m user: Optional[UserVO(id=5, email=o.bulhakova.chi@gmail.com, languageVO=greencity.dto.language.LanguageVO@1c60)]
[2025-04-16 23:59:38] [34mINFO[0;39m [36mg.s.f.AccessTokenAuthenticationFilter   [0;39m [35m:62  [0;39m user: Optional[UserVO(id=5, email=o.bulhakova.chi@gmail.com, languageVO=greencity.dto.language.LanguageVO@1c60)]
[2025-04-16 23:59:38] [34mINFO[0;39m [36mg.s.f.AccessTokenAuthenticationFilter   [0;39m [35m:54  [0;39m token: eyJhbGciOiJIUzI1NiJ9.eyJzdWIiOiJvLmJ1bGhha292YS5jaGlAZ21haWwuY29tIiwicm9sZSI6WyJST0xFX1VTRVIiXSwiZXhwIjoxNzQ0ODQ0MzY1LCJpYXQiOjE3NDQ4MzcxNjV9.K-XFC9aW6wMntFoWZQp7D2QdGU2Lpv_WmjMFEFrCV1o
[2025-04-16 23:59:38] [34mINFO[0;39m [36mg.s.f.AccessTokenAuthenticationFilter   [0;39m [35m:62  [0;39m user: Optional[UserVO(id=5, email=o.bulhakova.chi@gmail.com, languageVO=greencity.dto.language.LanguageVO@1c60)]
[2025-04-16 23:59:39] [34mINFO[0;39m [36mg.s.f.AccessTokenAuthenticationFilter   [0;39m [35m:54  [0;39m token: eyJhbGciOiJIUzI1NiJ9.eyJzdWIiOiJvLmJ1bGhha292YS5jaGlAZ21haWwuY29tIiwicm9sZSI6WyJST0xFX1VTRVIiXSwiZXhwIjoxNzQ0ODQ0MzY1LCJpYXQiOjE3NDQ4MzcxNjV9.K-XFC9aW6wMntFoWZQp7D2QdGU2Lpv_WmjMFEFrCV1o
[2025-04-16 23:59:39] [34mINFO[0;39m [36mg.s.f.AccessTokenAuthenticationFilter   [0;39m [35m:62  [0;39m user: Optional[UserVO(id=5, email=o.bulhakova.chi@gmail.com, languageVO=greencity.dto.language.LanguageVO@1c60)]
[2025-04-16 23:59:39] [34mINFO[0;39m [36mg.service.ubs.OrderLockServiceImpl      [0;39m [35m:60  [0;39m Time: 2025-04-16T23:54:39.178923600
[2025-04-16 23:59:39] [34mINFO[0;39m [36mg.service.ubs.OrderLockServiceImpl      [0;39m [35m:62  [0;39m Unlock orders
