[2025-04-07 00:00:48] [34mINFO[0;39m [36mg.service.ubs.OrderLockServiceImpl      [0;39m [35m:60  [0;39m Time: 2025-04-06T23:55:48.375724800
[2025-04-07 00:00:48] [34mINFO[0;39m [36mg.service.ubs.OrderLockServiceImpl      [0;39m [35m:62  [0;39m Unlock orders
[2025-04-07 00:01:48] [34mINFO[0;39m [36mg.service.ubs.OrderLockServiceImpl      [0;39m [35m:60  [0;39m Time: 2025-04-06T23:56:48.378512500
[2025-04-07 00:01:48] [34mINFO[0;39m [36mg.service.ubs.OrderLockServiceImpl      [0;39m [35m:62  [0;39m Unlock orders
[2025-04-07 00:02:48] [34mINFO[0;39m [36mg.service.ubs.OrderLockServiceImpl      [0;39m [35m:60  [0;39m Time: 2025-04-06T23:57:48.367437200
[2025-04-07 00:02:48] [34mINFO[0;39m [36mg.service.ubs.OrderLockServiceImpl      [0;39m [35m:62  [0;39m Unlock orders
[2025-04-07 00:03:48] [34mINFO[0;39m [36mg.service.ubs.OrderLockServiceImpl      [0;39m [35m:60  [0;39m Time: 2025-04-06T23:58:48.371084700
[2025-04-07 00:03:48] [34mINFO[0;39m [36mg.service.ubs.OrderLockServiceImpl      [0;39m [35m:62  [0;39m Unlock orders
[2025-04-07 00:30:47] [31mWARN[0;39m [36mcom.zaxxer.hikari.pool.HikariPool       [0;39m [35m:804 [0;39m HikariPool-1 - Thread starvation or clock leap detected (housekeeper delta=27m16s317ms925µs700ns).
[2025-04-07 00:31:34] [34mINFO[0;39m [36mg.service.ubs.OrderLockServiceImpl      [0;39m [35m:60  [0;39m Time: 2025-04-07T00:26:34.696268400
[2025-04-07 00:31:34] [34mINFO[0;39m [36mg.service.ubs.OrderLockServiceImpl      [0;39m [35m:62  [0;39m Unlock orders
[2025-04-07 00:31:34] [34mINFO[0;39m [36mg.service.ubs.OrderLockServiceImpl      [0;39m [35m:60  [0;39m Time: 2025-04-07T00:26:34.708280
[2025-04-07 00:31:34] [34mINFO[0;39m [36mg.service.ubs.OrderLockServiceImpl      [0;39m [35m:62  [0;39m Unlock orders
[2025-04-07 00:31:34] [34mINFO[0;39m [36mg.service.ubs.OrderLockServiceImpl      [0;39m [35m:60  [0;39m Time: 2025-04-07T00:26:34.709281800
[2025-04-07 00:31:34] [34mINFO[0;39m [36mg.service.ubs.OrderLockServiceImpl      [0;39m [35m:62  [0;39m Unlock orders
[2025-04-07 00:31:34] [34mINFO[0;39m [36mg.service.ubs.OrderLockServiceImpl      [0;39m [35m:60  [0;39m Time: 2025-04-07T00:26:34.710279300
[2025-04-07 00:31:34] [34mINFO[0;39m [36mg.service.ubs.OrderLockServiceImpl      [0;39m [35m:62  [0;39m Unlock orders
[2025-04-07 00:31:34] [34mINFO[0;39m [36mg.service.ubs.OrderLockServiceImpl      [0;39m [35m:60  [0;39m Time: 2025-04-07T00:26:34.711278800
[2025-04-07 00:31:34] [34mINFO[0;39m [36mg.service.ubs.OrderLockServiceImpl      [0;39m [35m:62  [0;39m Unlock orders
[2025-04-07 00:31:34] [34mINFO[0;39m [36mg.service.ubs.OrderLockServiceImpl      [0;39m [35m:60  [0;39m Time: 2025-04-07T00:26:34.711278800
[2025-04-07 00:31:34] [34mINFO[0;39m [36mg.service.ubs.OrderLockServiceImpl      [0;39m [35m:62  [0;39m Unlock orders
[2025-04-07 00:31:34] [34mINFO[0;39m [36mg.service.ubs.OrderLockServiceImpl      [0;39m [35m:60  [0;39m Time: 2025-04-07T00:26:34.712279100
[2025-04-07 00:31:34] [34mINFO[0;39m [36mg.service.ubs.OrderLockServiceImpl      [0;39m [35m:62  [0;39m Unlock orders
[2025-04-07 00:31:34] [34mINFO[0;39m [36mg.service.ubs.OrderLockServiceImpl      [0;39m [35m:60  [0;39m Time: 2025-04-07T00:26:34.712279100
[2025-04-07 00:31:34] [34mINFO[0;39m [36mg.service.ubs.OrderLockServiceImpl      [0;39m [35m:62  [0;39m Unlock orders
[2025-04-07 00:31:34] [34mINFO[0;39m [36mg.service.ubs.OrderLockServiceImpl      [0;39m [35m:60  [0;39m Time: 2025-04-07T00:26:34.713280100
[2025-04-07 00:31:34] [34mINFO[0;39m [36mg.service.ubs.OrderLockServiceImpl      [0;39m [35m:62  [0;39m Unlock orders
[2025-04-07 00:31:34] [34mINFO[0;39m [36mg.service.ubs.OrderLockServiceImpl      [0;39m [35m:60  [0;39m Time: 2025-04-07T00:26:34.713280100
[2025-04-07 00:31:34] [34mINFO[0;39m [36mg.service.ubs.OrderLockServiceImpl      [0;39m [35m:62  [0;39m Unlock orders
[2025-04-07 00:31:34] [34mINFO[0;39m [36mg.service.ubs.OrderLockServiceImpl      [0;39m [35m:60  [0;39m Time: 2025-04-07T00:26:34.714281100
[2025-04-07 00:31:34] [34mINFO[0;39m [36mg.service.ubs.OrderLockServiceImpl      [0;39m [35m:62  [0;39m Unlock orders
[2025-04-07 00:31:34] [34mINFO[0;39m [36mg.service.ubs.OrderLockServiceImpl      [0;39m [35m:60  [0;39m Time: 2025-04-07T00:26:34.715280100
[2025-04-07 00:31:34] [34mINFO[0;39m [36mg.service.ubs.OrderLockServiceImpl      [0;39m [35m:62  [0;39m Unlock orders
[2025-04-07 00:31:34] [34mINFO[0;39m [36mg.service.ubs.OrderLockServiceImpl      [0;39m [35m:60  [0;39m Time: 2025-04-07T00:26:34.715280100
[2025-04-07 00:31:34] [34mINFO[0;39m [36mg.service.ubs.OrderLockServiceImpl      [0;39m [35m:62  [0;39m Unlock orders
[2025-04-07 00:31:34] [34mINFO[0;39m [36mg.service.ubs.OrderLockServiceImpl      [0;39m [35m:60  [0;39m Time: 2025-04-07T00:26:34.716280
[2025-04-07 00:31:34] [34mINFO[0;39m [36mg.service.ubs.OrderLockServiceImpl      [0;39m [35m:62  [0;39m Unlock orders
[2025-04-07 00:31:34] [34mINFO[0;39m [36mg.service.ubs.OrderLockServiceImpl      [0;39m [35m:60  [0;39m Time: 2025-04-07T00:26:34.716280
[2025-04-07 00:31:34] [34mINFO[0;39m [36mg.service.ubs.OrderLockServiceImpl      [0;39m [35m:62  [0;39m Unlock orders
[2025-04-07 00:31:34] [34mINFO[0;39m [36mg.service.ubs.OrderLockServiceImpl      [0;39m [35m:60  [0;39m Time: 2025-04-07T00:26:34.717280100
[2025-04-07 00:31:34] [34mINFO[0;39m [36mg.service.ubs.OrderLockServiceImpl      [0;39m [35m:62  [0;39m Unlock orders
[2025-04-07 00:31:34] [34mINFO[0;39m [36mg.service.ubs.OrderLockServiceImpl      [0;39m [35m:60  [0;39m Time: 2025-04-07T00:26:34.717280100
[2025-04-07 00:31:34] [34mINFO[0;39m [36mg.service.ubs.OrderLockServiceImpl      [0;39m [35m:62  [0;39m Unlock orders
[2025-04-07 00:31:34] [34mINFO[0;39m [36mg.service.ubs.OrderLockServiceImpl      [0;39m [35m:60  [0;39m Time: 2025-04-07T00:26:34.718278900
[2025-04-07 00:31:34] [34mINFO[0;39m [36mg.service.ubs.OrderLockServiceImpl      [0;39m [35m:62  [0;39m Unlock orders
[2025-04-07 00:31:34] [34mINFO[0;39m [36mg.service.ubs.OrderLockServiceImpl      [0;39m [35m:60  [0;39m Time: 2025-04-07T00:26:34.718278900
[2025-04-07 00:31:34] [34mINFO[0;39m [36mg.service.ubs.OrderLockServiceImpl      [0;39m [35m:62  [0;39m Unlock orders
[2025-04-07 00:31:34] [34mINFO[0;39m [36mg.service.ubs.OrderLockServiceImpl      [0;39m [35m:60  [0;39m Time: 2025-04-07T00:26:34.719279200
[2025-04-07 00:31:34] [34mINFO[0;39m [36mg.service.ubs.OrderLockServiceImpl      [0;39m [35m:62  [0;39m Unlock orders
[2025-04-07 00:31:34] [34mINFO[0;39m [36mg.service.ubs.OrderLockServiceImpl      [0;39m [35m:60  [0;39m Time: 2025-04-07T00:26:34.719279200
[2025-04-07 00:31:34] [34mINFO[0;39m [36mg.service.ubs.OrderLockServiceImpl      [0;39m [35m:62  [0;39m Unlock orders
[2025-04-07 00:31:34] [34mINFO[0;39m [36mg.service.ubs.OrderLockServiceImpl      [0;39m [35m:60  [0;39m Time: 2025-04-07T00:26:34.720278800
[2025-04-07 00:31:34] [34mINFO[0;39m [36mg.service.ubs.OrderLockServiceImpl      [0;39m [35m:62  [0;39m Unlock orders
[2025-04-07 00:31:34] [34mINFO[0;39m [36mg.service.ubs.OrderLockServiceImpl      [0;39m [35m:60  [0;39m Time: 2025-04-07T00:26:34.720278800
[2025-04-07 00:31:34] [34mINFO[0;39m [36mg.service.ubs.OrderLockServiceImpl      [0;39m [35m:62  [0;39m Unlock orders
[2025-04-07 00:31:34] [34mINFO[0;39m [36mg.service.ubs.OrderLockServiceImpl      [0;39m [35m:60  [0;39m Time: 2025-04-07T00:26:34.721279500
[2025-04-07 00:31:34] [34mINFO[0;39m [36mg.service.ubs.OrderLockServiceImpl      [0;39m [35m:62  [0;39m Unlock orders
[2025-04-07 00:31:34] [34mINFO[0;39m [36mg.service.ubs.OrderLockServiceImpl      [0;39m [35m:60  [0;39m Time: 2025-04-07T00:26:34.721279500
[2025-04-07 00:31:34] [34mINFO[0;39m [36mg.service.ubs.OrderLockServiceImpl      [0;39m [35m:62  [0;39m Unlock orders
[2025-04-07 00:31:34] [34mINFO[0;39m [36mg.service.ubs.OrderLockServiceImpl      [0;39m [35m:60  [0;39m Time: 2025-04-07T00:26:34.722279900
[2025-04-07 00:31:34] [34mINFO[0;39m [36mg.service.ubs.OrderLockServiceImpl      [0;39m [35m:62  [0;39m Unlock orders
[2025-04-07 00:31:34] [34mINFO[0;39m [36mg.service.ubs.OrderLockServiceImpl      [0;39m [35m:60  [0;39m Time: 2025-04-07T00:26:34.723282200
[2025-04-07 00:31:34] [34mINFO[0;39m [36mg.service.ubs.OrderLockServiceImpl      [0;39m [35m:62  [0;39m Unlock orders
[2025-04-07 00:31:48] [34mINFO[0;39m [36mg.service.ubs.OrderLockServiceImpl      [0;39m [35m:60  [0;39m Time: 2025-04-07T00:26:48.364780200
[2025-04-07 00:31:48] [34mINFO[0;39m [36mg.service.ubs.OrderLockServiceImpl      [0;39m [35m:62  [0;39m Unlock orders
[2025-04-07 00:32:48] [34mINFO[0;39m [36mg.service.ubs.OrderLockServiceImpl      [0;39m [35m:60  [0;39m Time: 2025-04-07T00:27:48.365386100
[2025-04-07 00:32:48] [34mINFO[0;39m [36mg.service.ubs.OrderLockServiceImpl      [0;39m [35m:62  [0;39m Unlock orders
[2025-04-07 00:33:48] [34mINFO[0;39m [36mg.service.ubs.OrderLockServiceImpl      [0;39m [35m:60  [0;39m Time: 2025-04-07T00:28:48.379027900
[2025-04-07 00:33:48] [34mINFO[0;39m [36mg.service.ubs.OrderLockServiceImpl      [0;39m [35m:62  [0;39m Unlock orders
[2025-04-07 00:34:48] [34mINFO[0;39m [36mg.service.ubs.OrderLockServiceImpl      [0;39m [35m:60  [0;39m Time: 2025-04-07T00:29:48.371815300
[2025-04-07 00:34:48] [34mINFO[0;39m [36mg.service.ubs.OrderLockServiceImpl      [0;39m [35m:62  [0;39m Unlock orders
[2025-04-07 00:35:48] [34mINFO[0;39m [36mg.service.ubs.OrderLockServiceImpl      [0;39m [35m:60  [0;39m Time: 2025-04-07T00:30:48.369683600
[2025-04-07 00:35:48] [34mINFO[0;39m [36mg.service.ubs.OrderLockServiceImpl      [0;39m [35m:62  [0;39m Unlock orders
[2025-04-07 00:36:48] [34mINFO[0;39m [36mg.service.ubs.OrderLockServiceImpl      [0;39m [35m:60  [0;39m Time: 2025-04-07T00:31:48.368891400
[2025-04-07 00:36:48] [34mINFO[0;39m [36mg.service.ubs.OrderLockServiceImpl      [0;39m [35m:62  [0;39m Unlock orders
[2025-04-07 00:37:48] [34mINFO[0;39m [36mg.service.ubs.OrderLockServiceImpl      [0;39m [35m:60  [0;39m Time: 2025-04-07T00:32:48.376482100
[2025-04-07 00:37:48] [34mINFO[0;39m [36mg.service.ubs.OrderLockServiceImpl      [0;39m [35m:62  [0;39m Unlock orders
[2025-04-07 00:38:48] [34mINFO[0;39m [36mg.service.ubs.OrderLockServiceImpl      [0;39m [35m:60  [0;39m Time: 2025-04-07T00:33:48.374147600
[2025-04-07 00:38:48] [34mINFO[0;39m [36mg.service.ubs.OrderLockServiceImpl      [0;39m [35m:62  [0;39m Unlock orders
[2025-04-07 00:39:48] [34mINFO[0;39m [36mg.service.ubs.OrderLockServiceImpl      [0;39m [35m:60  [0;39m Time: 2025-04-07T00:34:48.366207100
[2025-04-07 00:39:48] [34mINFO[0;39m [36mg.service.ubs.OrderLockServiceImpl      [0;39m [35m:62  [0;39m Unlock orders
[2025-04-07 00:40:48] [34mINFO[0;39m [36mg.service.ubs.OrderLockServiceImpl      [0;39m [35m:60  [0;39m Time: 2025-04-07T00:35:48.376924300
[2025-04-07 00:40:48] [34mINFO[0;39m [36mg.service.ubs.OrderLockServiceImpl      [0;39m [35m:62  [0;39m Unlock orders
[2025-04-07 00:41:48] [34mINFO[0;39m [36mg.service.ubs.OrderLockServiceImpl      [0;39m [35m:60  [0;39m Time: 2025-04-07T00:36:48.365233
[2025-04-07 00:41:48] [34mINFO[0;39m [36mg.service.ubs.OrderLockServiceImpl      [0;39m [35m:62  [0;39m Unlock orders
[2025-04-07 00:42:48] [34mINFO[0;39m [36mg.service.ubs.OrderLockServiceImpl      [0;39m [35m:60  [0;39m Time: 2025-04-07T00:37:48.374523300
[2025-04-07 00:42:48] [34mINFO[0;39m [36mg.service.ubs.OrderLockServiceImpl      [0;39m [35m:62  [0;39m Unlock orders
[2025-04-07 00:43:48] [34mINFO[0;39m [36mg.service.ubs.OrderLockServiceImpl      [0;39m [35m:60  [0;39m Time: 2025-04-07T00:38:48.375344900
[2025-04-07 00:43:48] [34mINFO[0;39m [36mg.service.ubs.OrderLockServiceImpl      [0;39m [35m:62  [0;39m Unlock orders
[2025-04-07 00:44:48] [34mINFO[0;39m [36mg.service.ubs.OrderLockServiceImpl      [0;39m [35m:60  [0;39m Time: 2025-04-07T00:39:48.364386500
[2025-04-07 00:44:48] [34mINFO[0;39m [36mg.service.ubs.OrderLockServiceImpl      [0;39m [35m:62  [0;39m Unlock orders
[2025-04-07 00:45:48] [34mINFO[0;39m [36mg.service.ubs.OrderLockServiceImpl      [0;39m [35m:60  [0;39m Time: 2025-04-07T00:40:48.367837900
[2025-04-07 00:45:48] [34mINFO[0;39m [36mg.service.ubs.OrderLockServiceImpl      [0;39m [35m:62  [0;39m Unlock orders
[2025-04-07 00:46:48] [34mINFO[0;39m [36mg.service.ubs.OrderLockServiceImpl      [0;39m [35m:60  [0;39m Time: 2025-04-07T00:41:48.366661900
[2025-04-07 00:46:48] [34mINFO[0;39m [36mg.service.ubs.OrderLockServiceImpl      [0;39m [35m:62  [0;39m Unlock orders
[2025-04-07 00:47:48] [34mINFO[0;39m [36mg.service.ubs.OrderLockServiceImpl      [0;39m [35m:60  [0;39m Time: 2025-04-07T00:42:48.379810200
[2025-04-07 00:47:48] [34mINFO[0;39m [36mg.service.ubs.OrderLockServiceImpl      [0;39m [35m:62  [0;39m Unlock orders
[2025-04-07 00:48:48] [34mINFO[0;39m [36mg.service.ubs.OrderLockServiceImpl      [0;39m [35m:60  [0;39m Time: 2025-04-07T00:43:48.371506600
[2025-04-07 00:48:48] [34mINFO[0;39m [36mg.service.ubs.OrderLockServiceImpl      [0;39m [35m:62  [0;39m Unlock orders
[2025-04-07 00:49:48] [34mINFO[0;39m [36mg.service.ubs.OrderLockServiceImpl      [0;39m [35m:60  [0;39m Time: 2025-04-07T00:44:48.377880100
[2025-04-07 00:49:48] [34mINFO[0;39m [36mg.service.ubs.OrderLockServiceImpl      [0;39m [35m:62  [0;39m Unlock orders
[2025-04-07 00:50:48] [34mINFO[0;39m [36mg.service.ubs.OrderLockServiceImpl      [0;39m [35m:60  [0;39m Time: 2025-04-07T00:45:48.373594500
[2025-04-07 00:50:48] [34mINFO[0;39m [36mg.service.ubs.OrderLockServiceImpl      [0;39m [35m:62  [0;39m Unlock orders
[2025-04-07 00:51:48] [34mINFO[0;39m [36mg.service.ubs.OrderLockServiceImpl      [0;39m [35m:60  [0;39m Time: 2025-04-07T00:46:48.368853900
[2025-04-07 00:51:48] [34mINFO[0;39m [36mg.service.ubs.OrderLockServiceImpl      [0;39m [35m:62  [0;39m Unlock orders
[2025-04-07 00:52:48] [34mINFO[0;39m [36mg.service.ubs.OrderLockServiceImpl      [0;39m [35m:60  [0;39m Time: 2025-04-07T00:47:48.379406900
[2025-04-07 00:52:48] [34mINFO[0;39m [36mg.service.ubs.OrderLockServiceImpl      [0;39m [35m:62  [0;39m Unlock orders
[2025-04-07 00:53:48] [34mINFO[0;39m [36mg.service.ubs.OrderLockServiceImpl      [0;39m [35m:60  [0;39m Time: 2025-04-07T00:48:48.367310
[2025-04-07 00:53:48] [34mINFO[0;39m [36mg.service.ubs.OrderLockServiceImpl      [0;39m [35m:62  [0;39m Unlock orders
[2025-04-07 00:54:48] [34mINFO[0;39m [36mg.service.ubs.OrderLockServiceImpl      [0;39m [35m:60  [0;39m Time: 2025-04-07T00:49:48.364947500
[2025-04-07 00:54:48] [34mINFO[0;39m [36mg.service.ubs.OrderLockServiceImpl      [0;39m [35m:62  [0;39m Unlock orders
[2025-04-07 00:55:48] [34mINFO[0;39m [36mg.service.ubs.OrderLockServiceImpl      [0;39m [35m:60  [0;39m Time: 2025-04-07T00:50:48.366442500
[2025-04-07 00:55:48] [34mINFO[0;39m [36mg.service.ubs.OrderLockServiceImpl      [0;39m [35m:62  [0;39m Unlock orders
[2025-04-07 00:56:48] [34mINFO[0;39m [36mg.service.ubs.OrderLockServiceImpl      [0;39m [35m:60  [0;39m Time: 2025-04-07T00:51:48.378896700
[2025-04-07 00:56:48] [34mINFO[0;39m [36mg.service.ubs.OrderLockServiceImpl      [0;39m [35m:62  [0;39m Unlock orders
[2025-04-07 00:57:48] [34mINFO[0;39m [36mg.service.ubs.OrderLockServiceImpl      [0;39m [35m:60  [0;39m Time: 2025-04-07T00:52:48.365404900
[2025-04-07 00:57:48] [34mINFO[0;39m [36mg.service.ubs.OrderLockServiceImpl      [0;39m [35m:62  [0;39m Unlock orders
[2025-04-07 00:58:48] [34mINFO[0;39m [36mg.service.ubs.OrderLockServiceImpl      [0;39m [35m:60  [0;39m Time: 2025-04-07T00:53:48.378057200
[2025-04-07 00:58:48] [34mINFO[0;39m [36mg.service.ubs.OrderLockServiceImpl      [0;39m [35m:62  [0;39m Unlock orders
[2025-04-07 00:59:48] [34mINFO[0;39m [36mg.service.ubs.OrderLockServiceImpl      [0;39m [35m:60  [0;39m Time: 2025-04-07T00:54:48.374685300
[2025-04-07 00:59:48] [34mINFO[0;39m [36mg.service.ubs.OrderLockServiceImpl      [0;39m [35m:62  [0;39m Unlock orders
[2025-04-07 01:00:48] [34mINFO[0;39m [36mg.service.ubs.OrderLockServiceImpl      [0;39m [35m:60  [0;39m Time: 2025-04-07T00:55:48.375783
[2025-04-07 01:00:48] [34mINFO[0;39m [36mg.service.ubs.OrderLockServiceImpl      [0;39m [35m:62  [0;39m Unlock orders
[2025-04-07 01:01:48] [34mINFO[0;39m [36mg.service.ubs.OrderLockServiceImpl      [0;39m [35m:60  [0;39m Time: 2025-04-07T00:56:48.374877200
[2025-04-07 01:01:48] [34mINFO[0;39m [36mg.service.ubs.OrderLockServiceImpl      [0;39m [35m:62  [0;39m Unlock orders
[2025-04-07 01:02:48] [34mINFO[0;39m [36mg.service.ubs.OrderLockServiceImpl      [0;39m [35m:60  [0;39m Time: 2025-04-07T00:57:48.368883300
[2025-04-07 01:02:48] [34mINFO[0;39m [36mg.service.ubs.OrderLockServiceImpl      [0;39m [35m:62  [0;39m Unlock orders
[2025-04-07 01:03:48] [34mINFO[0;39m [36mg.service.ubs.OrderLockServiceImpl      [0;39m [35m:60  [0;39m Time: 2025-04-07T00:58:48.376123100
[2025-04-07 01:03:48] [34mINFO[0;39m [36mg.service.ubs.OrderLockServiceImpl      [0;39m [35m:62  [0;39m Unlock orders
[2025-04-07 01:04:48] [34mINFO[0;39m [36mg.service.ubs.OrderLockServiceImpl      [0;39m [35m:60  [0;39m Time: 2025-04-07T00:59:48.384997900
[2025-04-07 01:04:48] [34mINFO[0;39m [36mg.service.ubs.OrderLockServiceImpl      [0;39m [35m:62  [0;39m Unlock orders
[2025-04-07 01:05:48] [34mINFO[0;39m [36mg.service.ubs.OrderLockServiceImpl      [0;39m [35m:60  [0;39m Time: 2025-04-07T01:00:48.378565100
[2025-04-07 01:05:48] [34mINFO[0;39m [36mg.service.ubs.OrderLockServiceImpl      [0;39m [35m:62  [0;39m Unlock orders
[2025-04-07 01:06:48] [34mINFO[0;39m [36mg.service.ubs.OrderLockServiceImpl      [0;39m [35m:60  [0;39m Time: 2025-04-07T01:01:48.377564900
[2025-04-07 01:06:48] [34mINFO[0;39m [36mg.service.ubs.OrderLockServiceImpl      [0;39m [35m:62  [0;39m Unlock orders
[2025-04-07 01:07:48] [34mINFO[0;39m [36mg.service.ubs.OrderLockServiceImpl      [0;39m [35m:60  [0;39m Time: 2025-04-07T01:02:48.368565300
[2025-04-07 01:07:48] [34mINFO[0;39m [36mg.service.ubs.OrderLockServiceImpl      [0;39m [35m:62  [0;39m Unlock orders
[2025-04-07 01:08:48] [34mINFO[0;39m [36mg.service.ubs.OrderLockServiceImpl      [0;39m [35m:60  [0;39m Time: 2025-04-07T01:03:48.377874100
[2025-04-07 01:08:48] [34mINFO[0;39m [36mg.service.ubs.OrderLockServiceImpl      [0;39m [35m:62  [0;39m Unlock orders
[2025-04-07 01:09:48] [34mINFO[0;39m [36mg.service.ubs.OrderLockServiceImpl      [0;39m [35m:60  [0;39m Time: 2025-04-07T01:04:48.366044200
[2025-04-07 01:09:48] [34mINFO[0;39m [36mg.service.ubs.OrderLockServiceImpl      [0;39m [35m:62  [0;39m Unlock orders
[2025-04-07 01:10:48] [34mINFO[0;39m [36mg.service.ubs.OrderLockServiceImpl      [0;39m [35m:60  [0;39m Time: 2025-04-07T01:05:48.370699900
[2025-04-07 01:10:48] [34mINFO[0;39m [36mg.service.ubs.OrderLockServiceImpl      [0;39m [35m:62  [0;39m Unlock orders
[2025-04-07 01:11:48] [34mINFO[0;39m [36mg.service.ubs.OrderLockServiceImpl      [0;39m [35m:60  [0;39m Time: 2025-04-07T01:06:48.366414600
[2025-04-07 01:11:48] [34mINFO[0;39m [36mg.service.ubs.OrderLockServiceImpl      [0;39m [35m:62  [0;39m Unlock orders
[2025-04-07 01:12:48] [34mINFO[0;39m [36mg.service.ubs.OrderLockServiceImpl      [0;39m [35m:60  [0;39m Time: 2025-04-07T01:07:48.379077900
[2025-04-07 01:12:48] [34mINFO[0;39m [36mg.service.ubs.OrderLockServiceImpl      [0;39m [35m:62  [0;39m Unlock orders
[2025-04-07 01:13:48] [34mINFO[0;39m [36mg.service.ubs.OrderLockServiceImpl      [0;39m [35m:60  [0;39m Time: 2025-04-07T01:08:48.374831200
[2025-04-07 01:13:48] [34mINFO[0;39m [36mg.service.ubs.OrderLockServiceImpl      [0;39m [35m:62  [0;39m Unlock orders
[2025-04-07 01:14:48] [34mINFO[0;39m [36mg.service.ubs.OrderLockServiceImpl      [0;39m [35m:60  [0;39m Time: 2025-04-07T01:09:48.366014700
[2025-04-07 01:14:48] [34mINFO[0;39m [36mg.service.ubs.OrderLockServiceImpl      [0;39m [35m:62  [0;39m Unlock orders
[2025-04-07 01:15:48] [34mINFO[0;39m [36mg.service.ubs.OrderLockServiceImpl      [0;39m [35m:60  [0;39m Time: 2025-04-07T01:10:48.377890200
[2025-04-07 01:15:48] [34mINFO[0;39m [36mg.service.ubs.OrderLockServiceImpl      [0;39m [35m:62  [0;39m Unlock orders
[2025-04-07 01:16:48] [34mINFO[0;39m [36mg.service.ubs.OrderLockServiceImpl      [0;39m [35m:60  [0;39m Time: 2025-04-07T01:11:48.366165700
[2025-04-07 01:16:48] [34mINFO[0;39m [36mg.service.ubs.OrderLockServiceImpl      [0;39m [35m:62  [0;39m Unlock orders
[2025-04-07 01:17:48] [34mINFO[0;39m [36mg.service.ubs.OrderLockServiceImpl      [0;39m [35m:60  [0;39m Time: 2025-04-07T01:12:48.363899600
[2025-04-07 01:17:48] [34mINFO[0;39m [36mg.service.ubs.OrderLockServiceImpl      [0;39m [35m:62  [0;39m Unlock orders
[2025-04-07 01:18:48] [34mINFO[0;39m [36mg.service.ubs.OrderLockServiceImpl      [0;39m [35m:60  [0;39m Time: 2025-04-07T01:13:48.377241300
[2025-04-07 01:18:48] [34mINFO[0;39m [36mg.service.ubs.OrderLockServiceImpl      [0;39m [35m:62  [0;39m Unlock orders
[2025-04-07 01:19:48] [34mINFO[0;39m [36mg.service.ubs.OrderLockServiceImpl      [0;39m [35m:60  [0;39m Time: 2025-04-07T01:14:48.372340400
[2025-04-07 01:19:48] [34mINFO[0;39m [36mg.service.ubs.OrderLockServiceImpl      [0;39m [35m:62  [0;39m Unlock orders
[2025-04-07 01:20:48] [34mINFO[0;39m [36mg.service.ubs.OrderLockServiceImpl      [0;39m [35m:60  [0;39m Time: 2025-04-07T01:15:48.372200300
[2025-04-07 01:20:48] [34mINFO[0;39m [36mg.service.ubs.OrderLockServiceImpl      [0;39m [35m:62  [0;39m Unlock orders
[2025-04-07 01:21:48] [34mINFO[0;39m [36mg.service.ubs.OrderLockServiceImpl      [0;39m [35m:60  [0;39m Time: 2025-04-07T01:16:48.363789200
[2025-04-07 01:21:48] [34mINFO[0;39m [36mg.service.ubs.OrderLockServiceImpl      [0;39m [35m:62  [0;39m Unlock orders
[2025-04-07 01:22:48] [34mINFO[0;39m [36mg.service.ubs.OrderLockServiceImpl      [0;39m [35m:60  [0;39m Time: 2025-04-07T01:17:48.366686500
[2025-04-07 01:22:48] [34mINFO[0;39m [36mg.service.ubs.OrderLockServiceImpl      [0;39m [35m:62  [0;39m Unlock orders
[2025-04-07 01:23:48] [34mINFO[0;39m [36mg.service.ubs.OrderLockServiceImpl      [0;39m [35m:60  [0;39m Time: 2025-04-07T01:18:48.375994500
[2025-04-07 01:23:48] [34mINFO[0;39m [36mg.service.ubs.OrderLockServiceImpl      [0;39m [35m:62  [0;39m Unlock orders
[2025-04-07 01:24:48] [34mINFO[0;39m [36mg.service.ubs.OrderLockServiceImpl      [0;39m [35m:60  [0;39m Time: 2025-04-07T01:19:48.385159700
[2025-04-07 01:24:48] [34mINFO[0;39m [36mg.service.ubs.OrderLockServiceImpl      [0;39m [35m:62  [0;39m Unlock orders
[2025-04-07 01:25:48] [34mINFO[0;39m [36mg.service.ubs.OrderLockServiceImpl      [0;39m [35m:60  [0;39m Time: 2025-04-07T01:20:48.376635300
[2025-04-07 01:25:48] [34mINFO[0;39m [36mg.service.ubs.OrderLockServiceImpl      [0;39m [35m:62  [0;39m Unlock orders
[2025-04-07 01:26:48] [34mINFO[0;39m [36mg.service.ubs.OrderLockServiceImpl      [0;39m [35m:60  [0;39m Time: 2025-04-07T01:21:48.374806600
[2025-04-07 01:26:48] [34mINFO[0;39m [36mg.service.ubs.OrderLockServiceImpl      [0;39m [35m:62  [0;39m Unlock orders
[2025-04-07 01:27:48] [34mINFO[0;39m [36mg.service.ubs.OrderLockServiceImpl      [0;39m [35m:60  [0;39m Time: 2025-04-07T01:22:48.365790300
[2025-04-07 01:27:48] [34mINFO[0;39m [36mg.service.ubs.OrderLockServiceImpl      [0;39m [35m:62  [0;39m Unlock orders
[2025-04-07 01:28:48] [34mINFO[0;39m [36mg.service.ubs.OrderLockServiceImpl      [0;39m [35m:60  [0;39m Time: 2025-04-07T01:23:48.377836300
[2025-04-07 01:28:48] [34mINFO[0;39m [36mg.service.ubs.OrderLockServiceImpl      [0;39m [35m:62  [0;39m Unlock orders
[2025-04-07 01:29:48] [34mINFO[0;39m [36mg.service.ubs.OrderLockServiceImpl      [0;39m [35m:60  [0;39m Time: 2025-04-07T01:24:48.365213600
[2025-04-07 01:29:48] [34mINFO[0;39m [36mg.service.ubs.OrderLockServiceImpl      [0;39m [35m:62  [0;39m Unlock orders
[2025-04-07 01:30:48] [34mINFO[0;39m [36mg.service.ubs.OrderLockServiceImpl      [0;39m [35m:60  [0;39m Time: 2025-04-07T01:25:48.378489500
[2025-04-07 01:30:48] [34mINFO[0;39m [36mg.service.ubs.OrderLockServiceImpl      [0;39m [35m:62  [0;39m Unlock orders
[2025-04-07 01:31:48] [34mINFO[0;39m [36mg.service.ubs.OrderLockServiceImpl      [0;39m [35m:60  [0;39m Time: 2025-04-07T01:26:48.367846
[2025-04-07 01:31:48] [34mINFO[0;39m [36mg.service.ubs.OrderLockServiceImpl      [0;39m [35m:62  [0;39m Unlock orders
[2025-04-07 01:32:48] [34mINFO[0;39m [36mg.service.ubs.OrderLockServiceImpl      [0;39m [35m:60  [0;39m Time: 2025-04-07T01:27:48.370304800
[2025-04-07 01:32:48] [34mINFO[0;39m [36mg.service.ubs.OrderLockServiceImpl      [0;39m [35m:62  [0;39m Unlock orders
[2025-04-07 01:33:48] [34mINFO[0;39m [36mg.service.ubs.OrderLockServiceImpl      [0;39m [35m:60  [0;39m Time: 2025-04-07T01:28:48.377503200
[2025-04-07 01:33:48] [34mINFO[0;39m [36mg.service.ubs.OrderLockServiceImpl      [0;39m [35m:62  [0;39m Unlock orders
[2025-04-07 01:34:48] [34mINFO[0;39m [36mg.service.ubs.OrderLockServiceImpl      [0;39m [35m:60  [0;39m Time: 2025-04-07T01:29:48.376045300
[2025-04-07 01:34:48] [34mINFO[0;39m [36mg.service.ubs.OrderLockServiceImpl      [0;39m [35m:62  [0;39m Unlock orders
[2025-04-07 01:35:48] [34mINFO[0;39m [36mg.service.ubs.OrderLockServiceImpl      [0;39m [35m:60  [0;39m Time: 2025-04-07T01:30:48.377251600
[2025-04-07 01:35:48] [34mINFO[0;39m [36mg.service.ubs.OrderLockServiceImpl      [0;39m [35m:62  [0;39m Unlock orders
[2025-04-07 01:36:48] [34mINFO[0;39m [36mg.service.ubs.OrderLockServiceImpl      [0;39m [35m:60  [0;39m Time: 2025-04-07T01:31:48.367871800
[2025-04-07 01:36:48] [34mINFO[0;39m [36mg.service.ubs.OrderLockServiceImpl      [0;39m [35m:62  [0;39m Unlock orders
[2025-04-07 01:37:48] [34mINFO[0;39m [36mg.service.ubs.OrderLockServiceImpl      [0;39m [35m:60  [0;39m Time: 2025-04-07T01:32:48.364964200
[2025-04-07 01:37:48] [34mINFO[0;39m [36mg.service.ubs.OrderLockServiceImpl      [0;39m [35m:62  [0;39m Unlock orders
[2025-04-07 01:38:48] [34mINFO[0;39m [36mg.service.ubs.OrderLockServiceImpl      [0;39m [35m:60  [0;39m Time: 2025-04-07T01:33:48.368738
[2025-04-07 01:38:48] [34mINFO[0;39m [36mg.service.ubs.OrderLockServiceImpl      [0;39m [35m:62  [0;39m Unlock orders
[2025-04-07 01:39:48] [34mINFO[0;39m [36mg.service.ubs.OrderLockServiceImpl      [0;39m [35m:60  [0;39m Time: 2025-04-07T01:34:48.372554800
[2025-04-07 01:39:48] [34mINFO[0;39m [36mg.service.ubs.OrderLockServiceImpl      [0;39m [35m:62  [0;39m Unlock orders
[2025-04-07 01:40:48] [34mINFO[0;39m [36mg.service.ubs.OrderLockServiceImpl      [0;39m [35m:60  [0;39m Time: 2025-04-07T01:35:48.372781800
[2025-04-07 01:40:48] [34mINFO[0;39m [36mg.service.ubs.OrderLockServiceImpl      [0;39m [35m:62  [0;39m Unlock orders
[2025-04-07 01:41:48] [34mINFO[0;39m [36mg.service.ubs.OrderLockServiceImpl      [0;39m [35m:60  [0;39m Time: 2025-04-07T01:36:48.365986600
[2025-04-07 01:41:48] [34mINFO[0;39m [36mg.service.ubs.OrderLockServiceImpl      [0;39m [35m:62  [0;39m Unlock orders
[2025-04-07 01:42:48] [34mINFO[0;39m [36mg.service.ubs.OrderLockServiceImpl      [0;39m [35m:60  [0;39m Time: 2025-04-07T01:37:48.364967900
[2025-04-07 01:42:48] [34mINFO[0;39m [36mg.service.ubs.OrderLockServiceImpl      [0;39m [35m:62  [0;39m Unlock orders
[2025-04-07 01:43:48] [34mINFO[0;39m [36mg.service.ubs.OrderLockServiceImpl      [0;39m [35m:60  [0;39m Time: 2025-04-07T01:38:48.373986900
[2025-04-07 01:43:48] [34mINFO[0;39m [36mg.service.ubs.OrderLockServiceImpl      [0;39m [35m:62  [0;39m Unlock orders
[2025-04-07 01:44:48] [34mINFO[0;39m [36mg.service.ubs.OrderLockServiceImpl      [0;39m [35m:60  [0;39m Time: 2025-04-07T01:39:48.372911800
[2025-04-07 01:44:48] [34mINFO[0;39m [36mg.service.ubs.OrderLockServiceImpl      [0;39m [35m:62  [0;39m Unlock orders
[2025-04-07 01:45:48] [34mINFO[0;39m [36mg.service.ubs.OrderLockServiceImpl      [0;39m [35m:60  [0;39m Time: 2025-04-07T01:40:48.365422100
[2025-04-07 01:45:48] [34mINFO[0;39m [36mg.service.ubs.OrderLockServiceImpl      [0;39m [35m:62  [0;39m Unlock orders
[2025-04-07 01:46:48] [34mINFO[0;39m [36mg.service.ubs.OrderLockServiceImpl      [0;39m [35m:60  [0;39m Time: 2025-04-07T01:41:48.377355
[2025-04-07 01:46:48] [34mINFO[0;39m [36mg.service.ubs.OrderLockServiceImpl      [0;39m [35m:62  [0;39m Unlock orders
[2025-04-07 01:47:48] [34mINFO[0;39m [36mg.service.ubs.OrderLockServiceImpl      [0;39m [35m:60  [0;39m Time: 2025-04-07T01:42:48.371540400
[2025-04-07 01:47:48] [34mINFO[0;39m [36mg.service.ubs.OrderLockServiceImpl      [0;39m [35m:62  [0;39m Unlock orders
[2025-04-07 01:48:48] [34mINFO[0;39m [36mg.service.ubs.OrderLockServiceImpl      [0;39m [35m:60  [0;39m Time: 2025-04-07T01:43:48.366165700
[2025-04-07 01:48:48] [34mINFO[0;39m [36mg.service.ubs.OrderLockServiceImpl      [0;39m [35m:62  [0;39m Unlock orders
[2025-04-07 01:49:48] [34mINFO[0;39m [36mg.service.ubs.OrderLockServiceImpl      [0;39m [35m:60  [0;39m Time: 2025-04-07T01:44:48.365876900
[2025-04-07 01:49:48] [34mINFO[0;39m [36mg.service.ubs.OrderLockServiceImpl      [0;39m [35m:62  [0;39m Unlock orders
[2025-04-07 01:50:48] [34mINFO[0;39m [36mg.service.ubs.OrderLockServiceImpl      [0;39m [35m:60  [0;39m Time: 2025-04-07T01:45:48.378697700
[2025-04-07 01:50:48] [34mINFO[0;39m [36mg.service.ubs.OrderLockServiceImpl      [0;39m [35m:62  [0;39m Unlock orders
[2025-04-07 01:51:48] [34mINFO[0;39m [36mg.service.ubs.OrderLockServiceImpl      [0;39m [35m:60  [0;39m Time: 2025-04-07T01:46:48.368817600
[2025-04-07 01:51:48] [34mINFO[0;39m [36mg.service.ubs.OrderLockServiceImpl      [0;39m [35m:62  [0;39m Unlock orders
[2025-04-07 01:52:48] [34mINFO[0;39m [36mg.service.ubs.OrderLockServiceImpl      [0;39m [35m:60  [0;39m Time: 2025-04-07T01:47:48.364805800
[2025-04-07 01:52:48] [34mINFO[0;39m [36mg.service.ubs.OrderLockServiceImpl      [0;39m [35m:62  [0;39m Unlock orders
[2025-04-07 01:53:48] [34mINFO[0;39m [36mg.service.ubs.OrderLockServiceImpl      [0;39m [35m:60  [0;39m Time: 2025-04-07T01:48:48.368685200
[2025-04-07 01:53:48] [34mINFO[0;39m [36mg.service.ubs.OrderLockServiceImpl      [0;39m [35m:62  [0;39m Unlock orders
[2025-04-07 01:54:48] [34mINFO[0;39m [36mg.service.ubs.OrderLockServiceImpl      [0;39m [35m:60  [0;39m Time: 2025-04-07T01:49:48.366369200
[2025-04-07 01:54:48] [34mINFO[0;39m [36mg.service.ubs.OrderLockServiceImpl      [0;39m [35m:62  [0;39m Unlock orders
[2025-04-07 01:55:48] [34mINFO[0;39m [36mg.service.ubs.OrderLockServiceImpl      [0;39m [35m:60  [0;39m Time: 2025-04-07T01:50:48.370787600
[2025-04-07 01:55:48] [34mINFO[0;39m [36mg.service.ubs.OrderLockServiceImpl      [0;39m [35m:62  [0;39m Unlock orders
[2025-04-07 01:56:48] [34mINFO[0;39m [36mg.service.ubs.OrderLockServiceImpl      [0;39m [35m:60  [0;39m Time: 2025-04-07T01:51:48.377670
[2025-04-07 01:56:48] [34mINFO[0;39m [36mg.service.ubs.OrderLockServiceImpl      [0;39m [35m:62  [0;39m Unlock orders
[2025-04-07 01:57:48] [34mINFO[0;39m [36mg.service.ubs.OrderLockServiceImpl      [0;39m [35m:60  [0;39m Time: 2025-04-07T01:52:48.367555700
[2025-04-07 01:57:48] [34mINFO[0;39m [36mg.service.ubs.OrderLockServiceImpl      [0;39m [35m:62  [0;39m Unlock orders
[2025-04-07 01:58:48] [34mINFO[0;39m [36mg.service.ubs.OrderLockServiceImpl      [0;39m [35m:60  [0;39m Time: 2025-04-07T01:53:48.373281900
[2025-04-07 01:58:48] [34mINFO[0;39m [36mg.service.ubs.OrderLockServiceImpl      [0;39m [35m:62  [0;39m Unlock orders
[2025-04-07 01:59:48] [34mINFO[0;39m [36mg.service.ubs.OrderLockServiceImpl      [0;39m [35m:60  [0;39m Time: 2025-04-07T01:54:48.365955100
[2025-04-07 01:59:48] [34mINFO[0;39m [36mg.service.ubs.OrderLockServiceImpl      [0;39m [35m:62  [0;39m Unlock orders
[2025-04-07 02:00:48] [34mINFO[0;39m [36mg.service.ubs.OrderLockServiceImpl      [0;39m [35m:60  [0;39m Time: 2025-04-07T01:55:48.369985200
[2025-04-07 02:00:48] [34mINFO[0;39m [36mg.service.ubs.OrderLockServiceImpl      [0;39m [35m:62  [0;39m Unlock orders
[2025-04-07 02:01:48] [34mINFO[0;39m [36mg.service.ubs.OrderLockServiceImpl      [0;39m [35m:60  [0;39m Time: 2025-04-07T01:56:48.375284300
[2025-04-07 02:01:48] [34mINFO[0;39m [36mg.service.ubs.OrderLockServiceImpl      [0;39m [35m:62  [0;39m Unlock orders
[2025-04-07 02:02:48] [34mINFO[0;39m [36mg.service.ubs.OrderLockServiceImpl      [0;39m [35m:60  [0;39m Time: 2025-04-07T01:57:48.363853800
[2025-04-07 02:02:48] [34mINFO[0;39m [36mg.service.ubs.OrderLockServiceImpl      [0;39m [35m:62  [0;39m Unlock orders
[2025-04-07 02:03:48] [34mINFO[0;39m [36mg.service.ubs.OrderLockServiceImpl      [0;39m [35m:60  [0;39m Time: 2025-04-07T01:58:48.374022600
[2025-04-07 02:03:48] [34mINFO[0;39m [36mg.service.ubs.OrderLockServiceImpl      [0;39m [35m:62  [0;39m Unlock orders
[2025-04-07 02:04:48] [34mINFO[0;39m [36mg.service.ubs.OrderLockServiceImpl      [0;39m [35m:60  [0;39m Time: 2025-04-07T01:59:48.374977600
[2025-04-07 02:04:48] [34mINFO[0;39m [36mg.service.ubs.OrderLockServiceImpl      [0;39m [35m:62  [0;39m Unlock orders
[2025-04-07 02:05:48] [34mINFO[0;39m [36mg.service.ubs.OrderLockServiceImpl      [0;39m [35m:60  [0;39m Time: 2025-04-07T02:00:48.369716400
[2025-04-07 02:05:48] [34mINFO[0;39m [36mg.service.ubs.OrderLockServiceImpl      [0;39m [35m:62  [0;39m Unlock orders
[2025-04-07 02:06:48] [34mINFO[0;39m [36mg.service.ubs.OrderLockServiceImpl      [0;39m [35m:60  [0;39m Time: 2025-04-07T02:01:48.366754
[2025-04-07 02:06:48] [34mINFO[0;39m [36mg.service.ubs.OrderLockServiceImpl      [0;39m [35m:62  [0;39m Unlock orders
[2025-04-07 02:07:48] [34mINFO[0;39m [36mg.service.ubs.OrderLockServiceImpl      [0;39m [35m:60  [0;39m Time: 2025-04-07T02:02:48.372106100
[2025-04-07 02:07:48] [34mINFO[0;39m [36mg.service.ubs.OrderLockServiceImpl      [0;39m [35m:62  [0;39m Unlock orders
[2025-04-07 02:08:48] [34mINFO[0;39m [36mg.service.ubs.OrderLockServiceImpl      [0;39m [35m:60  [0;39m Time: 2025-04-07T02:03:48.366778300
[2025-04-07 02:08:48] [34mINFO[0;39m [36mg.service.ubs.OrderLockServiceImpl      [0;39m [35m:62  [0;39m Unlock orders
[2025-04-07 02:09:48] [34mINFO[0;39m [36mg.service.ubs.OrderLockServiceImpl      [0;39m [35m:60  [0;39m Time: 2025-04-07T02:04:48.374109700
[2025-04-07 02:09:48] [34mINFO[0;39m [36mg.service.ubs.OrderLockServiceImpl      [0;39m [35m:62  [0;39m Unlock orders
[2025-04-07 02:10:48] [34mINFO[0;39m [36mg.service.ubs.OrderLockServiceImpl      [0;39m [35m:60  [0;39m Time: 2025-04-07T02:05:48.377436
[2025-04-07 02:10:48] [34mINFO[0;39m [36mg.service.ubs.OrderLockServiceImpl      [0;39m [35m:62  [0;39m Unlock orders
[2025-04-07 02:11:48] [34mINFO[0;39m [36mg.service.ubs.OrderLockServiceImpl      [0;39m [35m:60  [0;39m Time: 2025-04-07T02:06:48.379291900
[2025-04-07 02:11:48] [34mINFO[0;39m [36mg.service.ubs.OrderLockServiceImpl      [0;39m [35m:62  [0;39m Unlock orders
[2025-04-07 04:57:46] [31mWARN[0;39m [36mcom.zaxxer.hikari.pool.HikariPool       [0;39m [35m:804 [0;39m HikariPool-1 - Thread starvation or clock leap detected (housekeeper delta=2h45m57s446ms796µs200ns).
[2025-04-07 04:58:15] [34mINFO[0;39m [36mg.service.ubs.OrderLockServiceImpl      [0;39m [35m:60  [0;39m Time: 2025-04-07T04:53:15.798952600
[2025-04-07 04:58:15] [34mINFO[0;39m [36mg.service.ubs.OrderLockServiceImpl      [0;39m [35m:62  [0;39m Unlock orders
[2025-04-07 04:58:15] [34mINFO[0;39m [36mg.service.ubs.OrderLockServiceImpl      [0;39m [35m:60  [0;39m Time: 2025-04-07T04:53:15.803951600
[2025-04-07 04:58:15] [34mINFO[0;39m [36mg.service.ubs.OrderLockServiceImpl      [0;39m [35m:62  [0;39m Unlock orders
[2025-04-07 04:58:15] [34mINFO[0;39m [36mg.service.ubs.OrderLockServiceImpl      [0;39m [35m:60  [0;39m Time: 2025-04-07T04:53:15.804951400
[2025-04-07 04:58:15] [34mINFO[0;39m [36mg.service.ubs.OrderLockServiceImpl      [0;39m [35m:62  [0;39m Unlock orders
[2025-04-07 04:58:15] [34mINFO[0;39m [36mg.service.ubs.OrderLockServiceImpl      [0;39m [35m:60  [0;39m Time: 2025-04-07T04:53:15.805951900
[2025-04-07 04:58:15] [34mINFO[0;39m [36mg.service.ubs.OrderLockServiceImpl      [0;39m [35m:62  [0;39m Unlock orders
[2025-04-07 04:58:15] [34mINFO[0;39m [36mg.service.ubs.OrderLockServiceImpl      [0;39m [35m:60  [0;39m Time: 2025-04-07T04:53:15.806951600
[2025-04-07 04:58:15] [34mINFO[0;39m [36mg.service.ubs.OrderLockServiceImpl      [0;39m [35m:62  [0;39m Unlock orders
[2025-04-07 04:58:15] [34mINFO[0;39m [36mg.service.ubs.OrderLockServiceImpl      [0;39m [35m:60  [0;39m Time: 2025-04-07T04:53:15.807951500
[2025-04-07 04:58:15] [34mINFO[0;39m [36mg.service.ubs.OrderLockServiceImpl      [0;39m [35m:62  [0;39m Unlock orders
[2025-04-07 04:58:15] [34mINFO[0;39m [36mg.service.ubs.OrderLockServiceImpl      [0;39m [35m:60  [0;39m Time: 2025-04-07T04:53:15.808954100
[2025-04-07 04:58:15] [34mINFO[0;39m [36mg.service.ubs.OrderLockServiceImpl      [0;39m [35m:62  [0;39m Unlock orders
[2025-04-07 04:58:15] [34mINFO[0;39m [36mg.service.ubs.OrderLockServiceImpl      [0;39m [35m:60  [0;39m Time: 2025-04-07T04:53:15.809955500
[2025-04-07 04:58:15] [34mINFO[0;39m [36mg.service.ubs.OrderLockServiceImpl      [0;39m [35m:62  [0;39m Unlock orders
[2025-04-07 04:58:15] [34mINFO[0;39m [36mg.service.ubs.OrderLockServiceImpl      [0;39m [35m:60  [0;39m Time: 2025-04-07T04:53:15.810953500
[2025-04-07 04:58:15] [34mINFO[0;39m [36mg.service.ubs.OrderLockServiceImpl      [0;39m [35m:62  [0;39m Unlock orders
[2025-04-07 04:58:15] [34mINFO[0;39m [36mg.service.ubs.OrderLockServiceImpl      [0;39m [35m:60  [0;39m Time: 2025-04-07T04:53:15.810953500
[2025-04-07 04:58:15] [34mINFO[0;39m [36mg.service.ubs.OrderLockServiceImpl      [0;39m [35m:62  [0;39m Unlock orders
[2025-04-07 04:58:15] [34mINFO[0;39m [36mg.service.ubs.OrderLockServiceImpl      [0;39m [35m:60  [0;39m Time: 2025-04-07T04:53:15.811951
[2025-04-07 04:58:15] [34mINFO[0;39m [36mg.service.ubs.OrderLockServiceImpl      [0;39m [35m:62  [0;39m Unlock orders
[2025-04-07 04:58:15] [34mINFO[0;39m [36mg.service.ubs.OrderLockServiceImpl      [0;39m [35m:60  [0;39m Time: 2025-04-07T04:53:15.812950500
[2025-04-07 04:58:15] [34mINFO[0;39m [36mg.service.ubs.OrderLockServiceImpl      [0;39m [35m:62  [0;39m Unlock orders
[2025-04-07 04:58:15] [34mINFO[0;39m [36mg.service.ubs.OrderLockServiceImpl      [0;39m [35m:60  [0;39m Time: 2025-04-07T04:53:15.812950500
[2025-04-07 04:58:15] [34mINFO[0;39m [36mg.service.ubs.OrderLockServiceImpl      [0;39m [35m:62  [0;39m Unlock orders
[2025-04-07 04:58:15] [34mINFO[0;39m [36mg.service.ubs.OrderLockServiceImpl      [0;39m [35m:60  [0;39m Time: 2025-04-07T04:53:15.813953500
[2025-04-07 04:58:15] [34mINFO[0;39m [36mg.service.ubs.OrderLockServiceImpl      [0;39m [35m:62  [0;39m Unlock orders
[2025-04-07 04:58:15] [34mINFO[0;39m [36mg.service.ubs.OrderLockServiceImpl      [0;39m [35m:60  [0;39m Time: 2025-04-07T04:53:15.814953600
[2025-04-07 04:58:15] [34mINFO[0;39m [36mg.service.ubs.OrderLockServiceImpl      [0;39m [35m:62  [0;39m Unlock orders
[2025-04-07 04:58:15] [34mINFO[0;39m [36mg.service.ubs.OrderLockServiceImpl      [0;39m [35m:60  [0;39m Time: 2025-04-07T04:53:15.814953600
[2025-04-07 04:58:15] [34mINFO[0;39m [36mg.service.ubs.OrderLockServiceImpl      [0;39m [35m:62  [0;39m Unlock orders
[2025-04-07 04:58:15] [34mINFO[0;39m [36mg.service.ubs.OrderLockServiceImpl      [0;39m [35m:60  [0;39m Time: 2025-04-07T04:53:15.815953600
[2025-04-07 04:58:15] [34mINFO[0;39m [36mg.service.ubs.OrderLockServiceImpl      [0;39m [35m:62  [0;39m Unlock orders
[2025-04-07 04:58:15] [34mINFO[0;39m [36mg.service.ubs.OrderLockServiceImpl      [0;39m [35m:60  [0;39m Time: 2025-04-07T04:53:15.816955
[2025-04-07 04:58:15] [34mINFO[0;39m [36mg.service.ubs.OrderLockServiceImpl      [0;39m [35m:62  [0;39m Unlock orders
[2025-04-07 04:58:15] [34mINFO[0;39m [36mg.service.ubs.OrderLockServiceImpl      [0;39m [35m:60  [0;39m Time: 2025-04-07T04:53:15.816955
[2025-04-07 04:58:15] [34mINFO[0;39m [36mg.service.ubs.OrderLockServiceImpl      [0;39m [35m:62  [0;39m Unlock orders
[2025-04-07 04:58:15] [34mINFO[0;39m [36mg.service.ubs.OrderLockServiceImpl      [0;39m [35m:60  [0;39m Time: 2025-04-07T04:53:15.817950900
[2025-04-07 04:58:15] [34mINFO[0;39m [36mg.service.ubs.OrderLockServiceImpl      [0;39m [35m:62  [0;39m Unlock orders
[2025-04-07 04:58:15] [34mINFO[0;39m [36mg.service.ubs.OrderLockServiceImpl      [0;39m [35m:60  [0;39m Time: 2025-04-07T04:53:15.817950900
[2025-04-07 04:58:15] [34mINFO[0;39m [36mg.service.ubs.OrderLockServiceImpl      [0;39m [35m:62  [0;39m Unlock orders
[2025-04-07 04:58:15] [34mINFO[0;39m [36mg.service.ubs.OrderLockServiceImpl      [0;39m [35m:60  [0;39m Time: 2025-04-07T04:53:15.818950200
[2025-04-07 04:58:15] [34mINFO[0;39m [36mg.service.ubs.OrderLockServiceImpl      [0;39m [35m:62  [0;39m Unlock orders
[2025-04-07 04:58:15] [34mINFO[0;39m [36mg.service.ubs.OrderLockServiceImpl      [0;39m [35m:60  [0;39m Time: 2025-04-07T04:53:15.819950800
[2025-04-07 04:58:15] [34mINFO[0;39m [36mg.service.ubs.OrderLockServiceImpl      [0;39m [35m:62  [0;39m Unlock orders
[2025-04-07 04:58:15] [34mINFO[0;39m [36mg.service.ubs.OrderLockServiceImpl      [0;39m [35m:60  [0;39m Time: 2025-04-07T04:53:15.819950800
[2025-04-07 04:58:15] [34mINFO[0;39m [36mg.service.ubs.OrderLockServiceImpl      [0;39m [35m:62  [0;39m Unlock orders
[2025-04-07 04:58:15] [34mINFO[0;39m [36mg.service.ubs.OrderLockServiceImpl      [0;39m [35m:60  [0;39m Time: 2025-04-07T04:53:15.820951200
[2025-04-07 04:58:15] [34mINFO[0;39m [36mg.service.ubs.OrderLockServiceImpl      [0;39m [35m:62  [0;39m Unlock orders
[2025-04-07 04:58:15] [34mINFO[0;39m [36mg.service.ubs.OrderLockServiceImpl      [0;39m [35m:60  [0;39m Time: 2025-04-07T04:53:15.820951200
[2025-04-07 04:58:15] [34mINFO[0;39m [36mg.service.ubs.OrderLockServiceImpl      [0;39m [35m:62  [0;39m Unlock orders
[2025-04-07 04:58:15] [34mINFO[0;39m [36mg.service.ubs.OrderLockServiceImpl      [0;39m [35m:60  [0;39m Time: 2025-04-07T04:53:15.821950700
[2025-04-07 04:58:15] [34mINFO[0;39m [36mg.service.ubs.OrderLockServiceImpl      [0;39m [35m:62  [0;39m Unlock orders
[2025-04-07 04:58:15] [34mINFO[0;39m [36mg.service.ubs.OrderLockServiceImpl      [0;39m [35m:60  [0;39m Time: 2025-04-07T04:53:15.821950700
[2025-04-07 04:58:15] [34mINFO[0;39m [36mg.service.ubs.OrderLockServiceImpl      [0;39m [35m:62  [0;39m Unlock orders
[2025-04-07 04:58:15] [34mINFO[0;39m [36mg.service.ubs.OrderLockServiceImpl      [0;39m [35m:60  [0;39m Time: 2025-04-07T04:53:15.822950700
[2025-04-07 04:58:15] [34mINFO[0;39m [36mg.service.ubs.OrderLockServiceImpl      [0;39m [35m:62  [0;39m Unlock orders
[2025-04-07 04:58:15] [34mINFO[0;39m [36mg.service.ubs.OrderLockServiceImpl      [0;39m [35m:60  [0;39m Time: 2025-04-07T04:53:15.822950700
[2025-04-07 04:58:15] [34mINFO[0;39m [36mg.service.ubs.OrderLockServiceImpl      [0;39m [35m:62  [0;39m Unlock orders
[2025-04-07 04:58:15] [34mINFO[0;39m [36mg.service.ubs.OrderLockServiceImpl      [0;39m [35m:60  [0;39m Time: 2025-04-07T04:53:15.823950600
[2025-04-07 04:58:15] [34mINFO[0;39m [36mg.service.ubs.OrderLockServiceImpl      [0;39m [35m:62  [0;39m Unlock orders
[2025-04-07 04:58:15] [34mINFO[0;39m [36mg.service.ubs.OrderLockServiceImpl      [0;39m [35m:60  [0;39m Time: 2025-04-07T04:53:15.823950600
[2025-04-07 04:58:15] [34mINFO[0;39m [36mg.service.ubs.OrderLockServiceImpl      [0;39m [35m:62  [0;39m Unlock orders
[2025-04-07 04:58:15] [34mINFO[0;39m [36mg.service.ubs.OrderLockServiceImpl      [0;39m [35m:60  [0;39m Time: 2025-04-07T04:53:15.824951100
[2025-04-07 04:58:15] [34mINFO[0;39m [36mg.service.ubs.OrderLockServiceImpl      [0;39m [35m:62  [0;39m Unlock orders
[2025-04-07 04:58:15] [34mINFO[0;39m [36mg.service.ubs.OrderLockServiceImpl      [0;39m [35m:60  [0;39m Time: 2025-04-07T04:53:15.824951100
[2025-04-07 04:58:15] [34mINFO[0;39m [36mg.service.ubs.OrderLockServiceImpl      [0;39m [35m:62  [0;39m Unlock orders
[2025-04-07 04:58:15] [34mINFO[0;39m [36mg.service.ubs.OrderLockServiceImpl      [0;39m [35m:60  [0;39m Time: 2025-04-07T04:53:15.825950700
[2025-04-07 04:58:15] [34mINFO[0;39m [36mg.service.ubs.OrderLockServiceImpl      [0;39m [35m:62  [0;39m Unlock orders
[2025-04-07 04:58:15] [34mINFO[0;39m [36mg.service.ubs.OrderLockServiceImpl      [0;39m [35m:60  [0;39m Time: 2025-04-07T04:53:15.825950700
[2025-04-07 04:58:15] [34mINFO[0;39m [36mg.service.ubs.OrderLockServiceImpl      [0;39m [35m:62  [0;39m Unlock orders
[2025-04-07 04:58:15] [34mINFO[0;39m [36mg.service.ubs.OrderLockServiceImpl      [0;39m [35m:60  [0;39m Time: 2025-04-07T04:53:15.826950700
[2025-04-07 04:58:15] [34mINFO[0;39m [36mg.service.ubs.OrderLockServiceImpl      [0;39m [35m:62  [0;39m Unlock orders
[2025-04-07 04:58:15] [34mINFO[0;39m [36mg.service.ubs.OrderLockServiceImpl      [0;39m [35m:60  [0;39m Time: 2025-04-07T04:53:15.826950700
[2025-04-07 04:58:15] [34mINFO[0;39m [36mg.service.ubs.OrderLockServiceImpl      [0;39m [35m:62  [0;39m Unlock orders
[2025-04-07 04:58:15] [34mINFO[0;39m [36mg.service.ubs.OrderLockServiceImpl      [0;39m [35m:60  [0;39m Time: 2025-04-07T04:53:15.827950700
[2025-04-07 04:58:15] [34mINFO[0;39m [36mg.service.ubs.OrderLockServiceImpl      [0;39m [35m:62  [0;39m Unlock orders
[2025-04-07 04:58:15] [34mINFO[0;39m [36mg.service.ubs.OrderLockServiceImpl      [0;39m [35m:60  [0;39m Time: 2025-04-07T04:53:15.827950700
[2025-04-07 04:58:15] [34mINFO[0;39m [36mg.service.ubs.OrderLockServiceImpl      [0;39m [35m:62  [0;39m Unlock orders
[2025-04-07 04:58:15] [34mINFO[0;39m [36mg.service.ubs.OrderLockServiceImpl      [0;39m [35m:60  [0;39m Time: 2025-04-07T04:53:15.828950600
[2025-04-07 04:58:15] [34mINFO[0;39m [36mg.service.ubs.OrderLockServiceImpl      [0;39m [35m:62  [0;39m Unlock orders
[2025-04-07 04:58:15] [34mINFO[0;39m [36mg.service.ubs.OrderLockServiceImpl      [0;39m [35m:60  [0;39m Time: 2025-04-07T04:53:15.828950600
[2025-04-07 04:58:15] [34mINFO[0;39m [36mg.service.ubs.OrderLockServiceImpl      [0;39m [35m:62  [0;39m Unlock orders
[2025-04-07 04:58:15] [34mINFO[0;39m [36mg.service.ubs.OrderLockServiceImpl      [0;39m [35m:60  [0;39m Time: 2025-04-07T04:53:15.829955400
[2025-04-07 04:58:15] [34mINFO[0;39m [36mg.service.ubs.OrderLockServiceImpl      [0;39m [35m:62  [0;39m Unlock orders
[2025-04-07 04:58:15] [34mINFO[0;39m [36mg.service.ubs.OrderLockServiceImpl      [0;39m [35m:60  [0;39m Time: 2025-04-07T04:53:15.829955400
[2025-04-07 04:58:15] [34mINFO[0;39m [36mg.service.ubs.OrderLockServiceImpl      [0;39m [35m:62  [0;39m Unlock orders
[2025-04-07 04:58:15] [34mINFO[0;39m [36mg.service.ubs.OrderLockServiceImpl      [0;39m [35m:60  [0;39m Time: 2025-04-07T04:53:15.830955100
[2025-04-07 04:58:15] [34mINFO[0;39m [36mg.service.ubs.OrderLockServiceImpl      [0;39m [35m:62  [0;39m Unlock orders
[2025-04-07 04:58:15] [34mINFO[0;39m [36mg.service.ubs.OrderLockServiceImpl      [0;39m [35m:60  [0;39m Time: 2025-04-07T04:53:15.831953400
[2025-04-07 04:58:15] [34mINFO[0;39m [36mg.service.ubs.OrderLockServiceImpl      [0;39m [35m:62  [0;39m Unlock orders
[2025-04-07 04:58:15] [34mINFO[0;39m [36mg.service.ubs.OrderLockServiceImpl      [0;39m [35m:60  [0;39m Time: 2025-04-07T04:53:15.831953400
[2025-04-07 04:58:15] [34mINFO[0;39m [36mg.service.ubs.OrderLockServiceImpl      [0;39m [35m:62  [0;39m Unlock orders
[2025-04-07 04:58:15] [34mINFO[0;39m [36mg.service.ubs.OrderLockServiceImpl      [0;39m [35m:60  [0;39m Time: 2025-04-07T04:53:15.832952200
[2025-04-07 04:58:15] [34mINFO[0;39m [36mg.service.ubs.OrderLockServiceImpl      [0;39m [35m:62  [0;39m Unlock orders
[2025-04-07 04:58:15] [34mINFO[0;39m [36mg.service.ubs.OrderLockServiceImpl      [0;39m [35m:60  [0;39m Time: 2025-04-07T04:53:15.832952200
[2025-04-07 04:58:15] [34mINFO[0;39m [36mg.service.ubs.OrderLockServiceImpl      [0;39m [35m:62  [0;39m Unlock orders
[2025-04-07 04:58:15] [34mINFO[0;39m [36mg.service.ubs.OrderLockServiceImpl      [0;39m [35m:60  [0;39m Time: 2025-04-07T04:53:15.833950800
[2025-04-07 04:58:15] [34mINFO[0;39m [36mg.service.ubs.OrderLockServiceImpl      [0;39m [35m:62  [0;39m Unlock orders
[2025-04-07 04:58:15] [34mINFO[0;39m [36mg.service.ubs.OrderLockServiceImpl      [0;39m [35m:60  [0;39m Time: 2025-04-07T04:53:15.833950800
[2025-04-07 04:58:15] [34mINFO[0;39m [36mg.service.ubs.OrderLockServiceImpl      [0;39m [35m:62  [0;39m Unlock orders
[2025-04-07 04:58:15] [34mINFO[0;39m [36mg.service.ubs.OrderLockServiceImpl      [0;39m [35m:60  [0;39m Time: 2025-04-07T04:53:15.834950900
[2025-04-07 04:58:15] [34mINFO[0;39m [36mg.service.ubs.OrderLockServiceImpl      [0;39m [35m:62  [0;39m Unlock orders
[2025-04-07 04:58:15] [34mINFO[0;39m [36mg.service.ubs.OrderLockServiceImpl      [0;39m [35m:60  [0;39m Time: 2025-04-07T04:53:15.835951900
[2025-04-07 04:58:15] [34mINFO[0;39m [36mg.service.ubs.OrderLockServiceImpl      [0;39m [35m:62  [0;39m Unlock orders
[2025-04-07 04:58:15] [34mINFO[0;39m [36mg.service.ubs.OrderLockServiceImpl      [0;39m [35m:60  [0;39m Time: 2025-04-07T04:53:15.835951900
[2025-04-07 04:58:15] [34mINFO[0;39m [36mg.service.ubs.OrderLockServiceImpl      [0;39m [35m:62  [0;39m Unlock orders
[2025-04-07 04:58:15] [34mINFO[0;39m [36mg.service.ubs.OrderLockServiceImpl      [0;39m [35m:60  [0;39m Time: 2025-04-07T04:53:15.836951800
[2025-04-07 04:58:15] [34mINFO[0;39m [36mg.service.ubs.OrderLockServiceImpl      [0;39m [35m:62  [0;39m Unlock orders
[2025-04-07 04:58:15] [34mINFO[0;39m [36mg.service.ubs.OrderLockServiceImpl      [0;39m [35m:60  [0;39m Time: 2025-04-07T04:53:15.836951800
[2025-04-07 04:58:15] [34mINFO[0;39m [36mg.service.ubs.OrderLockServiceImpl      [0;39m [35m:62  [0;39m Unlock orders
[2025-04-07 04:58:15] [34mINFO[0;39m [36mg.service.ubs.OrderLockServiceImpl      [0;39m [35m:60  [0;39m Time: 2025-04-07T04:53:15.837950500
[2025-04-07 04:58:15] [34mINFO[0;39m [36mg.service.ubs.OrderLockServiceImpl      [0;39m [35m:62  [0;39m Unlock orders
[2025-04-07 04:58:15] [34mINFO[0;39m [36mg.service.ubs.OrderLockServiceImpl      [0;39m [35m:60  [0;39m Time: 2025-04-07T04:53:15.837950500
[2025-04-07 04:58:15] [34mINFO[0;39m [36mg.service.ubs.OrderLockServiceImpl      [0;39m [35m:62  [0;39m Unlock orders
[2025-04-07 04:58:15] [34mINFO[0;39m [36mg.service.ubs.OrderLockServiceImpl      [0;39m [35m:60  [0;39m Time: 2025-04-07T04:53:15.838950600
[2025-04-07 04:58:15] [34mINFO[0;39m [36mg.service.ubs.OrderLockServiceImpl      [0;39m [35m:62  [0;39m Unlock orders
[2025-04-07 04:58:15] [34mINFO[0;39m [36mg.service.ubs.OrderLockServiceImpl      [0;39m [35m:60  [0;39m Time: 2025-04-07T04:53:15.838950600
[2025-04-07 04:58:15] [34mINFO[0;39m [36mg.service.ubs.OrderLockServiceImpl      [0;39m [35m:62  [0;39m Unlock orders
[2025-04-07 04:58:15] [34mINFO[0;39m [36mg.service.ubs.OrderLockServiceImpl      [0;39m [35m:60  [0;39m Time: 2025-04-07T04:53:15.839950700
[2025-04-07 04:58:15] [34mINFO[0;39m [36mg.service.ubs.OrderLockServiceImpl      [0;39m [35m:62  [0;39m Unlock orders
[2025-04-07 04:58:15] [34mINFO[0;39m [36mg.service.ubs.OrderLockServiceImpl      [0;39m [35m:60  [0;39m Time: 2025-04-07T04:53:15.839950700
[2025-04-07 04:58:15] [34mINFO[0;39m [36mg.service.ubs.OrderLockServiceImpl      [0;39m [35m:62  [0;39m Unlock orders
[2025-04-07 04:58:15] [34mINFO[0;39m [36mg.service.ubs.OrderLockServiceImpl      [0;39m [35m:60  [0;39m Time: 2025-04-07T04:53:15.840950800
[2025-04-07 04:58:15] [34mINFO[0;39m [36mg.service.ubs.OrderLockServiceImpl      [0;39m [35m:62  [0;39m Unlock orders
[2025-04-07 04:58:15] [34mINFO[0;39m [36mg.service.ubs.OrderLockServiceImpl      [0;39m [35m:60  [0;39m Time: 2025-04-07T04:53:15.840950800
[2025-04-07 04:58:15] [34mINFO[0;39m [36mg.service.ubs.OrderLockServiceImpl      [0;39m [35m:62  [0;39m Unlock orders
[2025-04-07 04:58:15] [34mINFO[0;39m [36mg.service.ubs.OrderLockServiceImpl      [0;39m [35m:60  [0;39m Time: 2025-04-07T04:53:15.841950500
[2025-04-07 04:58:15] [34mINFO[0;39m [36mg.service.ubs.OrderLockServiceImpl      [0;39m [35m:62  [0;39m Unlock orders
[2025-04-07 04:58:15] [34mINFO[0;39m [36mg.service.ubs.OrderLockServiceImpl      [0;39m [35m:60  [0;39m Time: 2025-04-07T04:53:15.841950500
[2025-04-07 04:58:15] [34mINFO[0;39m [36mg.service.ubs.OrderLockServiceImpl      [0;39m [35m:62  [0;39m Unlock orders
[2025-04-07 04:58:15] [34mINFO[0;39m [36mg.service.ubs.OrderLockServiceImpl      [0;39m [35m:60  [0;39m Time: 2025-04-07T04:53:15.842950500
[2025-04-07 04:58:15] [34mINFO[0;39m [36mg.service.ubs.OrderLockServiceImpl      [0;39m [35m:62  [0;39m Unlock orders
[2025-04-07 04:58:15] [34mINFO[0;39m [36mg.service.ubs.OrderLockServiceImpl      [0;39m [35m:60  [0;39m Time: 2025-04-07T04:53:15.842950500
[2025-04-07 04:58:15] [34mINFO[0;39m [36mg.service.ubs.OrderLockServiceImpl      [0;39m [35m:62  [0;39m Unlock orders
[2025-04-07 04:58:15] [34mINFO[0;39m [36mg.service.ubs.OrderLockServiceImpl      [0;39m [35m:60  [0;39m Time: 2025-04-07T04:53:15.843950900
[2025-04-07 04:58:15] [34mINFO[0;39m [36mg.service.ubs.OrderLockServiceImpl      [0;39m [35m:62  [0;39m Unlock orders
[2025-04-07 04:58:15] [34mINFO[0;39m [36mg.service.ubs.OrderLockServiceImpl      [0;39m [35m:60  [0;39m Time: 2025-04-07T04:53:15.843950900
[2025-04-07 04:58:15] [34mINFO[0;39m [36mg.service.ubs.OrderLockServiceImpl      [0;39m [35m:62  [0;39m Unlock orders
[2025-04-07 04:58:15] [34mINFO[0;39m [36mg.service.ubs.OrderLockServiceImpl      [0;39m [35m:60  [0;39m Time: 2025-04-07T04:53:15.844950500
[2025-04-07 04:58:15] [34mINFO[0;39m [36mg.service.ubs.OrderLockServiceImpl      [0;39m [35m:62  [0;39m Unlock orders
[2025-04-07 04:58:15] [34mINFO[0;39m [36mg.service.ubs.OrderLockServiceImpl      [0;39m [35m:60  [0;39m Time: 2025-04-07T04:53:15.844950500
[2025-04-07 04:58:15] [34mINFO[0;39m [36mg.service.ubs.OrderLockServiceImpl      [0;39m [35m:62  [0;39m Unlock orders
[2025-04-07 04:58:15] [34mINFO[0;39m [36mg.service.ubs.OrderLockServiceImpl      [0;39m [35m:60  [0;39m Time: 2025-04-07T04:53:15.845950600
[2025-04-07 04:58:15] [34mINFO[0;39m [36mg.service.ubs.OrderLockServiceImpl      [0;39m [35m:62  [0;39m Unlock orders
[2025-04-07 04:58:15] [34mINFO[0;39m [36mg.service.ubs.OrderLockServiceImpl      [0;39m [35m:60  [0;39m Time: 2025-04-07T04:53:15.846955500
[2025-04-07 04:58:15] [34mINFO[0;39m [36mg.service.ubs.OrderLockServiceImpl      [0;39m [35m:62  [0;39m Unlock orders
[2025-04-07 04:58:15] [34mINFO[0;39m [36mg.service.ubs.OrderLockServiceImpl      [0;39m [35m:60  [0;39m Time: 2025-04-07T04:53:15.846955500
[2025-04-07 04:58:15] [34mINFO[0;39m [36mg.service.ubs.OrderLockServiceImpl      [0;39m [35m:62  [0;39m Unlock orders
[2025-04-07 04:58:15] [34mINFO[0;39m [36mg.service.ubs.OrderLockServiceImpl      [0;39m [35m:60  [0;39m Time: 2025-04-07T04:53:15.847956900
[2025-04-07 04:58:15] [34mINFO[0;39m [36mg.service.ubs.OrderLockServiceImpl      [0;39m [35m:62  [0;39m Unlock orders
[2025-04-07 04:58:15] [34mINFO[0;39m [36mg.service.ubs.OrderLockServiceImpl      [0;39m [35m:60  [0;39m Time: 2025-04-07T04:53:15.847956900
[2025-04-07 04:58:15] [34mINFO[0;39m [36mg.service.ubs.OrderLockServiceImpl      [0;39m [35m:62  [0;39m Unlock orders
[2025-04-07 04:58:15] [34mINFO[0;39m [36mg.service.ubs.OrderLockServiceImpl      [0;39m [35m:60  [0;39m Time: 2025-04-07T04:53:15.848951900
[2025-04-07 04:58:15] [34mINFO[0;39m [36mg.service.ubs.OrderLockServiceImpl      [0;39m [35m:62  [0;39m Unlock orders
[2025-04-07 04:58:15] [34mINFO[0;39m [36mg.service.ubs.OrderLockServiceImpl      [0;39m [35m:60  [0;39m Time: 2025-04-07T04:53:15.848951900
[2025-04-07 04:58:15] [34mINFO[0;39m [36mg.service.ubs.OrderLockServiceImpl      [0;39m [35m:62  [0;39m Unlock orders
[2025-04-07 04:58:15] [34mINFO[0;39m [36mg.service.ubs.OrderLockServiceImpl      [0;39m [35m:60  [0;39m Time: 2025-04-07T04:53:15.849952600
[2025-04-07 04:58:15] [34mINFO[0;39m [36mg.service.ubs.OrderLockServiceImpl      [0;39m [35m:62  [0;39m Unlock orders
[2025-04-07 04:58:15] [34mINFO[0;39m [36mg.service.ubs.OrderLockServiceImpl      [0;39m [35m:60  [0;39m Time: 2025-04-07T04:53:15.849952600
[2025-04-07 04:58:15] [34mINFO[0;39m [36mg.service.ubs.OrderLockServiceImpl      [0;39m [35m:62  [0;39m Unlock orders
[2025-04-07 04:58:15] [34mINFO[0;39m [36mg.service.ubs.OrderLockServiceImpl      [0;39m [35m:60  [0;39m Time: 2025-04-07T04:53:15.850951100
[2025-04-07 04:58:15] [34mINFO[0;39m [36mg.service.ubs.OrderLockServiceImpl      [0;39m [35m:62  [0;39m Unlock orders
[2025-04-07 04:58:15] [34mINFO[0;39m [36mg.service.ubs.OrderLockServiceImpl      [0;39m [35m:60  [0;39m Time: 2025-04-07T04:53:15.850951100
[2025-04-07 04:58:15] [34mINFO[0;39m [36mg.service.ubs.OrderLockServiceImpl      [0;39m [35m:62  [0;39m Unlock orders
[2025-04-07 04:58:15] [34mINFO[0;39m [36mg.service.ubs.OrderLockServiceImpl      [0;39m [35m:60  [0;39m Time: 2025-04-07T04:53:15.851950300
[2025-04-07 04:58:15] [34mINFO[0;39m [36mg.service.ubs.OrderLockServiceImpl      [0;39m [35m:62  [0;39m Unlock orders
[2025-04-07 04:58:15] [34mINFO[0;39m [36mg.service.ubs.OrderLockServiceImpl      [0;39m [35m:60  [0;39m Time: 2025-04-07T04:53:15.851950300
[2025-04-07 04:58:15] [34mINFO[0;39m [36mg.service.ubs.OrderLockServiceImpl      [0;39m [35m:62  [0;39m Unlock orders
[2025-04-07 04:58:15] [34mINFO[0;39m [36mg.service.ubs.OrderLockServiceImpl      [0;39m [35m:60  [0;39m Time: 2025-04-07T04:53:15.852951400
[2025-04-07 04:58:15] [34mINFO[0;39m [36mg.service.ubs.OrderLockServiceImpl      [0;39m [35m:62  [0;39m Unlock orders
[2025-04-07 04:58:15] [34mINFO[0;39m [36mg.service.ubs.OrderLockServiceImpl      [0;39m [35m:60  [0;39m Time: 2025-04-07T04:53:15.852951400
[2025-04-07 04:58:15] [34mINFO[0;39m [36mg.service.ubs.OrderLockServiceImpl      [0;39m [35m:62  [0;39m Unlock orders
[2025-04-07 04:58:15] [34mINFO[0;39m [36mg.service.ubs.OrderLockServiceImpl      [0;39m [35m:60  [0;39m Time: 2025-04-07T04:53:15.853951200
[2025-04-07 04:58:15] [34mINFO[0;39m [36mg.service.ubs.OrderLockServiceImpl      [0;39m [35m:62  [0;39m Unlock orders
[2025-04-07 04:58:15] [34mINFO[0;39m [36mg.service.ubs.OrderLockServiceImpl      [0;39m [35m:60  [0;39m Time: 2025-04-07T04:53:15.853951200
[2025-04-07 04:58:15] [34mINFO[0;39m [36mg.service.ubs.OrderLockServiceImpl      [0;39m [35m:62  [0;39m Unlock orders
[2025-04-07 04:58:15] [34mINFO[0;39m [36mg.service.ubs.OrderLockServiceImpl      [0;39m [35m:60  [0;39m Time: 2025-04-07T04:53:15.854950400
[2025-04-07 04:58:15] [34mINFO[0;39m [36mg.service.ubs.OrderLockServiceImpl      [0;39m [35m:62  [0;39m Unlock orders
[2025-04-07 04:58:15] [34mINFO[0;39m [36mg.service.ubs.OrderLockServiceImpl      [0;39m [35m:60  [0;39m Time: 2025-04-07T04:53:15.854950400
[2025-04-07 04:58:15] [34mINFO[0;39m [36mg.service.ubs.OrderLockServiceImpl      [0;39m [35m:62  [0;39m Unlock orders
[2025-04-07 04:58:15] [34mINFO[0;39m [36mg.service.ubs.OrderLockServiceImpl      [0;39m [35m:60  [0;39m Time: 2025-04-07T04:53:15.855950400
[2025-04-07 04:58:15] [34mINFO[0;39m [36mg.service.ubs.OrderLockServiceImpl      [0;39m [35m:62  [0;39m Unlock orders
[2025-04-07 04:58:15] [34mINFO[0;39m [36mg.service.ubs.OrderLockServiceImpl      [0;39m [35m:60  [0;39m Time: 2025-04-07T04:53:15.855950400
[2025-04-07 04:58:15] [34mINFO[0;39m [36mg.service.ubs.OrderLockServiceImpl      [0;39m [35m:62  [0;39m Unlock orders
[2025-04-07 04:58:15] [34mINFO[0;39m [36mg.service.ubs.OrderLockServiceImpl      [0;39m [35m:60  [0;39m Time: 2025-04-07T04:53:15.856950900
[2025-04-07 04:58:15] [34mINFO[0;39m [36mg.service.ubs.OrderLockServiceImpl      [0;39m [35m:62  [0;39m Unlock orders
[2025-04-07 04:58:15] [34mINFO[0;39m [36mg.service.ubs.OrderLockServiceImpl      [0;39m [35m:60  [0;39m Time: 2025-04-07T04:53:15.856950900
[2025-04-07 04:58:15] [34mINFO[0;39m [36mg.service.ubs.OrderLockServiceImpl      [0;39m [35m:62  [0;39m Unlock orders
[2025-04-07 04:58:15] [34mINFO[0;39m [36mg.service.ubs.OrderLockServiceImpl      [0;39m [35m:60  [0;39m Time: 2025-04-07T04:53:15.857951300
[2025-04-07 04:58:15] [34mINFO[0;39m [36mg.service.ubs.OrderLockServiceImpl      [0;39m [35m:62  [0;39m Unlock orders
[2025-04-07 04:58:15] [34mINFO[0;39m [36mg.service.ubs.OrderLockServiceImpl      [0;39m [35m:60  [0;39m Time: 2025-04-07T04:53:15.857951300
[2025-04-07 04:58:15] [34mINFO[0;39m [36mg.service.ubs.OrderLockServiceImpl      [0;39m [35m:62  [0;39m Unlock orders
[2025-04-07 04:58:15] [34mINFO[0;39m [36mg.service.ubs.OrderLockServiceImpl      [0;39m [35m:60  [0;39m Time: 2025-04-07T04:53:15.858950600
[2025-04-07 04:58:15] [34mINFO[0;39m [36mg.service.ubs.OrderLockServiceImpl      [0;39m [35m:62  [0;39m Unlock orders
[2025-04-07 04:58:15] [34mINFO[0;39m [36mg.service.ubs.OrderLockServiceImpl      [0;39m [35m:60  [0;39m Time: 2025-04-07T04:53:15.858950600
[2025-04-07 04:58:15] [34mINFO[0;39m [36mg.service.ubs.OrderLockServiceImpl      [0;39m [35m:62  [0;39m Unlock orders
[2025-04-07 04:58:15] [34mINFO[0;39m [36mg.service.ubs.OrderLockServiceImpl      [0;39m [35m:60  [0;39m Time: 2025-04-07T04:53:15.859950900
[2025-04-07 04:58:15] [34mINFO[0;39m [36mg.service.ubs.OrderLockServiceImpl      [0;39m [35m:62  [0;39m Unlock orders
[2025-04-07 04:58:15] [34mINFO[0;39m [36mg.service.ubs.OrderLockServiceImpl      [0;39m [35m:60  [0;39m Time: 2025-04-07T04:53:15.859950900
[2025-04-07 04:58:15] [34mINFO[0;39m [36mg.service.ubs.OrderLockServiceImpl      [0;39m [35m:62  [0;39m Unlock orders
[2025-04-07 04:58:15] [34mINFO[0;39m [36mg.service.ubs.OrderLockServiceImpl      [0;39m [35m:60  [0;39m Time: 2025-04-07T04:53:15.860950600
[2025-04-07 04:58:15] [34mINFO[0;39m [36mg.service.ubs.OrderLockServiceImpl      [0;39m [35m:62  [0;39m Unlock orders
[2025-04-07 04:58:15] [34mINFO[0;39m [36mg.service.ubs.OrderLockServiceImpl      [0;39m [35m:60  [0;39m Time: 2025-04-07T04:53:15.860950600
[2025-04-07 04:58:15] [34mINFO[0;39m [36mg.service.ubs.OrderLockServiceImpl      [0;39m [35m:62  [0;39m Unlock orders
[2025-04-07 04:58:15] [34mINFO[0;39m [36mg.service.ubs.OrderLockServiceImpl      [0;39m [35m:60  [0;39m Time: 2025-04-07T04:53:15.861950800
[2025-04-07 04:58:15] [34mINFO[0;39m [36mg.service.ubs.OrderLockServiceImpl      [0;39m [35m:62  [0;39m Unlock orders
[2025-04-07 04:58:15] [34mINFO[0;39m [36mg.service.ubs.OrderLockServiceImpl      [0;39m [35m:60  [0;39m Time: 2025-04-07T04:53:15.861950800
[2025-04-07 04:58:15] [34mINFO[0;39m [36mg.service.ubs.OrderLockServiceImpl      [0;39m [35m:62  [0;39m Unlock orders
[2025-04-07 04:58:15] [34mINFO[0;39m [36mg.service.ubs.OrderLockServiceImpl      [0;39m [35m:60  [0;39m Time: 2025-04-07T04:53:15.862951100
[2025-04-07 04:58:15] [34mINFO[0;39m [36mg.service.ubs.OrderLockServiceImpl      [0;39m [35m:62  [0;39m Unlock orders
[2025-04-07 04:58:15] [34mINFO[0;39m [36mg.service.ubs.OrderLockServiceImpl      [0;39m [35m:60  [0;39m Time: 2025-04-07T04:53:15.863953700
[2025-04-07 04:58:15] [34mINFO[0;39m [36mg.service.ubs.OrderLockServiceImpl      [0;39m [35m:62  [0;39m Unlock orders
[2025-04-07 04:58:15] [34mINFO[0;39m [36mg.service.ubs.OrderLockServiceImpl      [0;39m [35m:60  [0;39m Time: 2025-04-07T04:53:15.863953700
[2025-04-07 04:58:15] [34mINFO[0;39m [36mg.service.ubs.OrderLockServiceImpl      [0;39m [35m:62  [0;39m Unlock orders
[2025-04-07 04:58:15] [34mINFO[0;39m [36mg.service.ubs.OrderLockServiceImpl      [0;39m [35m:60  [0;39m Time: 2025-04-07T04:53:15.864951200
[2025-04-07 04:58:15] [34mINFO[0;39m [36mg.service.ubs.OrderLockServiceImpl      [0;39m [35m:62  [0;39m Unlock orders
[2025-04-07 04:58:15] [34mINFO[0;39m [36mg.service.ubs.OrderLockServiceImpl      [0;39m [35m:60  [0;39m Time: 2025-04-07T04:53:15.864951200
[2025-04-07 04:58:15] [34mINFO[0;39m [36mg.service.ubs.OrderLockServiceImpl      [0;39m [35m:62  [0;39m Unlock orders
[2025-04-07 04:58:15] [34mINFO[0;39m [36mg.service.ubs.OrderLockServiceImpl      [0;39m [35m:60  [0;39m Time: 2025-04-07T04:53:15.865950600
[2025-04-07 04:58:15] [34mINFO[0;39m [36mg.service.ubs.OrderLockServiceImpl      [0;39m [35m:62  [0;39m Unlock orders
[2025-04-07 04:58:15] [34mINFO[0;39m [36mg.service.ubs.OrderLockServiceImpl      [0;39m [35m:60  [0;39m Time: 2025-04-07T04:53:15.865950600
[2025-04-07 04:58:15] [34mINFO[0;39m [36mg.service.ubs.OrderLockServiceImpl      [0;39m [35m:62  [0;39m Unlock orders
[2025-04-07 04:58:15] [34mINFO[0;39m [36mg.service.ubs.OrderLockServiceImpl      [0;39m [35m:60  [0;39m Time: 2025-04-07T04:53:15.866950300
[2025-04-07 04:58:15] [34mINFO[0;39m [36mg.service.ubs.OrderLockServiceImpl      [0;39m [35m:62  [0;39m Unlock orders
[2025-04-07 04:58:15] [34mINFO[0;39m [36mg.service.ubs.OrderLockServiceImpl      [0;39m [35m:60  [0;39m Time: 2025-04-07T04:53:15.866950300
[2025-04-07 04:58:15] [34mINFO[0;39m [36mg.service.ubs.OrderLockServiceImpl      [0;39m [35m:62  [0;39m Unlock orders
[2025-04-07 04:58:15] [34mINFO[0;39m [36mg.service.ubs.OrderLockServiceImpl      [0;39m [35m:60  [0;39m Time: 2025-04-07T04:53:15.867950400
[2025-04-07 04:58:15] [34mINFO[0;39m [36mg.service.ubs.OrderLockServiceImpl      [0;39m [35m:62  [0;39m Unlock orders
[2025-04-07 04:58:15] [34mINFO[0;39m [36mg.service.ubs.OrderLockServiceImpl      [0;39m [35m:60  [0;39m Time: 2025-04-07T04:53:15.867950400
[2025-04-07 04:58:15] [34mINFO[0;39m [36mg.service.ubs.OrderLockServiceImpl      [0;39m [35m:62  [0;39m Unlock orders
[2025-04-07 04:58:15] [34mINFO[0;39m [36mg.service.ubs.OrderLockServiceImpl      [0;39m [35m:60  [0;39m Time: 2025-04-07T04:53:15.868950600
[2025-04-07 04:58:15] [34mINFO[0;39m [36mg.service.ubs.OrderLockServiceImpl      [0;39m [35m:62  [0;39m Unlock orders
[2025-04-07 04:58:15] [34mINFO[0;39m [36mg.service.ubs.OrderLockServiceImpl      [0;39m [35m:60  [0;39m Time: 2025-04-07T04:53:15.868950600
[2025-04-07 04:58:15] [34mINFO[0;39m [36mg.service.ubs.OrderLockServiceImpl      [0;39m [35m:62  [0;39m Unlock orders
[2025-04-07 04:58:15] [34mINFO[0;39m [36mg.service.ubs.OrderLockServiceImpl      [0;39m [35m:60  [0;39m Time: 2025-04-07T04:53:15.869950600
[2025-04-07 04:58:15] [34mINFO[0;39m [36mg.service.ubs.OrderLockServiceImpl      [0;39m [35m:62  [0;39m Unlock orders
[2025-04-07 04:58:15] [34mINFO[0;39m [36mg.service.ubs.OrderLockServiceImpl      [0;39m [35m:60  [0;39m Time: 2025-04-07T04:53:15.869950600
[2025-04-07 04:58:15] [34mINFO[0;39m [36mg.service.ubs.OrderLockServiceImpl      [0;39m [35m:62  [0;39m Unlock orders
[2025-04-07 04:58:15] [34mINFO[0;39m [36mg.service.ubs.OrderLockServiceImpl      [0;39m [35m:60  [0;39m Time: 2025-04-07T04:53:15.870950400
[2025-04-07 04:58:15] [34mINFO[0;39m [36mg.service.ubs.OrderLockServiceImpl      [0;39m [35m:62  [0;39m Unlock orders
[2025-04-07 04:58:15] [34mINFO[0;39m [36mg.service.ubs.OrderLockServiceImpl      [0;39m [35m:60  [0;39m Time: 2025-04-07T04:53:15.870950400
[2025-04-07 04:58:15] [34mINFO[0;39m [36mg.service.ubs.OrderLockServiceImpl      [0;39m [35m:62  [0;39m Unlock orders
[2025-04-07 04:58:15] [34mINFO[0;39m [36mg.service.ubs.OrderLockServiceImpl      [0;39m [35m:60  [0;39m Time: 2025-04-07T04:53:15.871950500
[2025-04-07 04:58:15] [34mINFO[0;39m [36mg.service.ubs.OrderLockServiceImpl      [0;39m [35m:62  [0;39m Unlock orders
[2025-04-07 04:58:15] [34mINFO[0;39m [36mg.service.ubs.OrderLockServiceImpl      [0;39m [35m:60  [0;39m Time: 2025-04-07T04:53:15.871950500
[2025-04-07 04:58:15] [34mINFO[0;39m [36mg.service.ubs.OrderLockServiceImpl      [0;39m [35m:62  [0;39m Unlock orders
[2025-04-07 04:58:15] [34mINFO[0;39m [36mg.service.ubs.OrderLockServiceImpl      [0;39m [35m:60  [0;39m Time: 2025-04-07T04:53:15.872950800
[2025-04-07 04:58:15] [34mINFO[0;39m [36mg.service.ubs.OrderLockServiceImpl      [0;39m [35m:62  [0;39m Unlock orders
[2025-04-07 04:58:15] [34mINFO[0;39m [36mg.service.ubs.OrderLockServiceImpl      [0;39m [35m:60  [0;39m Time: 2025-04-07T04:53:15.872950800
[2025-04-07 04:58:15] [34mINFO[0;39m [36mg.service.ubs.OrderLockServiceImpl      [0;39m [35m:62  [0;39m Unlock orders
[2025-04-07 04:58:15] [34mINFO[0;39m [36mg.service.ubs.OrderLockServiceImpl      [0;39m [35m:60  [0;39m Time: 2025-04-07T04:53:15.873950500
[2025-04-07 04:58:15] [34mINFO[0;39m [36mg.service.ubs.OrderLockServiceImpl      [0;39m [35m:62  [0;39m Unlock orders
[2025-04-07 04:58:15] [34mINFO[0;39m [36mg.service.ubs.OrderLockServiceImpl      [0;39m [35m:60  [0;39m Time: 2025-04-07T04:53:15.873950500
[2025-04-07 04:58:15] [34mINFO[0;39m [36mg.service.ubs.OrderLockServiceImpl      [0;39m [35m:62  [0;39m Unlock orders
[2025-04-07 04:58:15] [34mINFO[0;39m [36mg.service.ubs.OrderLockServiceImpl      [0;39m [35m:60  [0;39m Time: 2025-04-07T04:53:15.874950800
[2025-04-07 04:58:15] [34mINFO[0;39m [36mg.service.ubs.OrderLockServiceImpl      [0;39m [35m:62  [0;39m Unlock orders
[2025-04-07 04:58:15] [34mINFO[0;39m [36mg.service.ubs.OrderLockServiceImpl      [0;39m [35m:60  [0;39m Time: 2025-04-07T04:53:15.874950800
[2025-04-07 04:58:15] [34mINFO[0;39m [36mg.service.ubs.OrderLockServiceImpl      [0;39m [35m:62  [0;39m Unlock orders
[2025-04-07 04:58:15] [34mINFO[0;39m [36mg.service.ubs.OrderLockServiceImpl      [0;39m [35m:60  [0;39m Time: 2025-04-07T04:53:15.875950700
[2025-04-07 04:58:15] [34mINFO[0;39m [36mg.service.ubs.OrderLockServiceImpl      [0;39m [35m:62  [0;39m Unlock orders
[2025-04-07 04:58:15] [34mINFO[0;39m [36mg.service.ubs.OrderLockServiceImpl      [0;39m [35m:60  [0;39m Time: 2025-04-07T04:53:15.875950700
[2025-04-07 04:58:15] [34mINFO[0;39m [36mg.service.ubs.OrderLockServiceImpl      [0;39m [35m:62  [0;39m Unlock orders
[2025-04-07 04:58:15] [34mINFO[0;39m [36mg.service.ubs.OrderLockServiceImpl      [0;39m [35m:60  [0;39m Time: 2025-04-07T04:53:15.876950500
[2025-04-07 04:58:15] [34mINFO[0;39m [36mg.service.ubs.OrderLockServiceImpl      [0;39m [35m:62  [0;39m Unlock orders
[2025-04-07 04:58:15] [34mINFO[0;39m [36mg.service.ubs.OrderLockServiceImpl      [0;39m [35m:60  [0;39m Time: 2025-04-07T04:53:15.876950500
[2025-04-07 04:58:15] [34mINFO[0;39m [36mg.service.ubs.OrderLockServiceImpl      [0;39m [35m:62  [0;39m Unlock orders
[2025-04-07 04:58:15] [34mINFO[0;39m [36mg.service.ubs.OrderLockServiceImpl      [0;39m [35m:60  [0;39m Time: 2025-04-07T04:53:15.877951800
[2025-04-07 04:58:15] [34mINFO[0;39m [36mg.service.ubs.OrderLockServiceImpl      [0;39m [35m:62  [0;39m Unlock orders
[2025-04-07 04:58:15] [34mINFO[0;39m [36mg.service.ubs.OrderLockServiceImpl      [0;39m [35m:60  [0;39m Time: 2025-04-07T04:53:15.878951600
[2025-04-07 04:58:15] [34mINFO[0;39m [36mg.service.ubs.OrderLockServiceImpl      [0;39m [35m:62  [0;39m Unlock orders
[2025-04-07 04:58:15] [34mINFO[0;39m [36mg.service.ubs.OrderLockServiceImpl      [0;39m [35m:60  [0;39m Time: 2025-04-07T04:53:15.878951600
[2025-04-07 04:58:15] [34mINFO[0;39m [36mg.service.ubs.OrderLockServiceImpl      [0;39m [35m:62  [0;39m Unlock orders
[2025-04-07 04:58:15] [34mINFO[0;39m [36mg.service.ubs.OrderLockServiceImpl      [0;39m [35m:60  [0;39m Time: 2025-04-07T04:53:15.879956200
[2025-04-07 04:58:15] [34mINFO[0;39m [36mg.service.ubs.OrderLockServiceImpl      [0;39m [35m:62  [0;39m Unlock orders
[2025-04-07 04:58:15] [34mINFO[0;39m [36mg.service.ubs.OrderLockServiceImpl      [0;39m [35m:60  [0;39m Time: 2025-04-07T04:53:15.879956200
[2025-04-07 04:58:15] [34mINFO[0;39m [36mg.service.ubs.OrderLockServiceImpl      [0;39m [35m:62  [0;39m Unlock orders
[2025-04-07 04:58:15] [34mINFO[0;39m [36mg.service.ubs.OrderLockServiceImpl      [0;39m [35m:60  [0;39m Time: 2025-04-07T04:53:15.880955
[2025-04-07 04:58:15] [34mINFO[0;39m [36mg.service.ubs.OrderLockServiceImpl      [0;39m [35m:62  [0;39m Unlock orders
[2025-04-07 04:58:15] [34mINFO[0;39m [36mg.service.ubs.OrderLockServiceImpl      [0;39m [35m:60  [0;39m Time: 2025-04-07T04:53:15.881950400
[2025-04-07 04:58:15] [34mINFO[0;39m [36mg.service.ubs.OrderLockServiceImpl      [0;39m [35m:62  [0;39m Unlock orders
[2025-04-07 04:58:15] [34mINFO[0;39m [36mg.service.ubs.OrderLockServiceImpl      [0;39m [35m:60  [0;39m Time: 2025-04-07T04:53:15.881950400
[2025-04-07 04:58:15] [34mINFO[0;39m [36mg.service.ubs.OrderLockServiceImpl      [0;39m [35m:62  [0;39m Unlock orders
[2025-04-07 04:58:15] [34mINFO[0;39m [36mg.service.ubs.OrderLockServiceImpl      [0;39m [35m:60  [0;39m Time: 2025-04-07T04:53:15.882950800
[2025-04-07 04:58:15] [34mINFO[0;39m [36mg.service.ubs.OrderLockServiceImpl      [0;39m [35m:62  [0;39m Unlock orders
[2025-04-07 04:58:15] [34mINFO[0;39m [36mg.service.ubs.OrderLockServiceImpl      [0;39m [35m:60  [0;39m Time: 2025-04-07T04:53:15.882950800
[2025-04-07 04:58:15] [34mINFO[0;39m [36mg.service.ubs.OrderLockServiceImpl      [0;39m [35m:62  [0;39m Unlock orders
[2025-04-07 04:58:15] [34mINFO[0;39m [36mg.service.ubs.OrderLockServiceImpl      [0;39m [35m:60  [0;39m Time: 2025-04-07T04:53:15.883950800
[2025-04-07 04:58:15] [34mINFO[0;39m [36mg.service.ubs.OrderLockServiceImpl      [0;39m [35m:62  [0;39m Unlock orders
[2025-04-07 04:58:15] [34mINFO[0;39m [36mg.service.ubs.OrderLockServiceImpl      [0;39m [35m:60  [0;39m Time: 2025-04-07T04:53:15.883950800
[2025-04-07 04:58:15] [34mINFO[0;39m [36mg.service.ubs.OrderLockServiceImpl      [0;39m [35m:62  [0;39m Unlock orders
[2025-04-07 04:58:15] [34mINFO[0;39m [36mg.service.ubs.OrderLockServiceImpl      [0;39m [35m:60  [0;39m Time: 2025-04-07T04:53:15.884950600
[2025-04-07 04:58:15] [34mINFO[0;39m [36mg.service.ubs.OrderLockServiceImpl      [0;39m [35m:62  [0;39m Unlock orders
[2025-04-07 04:58:15] [34mINFO[0;39m [36mg.service.ubs.OrderLockServiceImpl      [0;39m [35m:60  [0;39m Time: 2025-04-07T04:53:15.884950600
[2025-04-07 04:58:15] [34mINFO[0;39m [36mg.service.ubs.OrderLockServiceImpl      [0;39m [35m:62  [0;39m Unlock orders
[2025-04-07 04:58:15] [34mINFO[0;39m [36mg.service.ubs.OrderLockServiceImpl      [0;39m [35m:60  [0;39m Time: 2025-04-07T04:53:15.885951100
[2025-04-07 04:58:15] [34mINFO[0;39m [36mg.service.ubs.OrderLockServiceImpl      [0;39m [35m:62  [0;39m Unlock orders
[2025-04-07 04:58:15] [34mINFO[0;39m [36mg.service.ubs.OrderLockServiceImpl      [0;39m [35m:60  [0;39m Time: 2025-04-07T04:53:15.885951100
[2025-04-07 04:58:15] [34mINFO[0;39m [36mg.service.ubs.OrderLockServiceImpl      [0;39m [35m:62  [0;39m Unlock orders
[2025-04-07 04:58:15] [34mINFO[0;39m [36mg.service.ubs.OrderLockServiceImpl      [0;39m [35m:60  [0;39m Time: 2025-04-07T04:53:15.886950600
[2025-04-07 04:58:15] [34mINFO[0;39m [36mg.service.ubs.OrderLockServiceImpl      [0;39m [35m:62  [0;39m Unlock orders
[2025-04-07 04:58:15] [34mINFO[0;39m [36mg.service.ubs.OrderLockServiceImpl      [0;39m [35m:60  [0;39m Time: 2025-04-07T04:53:15.886950600
[2025-04-07 04:58:15] [34mINFO[0;39m [36mg.service.ubs.OrderLockServiceImpl      [0;39m [35m:62  [0;39m Unlock orders
[2025-04-07 04:58:15] [34mINFO[0;39m [36mg.service.ubs.OrderLockServiceImpl      [0;39m [35m:60  [0;39m Time: 2025-04-07T04:53:15.887950700
[2025-04-07 04:58:15] [34mINFO[0;39m [36mg.service.ubs.OrderLockServiceImpl      [0;39m [35m:62  [0;39m Unlock orders
[2025-04-07 04:58:15] [34mINFO[0;39m [36mg.service.ubs.OrderLockServiceImpl      [0;39m [35m:60  [0;39m Time: 2025-04-07T04:53:15.887950700
[2025-04-07 04:58:15] [34mINFO[0;39m [36mg.service.ubs.OrderLockServiceImpl      [0;39m [35m:62  [0;39m Unlock orders
[2025-04-07 04:58:15] [34mINFO[0;39m [36mg.service.ubs.OrderLockServiceImpl      [0;39m [35m:60  [0;39m Time: 2025-04-07T04:53:15.888950500
[2025-04-07 04:58:15] [34mINFO[0;39m [36mg.service.ubs.OrderLockServiceImpl      [0;39m [35m:62  [0;39m Unlock orders
[2025-04-07 04:58:15] [34mINFO[0;39m [36mg.service.ubs.OrderLockServiceImpl      [0;39m [35m:60  [0;39m Time: 2025-04-07T04:53:15.888950500
[2025-04-07 04:58:15] [34mINFO[0;39m [36mg.service.ubs.OrderLockServiceImpl      [0;39m [35m:62  [0;39m Unlock orders
[2025-04-07 04:58:15] [34mINFO[0;39m [36mg.service.ubs.OrderLockServiceImpl      [0;39m [35m:60  [0;39m Time: 2025-04-07T04:53:15.889950700
[2025-04-07 04:58:15] [34mINFO[0;39m [36mg.service.ubs.OrderLockServiceImpl      [0;39m [35m:62  [0;39m Unlock orders
[2025-04-07 04:58:15] [34mINFO[0;39m [36mg.service.ubs.OrderLockServiceImpl      [0;39m [35m:60  [0;39m Time: 2025-04-07T04:53:15.889950700
[2025-04-07 04:58:15] [34mINFO[0;39m [36mg.service.ubs.OrderLockServiceImpl      [0;39m [35m:62  [0;39m Unlock orders
[2025-04-07 04:58:15] [34mINFO[0;39m [36mg.service.ubs.OrderLockServiceImpl      [0;39m [35m:60  [0;39m Time: 2025-04-07T04:53:15.890951
[2025-04-07 04:58:15] [34mINFO[0;39m [36mg.service.ubs.OrderLockServiceImpl      [0;39m [35m:62  [0;39m Unlock orders
[2025-04-07 04:58:15] [34mINFO[0;39m [36mg.service.ubs.OrderLockServiceImpl      [0;39m [35m:60  [0;39m Time: 2025-04-07T04:53:15.890951
[2025-04-07 04:58:15] [34mINFO[0;39m [36mg.service.ubs.OrderLockServiceImpl      [0;39m [35m:62  [0;39m Unlock orders
[2025-04-07 04:58:15] [34mINFO[0;39m [36mg.service.ubs.OrderLockServiceImpl      [0;39m [35m:60  [0;39m Time: 2025-04-07T04:53:15.891950500
[2025-04-07 04:58:15] [34mINFO[0;39m [36mg.service.ubs.OrderLockServiceImpl      [0;39m [35m:62  [0;39m Unlock orders
[2025-04-07 04:58:15] [34mINFO[0;39m [36mg.service.ubs.OrderLockServiceImpl      [0;39m [35m:60  [0;39m Time: 2025-04-07T04:53:15.891950500
[2025-04-07 04:58:15] [34mINFO[0;39m [36mg.service.ubs.OrderLockServiceImpl      [0;39m [35m:62  [0;39m Unlock orders
[2025-04-07 04:58:15] [34mINFO[0;39m [36mg.service.ubs.OrderLockServiceImpl      [0;39m [35m:60  [0;39m Time: 2025-04-07T04:53:15.892950800
[2025-04-07 04:58:15] [34mINFO[0;39m [36mg.service.ubs.OrderLockServiceImpl      [0;39m [35m:62  [0;39m Unlock orders
[2025-04-07 04:58:15] [34mINFO[0;39m [36mg.service.ubs.OrderLockServiceImpl      [0;39m [35m:60  [0;39m Time: 2025-04-07T04:53:15.892950800
[2025-04-07 04:58:15] [34mINFO[0;39m [36mg.service.ubs.OrderLockServiceImpl      [0;39m [35m:62  [0;39m Unlock orders
[2025-04-07 04:58:15] [34mINFO[0;39m [36mg.service.ubs.OrderLockServiceImpl      [0;39m [35m:60  [0;39m Time: 2025-04-07T04:53:15.893950600
[2025-04-07 04:58:15] [34mINFO[0;39m [36mg.service.ubs.OrderLockServiceImpl      [0;39m [35m:62  [0;39m Unlock orders
[2025-04-07 04:58:15] [34mINFO[0;39m [36mg.service.ubs.OrderLockServiceImpl      [0;39m [35m:60  [0;39m Time: 2025-04-07T04:53:15.893950600
[2025-04-07 04:58:15] [34mINFO[0;39m [36mg.service.ubs.OrderLockServiceImpl      [0;39m [35m:62  [0;39m Unlock orders
[2025-04-07 04:58:48] [34mINFO[0;39m [36mg.service.ubs.OrderLockServiceImpl      [0;39m [35m:60  [0;39m Time: 2025-04-07T04:53:48.374327400
[2025-04-07 04:58:48] [34mINFO[0;39m [36mg.service.ubs.OrderLockServiceImpl      [0;39m [35m:62  [0;39m Unlock orders
[2025-04-07 04:59:48] [34mINFO[0;39m [36mg.service.ubs.OrderLockServiceImpl      [0;39m [35m:60  [0;39m Time: 2025-04-07T04:54:48.375212
[2025-04-07 04:59:48] [34mINFO[0;39m [36mg.service.ubs.OrderLockServiceImpl      [0;39m [35m:62  [0;39m Unlock orders
[2025-04-07 05:00:48] [34mINFO[0;39m [36mg.service.ubs.OrderLockServiceImpl      [0;39m [35m:60  [0;39m Time: 2025-04-07T04:55:48.378373100
[2025-04-07 05:00:48] [34mINFO[0;39m [36mg.service.ubs.OrderLockServiceImpl      [0;39m [35m:62  [0;39m Unlock orders
[2025-04-07 05:01:48] [34mINFO[0;39m [36mg.service.ubs.OrderLockServiceImpl      [0;39m [35m:60  [0;39m Time: 2025-04-07T04:56:48.377662500
[2025-04-07 05:01:48] [34mINFO[0;39m [36mg.service.ubs.OrderLockServiceImpl      [0;39m [35m:62  [0;39m Unlock orders
[2025-04-07 05:02:48] [34mINFO[0;39m [36mg.service.ubs.OrderLockServiceImpl      [0;39m [35m:60  [0;39m Time: 2025-04-07T04:57:48.371701600
[2025-04-07 05:02:48] [34mINFO[0;39m [36mg.service.ubs.OrderLockServiceImpl      [0;39m [35m:62  [0;39m Unlock orders
[2025-04-07 05:03:48] [34mINFO[0;39m [36mg.service.ubs.OrderLockServiceImpl      [0;39m [35m:60  [0;39m Time: 2025-04-07T04:58:48.378802
[2025-04-07 05:03:48] [34mINFO[0;39m [36mg.service.ubs.OrderLockServiceImpl      [0;39m [35m:62  [0;39m Unlock orders
[2025-04-07 05:04:48] [34mINFO[0;39m [36mg.service.ubs.OrderLockServiceImpl      [0;39m [35m:60  [0;39m Time: 2025-04-07T04:59:48.377266200
[2025-04-07 05:04:48] [34mINFO[0;39m [36mg.service.ubs.OrderLockServiceImpl      [0;39m [35m:62  [0;39m Unlock orders
[2025-04-07 05:05:48] [34mINFO[0;39m [36mg.service.ubs.OrderLockServiceImpl      [0;39m [35m:60  [0;39m Time: 2025-04-07T05:00:48.371564700
[2025-04-07 05:05:48] [34mINFO[0;39m [36mg.service.ubs.OrderLockServiceImpl      [0;39m [35m:62  [0;39m Unlock orders
[2025-04-07 05:06:48] [34mINFO[0;39m [36mg.service.ubs.OrderLockServiceImpl      [0;39m [35m:60  [0;39m Time: 2025-04-07T05:01:48.366628800
[2025-04-07 05:06:48] [34mINFO[0;39m [36mg.service.ubs.OrderLockServiceImpl      [0;39m [35m:62  [0;39m Unlock orders
[2025-04-07 05:07:48] [34mINFO[0;39m [36mg.service.ubs.OrderLockServiceImpl      [0;39m [35m:60  [0;39m Time: 2025-04-07T05:02:48.363956100
[2025-04-07 05:07:48] [34mINFO[0;39m [36mg.service.ubs.OrderLockServiceImpl      [0;39m [35m:62  [0;39m Unlock orders
[2025-04-07 05:08:48] [34mINFO[0;39m [36mg.service.ubs.OrderLockServiceImpl      [0;39m [35m:60  [0;39m Time: 2025-04-07T05:03:48.377209900
[2025-04-07 05:08:48] [34mINFO[0;39m [36mg.service.ubs.OrderLockServiceImpl      [0;39m [35m:62  [0;39m Unlock orders
[2025-04-07 05:09:48] [34mINFO[0;39m [36mg.service.ubs.OrderLockServiceImpl      [0;39m [35m:60  [0;39m Time: 2025-04-07T05:04:48.376582500
[2025-04-07 05:09:48] [34mINFO[0;39m [36mg.service.ubs.OrderLockServiceImpl      [0;39m [35m:62  [0;39m Unlock orders
[2025-04-07 05:10:48] [34mINFO[0;39m [36mg.service.ubs.OrderLockServiceImpl      [0;39m [35m:60  [0;39m Time: 2025-04-07T05:05:48.376550500
[2025-04-07 05:10:48] [34mINFO[0;39m [36mg.service.ubs.OrderLockServiceImpl      [0;39m [35m:62  [0;39m Unlock orders
[2025-04-07 05:11:48] [34mINFO[0;39m [36mg.service.ubs.OrderLockServiceImpl      [0;39m [35m:60  [0;39m Time: 2025-04-07T05:06:48.373177
[2025-04-07 05:11:48] [34mINFO[0;39m [36mg.service.ubs.OrderLockServiceImpl      [0;39m [35m:62  [0;39m Unlock orders
[2025-04-07 05:12:48] [34mINFO[0;39m [36mg.service.ubs.OrderLockServiceImpl      [0;39m [35m:60  [0;39m Time: 2025-04-07T05:07:48.366339300
[2025-04-07 05:12:48] [34mINFO[0;39m [36mg.service.ubs.OrderLockServiceImpl      [0;39m [35m:62  [0;39m Unlock orders
[2025-04-07 05:13:48] [34mINFO[0;39m [36mg.service.ubs.OrderLockServiceImpl      [0;39m [35m:60  [0;39m Time: 2025-04-07T05:08:48.366431800
[2025-04-07 05:13:48] [34mINFO[0;39m [36mg.service.ubs.OrderLockServiceImpl      [0;39m [35m:62  [0;39m Unlock orders
[2025-04-07 05:14:48] [34mINFO[0;39m [36mg.service.ubs.OrderLockServiceImpl      [0;39m [35m:60  [0;39m Time: 2025-04-07T05:09:48.375418500
[2025-04-07 05:14:48] [34mINFO[0;39m [36mg.service.ubs.OrderLockServiceImpl      [0;39m [35m:62  [0;39m Unlock orders
[2025-04-07 05:15:48] [34mINFO[0;39m [36mg.service.ubs.OrderLockServiceImpl      [0;39m [35m:60  [0;39m Time: 2025-04-07T05:10:48.368070400
[2025-04-07 05:15:48] [34mINFO[0;39m [36mg.service.ubs.OrderLockServiceImpl      [0;39m [35m:62  [0;39m Unlock orders
[2025-04-07 05:16:48] [34mINFO[0;39m [36mg.service.ubs.OrderLockServiceImpl      [0;39m [35m:60  [0;39m Time: 2025-04-07T05:11:48.377244700
[2025-04-07 05:16:48] [34mINFO[0;39m [36mg.service.ubs.OrderLockServiceImpl      [0;39m [35m:62  [0;39m Unlock orders
[2025-04-07 05:17:48] [34mINFO[0;39m [36mg.service.ubs.OrderLockServiceImpl      [0;39m [35m:60  [0;39m Time: 2025-04-07T05:12:48.370195600
[2025-04-07 05:17:48] [34mINFO[0;39m [36mg.service.ubs.OrderLockServiceImpl      [0;39m [35m:62  [0;39m Unlock orders
[2025-04-07 05:18:48] [34mINFO[0;39m [36mg.service.ubs.OrderLockServiceImpl      [0;39m [35m:60  [0;39m Time: 2025-04-07T05:13:48.376423100
[2025-04-07 05:18:48] [34mINFO[0;39m [36mg.service.ubs.OrderLockServiceImpl      [0;39m [35m:62  [0;39m Unlock orders
[2025-04-07 05:19:48] [34mINFO[0;39m [36mg.service.ubs.OrderLockServiceImpl      [0;39m [35m:60  [0;39m Time: 2025-04-07T05:14:48.367893800
[2025-04-07 05:19:48] [34mINFO[0;39m [36mg.service.ubs.OrderLockServiceImpl      [0;39m [35m:62  [0;39m Unlock orders
[2025-04-07 05:20:48] [34mINFO[0;39m [36mg.service.ubs.OrderLockServiceImpl      [0;39m [35m:60  [0;39m Time: 2025-04-07T05:15:48.366449600
[2025-04-07 05:20:48] [34mINFO[0;39m [36mg.service.ubs.OrderLockServiceImpl      [0;39m [35m:62  [0;39m Unlock orders
[2025-04-07 05:21:48] [34mINFO[0;39m [36mg.service.ubs.OrderLockServiceImpl      [0;39m [35m:60  [0;39m Time: 2025-04-07T05:16:48.371919600
[2025-04-07 05:21:48] [34mINFO[0;39m [36mg.service.ubs.OrderLockServiceImpl      [0;39m [35m:62  [0;39m Unlock orders
[2025-04-07 05:22:48] [34mINFO[0;39m [36mg.service.ubs.OrderLockServiceImpl      [0;39m [35m:60  [0;39m Time: 2025-04-07T05:17:48.366582200
[2025-04-07 05:22:48] [34mINFO[0;39m [36mg.service.ubs.OrderLockServiceImpl      [0;39m [35m:62  [0;39m Unlock orders
[2025-04-07 05:23:48] [34mINFO[0;39m [36mg.service.ubs.OrderLockServiceImpl      [0;39m [35m:60  [0;39m Time: 2025-04-07T05:18:48.368092100
[2025-04-07 05:23:48] [34mINFO[0;39m [36mg.service.ubs.OrderLockServiceImpl      [0;39m [35m:62  [0;39m Unlock orders
[2025-04-07 05:24:48] [34mINFO[0;39m [36mg.service.ubs.OrderLockServiceImpl      [0;39m [35m:60  [0;39m Time: 2025-04-07T05:19:48.372155300
[2025-04-07 05:24:48] [34mINFO[0;39m [36mg.service.ubs.OrderLockServiceImpl      [0;39m [35m:62  [0;39m Unlock orders
[2025-04-07 05:25:48] [34mINFO[0;39m [36mg.service.ubs.OrderLockServiceImpl      [0;39m [35m:60  [0;39m Time: 2025-04-07T05:20:48.368929
[2025-04-07 05:25:48] [34mINFO[0;39m [36mg.service.ubs.OrderLockServiceImpl      [0;39m [35m:62  [0;39m Unlock orders
[2025-04-07 05:26:48] [34mINFO[0;39m [36mg.service.ubs.OrderLockServiceImpl      [0;39m [35m:60  [0;39m Time: 2025-04-07T05:21:48.370683700
[2025-04-07 05:26:48] [34mINFO[0;39m [36mg.service.ubs.OrderLockServiceImpl      [0;39m [35m:62  [0;39m Unlock orders
[2025-04-07 05:27:48] [34mINFO[0;39m [36mg.service.ubs.OrderLockServiceImpl      [0;39m [35m:60  [0;39m Time: 2025-04-07T05:22:48.368935800
[2025-04-07 05:27:48] [34mINFO[0;39m [36mg.service.ubs.OrderLockServiceImpl      [0;39m [35m:62  [0;39m Unlock orders
[2025-04-07 05:28:48] [34mINFO[0;39m [36mg.service.ubs.OrderLockServiceImpl      [0;39m [35m:60  [0;39m Time: 2025-04-07T05:23:48.366631700
[2025-04-07 05:28:48] [34mINFO[0;39m [36mg.service.ubs.OrderLockServiceImpl      [0;39m [35m:62  [0;39m Unlock orders
[2025-04-07 05:29:48] [34mINFO[0;39m [36mg.service.ubs.OrderLockServiceImpl      [0;39m [35m:60  [0;39m Time: 2025-04-07T05:24:48.371293
[2025-04-07 05:29:48] [34mINFO[0;39m [36mg.service.ubs.OrderLockServiceImpl      [0;39m [35m:62  [0;39m Unlock orders
[2025-04-07 05:30:48] [34mINFO[0;39m [36mg.service.ubs.OrderLockServiceImpl      [0;39m [35m:60  [0;39m Time: 2025-04-07T05:25:48.376976400
[2025-04-07 05:30:48] [34mINFO[0;39m [36mg.service.ubs.OrderLockServiceImpl      [0;39m [35m:62  [0;39m Unlock orders
[2025-04-07 05:31:48] [34mINFO[0;39m [36mg.service.ubs.OrderLockServiceImpl      [0;39m [35m:60  [0;39m Time: 2025-04-07T05:26:48.369448800
[2025-04-07 05:31:48] [34mINFO[0;39m [36mg.service.ubs.OrderLockServiceImpl      [0;39m [35m:62  [0;39m Unlock orders
[2025-04-07 05:32:48] [34mINFO[0;39m [36mg.service.ubs.OrderLockServiceImpl      [0;39m [35m:60  [0;39m Time: 2025-04-07T05:27:48.373573400
[2025-04-07 05:32:48] [34mINFO[0;39m [36mg.service.ubs.OrderLockServiceImpl      [0;39m [35m:62  [0;39m Unlock orders
[2025-04-07 05:33:48] [34mINFO[0;39m [36mg.service.ubs.OrderLockServiceImpl      [0;39m [35m:60  [0;39m Time: 2025-04-07T05:28:48.369207
[2025-04-07 05:33:48] [34mINFO[0;39m [36mg.service.ubs.OrderLockServiceImpl      [0;39m [35m:62  [0;39m Unlock orders
[2025-04-07 05:34:48] [34mINFO[0;39m [36mg.service.ubs.OrderLockServiceImpl      [0;39m [35m:60  [0;39m Time: 2025-04-07T05:29:48.371830100
[2025-04-07 05:34:48] [34mINFO[0;39m [36mg.service.ubs.OrderLockServiceImpl      [0;39m [35m:62  [0;39m Unlock orders
[2025-04-07 05:35:48] [34mINFO[0;39m [36mg.service.ubs.OrderLockServiceImpl      [0;39m [35m:60  [0;39m Time: 2025-04-07T05:30:48.375927800
[2025-04-07 05:35:48] [34mINFO[0;39m [36mg.service.ubs.OrderLockServiceImpl      [0;39m [35m:62  [0;39m Unlock orders
[2025-04-07 05:36:48] [34mINFO[0;39m [36mg.service.ubs.OrderLockServiceImpl      [0;39m [35m:60  [0;39m Time: 2025-04-07T05:31:48.377392300
[2025-04-07 05:36:48] [34mINFO[0;39m [36mg.service.ubs.OrderLockServiceImpl      [0;39m [35m:62  [0;39m Unlock orders
[2025-04-07 05:37:48] [34mINFO[0;39m [36mg.service.ubs.OrderLockServiceImpl      [0;39m [35m:60  [0;39m Time: 2025-04-07T05:32:48.369057
[2025-04-07 05:37:48] [34mINFO[0;39m [36mg.service.ubs.OrderLockServiceImpl      [0;39m [35m:62  [0;39m Unlock orders
[2025-04-07 05:38:48] [34mINFO[0;39m [36mg.service.ubs.OrderLockServiceImpl      [0;39m [35m:60  [0;39m Time: 2025-04-07T05:33:48.373103900
[2025-04-07 05:38:48] [34mINFO[0;39m [36mg.service.ubs.OrderLockServiceImpl      [0;39m [35m:62  [0;39m Unlock orders
[2025-04-07 05:39:48] [34mINFO[0;39m [36mg.service.ubs.OrderLockServiceImpl      [0;39m [35m:60  [0;39m Time: 2025-04-07T05:34:48.378239200
[2025-04-07 05:39:48] [34mINFO[0;39m [36mg.service.ubs.OrderLockServiceImpl      [0;39m [35m:62  [0;39m Unlock orders
[2025-04-07 05:40:48] [34mINFO[0;39m [36mg.service.ubs.OrderLockServiceImpl      [0;39m [35m:60  [0;39m Time: 2025-04-07T05:35:48.379319700
[2025-04-07 05:40:48] [34mINFO[0;39m [36mg.service.ubs.OrderLockServiceImpl      [0;39m [35m:62  [0;39m Unlock orders
[2025-04-07 05:41:48] [34mINFO[0;39m [36mg.service.ubs.OrderLockServiceImpl      [0;39m [35m:60  [0;39m Time: 2025-04-07T05:36:48.377014
[2025-04-07 05:41:48] [34mINFO[0;39m [36mg.service.ubs.OrderLockServiceImpl      [0;39m [35m:62  [0;39m Unlock orders
[2025-04-07 05:42:48] [34mINFO[0;39m [36mg.service.ubs.OrderLockServiceImpl      [0;39m [35m:60  [0;39m Time: 2025-04-07T05:37:48.372216900
[2025-04-07 05:42:48] [34mINFO[0;39m [36mg.service.ubs.OrderLockServiceImpl      [0;39m [35m:62  [0;39m Unlock orders
[2025-04-07 05:43:48] [34mINFO[0;39m [36mg.service.ubs.OrderLockServiceImpl      [0;39m [35m:60  [0;39m Time: 2025-04-07T05:38:48.366215600
[2025-04-07 05:43:48] [34mINFO[0;39m [36mg.service.ubs.OrderLockServiceImpl      [0;39m [35m:62  [0;39m Unlock orders
[2025-04-07 05:44:48] [34mINFO[0;39m [36mg.service.ubs.OrderLockServiceImpl      [0;39m [35m:60  [0;39m Time: 2025-04-07T05:39:48.365695400
[2025-04-07 05:44:48] [34mINFO[0;39m [36mg.service.ubs.OrderLockServiceImpl      [0;39m [35m:62  [0;39m Unlock orders
[2025-04-07 05:45:48] [34mINFO[0;39m [36mg.service.ubs.OrderLockServiceImpl      [0;39m [35m:60  [0;39m Time: 2025-04-07T05:40:48.370893300
[2025-04-07 05:45:48] [34mINFO[0;39m [36mg.service.ubs.OrderLockServiceImpl      [0;39m [35m:62  [0;39m Unlock orders
[2025-04-07 05:46:48] [34mINFO[0;39m [36mg.service.ubs.OrderLockServiceImpl      [0;39m [35m:60  [0;39m Time: 2025-04-07T05:41:48.376644400
[2025-04-07 05:46:48] [34mINFO[0;39m [36mg.service.ubs.OrderLockServiceImpl      [0;39m [35m:62  [0;39m Unlock orders
[2025-04-07 05:47:48] [34mINFO[0;39m [36mg.service.ubs.OrderLockServiceImpl      [0;39m [35m:60  [0;39m Time: 2025-04-07T05:42:48.371481200
[2025-04-07 05:47:48] [34mINFO[0;39m [36mg.service.ubs.OrderLockServiceImpl      [0;39m [35m:62  [0;39m Unlock orders
[2025-04-07 05:48:48] [34mINFO[0;39m [36mg.service.ubs.OrderLockServiceImpl      [0;39m [35m:60  [0;39m Time: 2025-04-07T05:43:48.376597400
[2025-04-07 05:48:48] [34mINFO[0;39m [36mg.service.ubs.OrderLockServiceImpl      [0;39m [35m:62  [0;39m Unlock orders
[2025-04-07 05:49:48] [34mINFO[0;39m [36mg.service.ubs.OrderLockServiceImpl      [0;39m [35m:60  [0;39m Time: 2025-04-07T05:44:48.371931300
[2025-04-07 05:49:48] [34mINFO[0;39m [36mg.service.ubs.OrderLockServiceImpl      [0;39m [35m:62  [0;39m Unlock orders
[2025-04-07 05:50:48] [34mINFO[0;39m [36mg.service.ubs.OrderLockServiceImpl      [0;39m [35m:60  [0;39m Time: 2025-04-07T05:45:48.376255900
[2025-04-07 05:50:48] [34mINFO[0;39m [36mg.service.ubs.OrderLockServiceImpl      [0;39m [35m:62  [0;39m Unlock orders
[2025-04-07 05:51:48] [34mINFO[0;39m [36mg.service.ubs.OrderLockServiceImpl      [0;39m [35m:60  [0;39m Time: 2025-04-07T05:46:48.366604700
[2025-04-07 05:51:48] [34mINFO[0;39m [36mg.service.ubs.OrderLockServiceImpl      [0;39m [35m:62  [0;39m Unlock orders
[2025-04-07 05:52:48] [34mINFO[0;39m [36mg.service.ubs.OrderLockServiceImpl      [0;39m [35m:60  [0;39m Time: 2025-04-07T05:47:48.378506700
[2025-04-07 05:52:48] [34mINFO[0;39m [36mg.service.ubs.OrderLockServiceImpl      [0;39m [35m:62  [0;39m Unlock orders
[2025-04-07 05:53:48] [34mINFO[0;39m [36mg.service.ubs.OrderLockServiceImpl      [0;39m [35m:60  [0;39m Time: 2025-04-07T05:48:48.365287300
[2025-04-07 05:53:48] [34mINFO[0;39m [36mg.service.ubs.OrderLockServiceImpl      [0;39m [35m:62  [0;39m Unlock orders
[2025-04-07 05:54:48] [34mINFO[0;39m [36mg.service.ubs.OrderLockServiceImpl      [0;39m [35m:60  [0;39m Time: 2025-04-07T05:49:48.371929300
[2025-04-07 05:54:48] [34mINFO[0;39m [36mg.service.ubs.OrderLockServiceImpl      [0;39m [35m:62  [0;39m Unlock orders
[2025-04-07 05:55:48] [34mINFO[0;39m [36mg.service.ubs.OrderLockServiceImpl      [0;39m [35m:60  [0;39m Time: 2025-04-07T05:50:48.364981
[2025-04-07 05:55:48] [34mINFO[0;39m [36mg.service.ubs.OrderLockServiceImpl      [0;39m [35m:62  [0;39m Unlock orders
[2025-04-07 06:24:16] [31mWARN[0;39m [36mcom.zaxxer.hikari.pool.HikariPool       [0;39m [35m:804 [0;39m HikariPool-1 - Thread starvation or clock leap detected (housekeeper delta=28m28s259ms988µs500ns).
[2025-04-07 06:24:46] [34mINFO[0;39m [36mg.service.ubs.OrderLockServiceImpl      [0;39m [35m:60  [0;39m Time: 2025-04-07T06:19:46.623399800
[2025-04-07 06:24:46] [34mINFO[0;39m [36mg.service.ubs.OrderLockServiceImpl      [0;39m [35m:62  [0;39m Unlock orders
[2025-04-07 06:24:46] [34mINFO[0;39m [36mg.service.ubs.OrderLockServiceImpl      [0;39m [35m:60  [0;39m Time: 2025-04-07T06:19:46.641400500
[2025-04-07 06:24:46] [34mINFO[0;39m [36mg.service.ubs.OrderLockServiceImpl      [0;39m [35m:62  [0;39m Unlock orders
[2025-04-07 06:24:46] [34mINFO[0;39m [36mg.service.ubs.OrderLockServiceImpl      [0;39m [35m:60  [0;39m Time: 2025-04-07T06:19:46.642399100
[2025-04-07 06:24:46] [34mINFO[0;39m [36mg.service.ubs.OrderLockServiceImpl      [0;39m [35m:62  [0;39m Unlock orders
[2025-04-07 06:24:46] [34mINFO[0;39m [36mg.service.ubs.OrderLockServiceImpl      [0;39m [35m:60  [0;39m Time: 2025-04-07T06:19:46.642399100
[2025-04-07 06:24:46] [34mINFO[0;39m [36mg.service.ubs.OrderLockServiceImpl      [0;39m [35m:62  [0;39m Unlock orders
[2025-04-07 06:24:46] [34mINFO[0;39m [36mg.service.ubs.OrderLockServiceImpl      [0;39m [35m:60  [0;39m Time: 2025-04-07T06:19:46.643399600
[2025-04-07 06:24:46] [34mINFO[0;39m [36mg.service.ubs.OrderLockServiceImpl      [0;39m [35m:62  [0;39m Unlock orders
[2025-04-07 06:24:46] [34mINFO[0;39m [36mg.service.ubs.OrderLockServiceImpl      [0;39m [35m:60  [0;39m Time: 2025-04-07T06:19:46.644398700
[2025-04-07 06:24:46] [34mINFO[0;39m [36mg.service.ubs.OrderLockServiceImpl      [0;39m [35m:62  [0;39m Unlock orders
[2025-04-07 06:24:46] [34mINFO[0;39m [36mg.service.ubs.OrderLockServiceImpl      [0;39m [35m:60  [0;39m Time: 2025-04-07T06:19:46.644398700
[2025-04-07 06:24:46] [34mINFO[0;39m [36mg.service.ubs.OrderLockServiceImpl      [0;39m [35m:62  [0;39m Unlock orders
[2025-04-07 06:24:46] [34mINFO[0;39m [36mg.service.ubs.OrderLockServiceImpl      [0;39m [35m:60  [0;39m Time: 2025-04-07T06:19:46.645397200
[2025-04-07 06:24:46] [34mINFO[0;39m [36mg.service.ubs.OrderLockServiceImpl      [0;39m [35m:62  [0;39m Unlock orders
[2025-04-07 06:24:46] [34mINFO[0;39m [36mg.service.ubs.OrderLockServiceImpl      [0;39m [35m:60  [0;39m Time: 2025-04-07T06:19:46.645397200
[2025-04-07 06:24:46] [34mINFO[0;39m [36mg.service.ubs.OrderLockServiceImpl      [0;39m [35m:62  [0;39m Unlock orders
[2025-04-07 06:24:46] [34mINFO[0;39m [36mg.service.ubs.OrderLockServiceImpl      [0;39m [35m:60  [0;39m Time: 2025-04-07T06:19:46.646399600
[2025-04-07 06:24:46] [34mINFO[0;39m [36mg.service.ubs.OrderLockServiceImpl      [0;39m [35m:62  [0;39m Unlock orders
[2025-04-07 06:24:46] [34mINFO[0;39m [36mg.service.ubs.OrderLockServiceImpl      [0;39m [35m:60  [0;39m Time: 2025-04-07T06:19:46.646399600
[2025-04-07 06:24:46] [34mINFO[0;39m [36mg.service.ubs.OrderLockServiceImpl      [0;39m [35m:62  [0;39m Unlock orders
[2025-04-07 06:24:46] [34mINFO[0;39m [36mg.service.ubs.OrderLockServiceImpl      [0;39m [35m:60  [0;39m Time: 2025-04-07T06:19:46.647399500
[2025-04-07 06:24:46] [34mINFO[0;39m [36mg.service.ubs.OrderLockServiceImpl      [0;39m [35m:62  [0;39m Unlock orders
[2025-04-07 06:24:46] [34mINFO[0;39m [36mg.service.ubs.OrderLockServiceImpl      [0;39m [35m:60  [0;39m Time: 2025-04-07T06:19:46.647399500
[2025-04-07 06:24:46] [34mINFO[0;39m [36mg.service.ubs.OrderLockServiceImpl      [0;39m [35m:62  [0;39m Unlock orders
[2025-04-07 06:24:46] [34mINFO[0;39m [36mg.service.ubs.OrderLockServiceImpl      [0;39m [35m:60  [0;39m Time: 2025-04-07T06:19:46.648399600
[2025-04-07 06:24:46] [34mINFO[0;39m [36mg.service.ubs.OrderLockServiceImpl      [0;39m [35m:62  [0;39m Unlock orders
[2025-04-07 06:24:46] [34mINFO[0;39m [36mg.service.ubs.OrderLockServiceImpl      [0;39m [35m:60  [0;39m Time: 2025-04-07T06:19:46.648399600
[2025-04-07 06:24:46] [34mINFO[0;39m [36mg.service.ubs.OrderLockServiceImpl      [0;39m [35m:62  [0;39m Unlock orders
[2025-04-07 06:24:46] [34mINFO[0;39m [36mg.service.ubs.OrderLockServiceImpl      [0;39m [35m:60  [0;39m Time: 2025-04-07T06:19:46.649400200
[2025-04-07 06:24:46] [34mINFO[0;39m [36mg.service.ubs.OrderLockServiceImpl      [0;39m [35m:62  [0;39m Unlock orders
[2025-04-07 06:24:46] [34mINFO[0;39m [36mg.service.ubs.OrderLockServiceImpl      [0;39m [35m:60  [0;39m Time: 2025-04-07T06:19:46.649400200
[2025-04-07 06:24:46] [34mINFO[0;39m [36mg.service.ubs.OrderLockServiceImpl      [0;39m [35m:62  [0;39m Unlock orders
[2025-04-07 06:24:46] [34mINFO[0;39m [36mg.service.ubs.OrderLockServiceImpl      [0;39m [35m:60  [0;39m Time: 2025-04-07T06:19:46.650399100
[2025-04-07 06:24:46] [34mINFO[0;39m [36mg.service.ubs.OrderLockServiceImpl      [0;39m [35m:62  [0;39m Unlock orders
[2025-04-07 06:24:46] [34mINFO[0;39m [36mg.service.ubs.OrderLockServiceImpl      [0;39m [35m:60  [0;39m Time: 2025-04-07T06:19:46.650399100
[2025-04-07 06:24:46] [34mINFO[0;39m [36mg.service.ubs.OrderLockServiceImpl      [0;39m [35m:62  [0;39m Unlock orders
[2025-04-07 06:24:46] [34mINFO[0;39m [36mg.service.ubs.OrderLockServiceImpl      [0;39m [35m:60  [0;39m Time: 2025-04-07T06:19:46.651400200
[2025-04-07 06:24:46] [34mINFO[0;39m [36mg.service.ubs.OrderLockServiceImpl      [0;39m [35m:62  [0;39m Unlock orders
[2025-04-07 06:24:46] [34mINFO[0;39m [36mg.service.ubs.OrderLockServiceImpl      [0;39m [35m:60  [0;39m Time: 2025-04-07T06:19:46.651400200
[2025-04-07 06:24:46] [34mINFO[0;39m [36mg.service.ubs.OrderLockServiceImpl      [0;39m [35m:62  [0;39m Unlock orders
[2025-04-07 06:24:46] [34mINFO[0;39m [36mg.service.ubs.OrderLockServiceImpl      [0;39m [35m:60  [0;39m Time: 2025-04-07T06:19:46.652399700
[2025-04-07 06:24:46] [34mINFO[0;39m [36mg.service.ubs.OrderLockServiceImpl      [0;39m [35m:62  [0;39m Unlock orders
[2025-04-07 06:24:46] [34mINFO[0;39m [36mg.service.ubs.OrderLockServiceImpl      [0;39m [35m:60  [0;39m Time: 2025-04-07T06:19:46.652399700
[2025-04-07 06:24:46] [34mINFO[0;39m [36mg.service.ubs.OrderLockServiceImpl      [0;39m [35m:62  [0;39m Unlock orders
[2025-04-07 06:24:46] [34mINFO[0;39m [36mg.service.ubs.OrderLockServiceImpl      [0;39m [35m:60  [0;39m Time: 2025-04-07T06:19:46.653399600
[2025-04-07 06:24:46] [34mINFO[0;39m [36mg.service.ubs.OrderLockServiceImpl      [0;39m [35m:62  [0;39m Unlock orders
[2025-04-07 06:24:46] [34mINFO[0;39m [36mg.service.ubs.OrderLockServiceImpl      [0;39m [35m:60  [0;39m Time: 2025-04-07T06:19:46.653399600
[2025-04-07 06:24:46] [34mINFO[0;39m [36mg.service.ubs.OrderLockServiceImpl      [0;39m [35m:62  [0;39m Unlock orders
[2025-04-07 06:24:46] [34mINFO[0;39m [36mg.service.ubs.OrderLockServiceImpl      [0;39m [35m:60  [0;39m Time: 2025-04-07T06:19:46.654399200
[2025-04-07 06:24:46] [34mINFO[0;39m [36mg.service.ubs.OrderLockServiceImpl      [0;39m [35m:62  [0;39m Unlock orders
[2025-04-07 06:24:46] [34mINFO[0;39m [36mg.service.ubs.OrderLockServiceImpl      [0;39m [35m:60  [0;39m Time: 2025-04-07T06:19:46.654399200
[2025-04-07 06:24:46] [34mINFO[0;39m [36mg.service.ubs.OrderLockServiceImpl      [0;39m [35m:62  [0;39m Unlock orders
[2025-04-07 06:24:46] [34mINFO[0;39m [36mg.service.ubs.OrderLockServiceImpl      [0;39m [35m:60  [0;39m Time: 2025-04-07T06:19:46.655399400
[2025-04-07 06:24:46] [34mINFO[0;39m [36mg.service.ubs.OrderLockServiceImpl      [0;39m [35m:62  [0;39m Unlock orders
[2025-04-07 06:24:48] [34mINFO[0;39m [36mg.service.ubs.OrderLockServiceImpl      [0;39m [35m:60  [0;39m Time: 2025-04-07T06:19:48.378665900
[2025-04-07 06:24:48] [34mINFO[0;39m [36mg.service.ubs.OrderLockServiceImpl      [0;39m [35m:62  [0;39m Unlock orders
[2025-04-07 06:25:48] [34mINFO[0;39m [36mg.service.ubs.OrderLockServiceImpl      [0;39m [35m:60  [0;39m Time: 2025-04-07T06:20:48.372048200
[2025-04-07 06:25:48] [34mINFO[0;39m [36mg.service.ubs.OrderLockServiceImpl      [0;39m [35m:62  [0;39m Unlock orders
[2025-04-07 06:26:48] [34mINFO[0;39m [36mg.service.ubs.OrderLockServiceImpl      [0;39m [35m:60  [0;39m Time: 2025-04-07T06:21:48.376362100
[2025-04-07 06:26:48] [34mINFO[0;39m [36mg.service.ubs.OrderLockServiceImpl      [0;39m [35m:62  [0;39m Unlock orders
[2025-04-07 06:27:48] [34mINFO[0;39m [36mg.service.ubs.OrderLockServiceImpl      [0;39m [35m:60  [0;39m Time: 2025-04-07T06:22:48.372988200
[2025-04-07 06:27:48] [34mINFO[0;39m [36mg.service.ubs.OrderLockServiceImpl      [0;39m [35m:62  [0;39m Unlock orders
[2025-04-07 06:28:48] [34mINFO[0;39m [36mg.service.ubs.OrderLockServiceImpl      [0;39m [35m:60  [0;39m Time: 2025-04-07T06:23:48.377498100
[2025-04-07 06:28:48] [34mINFO[0;39m [36mg.service.ubs.OrderLockServiceImpl      [0;39m [35m:62  [0;39m Unlock orders
[2025-04-07 06:29:48] [34mINFO[0;39m [36mg.service.ubs.OrderLockServiceImpl      [0;39m [35m:60  [0;39m Time: 2025-04-07T06:24:48.372031
[2025-04-07 06:29:48] [34mINFO[0;39m [36mg.service.ubs.OrderLockServiceImpl      [0;39m [35m:62  [0;39m Unlock orders
[2025-04-07 06:30:48] [34mINFO[0;39m [36mg.service.ubs.OrderLockServiceImpl      [0;39m [35m:60  [0;39m Time: 2025-04-07T06:25:48.367187700
[2025-04-07 06:30:48] [34mINFO[0;39m [36mg.service.ubs.OrderLockServiceImpl      [0;39m [35m:62  [0;39m Unlock orders
[2025-04-07 06:31:48] [34mINFO[0;39m [36mg.service.ubs.OrderLockServiceImpl      [0;39m [35m:60  [0;39m Time: 2025-04-07T06:26:48.378495
[2025-04-07 06:31:48] [34mINFO[0;39m [36mg.service.ubs.OrderLockServiceImpl      [0;39m [35m:62  [0;39m Unlock orders
[2025-04-07 06:32:48] [34mINFO[0;39m [36mg.service.ubs.OrderLockServiceImpl      [0;39m [35m:60  [0;39m Time: 2025-04-07T06:27:48.376305600
[2025-04-07 06:32:48] [34mINFO[0;39m [36mg.service.ubs.OrderLockServiceImpl      [0;39m [35m:62  [0;39m Unlock orders
[2025-04-07 06:33:48] [34mINFO[0;39m [36mg.service.ubs.OrderLockServiceImpl      [0;39m [35m:60  [0;39m Time: 2025-04-07T06:28:48.375618400
[2025-04-07 06:33:48] [34mINFO[0;39m [36mg.service.ubs.OrderLockServiceImpl      [0;39m [35m:62  [0;39m Unlock orders
[2025-04-07 06:34:48] [34mINFO[0;39m [36mg.service.ubs.OrderLockServiceImpl      [0;39m [35m:60  [0;39m Time: 2025-04-07T06:29:48.369097200
[2025-04-07 06:34:48] [34mINFO[0;39m [36mg.service.ubs.OrderLockServiceImpl      [0;39m [35m:62  [0;39m Unlock orders
[2025-04-07 06:35:48] [34mINFO[0;39m [36mg.service.ubs.OrderLockServiceImpl      [0;39m [35m:60  [0;39m Time: 2025-04-07T06:30:48.368989900
[2025-04-07 06:35:48] [34mINFO[0;39m [36mg.service.ubs.OrderLockServiceImpl      [0;39m [35m:62  [0;39m Unlock orders
[2025-04-07 06:36:48] [34mINFO[0;39m [36mg.service.ubs.OrderLockServiceImpl      [0;39m [35m:60  [0;39m Time: 2025-04-07T06:31:48.369887200
[2025-04-07 06:36:48] [34mINFO[0;39m [36mg.service.ubs.OrderLockServiceImpl      [0;39m [35m:62  [0;39m Unlock orders
[2025-04-07 06:37:48] [34mINFO[0;39m [36mg.service.ubs.OrderLockServiceImpl      [0;39m [35m:60  [0;39m Time: 2025-04-07T06:32:48.368542200
[2025-04-07 06:37:48] [34mINFO[0;39m [36mg.service.ubs.OrderLockServiceImpl      [0;39m [35m:62  [0;39m Unlock orders
[2025-04-07 06:38:48] [34mINFO[0;39m [36mg.service.ubs.OrderLockServiceImpl      [0;39m [35m:60  [0;39m Time: 2025-04-07T06:33:48.366634600
[2025-04-07 06:38:48] [34mINFO[0;39m [36mg.service.ubs.OrderLockServiceImpl      [0;39m [35m:62  [0;39m Unlock orders
[2025-04-07 06:39:48] [34mINFO[0;39m [36mg.service.ubs.OrderLockServiceImpl      [0;39m [35m:60  [0;39m Time: 2025-04-07T06:34:48.371871900
[2025-04-07 06:39:48] [34mINFO[0;39m [36mg.service.ubs.OrderLockServiceImpl      [0;39m [35m:62  [0;39m Unlock orders
[2025-04-07 06:40:48] [34mINFO[0;39m [36mg.service.ubs.OrderLockServiceImpl      [0;39m [35m:60  [0;39m Time: 2025-04-07T06:35:48.373391700
[2025-04-07 06:40:48] [34mINFO[0;39m [36mg.service.ubs.OrderLockServiceImpl      [0;39m [35m:62  [0;39m Unlock orders
[2025-04-07 06:41:48] [34mINFO[0;39m [36mg.service.ubs.OrderLockServiceImpl      [0;39m [35m:60  [0;39m Time: 2025-04-07T06:36:48.377304600
[2025-04-07 06:41:48] [34mINFO[0;39m [36mg.service.ubs.OrderLockServiceImpl      [0;39m [35m:62  [0;39m Unlock orders
[2025-04-07 06:42:48] [34mINFO[0;39m [36mg.service.ubs.OrderLockServiceImpl      [0;39m [35m:60  [0;39m Time: 2025-04-07T06:37:48.376246900
[2025-04-07 06:42:48] [34mINFO[0;39m [36mg.service.ubs.OrderLockServiceImpl      [0;39m [35m:62  [0;39m Unlock orders
[2025-04-07 06:43:48] [34mINFO[0;39m [36mg.service.ubs.OrderLockServiceImpl      [0;39m [35m:60  [0;39m Time: 2025-04-07T06:38:48.373802900
[2025-04-07 06:43:48] [34mINFO[0;39m [36mg.service.ubs.OrderLockServiceImpl      [0;39m [35m:62  [0;39m Unlock orders
[2025-04-07 06:44:48] [34mINFO[0;39m [36mg.service.ubs.OrderLockServiceImpl      [0;39m [35m:60  [0;39m Time: 2025-04-07T06:39:48.369472300
[2025-04-07 06:44:48] [34mINFO[0;39m [36mg.service.ubs.OrderLockServiceImpl      [0;39m [35m:62  [0;39m Unlock orders
[2025-04-07 06:45:48] [34mINFO[0;39m [36mg.service.ubs.OrderLockServiceImpl      [0;39m [35m:60  [0;39m Time: 2025-04-07T06:40:48.370768200
[2025-04-07 06:45:48] [34mINFO[0;39m [36mg.service.ubs.OrderLockServiceImpl      [0;39m [35m:62  [0;39m Unlock orders
[2025-04-07 06:46:48] [34mINFO[0;39m [36mg.service.ubs.OrderLockServiceImpl      [0;39m [35m:60  [0;39m Time: 2025-04-07T06:41:48.368115900
[2025-04-07 06:46:48] [34mINFO[0;39m [36mg.service.ubs.OrderLockServiceImpl      [0;39m [35m:62  [0;39m Unlock orders
[2025-04-07 06:47:48] [34mINFO[0;39m [36mg.service.ubs.OrderLockServiceImpl      [0;39m [35m:60  [0;39m Time: 2025-04-07T06:42:48.371198900
[2025-04-07 06:47:48] [34mINFO[0;39m [36mg.service.ubs.OrderLockServiceImpl      [0;39m [35m:62  [0;39m Unlock orders
[2025-04-07 06:48:48] [34mINFO[0;39m [36mg.service.ubs.OrderLockServiceImpl      [0;39m [35m:60  [0;39m Time: 2025-04-07T06:43:48.363817
[2025-04-07 06:48:48] [34mINFO[0;39m [36mg.service.ubs.OrderLockServiceImpl      [0;39m [35m:62  [0;39m Unlock orders
[2025-04-07 06:49:48] [34mINFO[0;39m [36mg.service.ubs.OrderLockServiceImpl      [0;39m [35m:60  [0;39m Time: 2025-04-07T06:44:48.378448200
[2025-04-07 06:49:48] [34mINFO[0;39m [36mg.service.ubs.OrderLockServiceImpl      [0;39m [35m:62  [0;39m Unlock orders
[2025-04-07 06:50:48] [34mINFO[0;39m [36mg.service.ubs.OrderLockServiceImpl      [0;39m [35m:60  [0;39m Time: 2025-04-07T06:45:48.376710200
[2025-04-07 06:50:48] [34mINFO[0;39m [36mg.service.ubs.OrderLockServiceImpl      [0;39m [35m:62  [0;39m Unlock orders
[2025-04-07 06:51:48] [34mINFO[0;39m [36mg.service.ubs.OrderLockServiceImpl      [0;39m [35m:60  [0;39m Time: 2025-04-07T06:46:48.365111800
[2025-04-07 06:51:48] [34mINFO[0;39m [36mg.service.ubs.OrderLockServiceImpl      [0;39m [35m:62  [0;39m Unlock orders
[2025-04-07 06:52:48] [34mINFO[0;39m [36mg.service.ubs.OrderLockServiceImpl      [0;39m [35m:60  [0;39m Time: 2025-04-07T06:47:48.364223600
[2025-04-07 06:52:48] [34mINFO[0;39m [36mg.service.ubs.OrderLockServiceImpl      [0;39m [35m:62  [0;39m Unlock orders
[2025-04-07 06:53:04] [34mINFO[0;39m [36mj.LocalContainerEntityManagerFactoryBean[0;39m [35m:650 [0;39m Closing JPA EntityManagerFactory for persistence unit 'default'
[2025-04-07 06:53:04] [34mINFO[0;39m [36mcom.zaxxer.hikari.HikariDataSource      [0;39m [35m:350 [0;39m HikariPool-1 - Shutdown initiated...
[2025-04-07 06:53:04] [34mINFO[0;39m [36mcom.zaxxer.hikari.HikariDataSource      [0;39m [35m:352 [0;39m HikariPool-1 - Shutdown completed.
[2025-04-07 06:53:48] [34mINFO[0;39m [36mo.h.validator.internal.util.Version     [0;39m [35m:21  [0;39m HV000001: Hibernate Validator 8.0.1.Final
[2025-04-07 06:53:48] [34mINFO[0;39m [36mgreencity.UbsApplication                [0;39m [35m:50  [0;39m Starting UbsApplication using Java 21.0.5 with PID 10328 (C:\Users\o.bulhakova\IdeaProjects\project\GreenCityUBS\core\target\classes started by o.bulhakova in C:\Users\o.bulhakova\IdeaProjects\project\GreenCityUBS)
[2025-04-07 06:53:48] [34mINFO[0;39m [36mgreencity.UbsApplication                [0;39m [35m:660 [0;39m The following 1 profile is active: "dev"
[2025-04-07 06:53:48] [34mINFO[0;39m [36m.e.DevToolsPropertyDefaultsPostProcessor[0;39m [35m:252 [0;39m Devtools property defaults active! Set 'spring.devtools.add-properties' to 'false' to disable
[2025-04-07 06:53:48] [34mINFO[0;39m [36m.e.DevToolsPropertyDefaultsPostProcessor[0;39m [35m:252 [0;39m For additional web related logging consider setting the 'logging.level.web' property to 'DEBUG'
[2025-04-07 06:53:51] [34mINFO[0;39m [36m.s.d.r.c.RepositoryConfigurationDelegate[0;39m [35m:139 [0;39m Bootstrapping Spring Data JPA repositories in DEFAULT mode.
[2025-04-07 06:53:51] [34mINFO[0;39m [36m.s.d.r.c.RepositoryConfigurationDelegate[0;39m [35m:208 [0;39m Finished Spring Data repository scanning in 342 ms. Found 36 JPA repository interfaces.
[2025-04-07 06:53:51] [34mINFO[0;39m [36mo.s.cloud.context.scope.GenericScope    [0;39m [35m:282 [0;39m BeanFactory id=946dfe5b-ebbd-3bb0-96ba-f3cc67a34d79
[2025-04-07 06:53:52] [34mINFO[0;39m [36mo.s.b.w.embedded.tomcat.TomcatWebServer [0;39m [35m:109 [0;39m Tomcat initialized with port 8050 (http)
[2025-04-07 06:53:52] [34mINFO[0;39m [36mo.apache.coyote.http11.Http11NioProtocol[0;39m [35m:173 [0;39m Initializing ProtocolHandler ["http-nio-8050"]
[2025-04-07 06:53:52] [34mINFO[0;39m [36mo.apache.catalina.core.StandardService  [0;39m [35m:173 [0;39m Starting service [Tomcat]
[2025-04-07 06:53:52] [34mINFO[0;39m [36morg.apache.catalina.core.StandardEngine [0;39m [35m:173 [0;39m Starting Servlet engine: [Apache Tomcat/10.1.18]
[2025-04-07 06:53:52] [34mINFO[0;39m [36mo.a.c.c.C.[Tomcat].[localhost].[/]      [0;39m [35m:173 [0;39m Initializing Spring embedded WebApplicationContext
[2025-04-07 06:53:52] [34mINFO[0;39m [36mw.s.c.ServletWebServerApplicationContext[0;39m [35m:296 [0;39m Root WebApplicationContext: initialization completed in 3911 ms
[2025-04-07 06:53:53] [34mINFO[0;39m [36mliquibase.database                      [0;39m [35m:37  [0;39m Set default schema name to public
[2025-04-07 06:53:56] [34mINFO[0;39m [36mliquibase.changelog                     [0;39m [35m:37  [0;39m Reading from public.databasechangelog
[2025-04-07 06:53:56] [34mINFO[0;39m [36mliquibase.ui                            [0;39m [35m:37  [0;39m Database is up to date, no changesets to execute
[2025-04-07 06:53:56] [34mINFO[0;39m [36mliquibase.changelog                     [0;39m [35m:37  [0;39m Reading from public.databasechangelog
[2025-04-07 06:53:56] [34mINFO[0;39m [36mliquibase.util                          [0;39m [35m:37  [0;39m UPDATE SUMMARY
[2025-04-07 06:53:56] [34mINFO[0;39m [36mliquibase.util                          [0;39m [35m:37  [0;39m Run:                          0
[2025-04-07 06:53:56] [34mINFO[0;39m [36mliquibase.util                          [0;39m [35m:37  [0;39m Previously run:             362
[2025-04-07 06:53:56] [34mINFO[0;39m [36mliquibase.util                          [0;39m [35m:37  [0;39m Filtered out:                 0
[2025-04-07 06:53:56] [34mINFO[0;39m [36mliquibase.util                          [0;39m [35m:37  [0;39m -------------------------------
[2025-04-07 06:53:56] [34mINFO[0;39m [36mliquibase.util                          [0;39m [35m:37  [0;39m Total change sets:          362
[2025-04-07 06:53:56] [34mINFO[0;39m [36mliquibase.util                          [0;39m [35m:37  [0;39m Update summary generated
[2025-04-07 06:53:56] [34mINFO[0;39m [36mliquibase.lockservice                   [0;39m [35m:37  [0;39m Successfully released change log lock
[2025-04-07 06:53:56] [34mINFO[0;39m [36mliquibase.command                       [0;39m [35m:37  [0;39m Command execution complete
[2025-04-07 06:53:56] [34mINFO[0;39m [36mo.hibernate.jpa.internal.util.LogHelper [0;39m [35m:31  [0;39m HHH000204: Processing PersistenceUnitInfo [name: default]
[2025-04-07 06:53:56] [34mINFO[0;39m [36morg.hibernate.Version                   [0;39m [35m:44  [0;39m HHH000412: Hibernate ORM core version 6.4.1.Final
[2025-04-07 06:53:56] [34mINFO[0;39m [36mo.h.c.internal.RegionFactoryInitiator   [0;39m [35m:50  [0;39m HHH000026: Second-level cache disabled
[2025-04-07 06:53:56] [34mINFO[0;39m [36mo.s.o.j.p.SpringPersistenceUnitInfo     [0;39m [35m:87  [0;39m No LoadTimeWeaver setup: ignoring JPA class transformer
[2025-04-07 06:53:56] [34mINFO[0;39m [36mcom.zaxxer.hikari.HikariDataSource      [0;39m [35m:110 [0;39m HikariPool-1 - Starting...
[2025-04-07 06:53:56] [34mINFO[0;39m [36mcom.zaxxer.hikari.pool.HikariPool       [0;39m [35m:565 [0;39m HikariPool-1 - Added connection org.postgresql.jdbc.PgConnection@4a6ab410
[2025-04-07 06:53:56] [34mINFO[0;39m [36mcom.zaxxer.hikari.HikariDataSource      [0;39m [35m:123 [0;39m HikariPool-1 - Start completed.
[2025-04-07 06:53:57] [31mWARN[0;39m [36morg.hibernate.mapping.RootClass         [0;39m [35m:341 [0;39m HHH000038: Composite-id class does not override equals(): greencity.entity.user.employee.EmployeeFilterViewId
[2025-04-07 06:53:57] [31mWARN[0;39m [36morg.hibernate.mapping.RootClass         [0;39m [35m:344 [0;39m HHH000039: Composite-id class does not override hashCode(): greencity.entity.user.employee.EmployeeFilterViewId
[2025-04-07 06:53:58] [31mWARN[0;39m [36mo.h.metamodel.internal.MetadataContext  [0;39m [35m:727 [0;39m HHH015011: Unable to locate static metamodel field : greencity.entity.user.employee.EmployeeFilterViewId_#employeeId; this may or may not indicate a problem with the static metamodel
[2025-04-07 06:53:58] [31mWARN[0;39m [36mo.h.metamodel.internal.MetadataContext  [0;39m [35m:727 [0;39m HHH015011: Unable to locate static metamodel field : greencity.entity.user.employee.EmployeeFilterViewId_#positionId; this may or may not indicate a problem with the static metamodel
[2025-04-07 06:53:58] [34mINFO[0;39m [36mo.h.e.t.j.p.i.JtaPlatformInitiator      [0;39m [35m:58  [0;39m HHH000489: No JTA platform available (set 'hibernate.transaction.jta.platform' to enable JTA platform integration)
[2025-04-07 06:53:58] [34mINFO[0;39m [36mj.LocalContainerEntityManagerFactoryBean[0;39m [35m:437 [0;39m Initialized JPA EntityManagerFactory for persistence unit 'default'
[2025-04-07 06:53:59] [31mWARN[0;39m [36mJpaBaseConfiguration$JpaWebConfiguration[0;39m [35m:232 [0;39m spring.jpa.open-in-view is enabled by default. Therefore, database queries may be performed during view rendering. Explicitly configure spring.jpa.open-in-view to disable this warning
[2025-04-07 06:53:59] [34mINFO[0;39m [36mo.s.b.d.a.OptionalLiveReloadServer      [0;39m [35m:59  [0;39m LiveReload server is running on port 35729
[2025-04-07 06:53:59] [34mINFO[0;39m [36mo.s.d.j.r.query.QueryEnhancerFactory    [0;39m [35m:49  [0;39m Hibernate is in classpath; If applicable, HQL parser will be used.
[2025-04-07 06:54:04] [34mINFO[0;39m [36mo.s.s.web.DefaultSecurityFilterChain    [0;39m [35m:54  [0;39m Will secure any request with [org.springframework.security.web.session.DisableEncodeUrlFilter@eecb7cc, org.springframework.security.web.context.request.async.WebAsyncManagerIntegrationFilter@3e5de580, org.springframework.security.web.context.SecurityContextHolderFilter@1e35e18, org.springframework.security.web.header.HeaderWriterFilter@6f883117, org.springframework.web.filter.CorsFilter@266d5d5d, org.springframework.security.web.authentication.logout.LogoutFilter@2b6cc5c8, greencity.security.filters.AccessTokenAuthenticationFilter@1926ba50, org.springframework.security.web.savedrequest.RequestCacheAwareFilter@5b7e4def, org.springframework.security.web.servletapi.SecurityContextHolderAwareRequestFilter@7be3cf8e, org.springframework.security.web.authentication.AnonymousAuthenticationFilter@729f3c6f, org.springframework.security.web.session.SessionManagementFilter@28e8ca79, org.springframework.security.web.access.ExceptionTranslationFilter@70fffc44, org.springframework.security.web.access.intercept.AuthorizationFilter@1cd08f11]
[2025-04-07 06:54:04] [31mWARN[0;39m [36mo.s.s.c.a.web.builders.WebSecurity      [0;39m [35m:289 [0;39m You are asking Spring Security to ignore Mvc [pattern='/ubs/receivePayment']. This is not recommended -- please use permitAll via HttpSecurity#authorizeHttpRequests instead.
[2025-04-07 06:54:04] [34mINFO[0;39m [36mo.s.s.web.DefaultSecurityFilterChain    [0;39m [35m:51  [0;39m Will not secure Mvc [pattern='/ubs/receivePayment']
[2025-04-07 06:54:04] [31mWARN[0;39m [36mo.s.s.c.a.web.builders.WebSecurity      [0;39m [35m:289 [0;39m You are asking Spring Security to ignore Mvc [pattern='/ubs/monobank/payments']. This is not recommended -- please use permitAll via HttpSecurity#authorizeHttpRequests instead.
[2025-04-07 06:54:04] [34mINFO[0;39m [36mo.s.s.web.DefaultSecurityFilterChain    [0;39m [35m:51  [0;39m Will not secure Mvc [pattern='/ubs/monobank/payments']
[2025-04-07 06:54:04] [31mWARN[0;39m [36mion$DefaultTemplateResolverConfiguration[0;39m [35m:101 [0;39m Cannot find template location: classpath:/templates/ (please add some templates, check your Thymeleaf configuration, or set spring.thymeleaf.check-template-location=false)
[2025-04-07 06:54:04] [34mINFO[0;39m [36mo.apache.coyote.http11.Http11NioProtocol[0;39m [35m:173 [0;39m Starting ProtocolHandler ["http-nio-8050"]
[2025-04-07 06:54:04] [34mINFO[0;39m [36mo.s.b.w.embedded.tomcat.TomcatWebServer [0;39m [35m:241 [0;39m Tomcat started on port 8050 (http) with context path ''
[2025-04-07 06:54:04] [34mINFO[0;39m [36mgreencity.UbsApplication                [0;39m [35m:56  [0;39m Started UbsApplication in 16.621 seconds (process running for 17.87)
[2025-04-07 06:54:05] [34mINFO[0;39m [36mg.service.ubs.OrderLockServiceImpl      [0;39m [35m:60  [0;39m Time: 2025-04-07T06:49:05.007175700
[2025-04-07 06:54:05] [34mINFO[0;39m [36mg.service.ubs.OrderLockServiceImpl      [0;39m [35m:62  [0;39m Unlock orders
[2025-04-07 06:54:05] [34mINFO[0;39m [36mg.n.scheduler.NotificationTaskScheduler [0;39m [35m:39  [0;39m Failed to start scheduled notificator with type VIOLATION_THE_RULES because cron is incorrect or template is inactive.
[2025-04-07 06:54:05] [34mINFO[0;39m [36mg.n.scheduler.NotificationTaskScheduler [0;39m [35m:39  [0;39m Failed to start scheduled notificator with type CANCELED_VIOLATION_THE_RULES_BY_THE_MANAGER because cron is incorrect or template is inactive.
[2025-04-07 06:54:05] [34mINFO[0;39m [36mg.n.scheduler.NotificationTaskScheduler [0;39m [35m:39  [0;39m Failed to start scheduled notificator with type ORDER_STATUS_CHANGED because cron is incorrect or template is inactive.
[2025-04-07 06:54:05] [34mINFO[0;39m [36mg.n.scheduler.NotificationTaskScheduler [0;39m [35m:39  [0;39m Failed to start scheduled notificator with type CHANGED_IN_RULE_VIOLATION_STATUS because cron is incorrect or template is inactive.
[2025-04-07 06:54:05] [34mINFO[0;39m [36mg.n.scheduler.NotificationTaskScheduler [0;39m [35m:39  [0;39m Failed to start scheduled notificator with type COURIER_ITINERARY_FORMED because cron is incorrect or template is inactive.
[2025-04-07 06:54:05] [34mINFO[0;39m [36mg.n.scheduler.NotificationTaskScheduler [0;39m [35m:39  [0;39m Failed to start scheduled notificator with type DONE_OR_CANCELED_UNPAID_ORDER because cron is incorrect or template is inactive.
[2025-04-07 06:54:05] [34mINFO[0;39m [36mg.n.scheduler.NotificationTaskScheduler [0;39m [35m:39  [0;39m Failed to start scheduled notificator with type HALF_PAID_ORDER_WITH_STATUS_BROUGHT_BY_HIMSELF because cron is incorrect or template is inactive.
[2025-04-07 06:54:05] [34mINFO[0;39m [36mg.n.scheduler.NotificationTaskScheduler [0;39m [35m:29  [0;39m Scheduled notificator for LETS_STAY_CONNECTED notification template by 0 0 18 * * ? cron
[2025-04-07 06:54:05] [34mINFO[0;39m [36mg.n.scheduler.NotificationTaskScheduler [0;39m [35m:29  [0;39m Scheduled notificator for UNPAID_ORDER notification template by 0 0 18 * * ? cron
[2025-04-07 06:54:05] [34mINFO[0;39m [36mg.n.scheduler.NotificationTaskScheduler [0;39m [35m:39  [0;39m Failed to start scheduled notificator with type UNPAID_PACKAGE because cron is incorrect or template is inactive.
[2025-04-07 06:55:05] [34mINFO[0;39m [36mg.service.ubs.OrderLockServiceImpl      [0;39m [35m:60  [0;39m Time: 2025-04-07T06:50:05.002308800
[2025-04-07 06:55:05] [34mINFO[0;39m [36mg.service.ubs.OrderLockServiceImpl      [0;39m [35m:62  [0;39m Unlock orders
[2025-04-07 06:56:05] [34mINFO[0;39m [36mg.service.ubs.OrderLockServiceImpl      [0;39m [35m:60  [0;39m Time: 2025-04-07T06:51:05.001929600
[2025-04-07 06:56:05] [34mINFO[0;39m [36mg.service.ubs.OrderLockServiceImpl      [0;39m [35m:62  [0;39m Unlock orders
[2025-04-07 06:57:05] [34mINFO[0;39m [36mg.service.ubs.OrderLockServiceImpl      [0;39m [35m:60  [0;39m Time: 2025-04-07T06:52:05.005043900
[2025-04-07 06:57:05] [34mINFO[0;39m [36mg.service.ubs.OrderLockServiceImpl      [0;39m [35m:62  [0;39m Unlock orders
[2025-04-07 06:58:04] [34mINFO[0;39m [36mg.service.ubs.OrderLockServiceImpl      [0;39m [35m:60  [0;39m Time: 2025-04-07T06:53:04.995730800
[2025-04-07 06:58:04] [34mINFO[0;39m [36mg.service.ubs.OrderLockServiceImpl      [0;39m [35m:62  [0;39m Unlock orders
[2025-04-07 06:59:05] [34mINFO[0;39m [36mg.service.ubs.OrderLockServiceImpl      [0;39m [35m:60  [0;39m Time: 2025-04-07T06:54:05.007047200
[2025-04-07 06:59:05] [34mINFO[0;39m [36mg.service.ubs.OrderLockServiceImpl      [0;39m [35m:62  [0;39m Unlock orders
[2025-04-07 07:00:04] [34mINFO[0;39m [36mg.service.ubs.OrderLockServiceImpl      [0;39m [35m:60  [0;39m Time: 2025-04-07T06:55:04.995432600
[2025-04-07 07:00:04] [34mINFO[0;39m [36mg.service.ubs.OrderLockServiceImpl      [0;39m [35m:62  [0;39m Unlock orders
[2025-04-07 07:01:04] [34mINFO[0;39m [36mg.service.ubs.OrderLockServiceImpl      [0;39m [35m:60  [0;39m Time: 2025-04-07T06:56:04.999751500
[2025-04-07 07:01:05] [34mINFO[0;39m [36mg.service.ubs.OrderLockServiceImpl      [0;39m [35m:62  [0;39m Unlock orders
[2025-04-07 07:01:30] [34mINFO[0;39m [36mo.a.c.c.C.[Tomcat].[localhost].[/]      [0;39m [35m:173 [0;39m Initializing Spring DispatcherServlet 'dispatcherServlet'
[2025-04-07 07:01:30] [34mINFO[0;39m [36mo.s.web.servlet.DispatcherServlet       [0;39m [35m:532 [0;39m Initializing Servlet 'dispatcherServlet'
[2025-04-07 07:01:30] [34mINFO[0;39m [36mo.s.web.servlet.DispatcherServlet       [0;39m [35m:554 [0;39m Completed initialization in 5 ms
[2025-04-07 07:01:30] [31mWARN[0;39m [36mo.s.w.s.h.HandlerMappingIntrospector    [0;39m [35m:458 [0;39m Cache miss for REQUEST dispatch to '/ubs/getAllActiveCouriers' (previous null). Performing MatchableHandlerMapping lookup. This is logged once only at WARN level, and every time at TRACE.
[2025-04-07 07:01:30] [34mINFO[0;39m [36mg.s.f.AccessTokenAuthenticationFilter   [0;39m [35m:54  [0;39m token: eyJhbGciOiJIUzI1NiJ9.eyJzdWIiOiJvLmJ1bGhha292YS5jaGlAZ21haWwuY29tIiwicm9sZSI6WyJST0xFX1VTRVIiXSwiZXhwIjoxNzQzNzg5MjA4LCJpYXQiOjE3NDM3ODIwMDh9.5ymflbtqOTOJUnwJWOMdvqpOcsX46KuqtgaDiTviuls
[2025-04-07 07:01:30] [34mINFO[0;39m [36mg.s.f.AccessTokenAuthenticationFilter   [0;39m [35m:68  [0;39m Token has expired: eyJhbGciOiJIUzI1NiJ9.eyJzdWIiOiJvLmJ1bGhha292YS5jaGlAZ21haWwuY29tIiwicm9sZSI6WyJST0xFX1VTRVIiXSwiZXhwIjoxNzQzNzg5MjA4LCJpYXQiOjE3NDM3ODIwMDh9.5ymflbtqOTOJUnwJWOMdvqpOcsX46KuqtgaDiTviuls
[2025-04-07 07:01:30] [34mINFO[0;39m [36mg.s.f.AccessTokenAuthenticationFilter   [0;39m [35m:54  [0;39m token: eyJhbGciOiJIUzI1NiJ9.eyJzdWIiOiJvLmJ1bGhha292YS5jaGlAZ21haWwuY29tIiwicm9sZSI6WyJST0xFX1VTRVIiXSwiZXhwIjoxNzQzNzg5MjA4LCJpYXQiOjE3NDM3ODIwMDh9.5ymflbtqOTOJUnwJWOMdvqpOcsX46KuqtgaDiTviuls
[2025-04-07 07:01:30] [34mINFO[0;39m [36mg.s.f.AccessTokenAuthenticationFilter   [0;39m [35m:68  [0;39m Token has expired: eyJhbGciOiJIUzI1NiJ9.eyJzdWIiOiJvLmJ1bGhha292YS5jaGlAZ21haWwuY29tIiwicm9sZSI6WyJST0xFX1VTRVIiXSwiZXhwIjoxNzQzNzg5MjA4LCJpYXQiOjE3NDM3ODIwMDh9.5ymflbtqOTOJUnwJWOMdvqpOcsX46KuqtgaDiTviuls
[2025-04-07 07:01:30] [34mINFO[0;39m [36mg.s.f.AccessTokenAuthenticationFilter   [0;39m [35m:54  [0;39m token: eyJhbGciOiJIUzI1NiJ9.eyJzdWIiOiJvLmJ1bGhha292YS5jaGlAZ21haWwuY29tIiwicm9sZSI6WyJST0xFX1VTRVIiXSwiZXhwIjoxNzQzNzg5MjA4LCJpYXQiOjE3NDM3ODIwMDh9.5ymflbtqOTOJUnwJWOMdvqpOcsX46KuqtgaDiTviuls
[2025-04-07 07:01:30] [34mINFO[0;39m [36mg.s.f.AccessTokenAuthenticationFilter   [0;39m [35m:68  [0;39m Token has expired: eyJhbGciOiJIUzI1NiJ9.eyJzdWIiOiJvLmJ1bGhha292YS5jaGlAZ21haWwuY29tIiwicm9sZSI6WyJST0xFX1VTRVIiXSwiZXhwIjoxNzQzNzg5MjA4LCJpYXQiOjE3NDM3ODIwMDh9.5ymflbtqOTOJUnwJWOMdvqpOcsX46KuqtgaDiTviuls
[2025-04-07 07:01:30] [34mINFO[0;39m [36mg.s.f.AccessTokenAuthenticationFilter   [0;39m [35m:54  [0;39m token: eyJhbGciOiJIUzI1NiJ9.eyJzdWIiOiJvLmJ1bGhha292YS5jaGlAZ21haWwuY29tIiwicm9sZSI6WyJST0xFX1VTRVIiXSwiZXhwIjoxNzQzNzg5MjA4LCJpYXQiOjE3NDM3ODIwMDh9.5ymflbtqOTOJUnwJWOMdvqpOcsX46KuqtgaDiTviuls
[2025-04-07 07:01:30] [34mINFO[0;39m [36mg.s.f.AccessTokenAuthenticationFilter   [0;39m [35m:68  [0;39m Token has expired: eyJhbGciOiJIUzI1NiJ9.eyJzdWIiOiJvLmJ1bGhha292YS5jaGlAZ21haWwuY29tIiwicm9sZSI6WyJST0xFX1VTRVIiXSwiZXhwIjoxNzQzNzg5MjA4LCJpYXQiOjE3NDM3ODIwMDh9.5ymflbtqOTOJUnwJWOMdvqpOcsX46KuqtgaDiTviuls
[2025-04-07 07:01:31] [34mINFO[0;39m [36mg.s.f.AccessTokenAuthenticationFilter   [0;39m [35m:54  [0;39m token: null
[2025-04-07 07:02:04] [34mINFO[0;39m [36mg.service.ubs.OrderLockServiceImpl      [0;39m [35m:60  [0;39m Time: 2025-04-07T06:57:04.996601300
[2025-04-07 07:02:04] [34mINFO[0;39m [36mg.service.ubs.OrderLockServiceImpl      [0;39m [35m:62  [0;39m Unlock orders
[2025-04-07 07:03:05] [34mINFO[0;39m [36mg.service.ubs.OrderLockServiceImpl      [0;39m [35m:60  [0;39m Time: 2025-04-07T06:58:05.000363900
[2025-04-07 07:03:05] [34mINFO[0;39m [36mg.service.ubs.OrderLockServiceImpl      [0;39m [35m:62  [0;39m Unlock orders
[2025-04-07 07:04:05] [34mINFO[0;39m [36mg.service.ubs.OrderLockServiceImpl      [0;39m [35m:60  [0;39m Time: 2025-04-07T06:59:05.002540400
[2025-04-07 07:04:05] [34mINFO[0;39m [36mg.service.ubs.OrderLockServiceImpl      [0;39m [35m:62  [0;39m Unlock orders
[2025-04-07 07:05:04] [34mINFO[0;39m [36mg.service.ubs.OrderLockServiceImpl      [0;39m [35m:60  [0;39m Time: 2025-04-07T07:00:04.994737800
[2025-04-07 07:05:04] [34mINFO[0;39m [36mg.service.ubs.OrderLockServiceImpl      [0;39m [35m:62  [0;39m Unlock orders
[2025-04-07 07:06:05] [34mINFO[0;39m [36mg.service.ubs.OrderLockServiceImpl      [0;39m [35m:60  [0;39m Time: 2025-04-07T07:01:05.001921200
[2025-04-07 07:06:05] [34mINFO[0;39m [36mg.service.ubs.OrderLockServiceImpl      [0;39m [35m:62  [0;39m Unlock orders
[2025-04-07 07:07:04] [34mINFO[0;39m [36mg.service.ubs.OrderLockServiceImpl      [0;39m [35m:60  [0;39m Time: 2025-04-07T07:02:04.999107300
[2025-04-07 07:07:05] [34mINFO[0;39m [36mg.service.ubs.OrderLockServiceImpl      [0;39m [35m:62  [0;39m Unlock orders
[2025-04-07 07:08:04] [34mINFO[0;39m [36mg.service.ubs.OrderLockServiceImpl      [0;39m [35m:60  [0;39m Time: 2025-04-07T07:03:04.994614400
[2025-04-07 07:08:04] [34mINFO[0;39m [36mg.service.ubs.OrderLockServiceImpl      [0;39m [35m:62  [0;39m Unlock orders
[2025-04-07 07:09:05] [34mINFO[0;39m [36mg.service.ubs.OrderLockServiceImpl      [0;39m [35m:60  [0;39m Time: 2025-04-07T07:04:05.004812500
[2025-04-07 07:09:05] [34mINFO[0;39m [36mg.service.ubs.OrderLockServiceImpl      [0;39m [35m:62  [0;39m Unlock orders
[2025-04-07 07:10:05] [34mINFO[0;39m [36mg.service.ubs.OrderLockServiceImpl      [0;39m [35m:60  [0;39m Time: 2025-04-07T07:05:05.004599100
[2025-04-07 07:10:05] [34mINFO[0;39m [36mg.service.ubs.OrderLockServiceImpl      [0;39m [35m:62  [0;39m Unlock orders
[2025-04-07 07:11:05] [34mINFO[0;39m [36mg.service.ubs.OrderLockServiceImpl      [0;39m [35m:60  [0;39m Time: 2025-04-07T07:06:05.003232400
[2025-04-07 07:11:05] [34mINFO[0;39m [36mg.service.ubs.OrderLockServiceImpl      [0;39m [35m:62  [0;39m Unlock orders
[2025-04-07 07:12:04] [34mINFO[0;39m [36mg.service.ubs.OrderLockServiceImpl      [0;39m [35m:60  [0;39m Time: 2025-04-07T07:07:04.996489800
[2025-04-07 07:12:04] [34mINFO[0;39m [36mg.service.ubs.OrderLockServiceImpl      [0;39m [35m:62  [0;39m Unlock orders
[2025-04-07 07:13:04] [34mINFO[0;39m [36mg.service.ubs.OrderLockServiceImpl      [0;39m [35m:60  [0;39m Time: 2025-04-07T07:08:04.997846600
[2025-04-07 07:13:05] [34mINFO[0;39m [36mg.service.ubs.OrderLockServiceImpl      [0;39m [35m:62  [0;39m Unlock orders
[2025-04-07 07:14:05] [34mINFO[0;39m [36mg.service.ubs.OrderLockServiceImpl      [0;39m [35m:60  [0;39m Time: 2025-04-07T07:09:05.004218400
[2025-04-07 07:14:05] [34mINFO[0;39m [36mg.service.ubs.OrderLockServiceImpl      [0;39m [35m:62  [0;39m Unlock orders
[2025-04-07 07:15:05] [34mINFO[0;39m [36mg.service.ubs.OrderLockServiceImpl      [0;39m [35m:60  [0;39m Time: 2025-04-07T07:10:05.006713200
[2025-04-07 07:15:05] [34mINFO[0;39m [36mg.service.ubs.OrderLockServiceImpl      [0;39m [35m:62  [0;39m Unlock orders
[2025-04-07 07:16:05] [34mINFO[0;39m [36mg.service.ubs.OrderLockServiceImpl      [0;39m [35m:60  [0;39m Time: 2025-04-07T07:11:05.005053800
[2025-04-07 07:16:05] [34mINFO[0;39m [36mg.service.ubs.OrderLockServiceImpl      [0;39m [35m:62  [0;39m Unlock orders
[2025-04-07 07:17:04] [34mINFO[0;39m [36mg.service.ubs.OrderLockServiceImpl      [0;39m [35m:60  [0;39m Time: 2025-04-07T07:12:04.999062800
[2025-04-07 07:17:05] [34mINFO[0;39m [36mg.service.ubs.OrderLockServiceImpl      [0;39m [35m:62  [0;39m Unlock orders
[2025-04-07 07:18:04] [34mINFO[0;39m [36mg.service.ubs.OrderLockServiceImpl      [0;39m [35m:60  [0;39m Time: 2025-04-07T07:13:04.994675100
[2025-04-07 07:18:04] [34mINFO[0;39m [36mg.service.ubs.OrderLockServiceImpl      [0;39m [35m:62  [0;39m Unlock orders
[2025-04-07 07:19:05] [34mINFO[0;39m [36mg.service.ubs.OrderLockServiceImpl      [0;39m [35m:60  [0;39m Time: 2025-04-07T07:14:05.000458400
[2025-04-07 07:19:05] [34mINFO[0;39m [36mg.service.ubs.OrderLockServiceImpl      [0;39m [35m:62  [0;39m Unlock orders
[2025-04-07 07:20:05] [34mINFO[0;39m [36mg.service.ubs.OrderLockServiceImpl      [0;39m [35m:60  [0;39m Time: 2025-04-07T07:15:05.000524800
[2025-04-07 07:20:05] [34mINFO[0;39m [36mg.service.ubs.OrderLockServiceImpl      [0;39m [35m:62  [0;39m Unlock orders
[2025-04-07 07:21:04] [34mINFO[0;39m [36mg.service.ubs.OrderLockServiceImpl      [0;39m [35m:60  [0;39m Time: 2025-04-07T07:16:04.994458300
[2025-04-07 07:21:04] [34mINFO[0;39m [36mg.service.ubs.OrderLockServiceImpl      [0;39m [35m:62  [0;39m Unlock orders
[2025-04-07 07:22:04] [34mINFO[0;39m [36mg.service.ubs.OrderLockServiceImpl      [0;39m [35m:60  [0;39m Time: 2025-04-07T07:17:04.999018
[2025-04-07 07:22:05] [34mINFO[0;39m [36mg.service.ubs.OrderLockServiceImpl      [0;39m [35m:62  [0;39m Unlock orders
[2025-04-07 07:23:05] [34mINFO[0;39m [36mg.service.ubs.OrderLockServiceImpl      [0;39m [35m:60  [0;39m Time: 2025-04-07T07:18:05.002885800
[2025-04-07 07:23:05] [34mINFO[0;39m [36mg.service.ubs.OrderLockServiceImpl      [0;39m [35m:62  [0;39m Unlock orders
[2025-04-07 07:24:05] [34mINFO[0;39m [36mg.service.ubs.OrderLockServiceImpl      [0;39m [35m:60  [0;39m Time: 2025-04-07T07:19:05.006258400
[2025-04-07 07:24:05] [34mINFO[0;39m [36mg.service.ubs.OrderLockServiceImpl      [0;39m [35m:62  [0;39m Unlock orders
[2025-04-07 07:25:04] [34mINFO[0;39m [36mg.service.ubs.OrderLockServiceImpl      [0;39m [35m:60  [0;39m Time: 2025-04-07T07:20:04.995377900
[2025-04-07 07:25:04] [34mINFO[0;39m [36mg.service.ubs.OrderLockServiceImpl      [0;39m [35m:62  [0;39m Unlock orders
[2025-04-07 07:26:05] [34mINFO[0;39m [36mg.service.ubs.OrderLockServiceImpl      [0;39m [35m:60  [0;39m Time: 2025-04-07T07:21:05.004436600
[2025-04-07 07:26:05] [34mINFO[0;39m [36mg.service.ubs.OrderLockServiceImpl      [0;39m [35m:62  [0;39m Unlock orders
[2025-04-07 07:27:05] [34mINFO[0;39m [36mg.service.ubs.OrderLockServiceImpl      [0;39m [35m:60  [0;39m Time: 2025-04-07T07:22:05.005245200
[2025-04-07 07:27:05] [34mINFO[0;39m [36mg.service.ubs.OrderLockServiceImpl      [0;39m [35m:62  [0;39m Unlock orders
[2025-04-07 07:28:04] [34mINFO[0;39m [36mg.service.ubs.OrderLockServiceImpl      [0;39m [35m:60  [0;39m Time: 2025-04-07T07:23:04.998443
[2025-04-07 07:28:05] [34mINFO[0;39m [36mg.service.ubs.OrderLockServiceImpl      [0;39m [35m:62  [0;39m Unlock orders
[2025-04-07 07:29:04] [34mINFO[0;39m [36mg.service.ubs.OrderLockServiceImpl      [0;39m [35m:60  [0;39m Time: 2025-04-07T07:24:04.997619200
[2025-04-07 07:29:05] [34mINFO[0;39m [36mg.service.ubs.OrderLockServiceImpl      [0;39m [35m:62  [0;39m Unlock orders
[2025-04-07 07:30:05] [34mINFO[0;39m [36mg.service.ubs.OrderLockServiceImpl      [0;39m [35m:60  [0;39m Time: 2025-04-07T07:25:05.002854200
[2025-04-07 07:30:05] [34mINFO[0;39m [36mg.service.ubs.OrderLockServiceImpl      [0;39m [35m:62  [0;39m Unlock orders
[2025-04-07 07:30:50] [34mINFO[0;39m [36mg.s.f.AccessTokenAuthenticationFilter   [0;39m [35m:54  [0;39m token: null
[2025-04-07 07:30:50] [34mINFO[0;39m [36mg.s.f.AccessTokenAuthenticationFilter   [0;39m [35m:54  [0;39m token: null
[2025-04-07 07:30:50] [34mINFO[0;39m [36mg.s.f.AccessTokenAuthenticationFilter   [0;39m [35m:54  [0;39m token: null
[2025-04-07 07:30:50] [34mINFO[0;39m [36mg.s.f.AccessTokenAuthenticationFilter   [0;39m [35m:54  [0;39m token: null
[2025-04-07 07:30:53] [34mINFO[0;39m [36mg.s.f.AccessTokenAuthenticationFilter   [0;39m [35m:54  [0;39m token: null
[2025-04-07 07:30:53] [34mINFO[0;39m [36mg.s.f.AccessTokenAuthenticationFilter   [0;39m [35m:54  [0;39m token: null
[2025-04-07 07:30:53] [34mINFO[0;39m [36mg.s.f.AccessTokenAuthenticationFilter   [0;39m [35m:54  [0;39m token: null
[2025-04-07 07:30:53] [34mINFO[0;39m [36mg.s.f.AccessTokenAuthenticationFilter   [0;39m [35m:54  [0;39m token: null
[2025-04-07 07:31:05] [34mINFO[0;39m [36mg.service.ubs.OrderLockServiceImpl      [0;39m [35m:60  [0;39m Time: 2025-04-07T07:26:05.001095100
[2025-04-07 07:31:05] [34mINFO[0;39m [36mg.service.ubs.OrderLockServiceImpl      [0;39m [35m:62  [0;39m Unlock orders
[2025-04-07 07:32:04] [34mINFO[0;39m [36mg.service.ubs.OrderLockServiceImpl      [0;39m [35m:60  [0;39m Time: 2025-04-07T07:27:04.998767500
[2025-04-07 07:32:05] [34mINFO[0;39m [36mg.service.ubs.OrderLockServiceImpl      [0;39m [35m:62  [0;39m Unlock orders
[2025-04-07 07:33:04] [34mINFO[0;39m [36mg.service.ubs.OrderLockServiceImpl      [0;39m [35m:60  [0;39m Time: 2025-04-07T07:28:04.995227700
[2025-04-07 07:33:04] [34mINFO[0;39m [36mg.service.ubs.OrderLockServiceImpl      [0;39m [35m:62  [0;39m Unlock orders
[2025-04-07 07:34:05] [34mINFO[0;39m [36mg.service.ubs.OrderLockServiceImpl      [0;39m [35m:60  [0;39m Time: 2025-04-07T07:29:05.002627600
[2025-04-07 07:34:05] [34mINFO[0;39m [36mg.service.ubs.OrderLockServiceImpl      [0;39m [35m:62  [0;39m Unlock orders
[2025-04-07 07:34:30] [34mINFO[0;39m [36mg.s.f.AccessTokenAuthenticationFilter   [0;39m [35m:54  [0;39m token: null
[2025-04-07 07:34:30] [34mINFO[0;39m [36mg.s.f.AccessTokenAuthenticationFilter   [0;39m [35m:54  [0;39m token: null
[2025-04-07 07:34:30] [34mINFO[0;39m [36mg.s.f.AccessTokenAuthenticationFilter   [0;39m [35m:54  [0;39m token: null
[2025-04-07 07:34:30] [34mINFO[0;39m [36mg.s.f.AccessTokenAuthenticationFilter   [0;39m [35m:54  [0;39m token: null
[2025-04-07 07:34:33] [34mINFO[0;39m [36mg.s.f.AccessTokenAuthenticationFilter   [0;39m [35m:54  [0;39m token: null
[2025-04-07 07:34:33] [34mINFO[0;39m [36mg.s.f.AccessTokenAuthenticationFilter   [0;39m [35m:54  [0;39m token: null
[2025-04-07 07:34:34] [34mINFO[0;39m [36mg.s.f.AccessTokenAuthenticationFilter   [0;39m [35m:54  [0;39m token: null
[2025-04-07 07:34:34] [34mINFO[0;39m [36mg.s.f.AccessTokenAuthenticationFilter   [0;39m [35m:54  [0;39m token: null
[2025-04-07 07:34:55] [34mINFO[0;39m [36mg.s.f.AccessTokenAuthenticationFilter   [0;39m [35m:54  [0;39m token: eyJhbGciOiJIUzI1NiJ9.eyJzdWIiOiJvLmJ1bGhha292YS5jaGlAZ21haWwuY29tIiwicm9sZSI6WyJST0xFX1VTRVIiXSwiZXhwIjoxNzQ0MDA3Njk1LCJpYXQiOjE3NDQwMDA0OTV9.CARLRne-jym74shNj6kd7hvmREuO0hICTUp3owliAXA
[2025-04-07 07:34:55] [34mINFO[0;39m [36mg.s.f.AccessTokenAuthenticationFilter   [0;39m [35m:62  [0;39m user: Optional[UserVO(id=5, email=o.bulhakova.chi@gmail.com, languageVO=greencity.dto.language.LanguageVO@1c60)]
[2025-04-07 07:34:55] [34mINFO[0;39m [36mg.s.f.AccessTokenAuthenticationFilter   [0;39m [35m:54  [0;39m token: eyJhbGciOiJIUzI1NiJ9.eyJzdWIiOiJvLmJ1bGhha292YS5jaGlAZ21haWwuY29tIiwicm9sZSI6WyJST0xFX1VTRVIiXSwiZXhwIjoxNzQ0MDA3Njk1LCJpYXQiOjE3NDQwMDA0OTV9.CARLRne-jym74shNj6kd7hvmREuO0hICTUp3owliAXA
[2025-04-07 07:34:55] [34mINFO[0;39m [36mg.s.f.AccessTokenAuthenticationFilter   [0;39m [35m:62  [0;39m user: Optional[UserVO(id=5, email=o.bulhakova.chi@gmail.com, languageVO=greencity.dto.language.LanguageVO@1c60)]
[2025-04-07 07:34:55] [34mINFO[0;39m [36mg.s.f.AccessTokenAuthenticationFilter   [0;39m [35m:54  [0;39m token: eyJhbGciOiJIUzI1NiJ9.eyJzdWIiOiJvLmJ1bGhha292YS5jaGlAZ21haWwuY29tIiwicm9sZSI6WyJST0xFX1VTRVIiXSwiZXhwIjoxNzQ0MDA3Njk1LCJpYXQiOjE3NDQwMDA0OTV9.CARLRne-jym74shNj6kd7hvmREuO0hICTUp3owliAXA
[2025-04-07 07:34:55] [34mINFO[0;39m [36mg.s.f.AccessTokenAuthenticationFilter   [0;39m [35m:62  [0;39m user: Optional[UserVO(id=5, email=o.bulhakova.chi@gmail.com, languageVO=greencity.dto.language.LanguageVO@1c60)]
[2025-04-07 07:34:56] [34mINFO[0;39m [36mg.s.f.AccessTokenAuthenticationFilter   [0;39m [35m:54  [0;39m token: eyJhbGciOiJIUzI1NiJ9.eyJzdWIiOiJvLmJ1bGhha292YS5jaGlAZ21haWwuY29tIiwicm9sZSI6WyJST0xFX1VTRVIiXSwiZXhwIjoxNzQ0MDA3Njk1LCJpYXQiOjE3NDQwMDA0OTV9.CARLRne-jym74shNj6kd7hvmREuO0hICTUp3owliAXA
[2025-04-07 07:34:56] [34mINFO[0;39m [36mg.s.f.AccessTokenAuthenticationFilter   [0;39m [35m:62  [0;39m user: Optional[UserVO(id=5, email=o.bulhakova.chi@gmail.com, languageVO=greencity.dto.language.LanguageVO@1c60)]
[2025-04-07 07:34:56] [34mINFO[0;39m [36mg.s.f.AccessTokenAuthenticationFilter   [0;39m [35m:54  [0;39m token: eyJhbGciOiJIUzI1NiJ9.eyJzdWIiOiJvLmJ1bGhha292YS5jaGlAZ21haWwuY29tIiwicm9sZSI6WyJST0xFX1VTRVIiXSwiZXhwIjoxNzQ0MDA3Njk1LCJpYXQiOjE3NDQwMDA0OTV9.CARLRne-jym74shNj6kd7hvmREuO0hICTUp3owliAXA
[2025-04-07 07:34:56] [34mINFO[0;39m [36mg.s.f.AccessTokenAuthenticationFilter   [0;39m [35m:62  [0;39m user: Optional[UserVO(id=5, email=o.bulhakova.chi@gmail.com, languageVO=greencity.dto.language.LanguageVO@1c60)]
[2025-04-07 07:35:04] [34mINFO[0;39m [36mg.service.ubs.OrderLockServiceImpl      [0;39m [35m:60  [0;39m Time: 2025-04-07T07:30:04.998154300
[2025-04-07 07:35:05] [34mINFO[0;39m [36mg.service.ubs.OrderLockServiceImpl      [0;39m [35m:62  [0;39m Unlock orders
[2025-04-07 07:36:05] [34mINFO[0;39m [36mg.service.ubs.OrderLockServiceImpl      [0;39m [35m:60  [0;39m Time: 2025-04-07T07:31:05.007141700
[2025-04-07 07:36:05] [34mINFO[0;39m [36mg.service.ubs.OrderLockServiceImpl      [0;39m [35m:62  [0;39m Unlock orders
[2025-04-07 07:37:04] [34mINFO[0;39m [36mg.service.ubs.OrderLockServiceImpl      [0;39m [35m:60  [0;39m Time: 2025-04-07T07:32:04.998948400
[2025-04-07 07:37:05] [34mINFO[0;39m [36mg.service.ubs.OrderLockServiceImpl      [0;39m [35m:62  [0;39m Unlock orders
[2025-04-07 07:38:05] [34mINFO[0;39m [36mg.service.ubs.OrderLockServiceImpl      [0;39m [35m:60  [0;39m Time: 2025-04-07T07:33:05.003623500
[2025-04-07 07:38:05] [34mINFO[0;39m [36mg.service.ubs.OrderLockServiceImpl      [0;39m [35m:62  [0;39m Unlock orders
[2025-04-07 07:39:04] [34mINFO[0;39m [36mg.service.ubs.OrderLockServiceImpl      [0;39m [35m:60  [0;39m Time: 2025-04-07T07:34:04.995101900
[2025-04-07 07:39:04] [34mINFO[0;39m [36mg.service.ubs.OrderLockServiceImpl      [0;39m [35m:62  [0;39m Unlock orders
[2025-04-07 07:40:05] [34mINFO[0;39m [36mg.service.ubs.OrderLockServiceImpl      [0;39m [35m:60  [0;39m Time: 2025-04-07T07:35:05.004928700
[2025-04-07 07:40:05] [34mINFO[0;39m [36mg.service.ubs.OrderLockServiceImpl      [0;39m [35m:62  [0;39m Unlock orders
[2025-04-07 07:41:04] [34mINFO[0;39m [36mg.service.ubs.OrderLockServiceImpl      [0;39m [35m:60  [0;39m Time: 2025-04-07T07:36:04.998973800
[2025-04-07 07:41:05] [34mINFO[0;39m [36mg.service.ubs.OrderLockServiceImpl      [0;39m [35m:62  [0;39m Unlock orders
[2025-04-07 07:42:05] [34mINFO[0;39m [36mg.service.ubs.OrderLockServiceImpl      [0;39m [35m:60  [0;39m Time: 2025-04-07T07:37:05.001428300
[2025-04-07 07:42:05] [34mINFO[0;39m [36mg.service.ubs.OrderLockServiceImpl      [0;39m [35m:62  [0;39m Unlock orders
[2025-04-07 07:43:05] [34mINFO[0;39m [36mg.service.ubs.OrderLockServiceImpl      [0;39m [35m:60  [0;39m Time: 2025-04-07T07:38:05.008185700
[2025-04-07 07:43:05] [34mINFO[0;39m [36mg.service.ubs.OrderLockServiceImpl      [0;39m [35m:62  [0;39m Unlock orders
[2025-04-07 07:44:04] [34mINFO[0;39m [36mg.service.ubs.OrderLockServiceImpl      [0;39m [35m:60  [0;39m Time: 2025-04-07T07:39:04.994159400
[2025-04-07 07:44:04] [34mINFO[0;39m [36mg.service.ubs.OrderLockServiceImpl      [0;39m [35m:62  [0;39m Unlock orders
[2025-04-07 07:45:04] [34mINFO[0;39m [36mg.service.ubs.OrderLockServiceImpl      [0;39m [35m:60  [0;39m Time: 2025-04-07T07:40:04.998058900
[2025-04-07 07:45:05] [34mINFO[0;39m [36mg.service.ubs.OrderLockServiceImpl      [0;39m [35m:62  [0;39m Unlock orders
[2025-04-07 07:46:04] [34mINFO[0;39m [36mg.service.ubs.OrderLockServiceImpl      [0;39m [35m:60  [0;39m Time: 2025-04-07T07:41:04.999275100
[2025-04-07 07:46:05] [34mINFO[0;39m [36mg.service.ubs.OrderLockServiceImpl      [0;39m [35m:62  [0;39m Unlock orders
[2025-04-07 07:47:05] [34mINFO[0;39m [36mg.service.ubs.OrderLockServiceImpl      [0;39m [35m:60  [0;39m Time: 2025-04-07T07:42:05.002236400
[2025-04-07 07:47:05] [34mINFO[0;39m [36mg.service.ubs.OrderLockServiceImpl      [0;39m [35m:62  [0;39m Unlock orders
[2025-04-07 07:48:04] [34mINFO[0;39m [36mg.service.ubs.OrderLockServiceImpl      [0;39m [35m:60  [0;39m Time: 2025-04-07T07:43:04.995599700
[2025-04-07 07:48:04] [34mINFO[0;39m [36mg.service.ubs.OrderLockServiceImpl      [0;39m [35m:62  [0;39m Unlock orders
[2025-04-07 07:48:08] [34mINFO[0;39m [36mg.s.f.AccessTokenAuthenticationFilter   [0;39m [35m:54  [0;39m token: eyJhbGciOiJIUzI1NiJ9.eyJzdWIiOiJvLmJ1bGhha292YS5jaGlAZ21haWwuY29tIiwicm9sZSI6WyJST0xFX1VTRVIiXSwiZXhwIjoxNzQ0MDA3Njk1LCJpYXQiOjE3NDQwMDA0OTV9.CARLRne-jym74shNj6kd7hvmREuO0hICTUp3owliAXA
[2025-04-07 07:48:08] [34mINFO[0;39m [36mg.s.f.AccessTokenAuthenticationFilter   [0;39m [35m:62  [0;39m user: Optional[UserVO(id=5, email=o.bulhakova.chi@gmail.com, languageVO=greencity.dto.language.LanguageVO@1c60)]
[2025-04-07 07:48:08] [34mINFO[0;39m [36mg.s.f.AccessTokenAuthenticationFilter   [0;39m [35m:54  [0;39m token: eyJhbGciOiJIUzI1NiJ9.eyJzdWIiOiJvLmJ1bGhha292YS5jaGlAZ21haWwuY29tIiwicm9sZSI6WyJST0xFX1VTRVIiXSwiZXhwIjoxNzQ0MDA3Njk1LCJpYXQiOjE3NDQwMDA0OTV9.CARLRne-jym74shNj6kd7hvmREuO0hICTUp3owliAXA
[2025-04-07 07:48:08] [34mINFO[0;39m [36mg.s.f.AccessTokenAuthenticationFilter   [0;39m [35m:54  [0;39m token: eyJhbGciOiJIUzI1NiJ9.eyJzdWIiOiJvLmJ1bGhha292YS5jaGlAZ21haWwuY29tIiwicm9sZSI6WyJST0xFX1VTRVIiXSwiZXhwIjoxNzQ0MDA3Njk1LCJpYXQiOjE3NDQwMDA0OTV9.CARLRne-jym74shNj6kd7hvmREuO0hICTUp3owliAXA
[2025-04-07 07:48:08] [34mINFO[0;39m [36mg.s.f.AccessTokenAuthenticationFilter   [0;39m [35m:62  [0;39m user: Optional[UserVO(id=5, email=o.bulhakova.chi@gmail.com, languageVO=greencity.dto.language.LanguageVO@1c60)]
[2025-04-07 07:48:08] [34mINFO[0;39m [36mg.s.f.AccessTokenAuthenticationFilter   [0;39m [35m:62  [0;39m user: Optional[UserVO(id=5, email=o.bulhakova.chi@gmail.com, languageVO=greencity.dto.language.LanguageVO@1c60)]
[2025-04-07 07:48:09] [34mINFO[0;39m [36mg.s.f.AccessTokenAuthenticationFilter   [0;39m [35m:54  [0;39m token: eyJhbGciOiJIUzI1NiJ9.eyJzdWIiOiJvLmJ1bGhha292YS5jaGlAZ21haWwuY29tIiwicm9sZSI6WyJST0xFX1VTRVIiXSwiZXhwIjoxNzQ0MDA3Njk1LCJpYXQiOjE3NDQwMDA0OTV9.CARLRne-jym74shNj6kd7hvmREuO0hICTUp3owliAXA
[2025-04-07 07:48:09] [34mINFO[0;39m [36mg.s.f.AccessTokenAuthenticationFilter   [0;39m [35m:62  [0;39m user: Optional[UserVO(id=5, email=o.bulhakova.chi@gmail.com, languageVO=greencity.dto.language.LanguageVO@1c60)]
[2025-04-07 07:48:09] [34mINFO[0;39m [36mg.s.f.AccessTokenAuthenticationFilter   [0;39m [35m:54  [0;39m token: eyJhbGciOiJIUzI1NiJ9.eyJzdWIiOiJvLmJ1bGhha292YS5jaGlAZ21haWwuY29tIiwicm9sZSI6WyJST0xFX1VTRVIiXSwiZXhwIjoxNzQ0MDA3Njk1LCJpYXQiOjE3NDQwMDA0OTV9.CARLRne-jym74shNj6kd7hvmREuO0hICTUp3owliAXA
[2025-04-07 07:48:09] [34mINFO[0;39m [36mg.s.f.AccessTokenAuthenticationFilter   [0;39m [35m:62  [0;39m user: Optional[UserVO(id=5, email=o.bulhakova.chi@gmail.com, languageVO=greencity.dto.language.LanguageVO@1c60)]
[2025-04-07 07:48:12] [34mINFO[0;39m [36mg.s.f.AccessTokenAuthenticationFilter   [0;39m [35m:54  [0;39m token: null
[2025-04-07 07:48:12] [34mINFO[0;39m [36mg.s.f.AccessTokenAuthenticationFilter   [0;39m [35m:54  [0;39m token: null
[2025-04-07 07:48:12] [34mINFO[0;39m [36mg.s.f.AccessTokenAuthenticationFilter   [0;39m [35m:54  [0;39m token: null
[2025-04-07 07:48:12] [34mINFO[0;39m [36mg.s.f.AccessTokenAuthenticationFilter   [0;39m [35m:54  [0;39m token: null
[2025-04-07 07:48:14] [34mINFO[0;39m [36mg.s.f.AccessTokenAuthenticationFilter   [0;39m [35m:54  [0;39m token: null
[2025-04-07 07:48:14] [34mINFO[0;39m [36mg.s.f.AccessTokenAuthenticationFilter   [0;39m [35m:54  [0;39m token: null
[2025-04-07 07:48:14] [34mINFO[0;39m [36mg.s.f.AccessTokenAuthenticationFilter   [0;39m [35m:54  [0;39m token: null
[2025-04-07 07:48:14] [34mINFO[0;39m [36mg.s.f.AccessTokenAuthenticationFilter   [0;39m [35m:54  [0;39m token: null
[2025-04-07 07:48:52] [34mINFO[0;39m [36mg.s.f.AccessTokenAuthenticationFilter   [0;39m [35m:54  [0;39m token: eyJhbGciOiJIUzI1NiJ9.eyJzdWIiOiJvLmJ1bGhha292YS5jaGlAZ21haWwuY29tIiwicm9sZSI6WyJST0xFX1VTRVIiXSwiZXhwIjoxNzQ0MDA4NTMyLCJpYXQiOjE3NDQwMDEzMzJ9.ZKekFIO_R-mqrQ1mysY9JzFuJdpl_X8TrXaUm8aFZYI
[2025-04-07 07:48:52] [34mINFO[0;39m [36mg.s.f.AccessTokenAuthenticationFilter   [0;39m [35m:62  [0;39m user: Optional[UserVO(id=5, email=o.bulhakova.chi@gmail.com, languageVO=greencity.dto.language.LanguageVO@1c60)]
[2025-04-07 07:48:52] [34mINFO[0;39m [36mg.s.f.AccessTokenAuthenticationFilter   [0;39m [35m:54  [0;39m token: eyJhbGciOiJIUzI1NiJ9.eyJzdWIiOiJvLmJ1bGhha292YS5jaGlAZ21haWwuY29tIiwicm9sZSI6WyJST0xFX1VTRVIiXSwiZXhwIjoxNzQ0MDA4NTMyLCJpYXQiOjE3NDQwMDEzMzJ9.ZKekFIO_R-mqrQ1mysY9JzFuJdpl_X8TrXaUm8aFZYI
[2025-04-07 07:48:53] [34mINFO[0;39m [36mg.s.f.AccessTokenAuthenticationFilter   [0;39m [35m:62  [0;39m user: Optional[UserVO(id=5, email=o.bulhakova.chi@gmail.com, languageVO=greencity.dto.language.LanguageVO@1c60)]
[2025-04-07 07:48:53] [34mINFO[0;39m [36mg.s.f.AccessTokenAuthenticationFilter   [0;39m [35m:54  [0;39m token: eyJhbGciOiJIUzI1NiJ9.eyJzdWIiOiJvLmJ1bGhha292YS5jaGlAZ21haWwuY29tIiwicm9sZSI6WyJST0xFX1VTRVIiXSwiZXhwIjoxNzQ0MDA4NTMyLCJpYXQiOjE3NDQwMDEzMzJ9.ZKekFIO_R-mqrQ1mysY9JzFuJdpl_X8TrXaUm8aFZYI
[2025-04-07 07:48:53] [34mINFO[0;39m [36mg.s.f.AccessTokenAuthenticationFilter   [0;39m [35m:62  [0;39m user: Optional[UserVO(id=5, email=o.bulhakova.chi@gmail.com, languageVO=greencity.dto.language.LanguageVO@1c60)]
[2025-04-07 07:48:53] [34mINFO[0;39m [36mg.s.f.AccessTokenAuthenticationFilter   [0;39m [35m:54  [0;39m token: eyJhbGciOiJIUzI1NiJ9.eyJzdWIiOiJvLmJ1bGhha292YS5jaGlAZ21haWwuY29tIiwicm9sZSI6WyJST0xFX1VTRVIiXSwiZXhwIjoxNzQ0MDA4NTMyLCJpYXQiOjE3NDQwMDEzMzJ9.ZKekFIO_R-mqrQ1mysY9JzFuJdpl_X8TrXaUm8aFZYI
[2025-04-07 07:48:53] [34mINFO[0;39m [36mg.s.f.AccessTokenAuthenticationFilter   [0;39m [35m:62  [0;39m user: Optional[UserVO(id=5, email=o.bulhakova.chi@gmail.com, languageVO=greencity.dto.language.LanguageVO@1c60)]
[2025-04-07 07:48:53] [34mINFO[0;39m [36mg.s.f.AccessTokenAuthenticationFilter   [0;39m [35m:54  [0;39m token: eyJhbGciOiJIUzI1NiJ9.eyJzdWIiOiJvLmJ1bGhha292YS5jaGlAZ21haWwuY29tIiwicm9sZSI6WyJST0xFX1VTRVIiXSwiZXhwIjoxNzQ0MDA4NTMyLCJpYXQiOjE3NDQwMDEzMzJ9.ZKekFIO_R-mqrQ1mysY9JzFuJdpl_X8TrXaUm8aFZYI
[2025-04-07 07:48:53] [34mINFO[0;39m [36mg.s.f.AccessTokenAuthenticationFilter   [0;39m [35m:62  [0;39m user: Optional[UserVO(id=5, email=o.bulhakova.chi@gmail.com, languageVO=greencity.dto.language.LanguageVO@1c60)]
[2025-04-07 07:49:05] [34mINFO[0;39m [36mg.service.ubs.OrderLockServiceImpl      [0;39m [35m:60  [0;39m Time: 2025-04-07T07:44:05.000299200
[2025-04-07 07:49:05] [34mINFO[0;39m [36mg.service.ubs.OrderLockServiceImpl      [0;39m [35m:62  [0;39m Unlock orders
[2025-04-07 07:50:04] [34mINFO[0;39m [36mg.service.ubs.OrderLockServiceImpl      [0;39m [35m:60  [0;39m Time: 2025-04-07T07:45:04.998288200
[2025-04-07 07:50:05] [34mINFO[0;39m [36mg.service.ubs.OrderLockServiceImpl      [0;39m [35m:62  [0;39m Unlock orders
[2025-04-07 07:50:24] [34mINFO[0;39m [36mg.s.f.AccessTokenAuthenticationFilter   [0;39m [35m:54  [0;39m token: eyJhbGciOiJIUzI1NiJ9.eyJzdWIiOiJzZXJ2aWNlQGdyZWVuY2l0eS51YSIsInJvbGUiOlsiUk9MRV9BRE1JTiJdLCJpYXQiOjE3NDQwMDE0MjQsImV4cCI6MTc0NDAwODYyNH0.rZg83z3xfRQlyrfE4n_Ev8Y3kGfhHp2_yyDI2NiOW5c
[2025-04-07 07:50:24] [34mINFO[0;39m [36mg.s.f.AccessTokenAuthenticationFilter   [0;39m [35m:62  [0;39m user: Optional[UserVO(id=1, email=service@greencity.ua, languageVO=greencity.dto.language.LanguageVO@1c60)]
[2025-04-07 07:50:29] [34mINFO[0;39m [36mg.s.f.AccessTokenAuthenticationFilter   [0;39m [35m:54  [0;39m token: eyJhbGciOiJIUzI1NiJ9.eyJzdWIiOiJvLmJ1bGhha292YS5jaGlAZ21haWwuY29tIiwicm9sZSI6WyJST0xFX1VTRVIiXSwiZXhwIjoxNzQ0MDA4NTMyLCJpYXQiOjE3NDQwMDEzMzJ9.ZKekFIO_R-mqrQ1mysY9JzFuJdpl_X8TrXaUm8aFZYI
[2025-04-07 07:50:29] [34mINFO[0;39m [36mg.s.f.AccessTokenAuthenticationFilter   [0;39m [35m:54  [0;39m token: eyJhbGciOiJIUzI1NiJ9.eyJzdWIiOiJzZXJ2aWNlQGdyZWVuY2l0eS51YSIsInJvbGUiOlsiUk9MRV9BRE1JTiJdLCJpYXQiOjE3NDQwMDE0MjksImV4cCI6MTc0NDAwODYyOX0.Jq2khHA87xKtMStUEOUmjUO6YZoFfig2YvLhQZMG2rU
[2025-04-07 07:50:29] [34mINFO[0;39m [36mg.s.f.AccessTokenAuthenticationFilter   [0;39m [35m:62  [0;39m user: Optional[UserVO(id=5, email=o.bulhakova.chi@gmail.com, languageVO=greencity.dto.language.LanguageVO@1c60)]
[2025-04-07 07:50:29] [34mINFO[0;39m [36mg.s.f.AccessTokenAuthenticationFilter   [0;39m [35m:62  [0;39m user: Optional[UserVO(id=1, email=service@greencity.ua, languageVO=greencity.dto.language.LanguageVO@1c60)]
[2025-04-07 07:50:29] [31mWARN[0;39m [36m.m.m.a.ExceptionHandlerExceptionResolver[0;39m [35m:247 [0;39m Resolved [org.springframework.web.bind.MissingServletRequestParameterException: Required request parameter 'email' for method parameter type String is not present]
[2025-04-07 07:50:29] [34mINFO[0;39m [36mg.s.f.AccessTokenAuthenticationFilter   [0;39m [35m:54  [0;39m token: eyJhbGciOiJIUzI1NiJ9.eyJzdWIiOiJvLmJ1bGhha292YS5jaGlAZ21haWwuY29tIiwicm9sZSI6WyJST0xFX1VTRVIiXSwiZXhwIjoxNzQ0MDA4NTMyLCJpYXQiOjE3NDQwMDEzMzJ9.ZKekFIO_R-mqrQ1mysY9JzFuJdpl_X8TrXaUm8aFZYI
[2025-04-07 07:50:29] [39mTRACE[0;39m [36mg.e.handler.CustomExceptionHandler      [0;39m [35m:65  [0;39m {"name":"email","message":"The user does not exist by this email: "}
[2025-04-07 07:50:29] [31mWARN[0;39m [36m.m.m.a.ExceptionHandlerExceptionResolver[0;39m [35m:247 [0;39m Resolved [greencity.exceptions.BadRequestException: {"name":"email","message":"The user does not exist by this email: "}]
[2025-04-07 07:50:29] [34mINFO[0;39m [36mg.s.f.AccessTokenAuthenticationFilter   [0;39m [35m:62  [0;39m user: Optional[UserVO(id=5, email=o.bulhakova.chi@gmail.com, languageVO=greencity.dto.language.LanguageVO@1c60)]
[2025-04-07 07:50:29] [31mWARN[0;39m [36m.m.m.a.ExceptionHandlerExceptionResolver[0;39m [35m:247 [0;39m Resolved [org.springframework.web.bind.MissingServletRequestParameterException: Required request parameter 'email' for method parameter type String is not present]
[2025-04-07 07:50:29] [34mINFO[0;39m [36mg.s.f.AccessTokenAuthenticationFilter   [0;39m [35m:54  [0;39m token: eyJhbGciOiJIUzI1NiJ9.eyJzdWIiOiJzZXJ2aWNlQGdyZWVuY2l0eS51YSIsInJvbGUiOlsiUk9MRV9BRE1JTiJdLCJpYXQiOjE3NDQwMDE0MjksImV4cCI6MTc0NDAwODYyOX0.Jq2khHA87xKtMStUEOUmjUO6YZoFfig2YvLhQZMG2rU
[2025-04-07 07:50:29] [34mINFO[0;39m [36mg.s.f.AccessTokenAuthenticationFilter   [0;39m [35m:62  [0;39m user: Optional[UserVO(id=1, email=service@greencity.ua, languageVO=greencity.dto.language.LanguageVO@1c60)]
[2025-04-07 07:50:29] [39mTRACE[0;39m [36mg.e.handler.CustomExceptionHandler      [0;39m [35m:65  [0;39m {"name":"email","message":"The user does not exist by this email: "}
[2025-04-07 07:50:29] [31mWARN[0;39m [36m.m.m.a.ExceptionHandlerExceptionResolver[0;39m [35m:247 [0;39m Resolved [greencity.exceptions.BadRequestException: {"name":"email","message":"The user does not exist by this email: "}]
[2025-04-07 07:50:31] [34mINFO[0;39m [36mg.s.f.AccessTokenAuthenticationFilter   [0;39m [35m:54  [0;39m token: eyJhbGciOiJIUzI1NiJ9.eyJzdWIiOiJvLmJ1bGhha292YS5jaGlAZ21haWwuY29tIiwicm9sZSI6WyJST0xFX1VTRVIiXSwiZXhwIjoxNzQ0MDA4NTMyLCJpYXQiOjE3NDQwMDEzMzJ9.ZKekFIO_R-mqrQ1mysY9JzFuJdpl_X8TrXaUm8aFZYI
[2025-04-07 07:50:31] [34mINFO[0;39m [36mg.s.f.AccessTokenAuthenticationFilter   [0;39m [35m:54  [0;39m token: eyJhbGciOiJIUzI1NiJ9.eyJzdWIiOiJzZXJ2aWNlQGdyZWVuY2l0eS51YSIsInJvbGUiOlsiUk9MRV9BRE1JTiJdLCJpYXQiOjE3NDQwMDE0MzEsImV4cCI6MTc0NDAwODYzMX0.AozSNpG1Hc3tgOqmXlsn9I15iiftZpgXke4OKgS54lA
[2025-04-07 07:50:31] [34mINFO[0;39m [36mg.s.f.AccessTokenAuthenticationFilter   [0;39m [35m:62  [0;39m user: Optional[UserVO(id=5, email=o.bulhakova.chi@gmail.com, languageVO=greencity.dto.language.LanguageVO@1c60)]
[2025-04-07 07:50:31] [31mWARN[0;39m [36m.m.m.a.ExceptionHandlerExceptionResolver[0;39m [35m:247 [0;39m Resolved [org.springframework.web.bind.MissingServletRequestParameterException: Required request parameter 'email' for method parameter type String is not present]
[2025-04-07 07:50:31] [34mINFO[0;39m [36mg.s.f.AccessTokenAuthenticationFilter   [0;39m [35m:62  [0;39m user: Optional[UserVO(id=1, email=service@greencity.ua, languageVO=greencity.dto.language.LanguageVO@1c60)]
[2025-04-07 07:50:31] [39mTRACE[0;39m [36mg.e.handler.CustomExceptionHandler      [0;39m [35m:65  [0;39m {"name":"email","message":"The user does not exist by this email: "}
[2025-04-07 07:50:31] [31mWARN[0;39m [36m.m.m.a.ExceptionHandlerExceptionResolver[0;39m [35m:247 [0;39m Resolved [greencity.exceptions.BadRequestException: {"name":"email","message":"The user does not exist by this email: "}]
[2025-04-07 07:50:32] [34mINFO[0;39m [36mg.s.f.AccessTokenAuthenticationFilter   [0;39m [35m:54  [0;39m token: eyJhbGciOiJIUzI1NiJ9.eyJzdWIiOiJvLmJ1bGhha292YS5jaGlAZ21haWwuY29tIiwicm9sZSI6WyJST0xFX1VTRVIiXSwiZXhwIjoxNzQ0MDA4NTMyLCJpYXQiOjE3NDQwMDEzMzJ9.ZKekFIO_R-mqrQ1mysY9JzFuJdpl_X8TrXaUm8aFZYI
[2025-04-07 07:50:32] [34mINFO[0;39m [36mg.s.f.AccessTokenAuthenticationFilter   [0;39m [35m:54  [0;39m token: eyJhbGciOiJIUzI1NiJ9.eyJzdWIiOiJzZXJ2aWNlQGdyZWVuY2l0eS51YSIsInJvbGUiOlsiUk9MRV9BRE1JTiJdLCJpYXQiOjE3NDQwMDE0MzIsImV4cCI6MTc0NDAwODYzMn0.ohi0UW_hGmbjqYxi7g05KtaBOaJKw9A8X15tFskrvp0
[2025-04-07 07:50:32] [34mINFO[0;39m [36mg.s.f.AccessTokenAuthenticationFilter   [0;39m [35m:62  [0;39m user: Optional[UserVO(id=5, email=o.bulhakova.chi@gmail.com, languageVO=greencity.dto.language.LanguageVO@1c60)]
[2025-04-07 07:50:32] [31mWARN[0;39m [36m.m.m.a.ExceptionHandlerExceptionResolver[0;39m [35m:247 [0;39m Resolved [org.springframework.web.bind.MissingServletRequestParameterException: Required request parameter 'email' for method parameter type String is not present]
[2025-04-07 07:50:32] [34mINFO[0;39m [36mg.s.f.AccessTokenAuthenticationFilter   [0;39m [35m:62  [0;39m user: Optional[UserVO(id=1, email=service@greencity.ua, languageVO=greencity.dto.language.LanguageVO@1c60)]
[2025-04-07 07:50:32] [39mTRACE[0;39m [36mg.e.handler.CustomExceptionHandler      [0;39m [35m:65  [0;39m {"name":"email","message":"The user does not exist by this email: "}
[2025-04-07 07:50:32] [31mWARN[0;39m [36m.m.m.a.ExceptionHandlerExceptionResolver[0;39m [35m:247 [0;39m Resolved [greencity.exceptions.BadRequestException: {"name":"email","message":"The user does not exist by this email: "}]
[2025-04-07 07:50:40] [34mINFO[0;39m [36mg.s.f.AccessTokenAuthenticationFilter   [0;39m [35m:54  [0;39m token: eyJhbGciOiJIUzI1NiJ9.eyJzdWIiOiJvLmJ1bGhha292YS5jaGlAZ21haWwuY29tIiwicm9sZSI6WyJST0xFX1VTRVIiXSwiZXhwIjoxNzQ0MDA4NTMyLCJpYXQiOjE3NDQwMDEzMzJ9.ZKekFIO_R-mqrQ1mysY9JzFuJdpl_X8TrXaUm8aFZYI
[2025-04-07 07:50:40] [34mINFO[0;39m [36mg.s.f.AccessTokenAuthenticationFilter   [0;39m [35m:62  [0;39m user: Optional[UserVO(id=5, email=o.bulhakova.chi@gmail.com, languageVO=greencity.dto.language.LanguageVO@1c60)]
[2025-04-07 07:50:40] [34mINFO[0;39m [36mg.s.f.AccessTokenAuthenticationFilter   [0;39m [35m:54  [0;39m token: eyJhbGciOiJIUzI1NiJ9.eyJzdWIiOiJvLmJ1bGhha292YS5jaGlAZ21haWwuY29tIiwicm9sZSI6WyJST0xFX1VTRVIiXSwiZXhwIjoxNzQ0MDA4NTMyLCJpYXQiOjE3NDQwMDEzMzJ9.ZKekFIO_R-mqrQ1mysY9JzFuJdpl_X8TrXaUm8aFZYI
[2025-04-07 07:50:40] [34mINFO[0;39m [36mg.s.f.AccessTokenAuthenticationFilter   [0;39m [35m:54  [0;39m token: eyJhbGciOiJIUzI1NiJ9.eyJzdWIiOiJvLmJ1bGhha292YS5jaGlAZ21haWwuY29tIiwicm9sZSI6WyJST0xFX1VTRVIiXSwiZXhwIjoxNzQ0MDA4NTMyLCJpYXQiOjE3NDQwMDEzMzJ9.ZKekFIO_R-mqrQ1mysY9JzFuJdpl_X8TrXaUm8aFZYI
[2025-04-07 07:50:40] [34mINFO[0;39m [36mg.s.f.AccessTokenAuthenticationFilter   [0;39m [35m:62  [0;39m user: Optional[UserVO(id=5, email=o.bulhakova.chi@gmail.com, languageVO=greencity.dto.language.LanguageVO@1c60)]
[2025-04-07 07:50:40] [34mINFO[0;39m [36mg.s.f.AccessTokenAuthenticationFilter   [0;39m [35m:62  [0;39m user: Optional[UserVO(id=5, email=o.bulhakova.chi@gmail.com, languageVO=greencity.dto.language.LanguageVO@1c60)]
[2025-04-07 07:50:40] [34mINFO[0;39m [36mg.s.f.AccessTokenAuthenticationFilter   [0;39m [35m:54  [0;39m token: eyJhbGciOiJIUzI1NiJ9.eyJzdWIiOiJvLmJ1bGhha292YS5jaGlAZ21haWwuY29tIiwicm9sZSI6WyJST0xFX1VTRVIiXSwiZXhwIjoxNzQ0MDA4NTMyLCJpYXQiOjE3NDQwMDEzMzJ9.ZKekFIO_R-mqrQ1mysY9JzFuJdpl_X8TrXaUm8aFZYI
[2025-04-07 07:50:40] [34mINFO[0;39m [36mg.s.f.AccessTokenAuthenticationFilter   [0;39m [35m:62  [0;39m user: Optional[UserVO(id=5, email=o.bulhakova.chi@gmail.com, languageVO=greencity.dto.language.LanguageVO@1c60)]
[2025-04-07 07:50:40] [34mINFO[0;39m [36mg.s.f.AccessTokenAuthenticationFilter   [0;39m [35m:54  [0;39m token: eyJhbGciOiJIUzI1NiJ9.eyJzdWIiOiJvLmJ1bGhha292YS5jaGlAZ21haWwuY29tIiwicm9sZSI6WyJST0xFX1VTRVIiXSwiZXhwIjoxNzQ0MDA4NTMyLCJpYXQiOjE3NDQwMDEzMzJ9.ZKekFIO_R-mqrQ1mysY9JzFuJdpl_X8TrXaUm8aFZYI
[2025-04-07 07:50:40] [34mINFO[0;39m [36mg.s.f.AccessTokenAuthenticationFilter   [0;39m [35m:62  [0;39m user: Optional[UserVO(id=5, email=o.bulhakova.chi@gmail.com, languageVO=greencity.dto.language.LanguageVO@1c60)]
[2025-04-07 07:50:44] [34mINFO[0;39m [36mg.s.f.AccessTokenAuthenticationFilter   [0;39m [35m:54  [0;39m token: eyJhbGciOiJIUzI1NiJ9.eyJzdWIiOiJvLmJ1bGhha292YS5jaGlAZ21haWwuY29tIiwicm9sZSI6WyJST0xFX1VTRVIiXSwiZXhwIjoxNzQ0MDA4NTMyLCJpYXQiOjE3NDQwMDEzMzJ9.ZKekFIO_R-mqrQ1mysY9JzFuJdpl_X8TrXaUm8aFZYI
[2025-04-07 07:50:44] [34mINFO[0;39m [36mg.s.f.AccessTokenAuthenticationFilter   [0;39m [35m:62  [0;39m user: Optional[UserVO(id=5, email=o.bulhakova.chi@gmail.com, languageVO=greencity.dto.language.LanguageVO@1c60)]
[2025-04-07 07:50:44] [31mWARN[0;39m [36m.m.m.a.ExceptionHandlerExceptionResolver[0;39m [35m:247 [0;39m Resolved [org.springframework.web.bind.MissingServletRequestParameterException: Required request parameter 'email' for method parameter type String is not present]
[2025-04-07 07:50:44] [34mINFO[0;39m [36mg.s.f.AccessTokenAuthenticationFilter   [0;39m [35m:54  [0;39m token: eyJhbGciOiJIUzI1NiJ9.eyJzdWIiOiJzZXJ2aWNlQGdyZWVuY2l0eS51YSIsInJvbGUiOlsiUk9MRV9BRE1JTiJdLCJpYXQiOjE3NDQwMDE0NDQsImV4cCI6MTc0NDAwODY0NH0.7S4uu4jWDEInHBorubTT0cVVyILEM2sU0j0OIbRdJzQ
[2025-04-07 07:50:44] [34mINFO[0;39m [36mg.s.f.AccessTokenAuthenticationFilter   [0;39m [35m:54  [0;39m token: eyJhbGciOiJIUzI1NiJ9.eyJzdWIiOiJvLmJ1bGhha292YS5jaGlAZ21haWwuY29tIiwicm9sZSI6WyJST0xFX1VTRVIiXSwiZXhwIjoxNzQ0MDA4NTMyLCJpYXQiOjE3NDQwMDEzMzJ9.ZKekFIO_R-mqrQ1mysY9JzFuJdpl_X8TrXaUm8aFZYI
[2025-04-07 07:50:44] [34mINFO[0;39m [36mg.s.f.AccessTokenAuthenticationFilter   [0;39m [35m:62  [0;39m user: Optional[UserVO(id=1, email=service@greencity.ua, languageVO=greencity.dto.language.LanguageVO@1c60)]
[2025-04-07 07:50:44] [34mINFO[0;39m [36mg.s.f.AccessTokenAuthenticationFilter   [0;39m [35m:62  [0;39m user: Optional[UserVO(id=5, email=o.bulhakova.chi@gmail.com, languageVO=greencity.dto.language.LanguageVO@1c60)]
[2025-04-07 07:50:44] [31mWARN[0;39m [36m.m.m.a.ExceptionHandlerExceptionResolver[0;39m [35m:247 [0;39m Resolved [org.springframework.web.bind.MissingServletRequestParameterException: Required request parameter 'email' for method parameter type String is not present]
[2025-04-07 07:50:44] [39mTRACE[0;39m [36mg.e.handler.CustomExceptionHandler      [0;39m [35m:65  [0;39m {"name":"email","message":"The user does not exist by this email: "}
[2025-04-07 07:50:44] [31mWARN[0;39m [36m.m.m.a.ExceptionHandlerExceptionResolver[0;39m [35m:247 [0;39m Resolved [greencity.exceptions.BadRequestException: {"name":"email","message":"The user does not exist by this email: "}]
[2025-04-07 07:50:44] [34mINFO[0;39m [36mg.s.f.AccessTokenAuthenticationFilter   [0;39m [35m:54  [0;39m token: eyJhbGciOiJIUzI1NiJ9.eyJzdWIiOiJzZXJ2aWNlQGdyZWVuY2l0eS51YSIsInJvbGUiOlsiUk9MRV9BRE1JTiJdLCJpYXQiOjE3NDQwMDE0NDQsImV4cCI6MTc0NDAwODY0NH0.7S4uu4jWDEInHBorubTT0cVVyILEM2sU0j0OIbRdJzQ
[2025-04-07 07:50:44] [34mINFO[0;39m [36mg.s.f.AccessTokenAuthenticationFilter   [0;39m [35m:62  [0;39m user: Optional[UserVO(id=1, email=service@greencity.ua, languageVO=greencity.dto.language.LanguageVO@1c60)]
[2025-04-07 07:50:44] [39mTRACE[0;39m [36mg.e.handler.CustomExceptionHandler      [0;39m [35m:65  [0;39m {"name":"email","message":"The user does not exist by this email: "}
[2025-04-07 07:50:44] [31mWARN[0;39m [36m.m.m.a.ExceptionHandlerExceptionResolver[0;39m [35m:247 [0;39m Resolved [greencity.exceptions.BadRequestException: {"name":"email","message":"The user does not exist by this email: "}]
[2025-04-07 07:51:04] [34mINFO[0;39m [36mg.service.ubs.OrderLockServiceImpl      [0;39m [35m:60  [0;39m Time: 2025-04-07T07:46:04.996692200
[2025-04-07 07:51:05] [34mINFO[0;39m [36mg.service.ubs.OrderLockServiceImpl      [0;39m [35m:62  [0;39m Unlock orders
[2025-04-07 07:51:13] [34mINFO[0;39m [36mg.s.f.AccessTokenAuthenticationFilter   [0;39m [35m:54  [0;39m token: eyJhbGciOiJIUzI1NiJ9.eyJzdWIiOiJvLmJ1bGhha292YS5jaGlAZ21haWwuY29tIiwicm9sZSI6WyJST0xFX1VTRVIiXSwiZXhwIjoxNzQ0MDA4NTMyLCJpYXQiOjE3NDQwMDEzMzJ9.ZKekFIO_R-mqrQ1mysY9JzFuJdpl_X8TrXaUm8aFZYI
[2025-04-07 07:51:13] [34mINFO[0;39m [36mg.s.f.AccessTokenAuthenticationFilter   [0;39m [35m:54  [0;39m token: eyJhbGciOiJIUzI1NiJ9.eyJzdWIiOiJzZXJ2aWNlQGdyZWVuY2l0eS51YSIsInJvbGUiOlsiUk9MRV9BRE1JTiJdLCJpYXQiOjE3NDQwMDE0NzMsImV4cCI6MTc0NDAwODY3M30.iXfvTyPcJXcBBniqa8m9soh67IfRiAvSSRbrSvV_o3U
[2025-04-07 07:51:14] [34mINFO[0;39m [36mg.s.f.AccessTokenAuthenticationFilter   [0;39m [35m:62  [0;39m user: Optional[UserVO(id=5, email=o.bulhakova.chi@gmail.com, languageVO=greencity.dto.language.LanguageVO@1c60)]
[2025-04-07 07:51:14] [31mWARN[0;39m [36m.m.m.a.ExceptionHandlerExceptionResolver[0;39m [35m:247 [0;39m Resolved [org.springframework.web.bind.MissingServletRequestParameterException: Required request parameter 'email' for method parameter type String is not present]
[2025-04-07 07:51:14] [34mINFO[0;39m [36mg.s.f.AccessTokenAuthenticationFilter   [0;39m [35m:62  [0;39m user: Optional[UserVO(id=1, email=service@greencity.ua, languageVO=greencity.dto.language.LanguageVO@1c60)]
[2025-04-07 07:51:14] [39mTRACE[0;39m [36mg.e.handler.CustomExceptionHandler      [0;39m [35m:65  [0;39m {"name":"email","message":"The user does not exist by this email: "}
[2025-04-07 07:51:14] [31mWARN[0;39m [36m.m.m.a.ExceptionHandlerExceptionResolver[0;39m [35m:247 [0;39m Resolved [greencity.exceptions.BadRequestException: {"name":"email","message":"The user does not exist by this email: "}]
[2025-04-07 07:51:19] [34mINFO[0;39m [36mg.s.f.AccessTokenAuthenticationFilter   [0;39m [35m:54  [0;39m token: eyJhbGciOiJIUzI1NiJ9.eyJzdWIiOiJzZXJ2aWNlQGdyZWVuY2l0eS51YSIsInJvbGUiOlsiUk9MRV9BRE1JTiJdLCJpYXQiOjE3NDQwMDE0NzksImV4cCI6MTc0NDAwODY3OX0.HgoxAJHdcpQllkr1KPiNNOZHt0O04mhsR64X90v79e8
[2025-04-07 07:51:19] [34mINFO[0;39m [36mg.s.f.AccessTokenAuthenticationFilter   [0;39m [35m:62  [0;39m user: Optional[UserVO(id=1, email=service@greencity.ua, languageVO=greencity.dto.language.LanguageVO@1c60)]
[2025-04-07 07:51:19] [39mTRACE[0;39m [36mg.e.handler.CustomExceptionHandler      [0;39m [35m:65  [0;39m {"name":"email","message":"The user does not exist by this email: "}
[2025-04-07 07:51:19] [31mWARN[0;39m [36m.m.m.a.ExceptionHandlerExceptionResolver[0;39m [35m:247 [0;39m Resolved [greencity.exceptions.BadRequestException: {"name":"email","message":"The user does not exist by this email: "}]
[2025-04-07 07:51:25] [34mINFO[0;39m [36mg.s.f.AccessTokenAuthenticationFilter   [0;39m [35m:54  [0;39m token: eyJhbGciOiJIUzI1NiJ9.eyJzdWIiOiJzZXJ2aWNlQGdyZWVuY2l0eS51YSIsInJvbGUiOlsiUk9MRV9BRE1JTiJdLCJpYXQiOjE3NDQwMDE0ODUsImV4cCI6MTc0NDAwODY4NX0.WpR_BgJUtk1le1dw20NK9cxF9NYr_mbEhBNRR6xo2Yo
[2025-04-07 07:51:26] [34mINFO[0;39m [36mg.s.f.AccessTokenAuthenticationFilter   [0;39m [35m:62  [0;39m user: Optional[UserVO(id=1, email=service@greencity.ua, languageVO=greencity.dto.language.LanguageVO@1c60)]
[2025-04-07 07:51:26] [39mTRACE[0;39m [36mg.e.handler.CustomExceptionHandler      [0;39m [35m:65  [0;39m {"name":"email","message":"The user does not exist by this email: "}
[2025-04-07 07:51:26] [31mWARN[0;39m [36m.m.m.a.ExceptionHandlerExceptionResolver[0;39m [35m:247 [0;39m Resolved [greencity.exceptions.BadRequestException: {"name":"email","message":"The user does not exist by this email: "}]
[2025-04-07 07:51:30] [34mINFO[0;39m [36mg.s.f.AccessTokenAuthenticationFilter   [0;39m [35m:54  [0;39m token: eyJhbGciOiJIUzI1NiJ9.eyJzdWIiOiJvLmJ1bGhha292YS5jaGlAZ21haWwuY29tIiwicm9sZSI6WyJST0xFX1VTRVIiXSwiZXhwIjoxNzQ0MDA4NTMyLCJpYXQiOjE3NDQwMDEzMzJ9.ZKekFIO_R-mqrQ1mysY9JzFuJdpl_X8TrXaUm8aFZYI
[2025-04-07 07:51:30] [34mINFO[0;39m [36mg.s.f.AccessTokenAuthenticationFilter   [0;39m [35m:62  [0;39m user: Optional[UserVO(id=5, email=o.bulhakova.chi@gmail.com, languageVO=greencity.dto.language.LanguageVO@1c60)]
[2025-04-07 07:51:30] [34mINFO[0;39m [36mg.s.f.AccessTokenAuthenticationFilter   [0;39m [35m:54  [0;39m token: eyJhbGciOiJIUzI1NiJ9.eyJzdWIiOiJvLmJ1bGhha292YS5jaGlAZ21haWwuY29tIiwicm9sZSI6WyJST0xFX1VTRVIiXSwiZXhwIjoxNzQ0MDA4NTMyLCJpYXQiOjE3NDQwMDEzMzJ9.ZKekFIO_R-mqrQ1mysY9JzFuJdpl_X8TrXaUm8aFZYI
[2025-04-07 07:51:30] [34mINFO[0;39m [36mg.s.f.AccessTokenAuthenticationFilter   [0;39m [35m:54  [0;39m token: eyJhbGciOiJIUzI1NiJ9.eyJzdWIiOiJvLmJ1bGhha292YS5jaGlAZ21haWwuY29tIiwicm9sZSI6WyJST0xFX1VTRVIiXSwiZXhwIjoxNzQ0MDA4NTMyLCJpYXQiOjE3NDQwMDEzMzJ9.ZKekFIO_R-mqrQ1mysY9JzFuJdpl_X8TrXaUm8aFZYI
[2025-04-07 07:51:30] [34mINFO[0;39m [36mg.s.f.AccessTokenAuthenticationFilter   [0;39m [35m:62  [0;39m user: Optional[UserVO(id=5, email=o.bulhakova.chi@gmail.com, languageVO=greencity.dto.language.LanguageVO@1c60)]
[2025-04-07 07:51:30] [34mINFO[0;39m [36mg.s.f.AccessTokenAuthenticationFilter   [0;39m [35m:62  [0;39m user: Optional[UserVO(id=5, email=o.bulhakova.chi@gmail.com, languageVO=greencity.dto.language.LanguageVO@1c60)]
[2025-04-07 07:51:31] [34mINFO[0;39m [36mg.s.f.AccessTokenAuthenticationFilter   [0;39m [35m:54  [0;39m token: eyJhbGciOiJIUzI1NiJ9.eyJzdWIiOiJvLmJ1bGhha292YS5jaGlAZ21haWwuY29tIiwicm9sZSI6WyJST0xFX1VTRVIiXSwiZXhwIjoxNzQ0MDA4NTMyLCJpYXQiOjE3NDQwMDEzMzJ9.ZKekFIO_R-mqrQ1mysY9JzFuJdpl_X8TrXaUm8aFZYI
[2025-04-07 07:51:31] [34mINFO[0;39m [36mg.s.f.AccessTokenAuthenticationFilter   [0;39m [35m:62  [0;39m user: Optional[UserVO(id=5, email=o.bulhakova.chi@gmail.com, languageVO=greencity.dto.language.LanguageVO@1c60)]
[2025-04-07 07:51:31] [34mINFO[0;39m [36mg.s.f.AccessTokenAuthenticationFilter   [0;39m [35m:54  [0;39m token: eyJhbGciOiJIUzI1NiJ9.eyJzdWIiOiJvLmJ1bGhha292YS5jaGlAZ21haWwuY29tIiwicm9sZSI6WyJST0xFX1VTRVIiXSwiZXhwIjoxNzQ0MDA4NTMyLCJpYXQiOjE3NDQwMDEzMzJ9.ZKekFIO_R-mqrQ1mysY9JzFuJdpl_X8TrXaUm8aFZYI
[2025-04-07 07:51:31] [34mINFO[0;39m [36mg.s.f.AccessTokenAuthenticationFilter   [0;39m [35m:62  [0;39m user: Optional[UserVO(id=5, email=o.bulhakova.chi@gmail.com, languageVO=greencity.dto.language.LanguageVO@1c60)]
[2025-04-07 07:51:33] [34mINFO[0;39m [36mg.s.f.AccessTokenAuthenticationFilter   [0;39m [35m:54  [0;39m token: eyJhbGciOiJIUzI1NiJ9.eyJzdWIiOiJvLmJ1bGhha292YS5jaGlAZ21haWwuY29tIiwicm9sZSI6WyJST0xFX1VTRVIiXSwiZXhwIjoxNzQ0MDA4NTMyLCJpYXQiOjE3NDQwMDEzMzJ9.ZKekFIO_R-mqrQ1mysY9JzFuJdpl_X8TrXaUm8aFZYI
[2025-04-07 07:51:33] [34mINFO[0;39m [36mg.s.f.AccessTokenAuthenticationFilter   [0;39m [35m:54  [0;39m token: eyJhbGciOiJIUzI1NiJ9.eyJzdWIiOiJzZXJ2aWNlQGdyZWVuY2l0eS51YSIsInJvbGUiOlsiUk9MRV9BRE1JTiJdLCJpYXQiOjE3NDQwMDE0OTMsImV4cCI6MTc0NDAwODY5M30.W27fHjVeHiXCKImO10DONO08nBr64ySkFoZj_hp3zhE
[2025-04-07 07:51:33] [34mINFO[0;39m [36mg.s.f.AccessTokenAuthenticationFilter   [0;39m [35m:62  [0;39m user: Optional[UserVO(id=5, email=o.bulhakova.chi@gmail.com, languageVO=greencity.dto.language.LanguageVO@1c60)]
[2025-04-07 07:51:33] [31mWARN[0;39m [36m.m.m.a.ExceptionHandlerExceptionResolver[0;39m [35m:247 [0;39m Resolved [org.springframework.web.bind.MissingServletRequestParameterException: Required request parameter 'email' for method parameter type String is not present]
[2025-04-07 07:51:33] [34mINFO[0;39m [36mg.s.f.AccessTokenAuthenticationFilter   [0;39m [35m:54  [0;39m token: eyJhbGciOiJIUzI1NiJ9.eyJzdWIiOiJvLmJ1bGhha292YS5jaGlAZ21haWwuY29tIiwicm9sZSI6WyJST0xFX1VTRVIiXSwiZXhwIjoxNzQ0MDA4NTMyLCJpYXQiOjE3NDQwMDEzMzJ9.ZKekFIO_R-mqrQ1mysY9JzFuJdpl_X8TrXaUm8aFZYI
[2025-04-07 07:51:33] [34mINFO[0;39m [36mg.s.f.AccessTokenAuthenticationFilter   [0;39m [35m:62  [0;39m user: Optional[UserVO(id=1, email=service@greencity.ua, languageVO=greencity.dto.language.LanguageVO@1c60)]
[2025-04-07 07:51:33] [34mINFO[0;39m [36mg.s.f.AccessTokenAuthenticationFilter   [0;39m [35m:62  [0;39m user: Optional[UserVO(id=5, email=o.bulhakova.chi@gmail.com, languageVO=greencity.dto.language.LanguageVO@1c60)]
[2025-04-07 07:51:33] [31mWARN[0;39m [36m.m.m.a.ExceptionHandlerExceptionResolver[0;39m [35m:247 [0;39m Resolved [org.springframework.web.bind.MissingServletRequestParameterException: Required request parameter 'email' for method parameter type String is not present]
[2025-04-07 07:51:33] [39mTRACE[0;39m [36mg.e.handler.CustomExceptionHandler      [0;39m [35m:65  [0;39m {"name":"email","message":"The user does not exist by this email: "}
[2025-04-07 07:51:33] [31mWARN[0;39m [36m.m.m.a.ExceptionHandlerExceptionResolver[0;39m [35m:247 [0;39m Resolved [greencity.exceptions.BadRequestException: {"name":"email","message":"The user does not exist by this email: "}]
[2025-04-07 07:51:33] [34mINFO[0;39m [36mg.s.f.AccessTokenAuthenticationFilter   [0;39m [35m:54  [0;39m token: eyJhbGciOiJIUzI1NiJ9.eyJzdWIiOiJzZXJ2aWNlQGdyZWVuY2l0eS51YSIsInJvbGUiOlsiUk9MRV9BRE1JTiJdLCJpYXQiOjE3NDQwMDE0OTMsImV4cCI6MTc0NDAwODY5M30.W27fHjVeHiXCKImO10DONO08nBr64ySkFoZj_hp3zhE
[2025-04-07 07:51:33] [34mINFO[0;39m [36mg.s.f.AccessTokenAuthenticationFilter   [0;39m [35m:62  [0;39m user: Optional[UserVO(id=1, email=service@greencity.ua, languageVO=greencity.dto.language.LanguageVO@1c60)]
[2025-04-07 07:51:33] [39mTRACE[0;39m [36mg.e.handler.CustomExceptionHandler      [0;39m [35m:65  [0;39m {"name":"email","message":"The user does not exist by this email: "}
[2025-04-07 07:51:33] [31mWARN[0;39m [36m.m.m.a.ExceptionHandlerExceptionResolver[0;39m [35m:247 [0;39m Resolved [greencity.exceptions.BadRequestException: {"name":"email","message":"The user does not exist by this email: "}]
[2025-04-07 07:51:36] [34mINFO[0;39m [36mg.s.f.AccessTokenAuthenticationFilter   [0;39m [35m:54  [0;39m token: eyJhbGciOiJIUzI1NiJ9.eyJzdWIiOiJzZXJ2aWNlQGdyZWVuY2l0eS51YSIsInJvbGUiOlsiUk9MRV9BRE1JTiJdLCJpYXQiOjE3NDQwMDE0OTYsImV4cCI6MTc0NDAwODY5Nn0.SArKRBRoGEYdqxkmLMjZk8ZKGxbMbt6mXUIbJO0hZZ4
[2025-04-07 07:51:36] [34mINFO[0;39m [36mg.s.f.AccessTokenAuthenticationFilter   [0;39m [35m:62  [0;39m user: Optional[UserVO(id=1, email=service@greencity.ua, languageVO=greencity.dto.language.LanguageVO@1c60)]
[2025-04-07 07:51:36] [39mTRACE[0;39m [36mg.e.handler.CustomExceptionHandler      [0;39m [35m:65  [0;39m {"name":"email","message":"The user does not exist by this email: "}
[2025-04-07 07:51:36] [31mWARN[0;39m [36m.m.m.a.ExceptionHandlerExceptionResolver[0;39m [35m:247 [0;39m Resolved [greencity.exceptions.BadRequestException: {"name":"email","message":"The user does not exist by this email: "}]
[2025-04-07 07:51:40] [34mINFO[0;39m [36mg.s.f.AccessTokenAuthenticationFilter   [0;39m [35m:54  [0;39m token: eyJhbGciOiJIUzI1NiJ9.eyJzdWIiOiJzZXJ2aWNlQGdyZWVuY2l0eS51YSIsInJvbGUiOlsiUk9MRV9BRE1JTiJdLCJpYXQiOjE3NDQwMDE1MDAsImV4cCI6MTc0NDAwODcwMH0.9dRRdUgNEC8VjrLZvFLIn0vYCDDADC7QWGHKSf4a6BM
[2025-04-07 07:51:41] [34mINFO[0;39m [36mg.s.f.AccessTokenAuthenticationFilter   [0;39m [35m:62  [0;39m user: Optional[UserVO(id=1, email=service@greencity.ua, languageVO=greencity.dto.language.LanguageVO@1c60)]
[2025-04-07 07:51:41] [39mTRACE[0;39m [36mg.e.handler.CustomExceptionHandler      [0;39m [35m:65  [0;39m {"name":"email","message":"The user does not exist by this email: "}
[2025-04-07 07:51:41] [31mWARN[0;39m [36m.m.m.a.ExceptionHandlerExceptionResolver[0;39m [35m:247 [0;39m Resolved [greencity.exceptions.BadRequestException: {"name":"email","message":"The user does not exist by this email: "}]
[2025-04-07 07:51:55] [34mINFO[0;39m [36mg.s.f.AccessTokenAuthenticationFilter   [0;39m [35m:54  [0;39m token: eyJhbGciOiJIUzI1NiJ9.eyJzdWIiOiJzZXJ2aWNlQGdyZWVuY2l0eS51YSIsInJvbGUiOlsiUk9MRV9BRE1JTiJdLCJpYXQiOjE3NDQwMDE1MTUsImV4cCI6MTc0NDAwODcxNX0.OZqGrM6CzPk1Twasq1YQ_QJryNNHfQmeeKjF7A6rKKU
[2025-04-07 07:51:55] [34mINFO[0;39m [36mg.s.f.AccessTokenAuthenticationFilter   [0;39m [35m:62  [0;39m user: Optional[UserVO(id=1, email=service@greencity.ua, languageVO=greencity.dto.language.LanguageVO@1c60)]
[2025-04-07 07:51:55] [39mTRACE[0;39m [36mg.e.handler.CustomExceptionHandler      [0;39m [35m:65  [0;39m {"name":"email","message":"The user does not exist by this email: "}
[2025-04-07 07:51:55] [31mWARN[0;39m [36m.m.m.a.ExceptionHandlerExceptionResolver[0;39m [35m:247 [0;39m Resolved [greencity.exceptions.BadRequestException: {"name":"email","message":"The user does not exist by this email: "}]
[2025-04-07 07:52:04] [34mINFO[0;39m [36mg.service.ubs.OrderLockServiceImpl      [0;39m [35m:60  [0;39m Time: 2025-04-07T07:47:04.998732400
[2025-04-07 07:52:05] [34mINFO[0;39m [36mg.service.ubs.OrderLockServiceImpl      [0;39m [35m:62  [0;39m Unlock orders
[2025-04-07 07:52:48] [34mINFO[0;39m [36mg.s.f.AccessTokenAuthenticationFilter   [0;39m [35m:54  [0;39m token: eyJhbGciOiJIUzI1NiJ9.eyJzdWIiOiJzZXJ2aWNlQGdyZWVuY2l0eS51YSIsInJvbGUiOlsiUk9MRV9BRE1JTiJdLCJpYXQiOjE3NDQwMDE1NjgsImV4cCI6MTc0NDAwODc2OH0.G3B-gFbD4gW4FXcd4anEHCGWCMm8aEu5x9Lcb8-SWmI
[2025-04-07 07:52:48] [34mINFO[0;39m [36mg.s.f.AccessTokenAuthenticationFilter   [0;39m [35m:62  [0;39m user: Optional[UserVO(id=1, email=service@greencity.ua, languageVO=greencity.dto.language.LanguageVO@1c60)]
[2025-04-07 07:52:48] [39mTRACE[0;39m [36mg.e.handler.CustomExceptionHandler      [0;39m [35m:65  [0;39m {"name":"email","message":"The user does not exist by this email: "}
[2025-04-07 07:52:48] [31mWARN[0;39m [36m.m.m.a.ExceptionHandlerExceptionResolver[0;39m [35m:247 [0;39m Resolved [greencity.exceptions.BadRequestException: {"name":"email","message":"The user does not exist by this email: "}]
[2025-04-07 07:53:05] [34mINFO[0;39m [36mg.service.ubs.OrderLockServiceImpl      [0;39m [35m:60  [0;39m Time: 2025-04-07T07:48:05.007384500
[2025-04-07 07:53:05] [34mINFO[0;39m [36mg.service.ubs.OrderLockServiceImpl      [0;39m [35m:62  [0;39m Unlock orders
[2025-04-07 07:54:05] [34mINFO[0;39m [36mg.service.ubs.OrderLockServiceImpl      [0;39m [35m:60  [0;39m Time: 2025-04-07T07:49:05.004790
[2025-04-07 07:54:05] [34mINFO[0;39m [36mg.service.ubs.OrderLockServiceImpl      [0;39m [35m:62  [0;39m Unlock orders
[2025-04-07 07:55:05] [34mINFO[0;39m [36mg.service.ubs.OrderLockServiceImpl      [0;39m [35m:60  [0;39m Time: 2025-04-07T07:50:05.010379600
[2025-04-07 07:55:05] [34mINFO[0;39m [36mg.service.ubs.OrderLockServiceImpl      [0;39m [35m:62  [0;39m Unlock orders
[2025-04-07 07:56:04] [34mINFO[0;39m [36mg.service.ubs.OrderLockServiceImpl      [0;39m [35m:60  [0;39m Time: 2025-04-07T07:51:04.999798
[2025-04-07 07:56:05] [34mINFO[0;39m [36mg.service.ubs.OrderLockServiceImpl      [0;39m [35m:62  [0;39m Unlock orders
[2025-04-07 07:56:20] [34mINFO[0;39m [36mg.s.f.AccessTokenAuthenticationFilter   [0;39m [35m:54  [0;39m token: eyJhbGciOiJIUzI1NiJ9.eyJzdWIiOiJzZXJ2aWNlQGdyZWVuY2l0eS51YSIsInJvbGUiOlsiUk9MRV9BRE1JTiJdLCJpYXQiOjE3NDQwMDE3ODAsImV4cCI6MTc0NDAwODk4MH0.OjV963xmbVo1IcYLZmWfzEF_ak_sc83hknV-wzFc7iY
[2025-04-07 07:56:20] [34mINFO[0;39m [36mg.s.f.AccessTokenAuthenticationFilter   [0;39m [35m:62  [0;39m user: Optional[UserVO(id=1, email=service@greencity.ua, languageVO=greencity.dto.language.LanguageVO@1c60)]
[2025-04-07 07:56:20] [39mTRACE[0;39m [36mg.e.handler.CustomExceptionHandler      [0;39m [35m:65  [0;39m {"name":"email","message":"The user does not exist by this email: "}
[2025-04-07 07:56:20] [31mWARN[0;39m [36m.m.m.a.ExceptionHandlerExceptionResolver[0;39m [35m:247 [0;39m Resolved [greencity.exceptions.BadRequestException: {"name":"email","message":"The user does not exist by this email: "}]
[2025-04-07 07:56:21] [34mINFO[0;39m [36mg.s.f.AccessTokenAuthenticationFilter   [0;39m [35m:54  [0;39m token: eyJhbGciOiJIUzI1NiJ9.eyJzdWIiOiJvLmJ1bGhha292YS5jaGlAZ21haWwuY29tIiwicm9sZSI6WyJST0xFX1VTRVIiXSwiZXhwIjoxNzQ0MDA4NTMyLCJpYXQiOjE3NDQwMDEzMzJ9.ZKekFIO_R-mqrQ1mysY9JzFuJdpl_X8TrXaUm8aFZYI
[2025-04-07 07:56:21] [34mINFO[0;39m [36mg.s.f.AccessTokenAuthenticationFilter   [0;39m [35m:54  [0;39m token: eyJhbGciOiJIUzI1NiJ9.eyJzdWIiOiJzZXJ2aWNlQGdyZWVuY2l0eS51YSIsInJvbGUiOlsiUk9MRV9BRE1JTiJdLCJpYXQiOjE3NDQwMDE3ODEsImV4cCI6MTc0NDAwODk4MX0.fULq7NYa2gtcSEOW3c3rPakhyx8Zyuu6t9yiH8a6tQs
[2025-04-07 07:56:21] [34mINFO[0;39m [36mg.s.f.AccessTokenAuthenticationFilter   [0;39m [35m:62  [0;39m user: Optional[UserVO(id=5, email=o.bulhakova.chi@gmail.com, languageVO=greencity.dto.language.LanguageVO@1c60)]
[2025-04-07 07:56:21] [31mWARN[0;39m [36m.m.m.a.ExceptionHandlerExceptionResolver[0;39m [35m:247 [0;39m Resolved [org.springframework.web.bind.MissingServletRequestParameterException: Required request parameter 'email' for method parameter type String is not present]
[2025-04-07 07:56:21] [34mINFO[0;39m [36mg.s.f.AccessTokenAuthenticationFilter   [0;39m [35m:54  [0;39m token: eyJhbGciOiJIUzI1NiJ9.eyJzdWIiOiJvLmJ1bGhha292YS5jaGlAZ21haWwuY29tIiwicm9sZSI6WyJST0xFX1VTRVIiXSwiZXhwIjoxNzQ0MDA4NTMyLCJpYXQiOjE3NDQwMDEzMzJ9.ZKekFIO_R-mqrQ1mysY9JzFuJdpl_X8TrXaUm8aFZYI
[2025-04-07 07:56:21] [34mINFO[0;39m [36mg.s.f.AccessTokenAuthenticationFilter   [0;39m [35m:62  [0;39m user: Optional[UserVO(id=1, email=service@greencity.ua, languageVO=greencity.dto.language.LanguageVO@1c60)]
[2025-04-07 07:56:22] [34mINFO[0;39m [36mg.s.f.AccessTokenAuthenticationFilter   [0;39m [35m:62  [0;39m user: Optional[UserVO(id=5, email=o.bulhakova.chi@gmail.com, languageVO=greencity.dto.language.LanguageVO@1c60)]
[2025-04-07 07:56:22] [31mWARN[0;39m [36m.m.m.a.ExceptionHandlerExceptionResolver[0;39m [35m:247 [0;39m Resolved [org.springframework.web.bind.MissingServletRequestParameterException: Required request parameter 'email' for method parameter type String is not present]
[2025-04-07 07:56:22] [39mTRACE[0;39m [36mg.e.handler.CustomExceptionHandler      [0;39m [35m:65  [0;39m {"name":"email","message":"The user does not exist by this email: "}
[2025-04-07 07:56:22] [31mWARN[0;39m [36m.m.m.a.ExceptionHandlerExceptionResolver[0;39m [35m:247 [0;39m Resolved [greencity.exceptions.BadRequestException: {"name":"email","message":"The user does not exist by this email: "}]
[2025-04-07 07:56:22] [34mINFO[0;39m [36mg.s.f.AccessTokenAuthenticationFilter   [0;39m [35m:54  [0;39m token: eyJhbGciOiJIUzI1NiJ9.eyJzdWIiOiJzZXJ2aWNlQGdyZWVuY2l0eS51YSIsInJvbGUiOlsiUk9MRV9BRE1JTiJdLCJpYXQiOjE3NDQwMDE3ODIsImV4cCI6MTc0NDAwODk4Mn0.sKwPtXuUIccy1oG_NasruH63oe-xtzYYQ-XwyD15vKg
[2025-04-07 07:56:22] [34mINFO[0;39m [36mg.s.f.AccessTokenAuthenticationFilter   [0;39m [35m:62  [0;39m user: Optional[UserVO(id=1, email=service@greencity.ua, languageVO=greencity.dto.language.LanguageVO@1c60)]
[2025-04-07 07:56:22] [39mTRACE[0;39m [36mg.e.handler.CustomExceptionHandler      [0;39m [35m:65  [0;39m {"name":"email","message":"The user does not exist by this email: "}
[2025-04-07 07:56:22] [31mWARN[0;39m [36m.m.m.a.ExceptionHandlerExceptionResolver[0;39m [35m:247 [0;39m Resolved [greencity.exceptions.BadRequestException: {"name":"email","message":"The user does not exist by this email: "}]
[2025-04-07 07:56:34] [34mINFO[0;39m [36mg.s.f.AccessTokenAuthenticationFilter   [0;39m [35m:54  [0;39m token: eyJhbGciOiJIUzI1NiJ9.eyJzdWIiOiJvLmJ1bGhha292YS5jaGlAZ21haWwuY29tIiwicm9sZSI6WyJST0xFX1VTRVIiXSwiZXhwIjoxNzQ0MDA4NTMyLCJpYXQiOjE3NDQwMDEzMzJ9.ZKekFIO_R-mqrQ1mysY9JzFuJdpl_X8TrXaUm8aFZYI
[2025-04-07 07:56:34] [34mINFO[0;39m [36mg.s.f.AccessTokenAuthenticationFilter   [0;39m [35m:54  [0;39m token: eyJhbGciOiJIUzI1NiJ9.eyJzdWIiOiJzZXJ2aWNlQGdyZWVuY2l0eS51YSIsInJvbGUiOlsiUk9MRV9BRE1JTiJdLCJpYXQiOjE3NDQwMDE3OTQsImV4cCI6MTc0NDAwODk5NH0.-OlH-QUFgs6XLYQ-E19dEan1vF2t3TzZIcn-EAaZIaU
[2025-04-07 07:56:34] [34mINFO[0;39m [36mg.s.f.AccessTokenAuthenticationFilter   [0;39m [35m:62  [0;39m user: Optional[UserVO(id=5, email=o.bulhakova.chi@gmail.com, languageVO=greencity.dto.language.LanguageVO@1c60)]
[2025-04-07 07:56:34] [31mWARN[0;39m [36m.m.m.a.ExceptionHandlerExceptionResolver[0;39m [35m:247 [0;39m Resolved [org.springframework.web.bind.MissingServletRequestParameterException: Required request parameter 'email' for method parameter type String is not present]
[2025-04-07 07:56:34] [34mINFO[0;39m [36mg.s.f.AccessTokenAuthenticationFilter   [0;39m [35m:62  [0;39m user: Optional[UserVO(id=1, email=service@greencity.ua, languageVO=greencity.dto.language.LanguageVO@1c60)]
[2025-04-07 07:56:34] [39mTRACE[0;39m [36mg.e.handler.CustomExceptionHandler      [0;39m [35m:65  [0;39m {"name":"email","message":"The user does not exist by this email: "}
[2025-04-07 07:56:34] [31mWARN[0;39m [36m.m.m.a.ExceptionHandlerExceptionResolver[0;39m [35m:247 [0;39m Resolved [greencity.exceptions.BadRequestException: {"name":"email","message":"The user does not exist by this email: "}]
[2025-04-07 07:56:35] [34mINFO[0;39m [36mg.s.f.AccessTokenAuthenticationFilter   [0;39m [35m:54  [0;39m token: eyJhbGciOiJIUzI1NiJ9.eyJzdWIiOiJvLmJ1bGhha292YS5jaGlAZ21haWwuY29tIiwicm9sZSI6WyJST0xFX1VTRVIiXSwiZXhwIjoxNzQ0MDA4NTMyLCJpYXQiOjE3NDQwMDEzMzJ9.ZKekFIO_R-mqrQ1mysY9JzFuJdpl_X8TrXaUm8aFZYI
[2025-04-07 07:56:35] [34mINFO[0;39m [36mg.s.f.AccessTokenAuthenticationFilter   [0;39m [35m:62  [0;39m user: Optional[UserVO(id=5, email=o.bulhakova.chi@gmail.com, languageVO=greencity.dto.language.LanguageVO@1c60)]
[2025-04-07 07:56:35] [31mWARN[0;39m [36m.m.m.a.ExceptionHandlerExceptionResolver[0;39m [35m:247 [0;39m Resolved [org.springframework.web.bind.MissingServletRequestParameterException: Required request parameter 'email' for method parameter type String is not present]
[2025-04-07 07:56:44] [34mINFO[0;39m [36mg.s.f.AccessTokenAuthenticationFilter   [0;39m [35m:54  [0;39m token: eyJhbGciOiJIUzI1NiJ9.eyJzdWIiOiJvLmJ1bGhha292YS5jaGlAZ21haWwuY29tIiwicm9sZSI6WyJST0xFX1VTRVIiXSwiZXhwIjoxNzQ0MDA4NTMyLCJpYXQiOjE3NDQwMDEzMzJ9.ZKekFIO_R-mqrQ1mysY9JzFuJdpl_X8TrXaUm8aFZYI
[2025-04-07 07:56:44] [34mINFO[0;39m [36mg.s.f.AccessTokenAuthenticationFilter   [0;39m [35m:54  [0;39m token: eyJhbGciOiJIUzI1NiJ9.eyJzdWIiOiJzZXJ2aWNlQGdyZWVuY2l0eS51YSIsInJvbGUiOlsiUk9MRV9BRE1JTiJdLCJpYXQiOjE3NDQwMDE4MDQsImV4cCI6MTc0NDAwOTAwNH0.VhzomdB_l3DewGV4Q_wK-EYFX7yzUce29OBgtaS15XM
[2025-04-07 07:56:44] [34mINFO[0;39m [36mg.s.f.AccessTokenAuthenticationFilter   [0;39m [35m:62  [0;39m user: Optional[UserVO(id=5, email=o.bulhakova.chi@gmail.com, languageVO=greencity.dto.language.LanguageVO@1c60)]
[2025-04-07 07:56:44] [31mWARN[0;39m [36m.m.m.a.ExceptionHandlerExceptionResolver[0;39m [35m:247 [0;39m Resolved [org.springframework.web.bind.MissingServletRequestParameterException: Required request parameter 'email' for method parameter type String is not present]
[2025-04-07 07:56:44] [34mINFO[0;39m [36mg.s.f.AccessTokenAuthenticationFilter   [0;39m [35m:62  [0;39m user: Optional[UserVO(id=1, email=service@greencity.ua, languageVO=greencity.dto.language.LanguageVO@1c60)]
[2025-04-07 07:56:44] [39mTRACE[0;39m [36mg.e.handler.CustomExceptionHandler      [0;39m [35m:65  [0;39m {"name":"email","message":"The user does not exist by this email: "}
[2025-04-07 07:56:44] [31mWARN[0;39m [36m.m.m.a.ExceptionHandlerExceptionResolver[0;39m [35m:247 [0;39m Resolved [greencity.exceptions.BadRequestException: {"name":"email","message":"The user does not exist by this email: "}]
[2025-04-07 07:56:53] [34mINFO[0;39m [36mg.s.f.AccessTokenAuthenticationFilter   [0;39m [35m:54  [0;39m token: eyJhbGciOiJIUzI1NiJ9.eyJzdWIiOiJzZXJ2aWNlQGdyZWVuY2l0eS51YSIsInJvbGUiOlsiUk9MRV9BRE1JTiJdLCJpYXQiOjE3NDQwMDE4MTMsImV4cCI6MTc0NDAwOTAxM30.jVON25DcimtzmVgCbioNN2jlTbSl15w1QQTYpb0sP5U
[2025-04-07 07:56:53] [34mINFO[0;39m [36mg.s.f.AccessTokenAuthenticationFilter   [0;39m [35m:62  [0;39m user: Optional[UserVO(id=1, email=service@greencity.ua, languageVO=greencity.dto.language.LanguageVO@1c60)]
[2025-04-07 07:56:53] [39mTRACE[0;39m [36mg.e.handler.CustomExceptionHandler      [0;39m [35m:65  [0;39m {"name":"email","message":"The user does not exist by this email: "}
[2025-04-07 07:56:53] [31mWARN[0;39m [36m.m.m.a.ExceptionHandlerExceptionResolver[0;39m [35m:247 [0;39m Resolved [greencity.exceptions.BadRequestException: {"name":"email","message":"The user does not exist by this email: "}]
[2025-04-07 07:56:59] [34mINFO[0;39m [36mg.s.f.AccessTokenAuthenticationFilter   [0;39m [35m:54  [0;39m token: eyJhbGciOiJIUzI1NiJ9.eyJzdWIiOiJvLmJ1bGhha292YS5jaGlAZ21haWwuY29tIiwicm9sZSI6WyJST0xFX1VTRVIiXSwiZXhwIjoxNzQ0MDA4NTMyLCJpYXQiOjE3NDQwMDEzMzJ9.ZKekFIO_R-mqrQ1mysY9JzFuJdpl_X8TrXaUm8aFZYI
[2025-04-07 07:56:59] [34mINFO[0;39m [36mg.s.f.AccessTokenAuthenticationFilter   [0;39m [35m:62  [0;39m user: Optional[UserVO(id=5, email=o.bulhakova.chi@gmail.com, languageVO=greencity.dto.language.LanguageVO@1c60)]
[2025-04-07 07:56:59] [34mINFO[0;39m [36mg.s.f.AccessTokenAuthenticationFilter   [0;39m [35m:54  [0;39m token: eyJhbGciOiJIUzI1NiJ9.eyJzdWIiOiJvLmJ1bGhha292YS5jaGlAZ21haWwuY29tIiwicm9sZSI6WyJST0xFX1VTRVIiXSwiZXhwIjoxNzQ0MDA4NTMyLCJpYXQiOjE3NDQwMDEzMzJ9.ZKekFIO_R-mqrQ1mysY9JzFuJdpl_X8TrXaUm8aFZYI
[2025-04-07 07:56:59] [34mINFO[0;39m [36mg.s.f.AccessTokenAuthenticationFilter   [0;39m [35m:62  [0;39m user: Optional[UserVO(id=5, email=o.bulhakova.chi@gmail.com, languageVO=greencity.dto.language.LanguageVO@1c60)]
[2025-04-07 07:56:59] [34mINFO[0;39m [36mg.s.f.AccessTokenAuthenticationFilter   [0;39m [35m:54  [0;39m token: eyJhbGciOiJIUzI1NiJ9.eyJzdWIiOiJvLmJ1bGhha292YS5jaGlAZ21haWwuY29tIiwicm9sZSI6WyJST0xFX1VTRVIiXSwiZXhwIjoxNzQ0MDA4NTMyLCJpYXQiOjE3NDQwMDEzMzJ9.ZKekFIO_R-mqrQ1mysY9JzFuJdpl_X8TrXaUm8aFZYI
[2025-04-07 07:56:59] [34mINFO[0;39m [36mg.s.f.AccessTokenAuthenticationFilter   [0;39m [35m:62  [0;39m user: Optional[UserVO(id=5, email=o.bulhakova.chi@gmail.com, languageVO=greencity.dto.language.LanguageVO@1c60)]
[2025-04-07 07:56:59] [34mINFO[0;39m [36mg.s.f.AccessTokenAuthenticationFilter   [0;39m [35m:54  [0;39m token: eyJhbGciOiJIUzI1NiJ9.eyJzdWIiOiJvLmJ1bGhha292YS5jaGlAZ21haWwuY29tIiwicm9sZSI6WyJST0xFX1VTRVIiXSwiZXhwIjoxNzQ0MDA4NTMyLCJpYXQiOjE3NDQwMDEzMzJ9.ZKekFIO_R-mqrQ1mysY9JzFuJdpl_X8TrXaUm8aFZYI
[2025-04-07 07:56:59] [34mINFO[0;39m [36mg.s.f.AccessTokenAuthenticationFilter   [0;39m [35m:62  [0;39m user: Optional[UserVO(id=5, email=o.bulhakova.chi@gmail.com, languageVO=greencity.dto.language.LanguageVO@1c60)]
[2025-04-07 07:56:59] [34mINFO[0;39m [36mg.s.f.AccessTokenAuthenticationFilter   [0;39m [35m:54  [0;39m token: eyJhbGciOiJIUzI1NiJ9.eyJzdWIiOiJvLmJ1bGhha292YS5jaGlAZ21haWwuY29tIiwicm9sZSI6WyJST0xFX1VTRVIiXSwiZXhwIjoxNzQ0MDA4NTMyLCJpYXQiOjE3NDQwMDEzMzJ9.ZKekFIO_R-mqrQ1mysY9JzFuJdpl_X8TrXaUm8aFZYI
[2025-04-07 07:56:59] [34mINFO[0;39m [36mg.s.f.AccessTokenAuthenticationFilter   [0;39m [35m:62  [0;39m user: Optional[UserVO(id=5, email=o.bulhakova.chi@gmail.com, languageVO=greencity.dto.language.LanguageVO@1c60)]
[2025-04-07 07:57:05] [34mINFO[0;39m [36mg.service.ubs.OrderLockServiceImpl      [0;39m [35m:60  [0;39m Time: 2025-04-07T07:52:05.009520100
[2025-04-07 07:57:05] [34mINFO[0;39m [36mg.service.ubs.OrderLockServiceImpl      [0;39m [35m:62  [0;39m Unlock orders
[2025-04-07 07:57:13] [34mINFO[0;39m [36mg.s.f.AccessTokenAuthenticationFilter   [0;39m [35m:54  [0;39m token: eyJhbGciOiJIUzI1NiJ9.eyJzdWIiOiJzZXJ2aWNlQGdyZWVuY2l0eS51YSIsInJvbGUiOlsiUk9MRV9BRE1JTiJdLCJpYXQiOjE3NDQwMDE4MzMsImV4cCI6MTc0NDAwOTAzM30.w9Nu7DQLXn9HrTSIlaZ2yeLqqc5DXX3XsIHhnz7OWFA
[2025-04-07 07:57:13] [34mINFO[0;39m [36mg.s.f.AccessTokenAuthenticationFilter   [0;39m [35m:62  [0;39m user: Optional[UserVO(id=1, email=service@greencity.ua, languageVO=greencity.dto.language.LanguageVO@1c60)]
[2025-04-07 07:57:13] [39mTRACE[0;39m [36mg.e.handler.CustomExceptionHandler      [0;39m [35m:65  [0;39m {"name":"email","message":"The user does not exist by this email: "}
[2025-04-07 07:57:13] [31mWARN[0;39m [36m.m.m.a.ExceptionHandlerExceptionResolver[0;39m [35m:247 [0;39m Resolved [greencity.exceptions.BadRequestException: {"name":"email","message":"The user does not exist by this email: "}]
[2025-04-07 07:58:04] [34mINFO[0;39m [36mg.service.ubs.OrderLockServiceImpl      [0;39m [35m:60  [0;39m Time: 2025-04-07T07:53:04.995883400
[2025-04-07 07:58:05] [34mINFO[0;39m [36mg.service.ubs.OrderLockServiceImpl      [0;39m [35m:62  [0;39m Unlock orders
[2025-04-07 07:59:04] [34mINFO[0;39m [36mg.service.ubs.OrderLockServiceImpl      [0;39m [35m:60  [0;39m Time: 2025-04-07T07:54:04.999577900
[2025-04-07 07:59:05] [34mINFO[0;39m [36mg.service.ubs.OrderLockServiceImpl      [0;39m [35m:62  [0;39m Unlock orders
[2025-04-07 08:00:05] [34mINFO[0;39m [36mg.service.ubs.OrderLockServiceImpl      [0;39m [35m:60  [0;39m Time: 2025-04-07T07:55:05.002297600
[2025-04-07 08:00:05] [34mINFO[0;39m [36mg.service.ubs.OrderLockServiceImpl      [0;39m [35m:62  [0;39m Unlock orders
[2025-04-07 08:01:04] [34mINFO[0;39m [36mg.service.ubs.OrderLockServiceImpl      [0;39m [35m:60  [0;39m Time: 2025-04-07T07:56:04.996741
[2025-04-07 08:01:04] [34mINFO[0;39m [36mg.service.ubs.OrderLockServiceImpl      [0;39m [35m:62  [0;39m Unlock orders
[2025-04-07 08:02:05] [34mINFO[0;39m [36mg.service.ubs.OrderLockServiceImpl      [0;39m [35m:60  [0;39m Time: 2025-04-07T07:57:05.004887400
[2025-04-07 08:02:05] [34mINFO[0;39m [36mg.service.ubs.OrderLockServiceImpl      [0;39m [35m:62  [0;39m Unlock orders
[2025-04-07 08:02:13] [34mINFO[0;39m [36mg.s.f.AccessTokenAuthenticationFilter   [0;39m [35m:54  [0;39m token: eyJhbGciOiJIUzI1NiJ9.eyJzdWIiOiJvLmJ1bGhha292YS5jaGlAZ21haWwuY29tIiwicm9sZSI6WyJST0xFX1VTRVIiXSwiZXhwIjoxNzQ0MDA4NTMyLCJpYXQiOjE3NDQwMDEzMzJ9.ZKekFIO_R-mqrQ1mysY9JzFuJdpl_X8TrXaUm8aFZYI
[2025-04-07 08:02:13] [34mINFO[0;39m [36mg.s.f.AccessTokenAuthenticationFilter   [0;39m [35m:62  [0;39m user: Optional[UserVO(id=5, email=o.bulhakova.chi@gmail.com, languageVO=greencity.dto.language.LanguageVO@1c60)]
[2025-04-07 08:02:13] [34mINFO[0;39m [36mg.s.f.AccessTokenAuthenticationFilter   [0;39m [35m:54  [0;39m token: eyJhbGciOiJIUzI1NiJ9.eyJzdWIiOiJvLmJ1bGhha292YS5jaGlAZ21haWwuY29tIiwicm9sZSI6WyJST0xFX1VTRVIiXSwiZXhwIjoxNzQ0MDA4NTMyLCJpYXQiOjE3NDQwMDEzMzJ9.ZKekFIO_R-mqrQ1mysY9JzFuJdpl_X8TrXaUm8aFZYI
[2025-04-07 08:02:13] [34mINFO[0;39m [36mg.s.f.AccessTokenAuthenticationFilter   [0;39m [35m:62  [0;39m user: Optional[UserVO(id=5, email=o.bulhakova.chi@gmail.com, languageVO=greencity.dto.language.LanguageVO@1c60)]
[2025-04-07 08:02:13] [34mINFO[0;39m [36mg.s.f.AccessTokenAuthenticationFilter   [0;39m [35m:54  [0;39m token: eyJhbGciOiJIUzI1NiJ9.eyJzdWIiOiJvLmJ1bGhha292YS5jaGlAZ21haWwuY29tIiwicm9sZSI6WyJST0xFX1VTRVIiXSwiZXhwIjoxNzQ0MDA4NTMyLCJpYXQiOjE3NDQwMDEzMzJ9.ZKekFIO_R-mqrQ1mysY9JzFuJdpl_X8TrXaUm8aFZYI
[2025-04-07 08:02:13] [34mINFO[0;39m [36mg.s.f.AccessTokenAuthenticationFilter   [0;39m [35m:62  [0;39m user: Optional[UserVO(id=5, email=o.bulhakova.chi@gmail.com, languageVO=greencity.dto.language.LanguageVO@1c60)]
[2025-04-07 08:02:13] [34mINFO[0;39m [36mg.s.f.AccessTokenAuthenticationFilter   [0;39m [35m:54  [0;39m token: eyJhbGciOiJIUzI1NiJ9.eyJzdWIiOiJvLmJ1bGhha292YS5jaGlAZ21haWwuY29tIiwicm9sZSI6WyJST0xFX1VTRVIiXSwiZXhwIjoxNzQ0MDA4NTMyLCJpYXQiOjE3NDQwMDEzMzJ9.ZKekFIO_R-mqrQ1mysY9JzFuJdpl_X8TrXaUm8aFZYI
[2025-04-07 08:02:13] [34mINFO[0;39m [36mg.s.f.AccessTokenAuthenticationFilter   [0;39m [35m:62  [0;39m user: Optional[UserVO(id=5, email=o.bulhakova.chi@gmail.com, languageVO=greencity.dto.language.LanguageVO@1c60)]
[2025-04-07 08:02:13] [34mINFO[0;39m [36mg.s.f.AccessTokenAuthenticationFilter   [0;39m [35m:54  [0;39m token: eyJhbGciOiJIUzI1NiJ9.eyJzdWIiOiJvLmJ1bGhha292YS5jaGlAZ21haWwuY29tIiwicm9sZSI6WyJST0xFX1VTRVIiXSwiZXhwIjoxNzQ0MDA4NTMyLCJpYXQiOjE3NDQwMDEzMzJ9.ZKekFIO_R-mqrQ1mysY9JzFuJdpl_X8TrXaUm8aFZYI
[2025-04-07 08:02:13] [34mINFO[0;39m [36mg.s.f.AccessTokenAuthenticationFilter   [0;39m [35m:62  [0;39m user: Optional[UserVO(id=5, email=o.bulhakova.chi@gmail.com, languageVO=greencity.dto.language.LanguageVO@1c60)]
[2025-04-07 08:02:15] [34mINFO[0;39m [36mg.s.f.AccessTokenAuthenticationFilter   [0;39m [35m:54  [0;39m token: eyJhbGciOiJIUzI1NiJ9.eyJzdWIiOiJvLmJ1bGhha292YS5jaGlAZ21haWwuY29tIiwicm9sZSI6WyJST0xFX1VTRVIiXSwiZXhwIjoxNzQ0MDA4NTMyLCJpYXQiOjE3NDQwMDEzMzJ9.ZKekFIO_R-mqrQ1mysY9JzFuJdpl_X8TrXaUm8aFZYI
[2025-04-07 08:02:15] [34mINFO[0;39m [36mg.s.f.AccessTokenAuthenticationFilter   [0;39m [35m:54  [0;39m token: eyJhbGciOiJIUzI1NiJ9.eyJzdWIiOiJzZXJ2aWNlQGdyZWVuY2l0eS51YSIsInJvbGUiOlsiUk9MRV9BRE1JTiJdLCJpYXQiOjE3NDQwMDIxMzUsImV4cCI6MTc0NDAwOTMzNX0.DbI0aFM8Yomgmn5-9pVjnt9RIQyFrQtB-n_rhLj1qxE
[2025-04-07 08:02:15] [34mINFO[0;39m [36mg.s.f.AccessTokenAuthenticationFilter   [0;39m [35m:62  [0;39m user: Optional[UserVO(id=5, email=o.bulhakova.chi@gmail.com, languageVO=greencity.dto.language.LanguageVO@1c60)]
[2025-04-07 08:02:15] [31mWARN[0;39m [36m.m.m.a.ExceptionHandlerExceptionResolver[0;39m [35m:247 [0;39m Resolved [org.springframework.web.bind.MissingServletRequestParameterException: Required request parameter 'email' for method parameter type String is not present]
[2025-04-07 08:02:15] [34mINFO[0;39m [36mg.s.f.AccessTokenAuthenticationFilter   [0;39m [35m:54  [0;39m token: eyJhbGciOiJIUzI1NiJ9.eyJzdWIiOiJvLmJ1bGhha292YS5jaGlAZ21haWwuY29tIiwicm9sZSI6WyJST0xFX1VTRVIiXSwiZXhwIjoxNzQ0MDA4NTMyLCJpYXQiOjE3NDQwMDEzMzJ9.ZKekFIO_R-mqrQ1mysY9JzFuJdpl_X8TrXaUm8aFZYI
[2025-04-07 08:02:15] [34mINFO[0;39m [36mg.s.f.AccessTokenAuthenticationFilter   [0;39m [35m:62  [0;39m user: Optional[UserVO(id=1, email=service@greencity.ua, languageVO=greencity.dto.language.LanguageVO@1c60)]
[2025-04-07 08:02:15] [34mINFO[0;39m [36mg.s.f.AccessTokenAuthenticationFilter   [0;39m [35m:62  [0;39m user: Optional[UserVO(id=5, email=o.bulhakova.chi@gmail.com, languageVO=greencity.dto.language.LanguageVO@1c60)]
[2025-04-07 08:02:15] [31mWARN[0;39m [36m.m.m.a.ExceptionHandlerExceptionResolver[0;39m [35m:247 [0;39m Resolved [org.springframework.web.bind.MissingServletRequestParameterException: Required request parameter 'email' for method parameter type String is not present]
[2025-04-07 08:02:15] [39mTRACE[0;39m [36mg.e.handler.CustomExceptionHandler      [0;39m [35m:65  [0;39m {"name":"email","message":"The user does not exist by this email: "}
[2025-04-07 08:02:15] [31mWARN[0;39m [36m.m.m.a.ExceptionHandlerExceptionResolver[0;39m [35m:247 [0;39m Resolved [greencity.exceptions.BadRequestException: {"name":"email","message":"The user does not exist by this email: "}]
[2025-04-07 08:02:15] [34mINFO[0;39m [36mg.s.f.AccessTokenAuthenticationFilter   [0;39m [35m:54  [0;39m token: eyJhbGciOiJIUzI1NiJ9.eyJzdWIiOiJzZXJ2aWNlQGdyZWVuY2l0eS51YSIsInJvbGUiOlsiUk9MRV9BRE1JTiJdLCJpYXQiOjE3NDQwMDIxMzUsImV4cCI6MTc0NDAwOTMzNX0.DbI0aFM8Yomgmn5-9pVjnt9RIQyFrQtB-n_rhLj1qxE
[2025-04-07 08:02:15] [34mINFO[0;39m [36mg.s.f.AccessTokenAuthenticationFilter   [0;39m [35m:62  [0;39m user: Optional[UserVO(id=1, email=service@greencity.ua, languageVO=greencity.dto.language.LanguageVO@1c60)]
[2025-04-07 08:02:15] [39mTRACE[0;39m [36mg.e.handler.CustomExceptionHandler      [0;39m [35m:65  [0;39m {"name":"email","message":"The user does not exist by this email: "}
[2025-04-07 08:02:15] [31mWARN[0;39m [36m.m.m.a.ExceptionHandlerExceptionResolver[0;39m [35m:247 [0;39m Resolved [greencity.exceptions.BadRequestException: {"name":"email","message":"The user does not exist by this email: "}]
[2025-04-07 08:02:25] [34mINFO[0;39m [36mg.s.f.AccessTokenAuthenticationFilter   [0;39m [35m:54  [0;39m token: eyJhbGciOiJIUzI1NiJ9.eyJzdWIiOiJzZXJ2aWNlQGdyZWVuY2l0eS51YSIsInJvbGUiOlsiUk9MRV9BRE1JTiJdLCJpYXQiOjE3NDQwMDIxNDUsImV4cCI6MTc0NDAwOTM0NX0.ioz-U_SKXY6sKKFltqhHRIEMAJdTwipCZ2CbZ2JQIgA
[2025-04-07 08:02:25] [34mINFO[0;39m [36mg.s.f.AccessTokenAuthenticationFilter   [0;39m [35m:62  [0;39m user: Optional[UserVO(id=1, email=service@greencity.ua, languageVO=greencity.dto.language.LanguageVO@1c60)]
[2025-04-07 08:02:25] [39mTRACE[0;39m [36mg.e.handler.CustomExceptionHandler      [0;39m [35m:65  [0;39m {"name":"email","message":"The user does not exist by this email: "}
[2025-04-07 08:02:25] [31mWARN[0;39m [36m.m.m.a.ExceptionHandlerExceptionResolver[0;39m [35m:247 [0;39m Resolved [greencity.exceptions.BadRequestException: {"name":"email","message":"The user does not exist by this email: "}]
[2025-04-07 08:02:27] [34mINFO[0;39m [36mg.s.f.AccessTokenAuthenticationFilter   [0;39m [35m:54  [0;39m token: eyJhbGciOiJIUzI1NiJ9.eyJzdWIiOiJvLmJ1bGhha292YS5jaGlAZ21haWwuY29tIiwicm9sZSI6WyJST0xFX1VTRVIiXSwiZXhwIjoxNzQ0MDA4NTMyLCJpYXQiOjE3NDQwMDEzMzJ9.ZKekFIO_R-mqrQ1mysY9JzFuJdpl_X8TrXaUm8aFZYI
[2025-04-07 08:02:27] [34mINFO[0;39m [36mg.s.f.AccessTokenAuthenticationFilter   [0;39m [35m:54  [0;39m token: eyJhbGciOiJIUzI1NiJ9.eyJzdWIiOiJzZXJ2aWNlQGdyZWVuY2l0eS51YSIsInJvbGUiOlsiUk9MRV9BRE1JTiJdLCJpYXQiOjE3NDQwMDIxNDcsImV4cCI6MTc0NDAwOTM0N30.QX2YdTQ_1otXgVias_UAKzzjsW97irtwf5QcvER9TwE
[2025-04-07 08:02:27] [34mINFO[0;39m [36mg.s.f.AccessTokenAuthenticationFilter   [0;39m [35m:62  [0;39m user: Optional[UserVO(id=5, email=o.bulhakova.chi@gmail.com, languageVO=greencity.dto.language.LanguageVO@1c60)]
[2025-04-07 08:02:27] [31mWARN[0;39m [36m.m.m.a.ExceptionHandlerExceptionResolver[0;39m [35m:247 [0;39m Resolved [org.springframework.web.bind.MissingServletRequestParameterException: Required request parameter 'email' for method parameter type String is not present]
[2025-04-07 08:02:27] [34mINFO[0;39m [36mg.s.f.AccessTokenAuthenticationFilter   [0;39m [35m:54  [0;39m token: eyJhbGciOiJIUzI1NiJ9.eyJzdWIiOiJvLmJ1bGhha292YS5jaGlAZ21haWwuY29tIiwicm9sZSI6WyJST0xFX1VTRVIiXSwiZXhwIjoxNzQ0MDA4NTMyLCJpYXQiOjE3NDQwMDEzMzJ9.ZKekFIO_R-mqrQ1mysY9JzFuJdpl_X8TrXaUm8aFZYI
[2025-04-07 08:02:27] [34mINFO[0;39m [36mg.s.f.AccessTokenAuthenticationFilter   [0;39m [35m:62  [0;39m user: Optional[UserVO(id=1, email=service@greencity.ua, languageVO=greencity.dto.language.LanguageVO@1c60)]
[2025-04-07 08:02:27] [34mINFO[0;39m [36mg.s.f.AccessTokenAuthenticationFilter   [0;39m [35m:62  [0;39m user: Optional[UserVO(id=5, email=o.bulhakova.chi@gmail.com, languageVO=greencity.dto.language.LanguageVO@1c60)]
[2025-04-07 08:02:27] [39mTRACE[0;39m [36mg.e.handler.CustomExceptionHandler      [0;39m [35m:65  [0;39m {"name":"email","message":"The user does not exist by this email: "}
[2025-04-07 08:02:27] [31mWARN[0;39m [36m.m.m.a.ExceptionHandlerExceptionResolver[0;39m [35m:247 [0;39m Resolved [greencity.exceptions.BadRequestException: {"name":"email","message":"The user does not exist by this email: "}]
[2025-04-07 08:02:27] [31mWARN[0;39m [36m.m.m.a.ExceptionHandlerExceptionResolver[0;39m [35m:247 [0;39m Resolved [org.springframework.web.bind.MissingServletRequestParameterException: Required request parameter 'email' for method parameter type String is not present]
[2025-04-07 08:02:27] [34mINFO[0;39m [36mg.s.f.AccessTokenAuthenticationFilter   [0;39m [35m:54  [0;39m token: eyJhbGciOiJIUzI1NiJ9.eyJzdWIiOiJzZXJ2aWNlQGdyZWVuY2l0eS51YSIsInJvbGUiOlsiUk9MRV9BRE1JTiJdLCJpYXQiOjE3NDQwMDIxNDcsImV4cCI6MTc0NDAwOTM0N30.QX2YdTQ_1otXgVias_UAKzzjsW97irtwf5QcvER9TwE
[2025-04-07 08:02:27] [34mINFO[0;39m [36mg.s.f.AccessTokenAuthenticationFilter   [0;39m [35m:62  [0;39m user: Optional[UserVO(id=1, email=service@greencity.ua, languageVO=greencity.dto.language.LanguageVO@1c60)]
[2025-04-07 08:02:27] [39mTRACE[0;39m [36mg.e.handler.CustomExceptionHandler      [0;39m [35m:65  [0;39m {"name":"email","message":"The user does not exist by this email: "}
[2025-04-07 08:02:27] [31mWARN[0;39m [36m.m.m.a.ExceptionHandlerExceptionResolver[0;39m [35m:247 [0;39m Resolved [greencity.exceptions.BadRequestException: {"name":"email","message":"The user does not exist by this email: "}]
[2025-04-07 08:03:05] [34mINFO[0;39m [36mg.service.ubs.OrderLockServiceImpl      [0;39m [35m:60  [0;39m Time: 2025-04-07T07:58:05.006414200
[2025-04-07 08:03:05] [34mINFO[0;39m [36mg.service.ubs.OrderLockServiceImpl      [0;39m [35m:62  [0;39m Unlock orders
[2025-04-07 08:04:05] [34mINFO[0;39m [36mg.service.ubs.OrderLockServiceImpl      [0;39m [35m:60  [0;39m Time: 2025-04-07T07:59:05.006537200
[2025-04-07 08:04:05] [34mINFO[0;39m [36mg.service.ubs.OrderLockServiceImpl      [0;39m [35m:62  [0;39m Unlock orders
[2025-04-07 08:05:05] [34mINFO[0;39m [36mg.service.ubs.OrderLockServiceImpl      [0;39m [35m:60  [0;39m Time: 2025-04-07T08:00:05.021809300
[2025-04-07 08:05:05] [34mINFO[0;39m [36mg.service.ubs.OrderLockServiceImpl      [0;39m [35m:62  [0;39m Unlock orders
[2025-04-07 08:06:05] [34mINFO[0;39m [36mg.service.ubs.OrderLockServiceImpl      [0;39m [35m:60  [0;39m Time: 2025-04-07T08:01:05.004597600
[2025-04-07 08:06:05] [34mINFO[0;39m [36mg.service.ubs.OrderLockServiceImpl      [0;39m [35m:62  [0;39m Unlock orders
[2025-04-07 08:07:05] [34mINFO[0;39m [36mg.service.ubs.OrderLockServiceImpl      [0;39m [35m:60  [0;39m Time: 2025-04-07T08:02:05.006187500
[2025-04-07 08:07:05] [34mINFO[0;39m [36mg.service.ubs.OrderLockServiceImpl      [0;39m [35m:62  [0;39m Unlock orders
[2025-04-07 08:08:05] [34mINFO[0;39m [36mg.service.ubs.OrderLockServiceImpl      [0;39m [35m:60  [0;39m Time: 2025-04-07T08:03:05.001423500
[2025-04-07 08:08:05] [34mINFO[0;39m [36mg.service.ubs.OrderLockServiceImpl      [0;39m [35m:62  [0;39m Unlock orders
[2025-04-07 08:08:41] [34mINFO[0;39m [36mg.s.f.AccessTokenAuthenticationFilter   [0;39m [35m:54  [0;39m token: eyJhbGciOiJIUzI1NiJ9.eyJzdWIiOiJzZXJ2aWNlQGdyZWVuY2l0eS51YSIsInJvbGUiOlsiUk9MRV9BRE1JTiJdLCJpYXQiOjE3NDQwMDI1MjEsImV4cCI6MTc0NDAwOTcyMX0.fYy-paFa3va12WXHeAYSwe4h91IxpIw1rMx2bf5aQ_w
[2025-04-07 08:08:41] [34mINFO[0;39m [36mg.s.f.AccessTokenAuthenticationFilter   [0;39m [35m:62  [0;39m user: Optional[UserVO(id=1, email=service@greencity.ua, languageVO=greencity.dto.language.LanguageVO@1c60)]
[2025-04-07 08:08:41] [39mTRACE[0;39m [36mg.e.handler.CustomExceptionHandler      [0;39m [35m:65  [0;39m {"name":"email","message":"The user does not exist by this email: "}
[2025-04-07 08:08:41] [31mWARN[0;39m [36m.m.m.a.ExceptionHandlerExceptionResolver[0;39m [35m:247 [0;39m Resolved [greencity.exceptions.BadRequestException: {"name":"email","message":"The user does not exist by this email: "}]
[2025-04-07 08:09:05] [34mINFO[0;39m [36mg.service.ubs.OrderLockServiceImpl      [0;39m [35m:60  [0;39m Time: 2025-04-07T08:04:05.004555300
[2025-04-07 08:09:05] [34mINFO[0;39m [36mg.service.ubs.OrderLockServiceImpl      [0;39m [35m:62  [0;39m Unlock orders
[2025-04-07 08:10:05] [34mINFO[0;39m [36mg.service.ubs.OrderLockServiceImpl      [0;39m [35m:60  [0;39m Time: 2025-04-07T08:05:05.000876300
[2025-04-07 08:10:05] [34mINFO[0;39m [36mg.service.ubs.OrderLockServiceImpl      [0;39m [35m:62  [0;39m Unlock orders
[2025-04-07 08:11:04] [34mINFO[0;39m [36mg.service.ubs.OrderLockServiceImpl      [0;39m [35m:60  [0;39m Time: 2025-04-07T08:06:04.994869300
[2025-04-07 08:11:04] [34mINFO[0;39m [36mg.service.ubs.OrderLockServiceImpl      [0;39m [35m:62  [0;39m Unlock orders
[2025-04-07 08:12:04] [34mINFO[0;39m [36mg.service.ubs.OrderLockServiceImpl      [0;39m [35m:60  [0;39m Time: 2025-04-07T08:07:04.997195400
[2025-04-07 08:12:04] [34mINFO[0;39m [36mg.service.ubs.OrderLockServiceImpl      [0;39m [35m:62  [0;39m Unlock orders
[2025-04-07 08:13:05] [34mINFO[0;39m [36mg.service.ubs.OrderLockServiceImpl      [0;39m [35m:60  [0;39m Time: 2025-04-07T08:08:05.006369700
[2025-04-07 08:13:05] [34mINFO[0;39m [36mg.service.ubs.OrderLockServiceImpl      [0;39m [35m:62  [0;39m Unlock orders
[2025-04-07 08:14:05] [34mINFO[0;39m [36mg.service.ubs.OrderLockServiceImpl      [0;39m [35m:60  [0;39m Time: 2025-04-07T08:09:05.001425500
[2025-04-07 08:14:05] [34mINFO[0;39m [36mg.service.ubs.OrderLockServiceImpl      [0;39m [35m:62  [0;39m Unlock orders
[2025-04-07 08:15:04] [34mINFO[0;39m [36mg.service.ubs.OrderLockServiceImpl      [0;39m [35m:60  [0;39m Time: 2025-04-07T08:10:04.994869500
[2025-04-07 08:15:04] [34mINFO[0;39m [36mg.service.ubs.OrderLockServiceImpl      [0;39m [35m:62  [0;39m Unlock orders
[2025-04-07 08:16:04] [34mINFO[0;39m [36mg.service.ubs.OrderLockServiceImpl      [0;39m [35m:60  [0;39m Time: 2025-04-07T08:11:04.995274100
[2025-04-07 08:16:04] [34mINFO[0;39m [36mg.service.ubs.OrderLockServiceImpl      [0;39m [35m:62  [0;39m Unlock orders
[2025-04-07 08:17:05] [34mINFO[0;39m [36mg.service.ubs.OrderLockServiceImpl      [0;39m [35m:60  [0;39m Time: 2025-04-07T08:12:05.005101400
[2025-04-07 08:17:05] [34mINFO[0;39m [36mg.service.ubs.OrderLockServiceImpl      [0;39m [35m:62  [0;39m Unlock orders
[2025-04-07 08:18:05] [34mINFO[0;39m [36mg.service.ubs.OrderLockServiceImpl      [0;39m [35m:60  [0;39m Time: 2025-04-07T08:13:05.005734300
[2025-04-07 08:18:05] [34mINFO[0;39m [36mg.service.ubs.OrderLockServiceImpl      [0;39m [35m:62  [0;39m Unlock orders
[2025-04-07 08:19:05] [34mINFO[0;39m [36mg.service.ubs.OrderLockServiceImpl      [0;39m [35m:60  [0;39m Time: 2025-04-07T08:14:05.001656
[2025-04-07 08:19:05] [34mINFO[0;39m [36mg.service.ubs.OrderLockServiceImpl      [0;39m [35m:62  [0;39m Unlock orders
[2025-04-07 08:19:49] [34mINFO[0;39m [36mg.s.f.AccessTokenAuthenticationFilter   [0;39m [35m:54  [0;39m token: eyJhbGciOiJIUzI1NiJ9.eyJzdWIiOiJvLmJ1bGhha292YS5jaGlAZ21haWwuY29tIiwicm9sZSI6WyJST0xFX1VTRVIiXSwiZXhwIjoxNzQ0MDA4NTMyLCJpYXQiOjE3NDQwMDEzMzJ9.ZKekFIO_R-mqrQ1mysY9JzFuJdpl_X8TrXaUm8aFZYI
[2025-04-07 08:19:49] [34mINFO[0;39m [36mg.s.f.AccessTokenAuthenticationFilter   [0;39m [35m:54  [0;39m token: eyJhbGciOiJIUzI1NiJ9.eyJzdWIiOiJvLmJ1bGhha292YS5jaGlAZ21haWwuY29tIiwicm9sZSI6WyJST0xFX1VTRVIiXSwiZXhwIjoxNzQ0MDA4NTMyLCJpYXQiOjE3NDQwMDEzMzJ9.ZKekFIO_R-mqrQ1mysY9JzFuJdpl_X8TrXaUm8aFZYI
[2025-04-07 08:19:49] [34mINFO[0;39m [36mg.s.f.AccessTokenAuthenticationFilter   [0;39m [35m:54  [0;39m token: eyJhbGciOiJIUzI1NiJ9.eyJzdWIiOiJvLmJ1bGhha292YS5jaGlAZ21haWwuY29tIiwicm9sZSI6WyJST0xFX1VTRVIiXSwiZXhwIjoxNzQ0MDA4NTMyLCJpYXQiOjE3NDQwMDEzMzJ9.ZKekFIO_R-mqrQ1mysY9JzFuJdpl_X8TrXaUm8aFZYI
[2025-04-07 08:19:49] [34mINFO[0;39m [36mg.s.f.AccessTokenAuthenticationFilter   [0;39m [35m:54  [0;39m token: eyJhbGciOiJIUzI1NiJ9.eyJzdWIiOiJvLmJ1bGhha292YS5jaGlAZ21haWwuY29tIiwicm9sZSI6WyJST0xFX1VTRVIiXSwiZXhwIjoxNzQ0MDA4NTMyLCJpYXQiOjE3NDQwMDEzMzJ9.ZKekFIO_R-mqrQ1mysY9JzFuJdpl_X8TrXaUm8aFZYI
[2025-04-07 08:19:49] [34mINFO[0;39m [36mg.s.f.AccessTokenAuthenticationFilter   [0;39m [35m:54  [0;39m token: eyJhbGciOiJIUzI1NiJ9.eyJzdWIiOiJvLmJ1bGhha292YS5jaGlAZ21haWwuY29tIiwicm9sZSI6WyJST0xFX1VTRVIiXSwiZXhwIjoxNzQ0MDA4NTMyLCJpYXQiOjE3NDQwMDEzMzJ9.ZKekFIO_R-mqrQ1mysY9JzFuJdpl_X8TrXaUm8aFZYI
[2025-04-07 08:19:49] [34mINFO[0;39m [36mg.s.f.AccessTokenAuthenticationFilter   [0;39m [35m:62  [0;39m user: Optional[UserVO(id=5, email=o.bulhakova.chi@gmail.com, languageVO=greencity.dto.language.LanguageVO@1c60)]
[2025-04-07 08:19:49] [34mINFO[0;39m [36mg.s.f.AccessTokenAuthenticationFilter   [0;39m [35m:62  [0;39m user: Optional[UserVO(id=5, email=o.bulhakova.chi@gmail.com, languageVO=greencity.dto.language.LanguageVO@1c60)]
[2025-04-07 08:19:49] [34mINFO[0;39m [36mg.s.f.AccessTokenAuthenticationFilter   [0;39m [35m:62  [0;39m user: Optional[UserVO(id=5, email=o.bulhakova.chi@gmail.com, languageVO=greencity.dto.language.LanguageVO@1c60)]
[2025-04-07 08:19:49] [34mINFO[0;39m [36mg.s.f.AccessTokenAuthenticationFilter   [0;39m [35m:62  [0;39m user: Optional[UserVO(id=5, email=o.bulhakova.chi@gmail.com, languageVO=greencity.dto.language.LanguageVO@1c60)]
[2025-04-07 08:19:49] [34mINFO[0;39m [36mg.s.f.AccessTokenAuthenticationFilter   [0;39m [35m:62  [0;39m user: Optional[UserVO(id=5, email=o.bulhakova.chi@gmail.com, languageVO=greencity.dto.language.LanguageVO@1c60)]
[2025-04-07 08:19:49] [34mINFO[0;39m [36mg.s.f.AccessTokenAuthenticationFilter   [0;39m [35m:54  [0;39m token: eyJhbGciOiJIUzI1NiJ9.eyJzdWIiOiJvLmJ1bGhha292YS5jaGlAZ21haWwuY29tIiwicm9sZSI6WyJST0xFX1VTRVIiXSwiZXhwIjoxNzQ0MDA4NTMyLCJpYXQiOjE3NDQwMDEzMzJ9.ZKekFIO_R-mqrQ1mysY9JzFuJdpl_X8TrXaUm8aFZYI
[2025-04-07 08:19:49] [34mINFO[0;39m [36mg.s.f.AccessTokenAuthenticationFilter   [0;39m [35m:54  [0;39m token: eyJhbGciOiJIUzI1NiJ9.eyJzdWIiOiJvLmJ1bGhha292YS5jaGlAZ21haWwuY29tIiwicm9sZSI6WyJST0xFX1VTRVIiXSwiZXhwIjoxNzQ0MDA4NTMyLCJpYXQiOjE3NDQwMDEzMzJ9.ZKekFIO_R-mqrQ1mysY9JzFuJdpl_X8TrXaUm8aFZYI
[2025-04-07 08:19:49] [34mINFO[0;39m [36mg.s.f.AccessTokenAuthenticationFilter   [0;39m [35m:62  [0;39m user: Optional[UserVO(id=5, email=o.bulhakova.chi@gmail.com, languageVO=greencity.dto.language.LanguageVO@1c60)]
[2025-04-07 08:19:49] [34mINFO[0;39m [36mg.s.f.AccessTokenAuthenticationFilter   [0;39m [35m:62  [0;39m user: Optional[UserVO(id=5, email=o.bulhakova.chi@gmail.com, languageVO=greencity.dto.language.LanguageVO@1c60)]
[2025-04-07 08:19:57] [34mINFO[0;39m [36mg.s.f.AccessTokenAuthenticationFilter   [0;39m [35m:54  [0;39m token: eyJhbGciOiJIUzI1NiJ9.eyJzdWIiOiJvLmJ1bGhha292YS5jaGlAZ21haWwuY29tIiwicm9sZSI6WyJST0xFX1VTRVIiXSwiZXhwIjoxNzQ0MDA4NTMyLCJpYXQiOjE3NDQwMDEzMzJ9.ZKekFIO_R-mqrQ1mysY9JzFuJdpl_X8TrXaUm8aFZYI
[2025-04-07 08:19:57] [34mINFO[0;39m [36mg.s.f.AccessTokenAuthenticationFilter   [0;39m [35m:54  [0;39m token: null
[2025-04-07 08:19:57] [34mINFO[0;39m [36mg.s.f.AccessTokenAuthenticationFilter   [0;39m [35m:62  [0;39m user: Optional[UserVO(id=5, email=o.bulhakova.chi@gmail.com, languageVO=greencity.dto.language.LanguageVO@1c60)]
[2025-04-07 08:19:57] [34mINFO[0;39m [36mg.s.f.AccessTokenAuthenticationFilter   [0;39m [35m:54  [0;39m token: null
[2025-04-07 08:19:57] [34mINFO[0;39m [36mg.s.f.AccessTokenAuthenticationFilter   [0;39m [35m:54  [0;39m token: null
[2025-04-07 08:19:57] [34mINFO[0;39m [36mg.s.f.AccessTokenAuthenticationFilter   [0;39m [35m:54  [0;39m token: null
[2025-04-07 08:20:04] [34mINFO[0;39m [36mg.service.ubs.OrderLockServiceImpl      [0;39m [35m:60  [0;39m Time: 2025-04-07T08:15:04.999946700
[2025-04-07 08:20:05] [34mINFO[0;39m [36mg.service.ubs.OrderLockServiceImpl      [0;39m [35m:62  [0;39m Unlock orders
[2025-04-07 08:21:05] [34mINFO[0;39m [36mg.service.ubs.OrderLockServiceImpl      [0;39m [35m:60  [0;39m Time: 2025-04-07T08:16:05.003094800
[2025-04-07 08:21:05] [34mINFO[0;39m [36mg.service.ubs.OrderLockServiceImpl      [0;39m [35m:62  [0;39m Unlock orders
[2025-04-07 08:21:05] [34mINFO[0;39m [36mg.s.f.AccessTokenAuthenticationFilter   [0;39m [35m:54  [0;39m token: eyJhbGciOiJIUzI1NiJ9.eyJzdWIiOiJvLmJ1bGhha292YS5jaGlAZ21haWwuY29tIiwicm9sZSI6WyJST0xFX1VTRVIiXSwiZXhwIjoxNzQ0MDEwNDY1LCJpYXQiOjE3NDQwMDMyNjV9.6YxrPtD_L9Al52cqwl4zxSU6B_ar3t1c1BdLu1Xz3Fs
[2025-04-07 08:21:05] [34mINFO[0;39m [36mg.s.f.AccessTokenAuthenticationFilter   [0;39m [35m:54  [0;39m token: eyJhbGciOiJIUzI1NiJ9.eyJzdWIiOiJvLmJ1bGhha292YS5jaGlAZ21haWwuY29tIiwicm9sZSI6WyJST0xFX1VTRVIiXSwiZXhwIjoxNzQ0MDEwNDY1LCJpYXQiOjE3NDQwMDMyNjV9.6YxrPtD_L9Al52cqwl4zxSU6B_ar3t1c1BdLu1Xz3Fs
[2025-04-07 08:21:05] [34mINFO[0;39m [36mg.s.f.AccessTokenAuthenticationFilter   [0;39m [35m:62  [0;39m user: Optional[UserVO(id=5, email=o.bulhakova.chi@gmail.com, languageVO=greencity.dto.language.LanguageVO@1c60)]
[2025-04-07 08:21:05] [34mINFO[0;39m [36mg.s.f.AccessTokenAuthenticationFilter   [0;39m [35m:62  [0;39m user: Optional[UserVO(id=5, email=o.bulhakova.chi@gmail.com, languageVO=greencity.dto.language.LanguageVO@1c60)]
[2025-04-07 08:21:05] [34mINFO[0;39m [36mg.s.f.AccessTokenAuthenticationFilter   [0;39m [35m:54  [0;39m token: eyJhbGciOiJIUzI1NiJ9.eyJzdWIiOiJvLmJ1bGhha292YS5jaGlAZ21haWwuY29tIiwicm9sZSI6WyJST0xFX1VTRVIiXSwiZXhwIjoxNzQ0MDEwNDY1LCJpYXQiOjE3NDQwMDMyNjV9.6YxrPtD_L9Al52cqwl4zxSU6B_ar3t1c1BdLu1Xz3Fs
[2025-04-07 08:21:05] [34mINFO[0;39m [36mg.s.f.AccessTokenAuthenticationFilter   [0;39m [35m:54  [0;39m token: eyJhbGciOiJIUzI1NiJ9.eyJzdWIiOiJvLmJ1bGhha292YS5jaGlAZ21haWwuY29tIiwicm9sZSI6WyJST0xFX1VTRVIiXSwiZXhwIjoxNzQ0MDEwNDY1LCJpYXQiOjE3NDQwMDMyNjV9.6YxrPtD_L9Al52cqwl4zxSU6B_ar3t1c1BdLu1Xz3Fs
[2025-04-07 08:21:05] [34mINFO[0;39m [36mg.s.f.AccessTokenAuthenticationFilter   [0;39m [35m:62  [0;39m user: Optional[UserVO(id=5, email=o.bulhakova.chi@gmail.com, languageVO=greencity.dto.language.LanguageVO@1c60)]
[2025-04-07 08:21:05] [34mINFO[0;39m [36mg.s.f.AccessTokenAuthenticationFilter   [0;39m [35m:62  [0;39m user: Optional[UserVO(id=5, email=o.bulhakova.chi@gmail.com, languageVO=greencity.dto.language.LanguageVO@1c60)]
[2025-04-07 08:21:05] [34mINFO[0;39m [36mg.s.f.AccessTokenAuthenticationFilter   [0;39m [35m:54  [0;39m token: eyJhbGciOiJIUzI1NiJ9.eyJzdWIiOiJvLmJ1bGhha292YS5jaGlAZ21haWwuY29tIiwicm9sZSI6WyJST0xFX1VTRVIiXSwiZXhwIjoxNzQ0MDEwNDY1LCJpYXQiOjE3NDQwMDMyNjV9.6YxrPtD_L9Al52cqwl4zxSU6B_ar3t1c1BdLu1Xz3Fs
[2025-04-07 08:21:05] [34mINFO[0;39m [36mg.s.f.AccessTokenAuthenticationFilter   [0;39m [35m:62  [0;39m user: Optional[UserVO(id=5, email=o.bulhakova.chi@gmail.com, languageVO=greencity.dto.language.LanguageVO@1c60)]
[2025-04-07 08:21:05] [34mINFO[0;39m [36mg.s.f.AccessTokenAuthenticationFilter   [0;39m [35m:54  [0;39m token: eyJhbGciOiJIUzI1NiJ9.eyJzdWIiOiJvLmJ1bGhha292YS5jaGlAZ21haWwuY29tIiwicm9sZSI6WyJST0xFX1VTRVIiXSwiZXhwIjoxNzQ0MDEwNDY1LCJpYXQiOjE3NDQwMDMyNjV9.6YxrPtD_L9Al52cqwl4zxSU6B_ar3t1c1BdLu1Xz3Fs
[2025-04-07 08:21:05] [34mINFO[0;39m [36mg.s.f.AccessTokenAuthenticationFilter   [0;39m [35m:62  [0;39m user: Optional[UserVO(id=5, email=o.bulhakova.chi@gmail.com, languageVO=greencity.dto.language.LanguageVO@1c60)]
[2025-04-07 08:21:05] [34mINFO[0;39m [36mg.s.f.AccessTokenAuthenticationFilter   [0;39m [35m:54  [0;39m token: eyJhbGciOiJIUzI1NiJ9.eyJzdWIiOiJvLmJ1bGhha292YS5jaGlAZ21haWwuY29tIiwicm9sZSI6WyJST0xFX1VTRVIiXSwiZXhwIjoxNzQ0MDEwNDY1LCJpYXQiOjE3NDQwMDMyNjV9.6YxrPtD_L9Al52cqwl4zxSU6B_ar3t1c1BdLu1Xz3Fs
[2025-04-07 08:21:05] [34mINFO[0;39m [36mg.s.f.AccessTokenAuthenticationFilter   [0;39m [35m:62  [0;39m user: Optional[UserVO(id=5, email=o.bulhakova.chi@gmail.com, languageVO=greencity.dto.language.LanguageVO@1c60)]
[2025-04-07 08:21:11] [34mINFO[0;39m [36mg.s.f.AccessTokenAuthenticationFilter   [0;39m [35m:54  [0;39m token: eyJhbGciOiJIUzI1NiJ9.eyJzdWIiOiJzZXJ2aWNlQGdyZWVuY2l0eS51YSIsInJvbGUiOlsiUk9MRV9BRE1JTiJdLCJpYXQiOjE3NDQwMDMyNzEsImV4cCI6MTc0NDAxMDQ3MX0.TQxyBZI3Vc-JkmR53t8Ajv5WDV90clR-dn6UQLzKBAg
[2025-04-07 08:21:11] [34mINFO[0;39m [36mg.s.f.AccessTokenAuthenticationFilter   [0;39m [35m:62  [0;39m user: Optional[UserVO(id=1, email=service@greencity.ua, languageVO=greencity.dto.language.LanguageVO@1c60)]
[2025-04-07 08:21:11] [39mTRACE[0;39m [36mg.e.handler.CustomExceptionHandler      [0;39m [35m:65  [0;39m {"name":"email","message":"The user does not exist by this email: "}
[2025-04-07 08:21:11] [31mWARN[0;39m [36m.m.m.a.ExceptionHandlerExceptionResolver[0;39m [35m:247 [0;39m Resolved [greencity.exceptions.BadRequestException: {"name":"email","message":"The user does not exist by this email: "}]
[2025-04-07 08:21:16] [34mINFO[0;39m [36mg.s.f.AccessTokenAuthenticationFilter   [0;39m [35m:54  [0;39m token: eyJhbGciOiJIUzI1NiJ9.eyJzdWIiOiJvLmJ1bGhha292YS5jaGlAZ21haWwuY29tIiwicm9sZSI6WyJST0xFX1VTRVIiXSwiZXhwIjoxNzQ0MDEwNDY1LCJpYXQiOjE3NDQwMDMyNjV9.6YxrPtD_L9Al52cqwl4zxSU6B_ar3t1c1BdLu1Xz3Fs
[2025-04-07 08:21:16] [34mINFO[0;39m [36mg.s.f.AccessTokenAuthenticationFilter   [0;39m [35m:54  [0;39m token: eyJhbGciOiJIUzI1NiJ9.eyJzdWIiOiJzZXJ2aWNlQGdyZWVuY2l0eS51YSIsInJvbGUiOlsiUk9MRV9BRE1JTiJdLCJpYXQiOjE3NDQwMDMyNzYsImV4cCI6MTc0NDAxMDQ3Nn0.xE3_p-1s4h4EXL3yqhK1-dzehtoilvTjw6TZsLzHDy0
[2025-04-07 08:21:16] [34mINFO[0;39m [36mg.s.f.AccessTokenAuthenticationFilter   [0;39m [35m:62  [0;39m user: Optional[UserVO(id=5, email=o.bulhakova.chi@gmail.com, languageVO=greencity.dto.language.LanguageVO@1c60)]
[2025-04-07 08:21:16] [31mWARN[0;39m [36m.m.m.a.ExceptionHandlerExceptionResolver[0;39m [35m:247 [0;39m Resolved [org.springframework.web.bind.MissingServletRequestParameterException: Required request parameter 'email' for method parameter type String is not present]
[2025-04-07 08:21:16] [34mINFO[0;39m [36mg.s.f.AccessTokenAuthenticationFilter   [0;39m [35m:54  [0;39m token: eyJhbGciOiJIUzI1NiJ9.eyJzdWIiOiJvLmJ1bGhha292YS5jaGlAZ21haWwuY29tIiwicm9sZSI6WyJST0xFX1VTRVIiXSwiZXhwIjoxNzQ0MDEwNDY1LCJpYXQiOjE3NDQwMDMyNjV9.6YxrPtD_L9Al52cqwl4zxSU6B_ar3t1c1BdLu1Xz3Fs
[2025-04-07 08:21:16] [34mINFO[0;39m [36mg.s.f.AccessTokenAuthenticationFilter   [0;39m [35m:62  [0;39m user: Optional[UserVO(id=1, email=service@greencity.ua, languageVO=greencity.dto.language.LanguageVO@1c60)]
[2025-04-07 08:21:16] [34mINFO[0;39m [36mg.s.f.AccessTokenAuthenticationFilter   [0;39m [35m:62  [0;39m user: Optional[UserVO(id=5, email=o.bulhakova.chi@gmail.com, languageVO=greencity.dto.language.LanguageVO@1c60)]
[2025-04-07 08:21:16] [31mWARN[0;39m [36m.m.m.a.ExceptionHandlerExceptionResolver[0;39m [35m:247 [0;39m Resolved [org.springframework.web.bind.MissingServletRequestParameterException: Required request parameter 'email' for method parameter type String is not present]
[2025-04-07 08:21:16] [39mTRACE[0;39m [36mg.e.handler.CustomExceptionHandler      [0;39m [35m:65  [0;39m {"name":"email","message":"The user does not exist by this email: "}
[2025-04-07 08:21:16] [31mWARN[0;39m [36m.m.m.a.ExceptionHandlerExceptionResolver[0;39m [35m:247 [0;39m Resolved [greencity.exceptions.BadRequestException: {"name":"email","message":"The user does not exist by this email: "}]
[2025-04-07 08:21:16] [34mINFO[0;39m [36mg.s.f.AccessTokenAuthenticationFilter   [0;39m [35m:54  [0;39m token: eyJhbGciOiJIUzI1NiJ9.eyJzdWIiOiJzZXJ2aWNlQGdyZWVuY2l0eS51YSIsInJvbGUiOlsiUk9MRV9BRE1JTiJdLCJpYXQiOjE3NDQwMDMyNzYsImV4cCI6MTc0NDAxMDQ3Nn0.xE3_p-1s4h4EXL3yqhK1-dzehtoilvTjw6TZsLzHDy0
[2025-04-07 08:21:16] [34mINFO[0;39m [36mg.s.f.AccessTokenAuthenticationFilter   [0;39m [35m:62  [0;39m user: Optional[UserVO(id=1, email=service@greencity.ua, languageVO=greencity.dto.language.LanguageVO@1c60)]
[2025-04-07 08:21:16] [39mTRACE[0;39m [36mg.e.handler.CustomExceptionHandler      [0;39m [35m:65  [0;39m {"name":"email","message":"The user does not exist by this email: "}
[2025-04-07 08:21:16] [31mWARN[0;39m [36m.m.m.a.ExceptionHandlerExceptionResolver[0;39m [35m:247 [0;39m Resolved [greencity.exceptions.BadRequestException: {"name":"email","message":"The user does not exist by this email: "}]
[2025-04-07 08:21:21] [34mINFO[0;39m [36mg.s.f.AccessTokenAuthenticationFilter   [0;39m [35m:54  [0;39m token: eyJhbGciOiJIUzI1NiJ9.eyJzdWIiOiJvLmJ1bGhha292YS5jaGlAZ21haWwuY29tIiwicm9sZSI6WyJST0xFX1VTRVIiXSwiZXhwIjoxNzQ0MDEwNDY1LCJpYXQiOjE3NDQwMDMyNjV9.6YxrPtD_L9Al52cqwl4zxSU6B_ar3t1c1BdLu1Xz3Fs
[2025-04-07 08:21:21] [34mINFO[0;39m [36mg.s.f.AccessTokenAuthenticationFilter   [0;39m [35m:54  [0;39m token: eyJhbGciOiJIUzI1NiJ9.eyJzdWIiOiJzZXJ2aWNlQGdyZWVuY2l0eS51YSIsInJvbGUiOlsiUk9MRV9BRE1JTiJdLCJpYXQiOjE3NDQwMDMyODEsImV4cCI6MTc0NDAxMDQ4MX0.QdMpRixoJjPc4afWT-GUaJmSR_GfgToay64MWrXOHkU
[2025-04-07 08:21:21] [34mINFO[0;39m [36mg.s.f.AccessTokenAuthenticationFilter   [0;39m [35m:62  [0;39m user: Optional[UserVO(id=5, email=o.bulhakova.chi@gmail.com, languageVO=greencity.dto.language.LanguageVO@1c60)]
[2025-04-07 08:21:21] [31mWARN[0;39m [36m.m.m.a.ExceptionHandlerExceptionResolver[0;39m [35m:247 [0;39m Resolved [org.springframework.web.bind.MissingServletRequestParameterException: Required request parameter 'email' for method parameter type String is not present]
[2025-04-07 08:21:21] [34mINFO[0;39m [36mg.s.f.AccessTokenAuthenticationFilter   [0;39m [35m:54  [0;39m token: eyJhbGciOiJIUzI1NiJ9.eyJzdWIiOiJvLmJ1bGhha292YS5jaGlAZ21haWwuY29tIiwicm9sZSI6WyJST0xFX1VTRVIiXSwiZXhwIjoxNzQ0MDEwNDY1LCJpYXQiOjE3NDQwMDMyNjV9.6YxrPtD_L9Al52cqwl4zxSU6B_ar3t1c1BdLu1Xz3Fs
[2025-04-07 08:21:21] [34mINFO[0;39m [36mg.s.f.AccessTokenAuthenticationFilter   [0;39m [35m:62  [0;39m user: Optional[UserVO(id=1, email=service@greencity.ua, languageVO=greencity.dto.language.LanguageVO@1c60)]
[2025-04-07 08:21:21] [34mINFO[0;39m [36mg.s.f.AccessTokenAuthenticationFilter   [0;39m [35m:62  [0;39m user: Optional[UserVO(id=5, email=o.bulhakova.chi@gmail.com, languageVO=greencity.dto.language.LanguageVO@1c60)]
[2025-04-07 08:21:21] [39mTRACE[0;39m [36mg.e.handler.CustomExceptionHandler      [0;39m [35m:65  [0;39m {"name":"email","message":"The user does not exist by this email: "}
[2025-04-07 08:21:21] [31mWARN[0;39m [36m.m.m.a.ExceptionHandlerExceptionResolver[0;39m [35m:247 [0;39m Resolved [org.springframework.web.bind.MissingServletRequestParameterException: Required request parameter 'email' for method parameter type String is not present]
[2025-04-07 08:21:21] [31mWARN[0;39m [36m.m.m.a.ExceptionHandlerExceptionResolver[0;39m [35m:247 [0;39m Resolved [greencity.exceptions.BadRequestException: {"name":"email","message":"The user does not exist by this email: "}]
[2025-04-07 08:21:21] [34mINFO[0;39m [36mg.s.f.AccessTokenAuthenticationFilter   [0;39m [35m:54  [0;39m token: eyJhbGciOiJIUzI1NiJ9.eyJzdWIiOiJzZXJ2aWNlQGdyZWVuY2l0eS51YSIsInJvbGUiOlsiUk9MRV9BRE1JTiJdLCJpYXQiOjE3NDQwMDMyODEsImV4cCI6MTc0NDAxMDQ4MX0.QdMpRixoJjPc4afWT-GUaJmSR_GfgToay64MWrXOHkU
[2025-04-07 08:21:21] [34mINFO[0;39m [36mg.s.f.AccessTokenAuthenticationFilter   [0;39m [35m:62  [0;39m user: Optional[UserVO(id=1, email=service@greencity.ua, languageVO=greencity.dto.language.LanguageVO@1c60)]
[2025-04-07 08:21:21] [39mTRACE[0;39m [36mg.e.handler.CustomExceptionHandler      [0;39m [35m:65  [0;39m {"name":"email","message":"The user does not exist by this email: "}
[2025-04-07 08:21:21] [31mWARN[0;39m [36m.m.m.a.ExceptionHandlerExceptionResolver[0;39m [35m:247 [0;39m Resolved [greencity.exceptions.BadRequestException: {"name":"email","message":"The user does not exist by this email: "}]
[2025-04-07 08:21:24] [34mINFO[0;39m [36mg.s.f.AccessTokenAuthenticationFilter   [0;39m [35m:54  [0;39m token: eyJhbGciOiJIUzI1NiJ9.eyJzdWIiOiJzZXJ2aWNlQGdyZWVuY2l0eS51YSIsInJvbGUiOlsiUk9MRV9BRE1JTiJdLCJpYXQiOjE3NDQwMDMyODQsImV4cCI6MTc0NDAxMDQ4NH0.KbK31GIE0vA3Rhmg02sdO2-zDu6nXEvuGMopnhT2Bmk
[2025-04-07 08:21:24] [34mINFO[0;39m [36mg.s.f.AccessTokenAuthenticationFilter   [0;39m [35m:62  [0;39m user: Optional[UserVO(id=1, email=service@greencity.ua, languageVO=greencity.dto.language.LanguageVO@1c60)]
[2025-04-07 08:21:24] [39mTRACE[0;39m [36mg.e.handler.CustomExceptionHandler      [0;39m [35m:65  [0;39m {"name":"email","message":"The user does not exist by this email: "}
[2025-04-07 08:21:24] [31mWARN[0;39m [36m.m.m.a.ExceptionHandlerExceptionResolver[0;39m [35m:247 [0;39m Resolved [greencity.exceptions.BadRequestException: {"name":"email","message":"The user does not exist by this email: "}]
[2025-04-07 08:21:44] [34mINFO[0;39m [36mg.s.f.AccessTokenAuthenticationFilter   [0;39m [35m:54  [0;39m token: eyJhbGciOiJIUzI1NiJ9.eyJzdWIiOiJzZXJ2aWNlQGdyZWVuY2l0eS51YSIsInJvbGUiOlsiUk9MRV9BRE1JTiJdLCJpYXQiOjE3NDQwMDMzMDQsImV4cCI6MTc0NDAxMDUwNH0.cPy7SeprmL6lRYRLWmHOqP78PAXbo4T4xztmpqIZV6A
[2025-04-07 08:21:44] [34mINFO[0;39m [36mg.s.f.AccessTokenAuthenticationFilter   [0;39m [35m:62  [0;39m user: Optional[UserVO(id=1, email=service@greencity.ua, languageVO=greencity.dto.language.LanguageVO@1c60)]
[2025-04-07 08:21:44] [39mTRACE[0;39m [36mg.e.handler.CustomExceptionHandler      [0;39m [35m:65  [0;39m {"name":"email","message":"The user does not exist by this email: "}
[2025-04-07 08:21:44] [31mWARN[0;39m [36m.m.m.a.ExceptionHandlerExceptionResolver[0;39m [35m:247 [0;39m Resolved [greencity.exceptions.BadRequestException: {"name":"email","message":"The user does not exist by this email: "}]
[2025-04-07 08:21:48] [34mINFO[0;39m [36mg.s.f.AccessTokenAuthenticationFilter   [0;39m [35m:54  [0;39m token: eyJhbGciOiJIUzI1NiJ9.eyJzdWIiOiJvLmJ1bGhha292YS5jaGlAZ21haWwuY29tIiwicm9sZSI6WyJST0xFX1VTRVIiXSwiZXhwIjoxNzQ0MDEwNDY1LCJpYXQiOjE3NDQwMDMyNjV9.6YxrPtD_L9Al52cqwl4zxSU6B_ar3t1c1BdLu1Xz3Fs
[2025-04-07 08:21:48] [34mINFO[0;39m [36mg.s.f.AccessTokenAuthenticationFilter   [0;39m [35m:62  [0;39m user: Optional[UserVO(id=5, email=o.bulhakova.chi@gmail.com, languageVO=greencity.dto.language.LanguageVO@1c60)]
[2025-04-07 08:21:50] [34mINFO[0;39m [36mg.s.f.AccessTokenAuthenticationFilter   [0;39m [35m:54  [0;39m token: eyJhbGciOiJIUzI1NiJ9.eyJzdWIiOiJzZXJ2aWNlQGdyZWVuY2l0eS51YSIsInJvbGUiOlsiUk9MRV9BRE1JTiJdLCJpYXQiOjE3NDQwMDMzMTAsImV4cCI6MTc0NDAxMDUxMH0.WgZX6cETpE57WeobvsUCet1v3kHbBprNFzcHDbcZkrg
[2025-04-07 08:21:50] [34mINFO[0;39m [36mg.s.f.AccessTokenAuthenticationFilter   [0;39m [35m:62  [0;39m user: Optional[UserVO(id=1, email=service@greencity.ua, languageVO=greencity.dto.language.LanguageVO@1c60)]
[2025-04-07 08:21:50] [39mTRACE[0;39m [36mg.e.handler.CustomExceptionHandler      [0;39m [35m:65  [0;39m {"name":"email","message":"The user does not exist by this email: "}
[2025-04-07 08:21:50] [31mWARN[0;39m [36m.m.m.a.ExceptionHandlerExceptionResolver[0;39m [35m:247 [0;39m Resolved [greencity.exceptions.BadRequestException: {"name":"email","message":"The user does not exist by this email: "}]
[2025-04-07 08:21:56] [34mINFO[0;39m [36mg.s.f.AccessTokenAuthenticationFilter   [0;39m [35m:54  [0;39m token: eyJhbGciOiJIUzI1NiJ9.eyJzdWIiOiJvLmJ1bGhha292YS5jaGlAZ21haWwuY29tIiwicm9sZSI6WyJST0xFX1VTRVIiXSwiZXhwIjoxNzQ0MDEwNDY1LCJpYXQiOjE3NDQwMDMyNjV9.6YxrPtD_L9Al52cqwl4zxSU6B_ar3t1c1BdLu1Xz3Fs
[2025-04-07 08:21:56] [34mINFO[0;39m [36mg.s.f.AccessTokenAuthenticationFilter   [0;39m [35m:62  [0;39m user: Optional[UserVO(id=5, email=o.bulhakova.chi@gmail.com, languageVO=greencity.dto.language.LanguageVO@1c60)]
[2025-04-07 08:21:56] [34mINFO[0;39m [36mg.s.f.AccessTokenAuthenticationFilter   [0;39m [35m:54  [0;39m token: eyJhbGciOiJIUzI1NiJ9.eyJzdWIiOiJvLmJ1bGhha292YS5jaGlAZ21haWwuY29tIiwicm9sZSI6WyJST0xFX1VTRVIiXSwiZXhwIjoxNzQ0MDEwNDY1LCJpYXQiOjE3NDQwMDMyNjV9.6YxrPtD_L9Al52cqwl4zxSU6B_ar3t1c1BdLu1Xz3Fs
[2025-04-07 08:21:56] [34mINFO[0;39m [36mg.s.f.AccessTokenAuthenticationFilter   [0;39m [35m:62  [0;39m user: Optional[UserVO(id=5, email=o.bulhakova.chi@gmail.com, languageVO=greencity.dto.language.LanguageVO@1c60)]
[2025-04-07 08:21:56] [34mINFO[0;39m [36mg.s.f.AccessTokenAuthenticationFilter   [0;39m [35m:54  [0;39m token: eyJhbGciOiJIUzI1NiJ9.eyJzdWIiOiJvLmJ1bGhha292YS5jaGlAZ21haWwuY29tIiwicm9sZSI6WyJST0xFX1VTRVIiXSwiZXhwIjoxNzQ0MDEwNDY1LCJpYXQiOjE3NDQwMDMyNjV9.6YxrPtD_L9Al52cqwl4zxSU6B_ar3t1c1BdLu1Xz3Fs
[2025-04-07 08:21:56] [34mINFO[0;39m [36mg.s.f.AccessTokenAuthenticationFilter   [0;39m [35m:62  [0;39m user: Optional[UserVO(id=5, email=o.bulhakova.chi@gmail.com, languageVO=greencity.dto.language.LanguageVO@1c60)]
[2025-04-07 08:21:56] [34mINFO[0;39m [36mg.s.f.AccessTokenAuthenticationFilter   [0;39m [35m:54  [0;39m token: eyJhbGciOiJIUzI1NiJ9.eyJzdWIiOiJvLmJ1bGhha292YS5jaGlAZ21haWwuY29tIiwicm9sZSI6WyJST0xFX1VTRVIiXSwiZXhwIjoxNzQ0MDEwNDY1LCJpYXQiOjE3NDQwMDMyNjV9.6YxrPtD_L9Al52cqwl4zxSU6B_ar3t1c1BdLu1Xz3Fs
[2025-04-07 08:21:56] [34mINFO[0;39m [36mg.s.f.AccessTokenAuthenticationFilter   [0;39m [35m:62  [0;39m user: Optional[UserVO(id=5, email=o.bulhakova.chi@gmail.com, languageVO=greencity.dto.language.LanguageVO@1c60)]
[2025-04-07 08:21:57] [34mINFO[0;39m [36mg.s.f.AccessTokenAuthenticationFilter   [0;39m [35m:54  [0;39m token: eyJhbGciOiJIUzI1NiJ9.eyJzdWIiOiJvLmJ1bGhha292YS5jaGlAZ21haWwuY29tIiwicm9sZSI6WyJST0xFX1VTRVIiXSwiZXhwIjoxNzQ0MDEwNDY1LCJpYXQiOjE3NDQwMDMyNjV9.6YxrPtD_L9Al52cqwl4zxSU6B_ar3t1c1BdLu1Xz3Fs
[2025-04-07 08:21:57] [34mINFO[0;39m [36mg.s.f.AccessTokenAuthenticationFilter   [0;39m [35m:62  [0;39m user: Optional[UserVO(id=5, email=o.bulhakova.chi@gmail.com, languageVO=greencity.dto.language.LanguageVO@1c60)]
[2025-04-07 08:21:57] [34mINFO[0;39m [36mg.s.f.AccessTokenAuthenticationFilter   [0;39m [35m:54  [0;39m token: eyJhbGciOiJIUzI1NiJ9.eyJzdWIiOiJvLmJ1bGhha292YS5jaGlAZ21haWwuY29tIiwicm9sZSI6WyJST0xFX1VTRVIiXSwiZXhwIjoxNzQ0MDEwNDY1LCJpYXQiOjE3NDQwMDMyNjV9.6YxrPtD_L9Al52cqwl4zxSU6B_ar3t1c1BdLu1Xz3Fs
[2025-04-07 08:21:57] [34mINFO[0;39m [36mg.s.f.AccessTokenAuthenticationFilter   [0;39m [35m:54  [0;39m token: eyJhbGciOiJIUzI1NiJ9.eyJzdWIiOiJvLmJ1bGhha292YS5jaGlAZ21haWwuY29tIiwicm9sZSI6WyJST0xFX1VTRVIiXSwiZXhwIjoxNzQ0MDEwNDY1LCJpYXQiOjE3NDQwMDMyNjV9.6YxrPtD_L9Al52cqwl4zxSU6B_ar3t1c1BdLu1Xz3Fs
[2025-04-07 08:21:57] [34mINFO[0;39m [36mg.s.f.AccessTokenAuthenticationFilter   [0;39m [35m:62  [0;39m user: Optional[UserVO(id=5, email=o.bulhakova.chi@gmail.com, languageVO=greencity.dto.language.LanguageVO@1c60)]
[2025-04-07 08:21:57] [34mINFO[0;39m [36mg.s.f.AccessTokenAuthenticationFilter   [0;39m [35m:62  [0;39m user: Optional[UserVO(id=5, email=o.bulhakova.chi@gmail.com, languageVO=greencity.dto.language.LanguageVO@1c60)]
[2025-04-07 08:21:57] [34mINFO[0;39m [36mg.s.f.AccessTokenAuthenticationFilter   [0;39m [35m:54  [0;39m token: eyJhbGciOiJIUzI1NiJ9.eyJzdWIiOiJvLmJ1bGhha292YS5jaGlAZ21haWwuY29tIiwicm9sZSI6WyJST0xFX1VTRVIiXSwiZXhwIjoxNzQ0MDEwNDY1LCJpYXQiOjE3NDQwMDMyNjV9.6YxrPtD_L9Al52cqwl4zxSU6B_ar3t1c1BdLu1Xz3Fs
[2025-04-07 08:21:57] [34mINFO[0;39m [36mg.s.f.AccessTokenAuthenticationFilter   [0;39m [35m:62  [0;39m user: Optional[UserVO(id=5, email=o.bulhakova.chi@gmail.com, languageVO=greencity.dto.language.LanguageVO@1c60)]
[2025-04-07 08:21:57] [34mINFO[0;39m [36mg.s.f.AccessTokenAuthenticationFilter   [0;39m [35m:54  [0;39m token: eyJhbGciOiJIUzI1NiJ9.eyJzdWIiOiJvLmJ1bGhha292YS5jaGlAZ21haWwuY29tIiwicm9sZSI6WyJST0xFX1VTRVIiXSwiZXhwIjoxNzQ0MDEwNDY1LCJpYXQiOjE3NDQwMDMyNjV9.6YxrPtD_L9Al52cqwl4zxSU6B_ar3t1c1BdLu1Xz3Fs
[2025-04-07 08:21:57] [34mINFO[0;39m [36mg.s.f.AccessTokenAuthenticationFilter   [0;39m [35m:62  [0;39m user: Optional[UserVO(id=5, email=o.bulhakova.chi@gmail.com, languageVO=greencity.dto.language.LanguageVO@1c60)]
[2025-04-07 08:21:57] [34mINFO[0;39m [36mg.s.f.AccessTokenAuthenticationFilter   [0;39m [35m:54  [0;39m token: eyJhbGciOiJIUzI1NiJ9.eyJzdWIiOiJvLmJ1bGhha292YS5jaGlAZ21haWwuY29tIiwicm9sZSI6WyJST0xFX1VTRVIiXSwiZXhwIjoxNzQ0MDEwNDY1LCJpYXQiOjE3NDQwMDMyNjV9.6YxrPtD_L9Al52cqwl4zxSU6B_ar3t1c1BdLu1Xz3Fs
[2025-04-07 08:21:57] [34mINFO[0;39m [36mg.s.f.AccessTokenAuthenticationFilter   [0;39m [35m:62  [0;39m user: Optional[UserVO(id=5, email=o.bulhakova.chi@gmail.com, languageVO=greencity.dto.language.LanguageVO@1c60)]
[2025-04-07 08:21:57] [34mINFO[0;39m [36mg.s.f.AccessTokenAuthenticationFilter   [0;39m [35m:54  [0;39m token: eyJhbGciOiJIUzI1NiJ9.eyJzdWIiOiJvLmJ1bGhha292YS5jaGlAZ21haWwuY29tIiwicm9sZSI6WyJST0xFX1VTRVIiXSwiZXhwIjoxNzQ0MDEwNDY1LCJpYXQiOjE3NDQwMDMyNjV9.6YxrPtD_L9Al52cqwl4zxSU6B_ar3t1c1BdLu1Xz3Fs
[2025-04-07 08:21:57] [34mINFO[0;39m [36mg.s.f.AccessTokenAuthenticationFilter   [0;39m [35m:62  [0;39m user: Optional[UserVO(id=5, email=o.bulhakova.chi@gmail.com, languageVO=greencity.dto.language.LanguageVO@1c60)]
[2025-04-07 08:22:04] [34mINFO[0;39m [36mg.service.ubs.OrderLockServiceImpl      [0;39m [35m:60  [0;39m Time: 2025-04-07T08:17:04.996829900
[2025-04-07 08:22:04] [34mINFO[0;39m [36mg.service.ubs.OrderLockServiceImpl      [0;39m [35m:62  [0;39m Unlock orders
[2025-04-07 08:22:19] [34mINFO[0;39m [36mg.s.f.AccessTokenAuthenticationFilter   [0;39m [35m:54  [0;39m token: eyJhbGciOiJIUzI1NiJ9.eyJzdWIiOiJvLmJ1bGhha292YS5jaGlAZ21haWwuY29tIiwicm9sZSI6WyJST0xFX1VTRVIiXSwiZXhwIjoxNzQ0MDEwNDY1LCJpYXQiOjE3NDQwMDMyNjV9.6YxrPtD_L9Al52cqwl4zxSU6B_ar3t1c1BdLu1Xz3Fs
[2025-04-07 08:22:19] [34mINFO[0;39m [36mg.s.f.AccessTokenAuthenticationFilter   [0;39m [35m:62  [0;39m user: Optional[UserVO(id=5, email=o.bulhakova.chi@gmail.com, languageVO=greencity.dto.language.LanguageVO@1c60)]
[2025-04-07 08:22:19] [34mINFO[0;39m [36mg.service.ubs.UBSClientServiceImpl      [0;39m [35m:618 [0;39m Saved event: eventName=Статус Замовлення - Сформовано, author=Клієнт, orderId=2
[2025-04-07 08:22:25] [34mINFO[0;39m [36mg.s.f.AccessTokenAuthenticationFilter   [0;39m [35m:54  [0;39m token: eyJhbGciOiJIUzI1NiJ9.eyJzdWIiOiJvLmJ1bGhha292YS5jaGlAZ21haWwuY29tIiwicm9sZSI6WyJST0xFX1VTRVIiXSwiZXhwIjoxNzQ0MDEwNDY1LCJpYXQiOjE3NDQwMDMyNjV9.6YxrPtD_L9Al52cqwl4zxSU6B_ar3t1c1BdLu1Xz3Fs
[2025-04-07 08:22:25] [34mINFO[0;39m [36mg.s.f.AccessTokenAuthenticationFilter   [0;39m [35m:62  [0;39m user: Optional[UserVO(id=5, email=o.bulhakova.chi@gmail.com, languageVO=greencity.dto.language.LanguageVO@1c60)]
[2025-04-07 08:22:26] [34mINFO[0;39m [36mg.s.f.AccessTokenAuthenticationFilter   [0;39m [35m:54  [0;39m token: eyJhbGciOiJIUzI1NiJ9.eyJzdWIiOiJvLmJ1bGhha292YS5jaGlAZ21haWwuY29tIiwicm9sZSI6WyJST0xFX1VTRVIiXSwiZXhwIjoxNzQ0MDEwNDY1LCJpYXQiOjE3NDQwMDMyNjV9.6YxrPtD_L9Al52cqwl4zxSU6B_ar3t1c1BdLu1Xz3Fs
[2025-04-07 08:22:26] [34mINFO[0;39m [36mg.s.f.AccessTokenAuthenticationFilter   [0;39m [35m:54  [0;39m token: eyJhbGciOiJIUzI1NiJ9.eyJzdWIiOiJvLmJ1bGhha292YS5jaGlAZ21haWwuY29tIiwicm9sZSI6WyJST0xFX1VTRVIiXSwiZXhwIjoxNzQ0MDEwNDY1LCJpYXQiOjE3NDQwMDMyNjV9.6YxrPtD_L9Al52cqwl4zxSU6B_ar3t1c1BdLu1Xz3Fs
[2025-04-07 08:22:26] [34mINFO[0;39m [36mg.s.f.AccessTokenAuthenticationFilter   [0;39m [35m:54  [0;39m token: eyJhbGciOiJIUzI1NiJ9.eyJzdWIiOiJvLmJ1bGhha292YS5jaGlAZ21haWwuY29tIiwicm9sZSI6WyJST0xFX1VTRVIiXSwiZXhwIjoxNzQ0MDEwNDY1LCJpYXQiOjE3NDQwMDMyNjV9.6YxrPtD_L9Al52cqwl4zxSU6B_ar3t1c1BdLu1Xz3Fs
[2025-04-07 08:22:26] [34mINFO[0;39m [36mg.s.f.AccessTokenAuthenticationFilter   [0;39m [35m:54  [0;39m token: eyJhbGciOiJIUzI1NiJ9.eyJzdWIiOiJvLmJ1bGhha292YS5jaGlAZ21haWwuY29tIiwicm9sZSI6WyJST0xFX1VTRVIiXSwiZXhwIjoxNzQ0MDEwNDY1LCJpYXQiOjE3NDQwMDMyNjV9.6YxrPtD_L9Al52cqwl4zxSU6B_ar3t1c1BdLu1Xz3Fs
[2025-04-07 08:22:26] [34mINFO[0;39m [36mg.s.f.AccessTokenAuthenticationFilter   [0;39m [35m:62  [0;39m user: Optional[UserVO(id=5, email=o.bulhakova.chi@gmail.com, languageVO=greencity.dto.language.LanguageVO@1c60)]
[2025-04-07 08:22:26] [34mINFO[0;39m [36mg.s.f.AccessTokenAuthenticationFilter   [0;39m [35m:62  [0;39m user: Optional[UserVO(id=5, email=o.bulhakova.chi@gmail.com, languageVO=greencity.dto.language.LanguageVO@1c60)]
[2025-04-07 08:22:26] [34mINFO[0;39m [36mg.s.f.AccessTokenAuthenticationFilter   [0;39m [35m:62  [0;39m user: Optional[UserVO(id=5, email=o.bulhakova.chi@gmail.com, languageVO=greencity.dto.language.LanguageVO@1c60)]
[2025-04-07 08:22:26] [34mINFO[0;39m [36mg.s.f.AccessTokenAuthenticationFilter   [0;39m [35m:54  [0;39m token: eyJhbGciOiJIUzI1NiJ9.eyJzdWIiOiJvLmJ1bGhha292YS5jaGlAZ21haWwuY29tIiwicm9sZSI6WyJST0xFX1VTRVIiXSwiZXhwIjoxNzQ0MDEwNDY1LCJpYXQiOjE3NDQwMDMyNjV9.6YxrPtD_L9Al52cqwl4zxSU6B_ar3t1c1BdLu1Xz3Fs
[2025-04-07 08:22:26] [34mINFO[0;39m [36mg.s.f.AccessTokenAuthenticationFilter   [0;39m [35m:62  [0;39m user: Optional[UserVO(id=5, email=o.bulhakova.chi@gmail.com, languageVO=greencity.dto.language.LanguageVO@1c60)]
[2025-04-07 08:22:26] [34mINFO[0;39m [36mg.s.f.AccessTokenAuthenticationFilter   [0;39m [35m:62  [0;39m user: Optional[UserVO(id=5, email=o.bulhakova.chi@gmail.com, languageVO=greencity.dto.language.LanguageVO@1c60)]
[2025-04-07 08:22:26] [34mINFO[0;39m [36mg.s.f.AccessTokenAuthenticationFilter   [0;39m [35m:54  [0;39m token: eyJhbGciOiJIUzI1NiJ9.eyJzdWIiOiJvLmJ1bGhha292YS5jaGlAZ21haWwuY29tIiwicm9sZSI6WyJST0xFX1VTRVIiXSwiZXhwIjoxNzQ0MDEwNDY1LCJpYXQiOjE3NDQwMDMyNjV9.6YxrPtD_L9Al52cqwl4zxSU6B_ar3t1c1BdLu1Xz3Fs
[2025-04-07 08:22:26] [34mINFO[0;39m [36mg.s.f.AccessTokenAuthenticationFilter   [0;39m [35m:62  [0;39m user: Optional[UserVO(id=5, email=o.bulhakova.chi@gmail.com, languageVO=greencity.dto.language.LanguageVO@1c60)]
[2025-04-07 08:22:33] [34mINFO[0;39m [36mg.s.f.AccessTokenAuthenticationFilter   [0;39m [35m:54  [0;39m token: eyJhbGciOiJIUzI1NiJ9.eyJzdWIiOiJzZXJ2aWNlQGdyZWVuY2l0eS51YSIsInJvbGUiOlsiUk9MRV9BRE1JTiJdLCJpYXQiOjE3NDQwMDMzNTMsImV4cCI6MTc0NDAxMDU1M30.o6n9cjHL_9tGYk6lpYlflyScaWEbOja0jEKglQi_64Q
[2025-04-07 08:22:33] [34mINFO[0;39m [36mg.s.f.AccessTokenAuthenticationFilter   [0;39m [35m:62  [0;39m user: Optional[UserVO(id=1, email=service@greencity.ua, languageVO=greencity.dto.language.LanguageVO@1c60)]
[2025-04-07 08:22:33] [39mTRACE[0;39m [36mg.e.handler.CustomExceptionHandler      [0;39m [35m:65  [0;39m {"name":"email","message":"The user does not exist by this email: "}
[2025-04-07 08:22:33] [31mWARN[0;39m [36m.m.m.a.ExceptionHandlerExceptionResolver[0;39m [35m:247 [0;39m Resolved [greencity.exceptions.BadRequestException: {"name":"email","message":"The user does not exist by this email: "}]
[2025-04-07 08:22:39] [34mINFO[0;39m [36mg.s.f.AccessTokenAuthenticationFilter   [0;39m [35m:54  [0;39m token: eyJhbGciOiJIUzI1NiJ9.eyJzdWIiOiJvLmJ1bGhha292YS5jaGlAZ21haWwuY29tIiwicm9sZSI6WyJST0xFX1VTRVIiXSwiZXhwIjoxNzQ0MDEwNDY1LCJpYXQiOjE3NDQwMDMyNjV9.6YxrPtD_L9Al52cqwl4zxSU6B_ar3t1c1BdLu1Xz3Fs
[2025-04-07 08:22:39] [34mINFO[0;39m [36mg.s.f.AccessTokenAuthenticationFilter   [0;39m [35m:54  [0;39m token: eyJhbGciOiJIUzI1NiJ9.eyJzdWIiOiJzZXJ2aWNlQGdyZWVuY2l0eS51YSIsInJvbGUiOlsiUk9MRV9BRE1JTiJdLCJpYXQiOjE3NDQwMDMzNTksImV4cCI6MTc0NDAxMDU1OX0.DyIm7BhEfDrW0SGdAuFEq9YdOvmx0VTFj5DLdLln5Z8
[2025-04-07 08:22:39] [34mINFO[0;39m [36mg.s.f.AccessTokenAuthenticationFilter   [0;39m [35m:62  [0;39m user: Optional[UserVO(id=5, email=o.bulhakova.chi@gmail.com, languageVO=greencity.dto.language.LanguageVO@1c60)]
[2025-04-07 08:22:39] [31mWARN[0;39m [36m.m.m.a.ExceptionHandlerExceptionResolver[0;39m [35m:247 [0;39m Resolved [org.springframework.web.bind.MissingServletRequestParameterException: Required request parameter 'email' for method parameter type String is not present]
[2025-04-07 08:22:39] [34mINFO[0;39m [36mg.s.f.AccessTokenAuthenticationFilter   [0;39m [35m:54  [0;39m token: eyJhbGciOiJIUzI1NiJ9.eyJzdWIiOiJvLmJ1bGhha292YS5jaGlAZ21haWwuY29tIiwicm9sZSI6WyJST0xFX1VTRVIiXSwiZXhwIjoxNzQ0MDEwNDY1LCJpYXQiOjE3NDQwMDMyNjV9.6YxrPtD_L9Al52cqwl4zxSU6B_ar3t1c1BdLu1Xz3Fs
[2025-04-07 08:22:39] [34mINFO[0;39m [36mg.s.f.AccessTokenAuthenticationFilter   [0;39m [35m:62  [0;39m user: Optional[UserVO(id=1, email=service@greencity.ua, languageVO=greencity.dto.language.LanguageVO@1c60)]
[2025-04-07 08:22:39] [34mINFO[0;39m [36mg.s.f.AccessTokenAuthenticationFilter   [0;39m [35m:62  [0;39m user: Optional[UserVO(id=5, email=o.bulhakova.chi@gmail.com, languageVO=greencity.dto.language.LanguageVO@1c60)]
[2025-04-07 08:22:39] [31mWARN[0;39m [36m.m.m.a.ExceptionHandlerExceptionResolver[0;39m [35m:247 [0;39m Resolved [org.springframework.web.bind.MissingServletRequestParameterException: Required request parameter 'email' for method parameter type String is not present]
[2025-04-07 08:22:39] [39mTRACE[0;39m [36mg.e.handler.CustomExceptionHandler      [0;39m [35m:65  [0;39m {"name":"email","message":"The user does not exist by this email: "}
[2025-04-07 08:22:39] [31mWARN[0;39m [36m.m.m.a.ExceptionHandlerExceptionResolver[0;39m [35m:247 [0;39m Resolved [greencity.exceptions.BadRequestException: {"name":"email","message":"The user does not exist by this email: "}]
[2025-04-07 08:22:39] [34mINFO[0;39m [36mg.s.f.AccessTokenAuthenticationFilter   [0;39m [35m:54  [0;39m token: eyJhbGciOiJIUzI1NiJ9.eyJzdWIiOiJzZXJ2aWNlQGdyZWVuY2l0eS51YSIsInJvbGUiOlsiUk9MRV9BRE1JTiJdLCJpYXQiOjE3NDQwMDMzNTksImV4cCI6MTc0NDAxMDU1OX0.DyIm7BhEfDrW0SGdAuFEq9YdOvmx0VTFj5DLdLln5Z8
[2025-04-07 08:22:40] [34mINFO[0;39m [36mg.s.f.AccessTokenAuthenticationFilter   [0;39m [35m:62  [0;39m user: Optional[UserVO(id=1, email=service@greencity.ua, languageVO=greencity.dto.language.LanguageVO@1c60)]
[2025-04-07 08:22:40] [39mTRACE[0;39m [36mg.e.handler.CustomExceptionHandler      [0;39m [35m:65  [0;39m {"name":"email","message":"The user does not exist by this email: "}
[2025-04-07 08:22:40] [31mWARN[0;39m [36m.m.m.a.ExceptionHandlerExceptionResolver[0;39m [35m:247 [0;39m Resolved [greencity.exceptions.BadRequestException: {"name":"email","message":"The user does not exist by this email: "}]
[2025-04-07 08:22:41] [34mINFO[0;39m [36mg.s.f.AccessTokenAuthenticationFilter   [0;39m [35m:54  [0;39m token: eyJhbGciOiJIUzI1NiJ9.eyJzdWIiOiJvLmJ1bGhha292YS5jaGlAZ21haWwuY29tIiwicm9sZSI6WyJST0xFX1VTRVIiXSwiZXhwIjoxNzQ0MDEwNDY1LCJpYXQiOjE3NDQwMDMyNjV9.6YxrPtD_L9Al52cqwl4zxSU6B_ar3t1c1BdLu1Xz3Fs
[2025-04-07 08:22:41] [34mINFO[0;39m [36mg.s.f.AccessTokenAuthenticationFilter   [0;39m [35m:54  [0;39m token: eyJhbGciOiJIUzI1NiJ9.eyJzdWIiOiJzZXJ2aWNlQGdyZWVuY2l0eS51YSIsInJvbGUiOlsiUk9MRV9BRE1JTiJdLCJpYXQiOjE3NDQwMDMzNjEsImV4cCI6MTc0NDAxMDU2MX0.TsSBdYcCC6ZTn_PZNMqRajEAD8sbL3eP9LzSsNN8_4Q
[2025-04-07 08:22:41] [34mINFO[0;39m [36mg.s.f.AccessTokenAuthenticationFilter   [0;39m [35m:62  [0;39m user: Optional[UserVO(id=5, email=o.bulhakova.chi@gmail.com, languageVO=greencity.dto.language.LanguageVO@1c60)]
[2025-04-07 08:22:41] [31mWARN[0;39m [36m.m.m.a.ExceptionHandlerExceptionResolver[0;39m [35m:247 [0;39m Resolved [org.springframework.web.bind.MissingServletRequestParameterException: Required request parameter 'email' for method parameter type String is not present]
[2025-04-07 08:22:41] [34mINFO[0;39m [36mg.s.f.AccessTokenAuthenticationFilter   [0;39m [35m:62  [0;39m user: Optional[UserVO(id=1, email=service@greencity.ua, languageVO=greencity.dto.language.LanguageVO@1c60)]
[2025-04-07 08:22:41] [39mTRACE[0;39m [36mg.e.handler.CustomExceptionHandler      [0;39m [35m:65  [0;39m {"name":"email","message":"The user does not exist by this email: "}
[2025-04-07 08:22:41] [31mWARN[0;39m [36m.m.m.a.ExceptionHandlerExceptionResolver[0;39m [35m:247 [0;39m Resolved [greencity.exceptions.BadRequestException: {"name":"email","message":"The user does not exist by this email: "}]
[2025-04-07 08:22:44] [34mINFO[0;39m [36mg.s.f.AccessTokenAuthenticationFilter   [0;39m [35m:54  [0;39m token: eyJhbGciOiJIUzI1NiJ9.eyJzdWIiOiJvLmJ1bGhha292YS5jaGlAZ21haWwuY29tIiwicm9sZSI6WyJST0xFX1VTRVIiXSwiZXhwIjoxNzQ0MDEwNDY1LCJpYXQiOjE3NDQwMDMyNjV9.6YxrPtD_L9Al52cqwl4zxSU6B_ar3t1c1BdLu1Xz3Fs
[2025-04-07 08:22:44] [34mINFO[0;39m [36mg.s.f.AccessTokenAuthenticationFilter   [0;39m [35m:54  [0;39m token: eyJhbGciOiJIUzI1NiJ9.eyJzdWIiOiJzZXJ2aWNlQGdyZWVuY2l0eS51YSIsInJvbGUiOlsiUk9MRV9BRE1JTiJdLCJpYXQiOjE3NDQwMDMzNjQsImV4cCI6MTc0NDAxMDU2NH0.Gqm5WAegmUq8ZNbEFem0_Up-Qbkj3ajXim003sh0xCo
[2025-04-07 08:22:44] [34mINFO[0;39m [36mg.s.f.AccessTokenAuthenticationFilter   [0;39m [35m:62  [0;39m user: Optional[UserVO(id=5, email=o.bulhakova.chi@gmail.com, languageVO=greencity.dto.language.LanguageVO@1c60)]
[2025-04-07 08:22:44] [31mWARN[0;39m [36m.m.m.a.ExceptionHandlerExceptionResolver[0;39m [35m:247 [0;39m Resolved [org.springframework.web.bind.MissingServletRequestParameterException: Required request parameter 'email' for method parameter type String is not present]
[2025-04-07 08:22:44] [34mINFO[0;39m [36mg.s.f.AccessTokenAuthenticationFilter   [0;39m [35m:62  [0;39m user: Optional[UserVO(id=1, email=service@greencity.ua, languageVO=greencity.dto.language.LanguageVO@1c60)]
[2025-04-07 08:22:44] [39mTRACE[0;39m [36mg.e.handler.CustomExceptionHandler      [0;39m [35m:65  [0;39m {"name":"email","message":"The user does not exist by this email: "}
[2025-04-07 08:22:44] [31mWARN[0;39m [36m.m.m.a.ExceptionHandlerExceptionResolver[0;39m [35m:247 [0;39m Resolved [greencity.exceptions.BadRequestException: {"name":"email","message":"The user does not exist by this email: "}]
[2025-04-07 08:22:46] [34mINFO[0;39m [36mg.s.f.AccessTokenAuthenticationFilter   [0;39m [35m:54  [0;39m token: eyJhbGciOiJIUzI1NiJ9.eyJzdWIiOiJvLmJ1bGhha292YS5jaGlAZ21haWwuY29tIiwicm9sZSI6WyJST0xFX1VTRVIiXSwiZXhwIjoxNzQ0MDEwNDY1LCJpYXQiOjE3NDQwMDMyNjV9.6YxrPtD_L9Al52cqwl4zxSU6B_ar3t1c1BdLu1Xz3Fs
[2025-04-07 08:22:46] [34mINFO[0;39m [36mg.s.f.AccessTokenAuthenticationFilter   [0;39m [35m:54  [0;39m token: eyJhbGciOiJIUzI1NiJ9.eyJzdWIiOiJzZXJ2aWNlQGdyZWVuY2l0eS51YSIsInJvbGUiOlsiUk9MRV9BRE1JTiJdLCJpYXQiOjE3NDQwMDMzNjYsImV4cCI6MTc0NDAxMDU2Nn0.KhoLRVFHkKLWENPgIWCbRJUiJaZfC7URWePBMJ96MSI
[2025-04-07 08:22:46] [34mINFO[0;39m [36mg.s.f.AccessTokenAuthenticationFilter   [0;39m [35m:62  [0;39m user: Optional[UserVO(id=5, email=o.bulhakova.chi@gmail.com, languageVO=greencity.dto.language.LanguageVO@1c60)]
[2025-04-07 08:22:46] [31mWARN[0;39m [36m.m.m.a.ExceptionHandlerExceptionResolver[0;39m [35m:247 [0;39m Resolved [org.springframework.web.bind.MissingServletRequestParameterException: Required request parameter 'email' for method parameter type String is not present]
[2025-04-07 08:22:46] [34mINFO[0;39m [36mg.s.f.AccessTokenAuthenticationFilter   [0;39m [35m:62  [0;39m user: Optional[UserVO(id=1, email=service@greencity.ua, languageVO=greencity.dto.language.LanguageVO@1c60)]
[2025-04-07 08:22:46] [39mTRACE[0;39m [36mg.e.handler.CustomExceptionHandler      [0;39m [35m:65  [0;39m {"name":"email","message":"The user does not exist by this email: "}
[2025-04-07 08:22:46] [31mWARN[0;39m [36m.m.m.a.ExceptionHandlerExceptionResolver[0;39m [35m:247 [0;39m Resolved [greencity.exceptions.BadRequestException: {"name":"email","message":"The user does not exist by this email: "}]
[2025-04-07 08:22:48] [34mINFO[0;39m [36mg.s.f.AccessTokenAuthenticationFilter   [0;39m [35m:54  [0;39m token: eyJhbGciOiJIUzI1NiJ9.eyJzdWIiOiJvLmJ1bGhha292YS5jaGlAZ21haWwuY29tIiwicm9sZSI6WyJST0xFX1VTRVIiXSwiZXhwIjoxNzQ0MDEwNDY1LCJpYXQiOjE3NDQwMDMyNjV9.6YxrPtD_L9Al52cqwl4zxSU6B_ar3t1c1BdLu1Xz3Fs
[2025-04-07 08:22:49] [34mINFO[0;39m [36mg.s.f.AccessTokenAuthenticationFilter   [0;39m [35m:54  [0;39m token: eyJhbGciOiJIUzI1NiJ9.eyJzdWIiOiJzZXJ2aWNlQGdyZWVuY2l0eS51YSIsInJvbGUiOlsiUk9MRV9BRE1JTiJdLCJpYXQiOjE3NDQwMDMzNjksImV4cCI6MTc0NDAxMDU2OX0.5wfplDknPcVq_p5yDd8KtfTr7BD5VOK66ILi34EO7oY
[2025-04-07 08:22:49] [34mINFO[0;39m [36mg.s.f.AccessTokenAuthenticationFilter   [0;39m [35m:62  [0;39m user: Optional[UserVO(id=5, email=o.bulhakova.chi@gmail.com, languageVO=greencity.dto.language.LanguageVO@1c60)]
[2025-04-07 08:22:49] [31mWARN[0;39m [36m.m.m.a.ExceptionHandlerExceptionResolver[0;39m [35m:247 [0;39m Resolved [org.springframework.web.bind.MissingServletRequestParameterException: Required request parameter 'email' for method parameter type String is not present]
[2025-04-07 08:22:49] [34mINFO[0;39m [36mg.s.f.AccessTokenAuthenticationFilter   [0;39m [35m:62  [0;39m user: Optional[UserVO(id=1, email=service@greencity.ua, languageVO=greencity.dto.language.LanguageVO@1c60)]
[2025-04-07 08:22:49] [39mTRACE[0;39m [36mg.e.handler.CustomExceptionHandler      [0;39m [35m:65  [0;39m {"name":"email","message":"The user does not exist by this email: "}
[2025-04-07 08:22:49] [31mWARN[0;39m [36m.m.m.a.ExceptionHandlerExceptionResolver[0;39m [35m:247 [0;39m Resolved [greencity.exceptions.BadRequestException: {"name":"email","message":"The user does not exist by this email: "}]
[2025-04-07 08:22:50] [34mINFO[0;39m [36mg.s.f.AccessTokenAuthenticationFilter   [0;39m [35m:54  [0;39m token: eyJhbGciOiJIUzI1NiJ9.eyJzdWIiOiJvLmJ1bGhha292YS5jaGlAZ21haWwuY29tIiwicm9sZSI6WyJST0xFX1VTRVIiXSwiZXhwIjoxNzQ0MDEwNDY1LCJpYXQiOjE3NDQwMDMyNjV9.6YxrPtD_L9Al52cqwl4zxSU6B_ar3t1c1BdLu1Xz3Fs
[2025-04-07 08:22:50] [34mINFO[0;39m [36mg.s.f.AccessTokenAuthenticationFilter   [0;39m [35m:54  [0;39m token: eyJhbGciOiJIUzI1NiJ9.eyJzdWIiOiJzZXJ2aWNlQGdyZWVuY2l0eS51YSIsInJvbGUiOlsiUk9MRV9BRE1JTiJdLCJpYXQiOjE3NDQwMDMzNzAsImV4cCI6MTc0NDAxMDU3MH0.CeG2d8YVuspnE6WAZzG-hW5MYfAfyxkiOqY6waY1qM4
[2025-04-07 08:22:50] [34mINFO[0;39m [36mg.s.f.AccessTokenAuthenticationFilter   [0;39m [35m:62  [0;39m user: Optional[UserVO(id=5, email=o.bulhakova.chi@gmail.com, languageVO=greencity.dto.language.LanguageVO@1c60)]
[2025-04-07 08:22:50] [31mWARN[0;39m [36m.m.m.a.ExceptionHandlerExceptionResolver[0;39m [35m:247 [0;39m Resolved [org.springframework.web.bind.MissingServletRequestParameterException: Required request parameter 'email' for method parameter type String is not present]
[2025-04-07 08:22:50] [34mINFO[0;39m [36mg.s.f.AccessTokenAuthenticationFilter   [0;39m [35m:62  [0;39m user: Optional[UserVO(id=1, email=service@greencity.ua, languageVO=greencity.dto.language.LanguageVO@1c60)]
[2025-04-07 08:22:50] [39mTRACE[0;39m [36mg.e.handler.CustomExceptionHandler      [0;39m [35m:65  [0;39m {"name":"email","message":"The user does not exist by this email: "}
[2025-04-07 08:22:50] [31mWARN[0;39m [36m.m.m.a.ExceptionHandlerExceptionResolver[0;39m [35m:247 [0;39m Resolved [greencity.exceptions.BadRequestException: {"name":"email","message":"The user does not exist by this email: "}]
[2025-04-07 08:23:05] [34mINFO[0;39m [36mg.service.ubs.OrderLockServiceImpl      [0;39m [35m:60  [0;39m Time: 2025-04-07T08:18:05.001424200
[2025-04-07 08:23:05] [34mINFO[0;39m [36mg.service.ubs.OrderLockServiceImpl      [0;39m [35m:62  [0;39m Unlock orders
[2025-04-07 08:24:05] [34mINFO[0;39m [36mg.service.ubs.OrderLockServiceImpl      [0;39m [35m:60  [0;39m Time: 2025-04-07T08:19:05.004981800
[2025-04-07 08:24:05] [34mINFO[0;39m [36mg.service.ubs.OrderLockServiceImpl      [0;39m [35m:62  [0;39m Unlock orders
[2025-04-07 08:25:05] [34mINFO[0;39m [36mg.service.ubs.OrderLockServiceImpl      [0;39m [35m:60  [0;39m Time: 2025-04-07T08:20:05.003523400
[2025-04-07 08:25:05] [34mINFO[0;39m [36mg.service.ubs.OrderLockServiceImpl      [0;39m [35m:62  [0;39m Unlock orders
[2025-04-07 08:26:04] [34mINFO[0;39m [36mg.service.ubs.OrderLockServiceImpl      [0;39m [35m:60  [0;39m Time: 2025-04-07T08:21:04.995939800
[2025-04-07 08:26:04] [34mINFO[0;39m [36mg.service.ubs.OrderLockServiceImpl      [0;39m [35m:62  [0;39m Unlock orders
[2025-04-07 08:27:04] [34mINFO[0;39m [36mg.service.ubs.OrderLockServiceImpl      [0;39m [35m:60  [0;39m Time: 2025-04-07T08:22:04.996720800
[2025-04-07 08:27:04] [34mINFO[0;39m [36mg.service.ubs.OrderLockServiceImpl      [0;39m [35m:62  [0;39m Unlock orders
[2025-04-07 08:28:05] [34mINFO[0;39m [36mg.service.ubs.OrderLockServiceImpl      [0;39m [35m:60  [0;39m Time: 2025-04-07T08:23:05.007308900
[2025-04-07 08:28:05] [34mINFO[0;39m [36mg.service.ubs.OrderLockServiceImpl      [0;39m [35m:62  [0;39m Unlock orders
[2025-04-07 08:29:05] [34mINFO[0;39m [36mg.service.ubs.OrderLockServiceImpl      [0;39m [35m:60  [0;39m Time: 2025-04-07T08:24:05.005633400
[2025-04-07 08:29:05] [34mINFO[0;39m [36mg.service.ubs.OrderLockServiceImpl      [0;39m [35m:62  [0;39m Unlock orders
[2025-04-07 08:30:05] [34mINFO[0;39m [36mg.service.ubs.OrderLockServiceImpl      [0;39m [35m:60  [0;39m Time: 2025-04-07T08:25:05.004768100
[2025-04-07 08:30:05] [34mINFO[0;39m [36mg.service.ubs.OrderLockServiceImpl      [0;39m [35m:62  [0;39m Unlock orders
[2025-04-07 08:31:05] [34mINFO[0;39m [36mg.service.ubs.OrderLockServiceImpl      [0;39m [35m:60  [0;39m Time: 2025-04-07T08:26:05.001247
[2025-04-07 08:31:05] [34mINFO[0;39m [36mg.service.ubs.OrderLockServiceImpl      [0;39m [35m:62  [0;39m Unlock orders
[2025-04-07 08:32:05] [34mINFO[0;39m [36mg.service.ubs.OrderLockServiceImpl      [0;39m [35m:60  [0;39m Time: 2025-04-07T08:27:05.002027500
[2025-04-07 08:32:05] [34mINFO[0;39m [36mg.service.ubs.OrderLockServiceImpl      [0;39m [35m:62  [0;39m Unlock orders
[2025-04-07 08:33:04] [34mINFO[0;39m [36mg.service.ubs.OrderLockServiceImpl      [0;39m [35m:60  [0;39m Time: 2025-04-07T08:28:04.998369100
[2025-04-07 08:33:05] [34mINFO[0;39m [36mg.service.ubs.OrderLockServiceImpl      [0;39m [35m:62  [0;39m Unlock orders
[2025-04-07 08:34:04] [34mINFO[0;39m [36mg.service.ubs.OrderLockServiceImpl      [0;39m [35m:60  [0;39m Time: 2025-04-07T08:29:04.996217200
[2025-04-07 08:34:04] [34mINFO[0;39m [36mg.service.ubs.OrderLockServiceImpl      [0;39m [35m:62  [0;39m Unlock orders
[2025-04-07 08:35:05] [34mINFO[0;39m [36mg.service.ubs.OrderLockServiceImpl      [0;39m [35m:60  [0;39m Time: 2025-04-07T08:30:05.000736600
[2025-04-07 08:35:05] [34mINFO[0;39m [36mg.service.ubs.OrderLockServiceImpl      [0;39m [35m:62  [0;39m Unlock orders
[2025-04-07 08:36:05] [34mINFO[0;39m [36mg.service.ubs.OrderLockServiceImpl      [0;39m [35m:60  [0;39m Time: 2025-04-07T08:31:05.002320700
[2025-04-07 08:36:05] [34mINFO[0;39m [36mg.service.ubs.OrderLockServiceImpl      [0;39m [35m:62  [0;39m Unlock orders
[2025-04-07 08:37:05] [34mINFO[0;39m [36mg.service.ubs.OrderLockServiceImpl      [0;39m [35m:60  [0;39m Time: 2025-04-07T08:32:05.008148200
[2025-04-07 08:37:05] [34mINFO[0;39m [36mg.service.ubs.OrderLockServiceImpl      [0;39m [35m:62  [0;39m Unlock orders
[2025-04-07 08:38:05] [34mINFO[0;39m [36mg.service.ubs.OrderLockServiceImpl      [0;39m [35m:60  [0;39m Time: 2025-04-07T08:33:05.007757100
[2025-04-07 08:38:05] [34mINFO[0;39m [36mg.service.ubs.OrderLockServiceImpl      [0;39m [35m:62  [0;39m Unlock orders
[2025-04-07 08:39:05] [34mINFO[0;39m [36mg.service.ubs.OrderLockServiceImpl      [0;39m [35m:60  [0;39m Time: 2025-04-07T08:34:05.007342800
[2025-04-07 08:39:05] [34mINFO[0;39m [36mg.service.ubs.OrderLockServiceImpl      [0;39m [35m:62  [0;39m Unlock orders
[2025-04-07 08:40:05] [34mINFO[0;39m [36mg.service.ubs.OrderLockServiceImpl      [0;39m [35m:60  [0;39m Time: 2025-04-07T08:35:05.000753900
[2025-04-07 08:40:05] [34mINFO[0;39m [36mg.service.ubs.OrderLockServiceImpl      [0;39m [35m:62  [0;39m Unlock orders
[2025-04-07 08:41:05] [34mINFO[0;39m [36mg.service.ubs.OrderLockServiceImpl      [0;39m [35m:60  [0;39m Time: 2025-04-07T08:36:05.003377200
[2025-04-07 08:41:05] [34mINFO[0;39m [36mg.service.ubs.OrderLockServiceImpl      [0;39m [35m:62  [0;39m Unlock orders
[2025-04-07 08:42:05] [34mINFO[0;39m [36mg.service.ubs.OrderLockServiceImpl      [0;39m [35m:60  [0;39m Time: 2025-04-07T08:37:05.001278800
[2025-04-07 08:42:05] [34mINFO[0;39m [36mg.service.ubs.OrderLockServiceImpl      [0;39m [35m:62  [0;39m Unlock orders
[2025-04-07 08:43:05] [34mINFO[0;39m [36mg.service.ubs.OrderLockServiceImpl      [0;39m [35m:60  [0;39m Time: 2025-04-07T08:38:05.007468800
[2025-04-07 08:43:05] [34mINFO[0;39m [36mg.service.ubs.OrderLockServiceImpl      [0;39m [35m:62  [0;39m Unlock orders
[2025-04-07 08:44:05] [34mINFO[0;39m [36mg.service.ubs.OrderLockServiceImpl      [0;39m [35m:60  [0;39m Time: 2025-04-07T08:39:05.004749800
[2025-04-07 08:44:05] [34mINFO[0;39m [36mg.service.ubs.OrderLockServiceImpl      [0;39m [35m:62  [0;39m Unlock orders
[2025-04-07 08:45:05] [34mINFO[0;39m [36mg.service.ubs.OrderLockServiceImpl      [0;39m [35m:60  [0;39m Time: 2025-04-07T08:40:05.001192
[2025-04-07 08:45:05] [34mINFO[0;39m [36mg.service.ubs.OrderLockServiceImpl      [0;39m [35m:62  [0;39m Unlock orders
[2025-04-07 08:46:05] [34mINFO[0;39m [36mg.service.ubs.OrderLockServiceImpl      [0;39m [35m:60  [0;39m Time: 2025-04-07T08:41:05.004437300
[2025-04-07 08:46:05] [34mINFO[0;39m [36mg.service.ubs.OrderLockServiceImpl      [0;39m [35m:62  [0;39m Unlock orders
[2025-04-07 08:47:05] [34mINFO[0;39m [36mg.service.ubs.OrderLockServiceImpl      [0;39m [35m:60  [0;39m Time: 2025-04-07T08:42:05.008988500
[2025-04-07 08:47:05] [34mINFO[0;39m [36mg.service.ubs.OrderLockServiceImpl      [0;39m [35m:62  [0;39m Unlock orders
[2025-04-07 08:48:04] [34mINFO[0;39m [36mg.service.ubs.OrderLockServiceImpl      [0;39m [35m:60  [0;39m Time: 2025-04-07T08:43:04.994013900
[2025-04-07 08:48:04] [34mINFO[0;39m [36mg.service.ubs.OrderLockServiceImpl      [0;39m [35m:62  [0;39m Unlock orders
[2025-04-07 08:49:04] [34mINFO[0;39m [36mg.service.ubs.OrderLockServiceImpl      [0;39m [35m:60  [0;39m Time: 2025-04-07T08:44:04.994972500
[2025-04-07 08:49:04] [34mINFO[0;39m [36mg.service.ubs.OrderLockServiceImpl      [0;39m [35m:62  [0;39m Unlock orders
[2025-04-07 08:50:04] [34mINFO[0;39m [36mg.service.ubs.OrderLockServiceImpl      [0;39m [35m:60  [0;39m Time: 2025-04-07T08:45:04.995618900
[2025-04-07 08:50:04] [34mINFO[0;39m [36mg.service.ubs.OrderLockServiceImpl      [0;39m [35m:62  [0;39m Unlock orders
[2025-04-07 08:51:05] [34mINFO[0;39m [36mg.service.ubs.OrderLockServiceImpl      [0;39m [35m:60  [0;39m Time: 2025-04-07T08:46:05.007809700
[2025-04-07 08:51:05] [34mINFO[0;39m [36mg.service.ubs.OrderLockServiceImpl      [0;39m [35m:62  [0;39m Unlock orders
[2025-04-07 08:52:05] [34mINFO[0;39m [36mg.service.ubs.OrderLockServiceImpl      [0;39m [35m:60  [0;39m Time: 2025-04-07T08:47:05.004751200
[2025-04-07 08:52:05] [34mINFO[0;39m [36mg.service.ubs.OrderLockServiceImpl      [0;39m [35m:62  [0;39m Unlock orders
[2025-04-07 08:53:05] [34mINFO[0;39m [36mg.service.ubs.OrderLockServiceImpl      [0;39m [35m:60  [0;39m Time: 2025-04-07T08:48:05.002713300
[2025-04-07 08:53:05] [34mINFO[0;39m [36mg.service.ubs.OrderLockServiceImpl      [0;39m [35m:62  [0;39m Unlock orders
[2025-04-07 08:54:05] [34mINFO[0;39m [36mg.service.ubs.OrderLockServiceImpl      [0;39m [35m:60  [0;39m Time: 2025-04-07T08:49:05.008556200
[2025-04-07 08:54:05] [34mINFO[0;39m [36mg.service.ubs.OrderLockServiceImpl      [0;39m [35m:62  [0;39m Unlock orders
[2025-04-07 08:55:05] [34mINFO[0;39m [36mg.service.ubs.OrderLockServiceImpl      [0;39m [35m:60  [0;39m Time: 2025-04-07T08:50:05.006170300
[2025-04-07 08:55:05] [34mINFO[0;39m [36mg.service.ubs.OrderLockServiceImpl      [0;39m [35m:62  [0;39m Unlock orders
[2025-04-07 08:56:05] [34mINFO[0;39m [36mg.service.ubs.OrderLockServiceImpl      [0;39m [35m:60  [0;39m Time: 2025-04-07T08:51:05.009692600
[2025-04-07 08:56:05] [34mINFO[0;39m [36mg.service.ubs.OrderLockServiceImpl      [0;39m [35m:62  [0;39m Unlock orders
[2025-04-07 08:57:04] [34mINFO[0;39m [36mg.service.ubs.OrderLockServiceImpl      [0;39m [35m:60  [0;39m Time: 2025-04-07T08:52:04.999324900
[2025-04-07 08:57:05] [34mINFO[0;39m [36mg.service.ubs.OrderLockServiceImpl      [0;39m [35m:62  [0;39m Unlock orders
[2025-04-07 08:58:05] [34mINFO[0;39m [36mg.service.ubs.OrderLockServiceImpl      [0;39m [35m:60  [0;39m Time: 2025-04-07T08:53:05.008738800
[2025-04-07 08:58:05] [34mINFO[0;39m [36mg.service.ubs.OrderLockServiceImpl      [0;39m [35m:62  [0;39m Unlock orders
[2025-04-07 08:59:04] [34mINFO[0;39m [36mg.service.ubs.OrderLockServiceImpl      [0;39m [35m:60  [0;39m Time: 2025-04-07T08:54:04.998757400
[2025-04-07 08:59:05] [34mINFO[0;39m [36mg.service.ubs.OrderLockServiceImpl      [0;39m [35m:62  [0;39m Unlock orders
[2025-04-07 09:00:05] [34mINFO[0;39m [36mg.service.ubs.OrderLockServiceImpl      [0;39m [35m:60  [0;39m Time: 2025-04-07T08:55:05.002362700
[2025-04-07 09:00:05] [34mINFO[0;39m [36mg.service.ubs.OrderLockServiceImpl      [0;39m [35m:62  [0;39m Unlock orders
[2025-04-07 09:01:05] [34mINFO[0;39m [36mg.service.ubs.OrderLockServiceImpl      [0;39m [35m:60  [0;39m Time: 2025-04-07T08:56:05.003705200
[2025-04-07 09:01:05] [34mINFO[0;39m [36mg.service.ubs.OrderLockServiceImpl      [0;39m [35m:62  [0;39m Unlock orders
[2025-04-07 09:02:05] [34mINFO[0;39m [36mg.service.ubs.OrderLockServiceImpl      [0;39m [35m:60  [0;39m Time: 2025-04-07T08:57:05.000382200
[2025-04-07 09:02:05] [34mINFO[0;39m [36mg.service.ubs.OrderLockServiceImpl      [0;39m [35m:62  [0;39m Unlock orders
[2025-04-07 09:03:05] [34mINFO[0;39m [36mg.service.ubs.OrderLockServiceImpl      [0;39m [35m:60  [0;39m Time: 2025-04-07T08:58:05.005993
[2025-04-07 09:03:05] [34mINFO[0;39m [36mg.service.ubs.OrderLockServiceImpl      [0;39m [35m:62  [0;39m Unlock orders
[2025-04-07 09:04:05] [34mINFO[0;39m [36mg.service.ubs.OrderLockServiceImpl      [0;39m [35m:60  [0;39m Time: 2025-04-07T08:59:05.007712
[2025-04-07 09:04:05] [34mINFO[0;39m [36mg.service.ubs.OrderLockServiceImpl      [0;39m [35m:62  [0;39m Unlock orders
[2025-04-07 09:05:05] [34mINFO[0;39m [36mg.service.ubs.OrderLockServiceImpl      [0;39m [35m:60  [0;39m Time: 2025-04-07T09:00:05.008142300
[2025-04-07 09:05:05] [34mINFO[0;39m [36mg.service.ubs.OrderLockServiceImpl      [0;39m [35m:62  [0;39m Unlock orders
[2025-04-07 09:06:05] [34mINFO[0;39m [36mg.service.ubs.OrderLockServiceImpl      [0;39m [35m:60  [0;39m Time: 2025-04-07T09:01:05.001817500
[2025-04-07 09:06:05] [34mINFO[0;39m [36mg.service.ubs.OrderLockServiceImpl      [0;39m [35m:62  [0;39m Unlock orders
[2025-04-07 09:07:05] [34mINFO[0;39m [36mg.service.ubs.OrderLockServiceImpl      [0;39m [35m:60  [0;39m Time: 2025-04-07T09:02:05.001182700
[2025-04-07 09:07:05] [34mINFO[0;39m [36mg.service.ubs.OrderLockServiceImpl      [0;39m [35m:62  [0;39m Unlock orders
[2025-04-07 09:08:05] [34mINFO[0;39m [36mg.service.ubs.OrderLockServiceImpl      [0;39m [35m:60  [0;39m Time: 2025-04-07T09:03:05.005468800
[2025-04-07 09:08:05] [34mINFO[0;39m [36mg.service.ubs.OrderLockServiceImpl      [0;39m [35m:62  [0;39m Unlock orders
[2025-04-07 09:09:05] [34mINFO[0;39m [36mg.service.ubs.OrderLockServiceImpl      [0;39m [35m:60  [0;39m Time: 2025-04-07T09:04:05.000376900
[2025-04-07 09:09:05] [34mINFO[0;39m [36mg.service.ubs.OrderLockServiceImpl      [0;39m [35m:62  [0;39m Unlock orders
[2025-04-07 09:10:05] [34mINFO[0;39m [36mg.service.ubs.OrderLockServiceImpl      [0;39m [35m:60  [0;39m Time: 2025-04-07T09:05:05.008314700
[2025-04-07 09:10:05] [34mINFO[0;39m [36mg.service.ubs.OrderLockServiceImpl      [0;39m [35m:62  [0;39m Unlock orders
[2025-04-07 09:11:05] [34mINFO[0;39m [36mg.service.ubs.OrderLockServiceImpl      [0;39m [35m:60  [0;39m Time: 2025-04-07T09:06:05.007799500
[2025-04-07 09:11:05] [34mINFO[0;39m [36mg.service.ubs.OrderLockServiceImpl      [0;39m [35m:62  [0;39m Unlock orders
[2025-04-07 09:12:05] [34mINFO[0;39m [36mg.service.ubs.OrderLockServiceImpl      [0;39m [35m:60  [0;39m Time: 2025-04-07T09:07:05.011213
[2025-04-07 09:12:05] [34mINFO[0;39m [36mg.service.ubs.OrderLockServiceImpl      [0;39m [35m:62  [0;39m Unlock orders
[2025-04-07 09:13:04] [34mINFO[0;39m [36mg.service.ubs.OrderLockServiceImpl      [0;39m [35m:60  [0;39m Time: 2025-04-07T09:08:04.996926200
[2025-04-07 09:13:04] [34mINFO[0;39m [36mg.service.ubs.OrderLockServiceImpl      [0;39m [35m:62  [0;39m Unlock orders
[2025-04-07 09:14:02] [34mINFO[0;39m [36mg.service.ubs.OrderLockServiceImpl      [0;39m [35m:60  [0;39m Time: 2025-04-07T09:09:02.271550300
[2025-04-07 09:14:02] [34mINFO[0;39m [36mg.service.ubs.OrderLockServiceImpl      [0;39m [35m:62  [0;39m Unlock orders
[2025-04-07 09:15:02] [34mINFO[0;39m [36mg.service.ubs.OrderLockServiceImpl      [0;39m [35m:60  [0;39m Time: 2025-04-07T09:10:02.274647900
[2025-04-07 09:15:02] [34mINFO[0;39m [36mg.service.ubs.OrderLockServiceImpl      [0;39m [35m:62  [0;39m Unlock orders
[2025-04-07 09:16:02] [34mINFO[0;39m [36mg.service.ubs.OrderLockServiceImpl      [0;39m [35m:60  [0;39m Time: 2025-04-07T09:11:02.266489100
[2025-04-07 09:16:02] [34mINFO[0;39m [36mg.service.ubs.OrderLockServiceImpl      [0;39m [35m:62  [0;39m Unlock orders
[2025-04-07 09:17:02] [34mINFO[0;39m [36mg.service.ubs.OrderLockServiceImpl      [0;39m [35m:60  [0;39m Time: 2025-04-07T09:12:02.270734700
[2025-04-07 09:17:02] [34mINFO[0;39m [36mg.service.ubs.OrderLockServiceImpl      [0;39m [35m:62  [0;39m Unlock orders
[2025-04-07 09:18:02] [34mINFO[0;39m [36mg.service.ubs.OrderLockServiceImpl      [0;39m [35m:60  [0;39m Time: 2025-04-07T09:13:02.272264300
[2025-04-07 09:18:02] [34mINFO[0;39m [36mg.service.ubs.OrderLockServiceImpl      [0;39m [35m:62  [0;39m Unlock orders
[2025-04-07 09:19:02] [34mINFO[0;39m [36mg.service.ubs.OrderLockServiceImpl      [0;39m [35m:60  [0;39m Time: 2025-04-07T09:14:02.261574400
[2025-04-07 09:19:02] [34mINFO[0;39m [36mg.service.ubs.OrderLockServiceImpl      [0;39m [35m:62  [0;39m Unlock orders
[2025-04-07 09:20:02] [34mINFO[0;39m [36mg.service.ubs.OrderLockServiceImpl      [0;39m [35m:60  [0;39m Time: 2025-04-07T09:15:02.265460200
[2025-04-07 09:20:02] [34mINFO[0;39m [36mg.service.ubs.OrderLockServiceImpl      [0;39m [35m:62  [0;39m Unlock orders
[2025-04-07 09:21:02] [34mINFO[0;39m [36mg.service.ubs.OrderLockServiceImpl      [0;39m [35m:60  [0;39m Time: 2025-04-07T09:16:02.271245900
[2025-04-07 09:21:02] [34mINFO[0;39m [36mg.service.ubs.OrderLockServiceImpl      [0;39m [35m:62  [0;39m Unlock orders
[2025-04-07 09:22:02] [34mINFO[0;39m [36mg.service.ubs.OrderLockServiceImpl      [0;39m [35m:60  [0;39m Time: 2025-04-07T09:17:02.267062100
[2025-04-07 09:22:02] [34mINFO[0;39m [36mg.service.ubs.OrderLockServiceImpl      [0;39m [35m:62  [0;39m Unlock orders
[2025-04-07 09:23:02] [34mINFO[0;39m [36mg.service.ubs.OrderLockServiceImpl      [0;39m [35m:60  [0;39m Time: 2025-04-07T09:18:02.261489400
[2025-04-07 09:23:02] [34mINFO[0;39m [36mg.service.ubs.OrderLockServiceImpl      [0;39m [35m:62  [0;39m Unlock orders
[2025-04-07 09:24:02] [34mINFO[0;39m [36mg.service.ubs.OrderLockServiceImpl      [0;39m [35m:60  [0;39m Time: 2025-04-07T09:19:02.266234400
[2025-04-07 09:24:02] [34mINFO[0;39m [36mg.service.ubs.OrderLockServiceImpl      [0;39m [35m:62  [0;39m Unlock orders
[2025-04-07 09:25:02] [34mINFO[0;39m [36mg.service.ubs.OrderLockServiceImpl      [0;39m [35m:60  [0;39m Time: 2025-04-07T09:20:02.275500900
[2025-04-07 09:25:02] [34mINFO[0;39m [36mg.service.ubs.OrderLockServiceImpl      [0;39m [35m:62  [0;39m Unlock orders
[2025-04-07 09:26:02] [34mINFO[0;39m [36mg.service.ubs.OrderLockServiceImpl      [0;39m [35m:60  [0;39m Time: 2025-04-07T09:21:02.267370900
[2025-04-07 09:26:02] [34mINFO[0;39m [36mg.service.ubs.OrderLockServiceImpl      [0;39m [35m:62  [0;39m Unlock orders
[2025-04-07 09:27:02] [34mINFO[0;39m [36mg.service.ubs.OrderLockServiceImpl      [0;39m [35m:60  [0;39m Time: 2025-04-07T09:22:02.268364300
[2025-04-07 09:27:02] [34mINFO[0;39m [36mg.service.ubs.OrderLockServiceImpl      [0;39m [35m:62  [0;39m Unlock orders
[2025-04-07 09:28:02] [34mINFO[0;39m [36mg.service.ubs.OrderLockServiceImpl      [0;39m [35m:60  [0;39m Time: 2025-04-07T09:23:02.271231
[2025-04-07 09:28:02] [34mINFO[0;39m [36mg.service.ubs.OrderLockServiceImpl      [0;39m [35m:62  [0;39m Unlock orders
[2025-04-07 09:29:02] [34mINFO[0;39m [36mg.service.ubs.OrderLockServiceImpl      [0;39m [35m:60  [0;39m Time: 2025-04-07T09:24:02.272533800
[2025-04-07 09:29:02] [34mINFO[0;39m [36mg.service.ubs.OrderLockServiceImpl      [0;39m [35m:62  [0;39m Unlock orders
[2025-04-07 09:30:02] [34mINFO[0;39m [36mg.service.ubs.OrderLockServiceImpl      [0;39m [35m:60  [0;39m Time: 2025-04-07T09:25:02.271086400
[2025-04-07 09:30:02] [34mINFO[0;39m [36mg.service.ubs.OrderLockServiceImpl      [0;39m [35m:62  [0;39m Unlock orders
[2025-04-07 09:31:02] [34mINFO[0;39m [36mg.service.ubs.OrderLockServiceImpl      [0;39m [35m:60  [0;39m Time: 2025-04-07T09:26:02.273908100
[2025-04-07 09:31:02] [34mINFO[0;39m [36mg.service.ubs.OrderLockServiceImpl      [0;39m [35m:62  [0;39m Unlock orders
[2025-04-07 09:32:02] [34mINFO[0;39m [36mg.service.ubs.OrderLockServiceImpl      [0;39m [35m:60  [0;39m Time: 2025-04-07T09:27:02.270208
[2025-04-07 09:32:02] [34mINFO[0;39m [36mg.service.ubs.OrderLockServiceImpl      [0;39m [35m:62  [0;39m Unlock orders
[2025-04-07 09:33:02] [34mINFO[0;39m [36mg.service.ubs.OrderLockServiceImpl      [0;39m [35m:60  [0;39m Time: 2025-04-07T09:28:02.270583700
[2025-04-07 09:33:02] [34mINFO[0;39m [36mg.service.ubs.OrderLockServiceImpl      [0;39m [35m:62  [0;39m Unlock orders
[2025-04-07 09:34:02] [34mINFO[0;39m [36mg.service.ubs.OrderLockServiceImpl      [0;39m [35m:60  [0;39m Time: 2025-04-07T09:29:02.272257300
[2025-04-07 09:34:02] [34mINFO[0;39m [36mg.service.ubs.OrderLockServiceImpl      [0;39m [35m:62  [0;39m Unlock orders
[2025-04-07 09:35:02] [34mINFO[0;39m [36mg.service.ubs.OrderLockServiceImpl      [0;39m [35m:60  [0;39m Time: 2025-04-07T09:30:02.267326
[2025-04-07 09:35:02] [34mINFO[0;39m [36mg.service.ubs.OrderLockServiceImpl      [0;39m [35m:62  [0;39m Unlock orders
[2025-04-07 09:36:02] [34mINFO[0;39m [36mg.service.ubs.OrderLockServiceImpl      [0;39m [35m:60  [0;39m Time: 2025-04-07T09:31:02.272353800
[2025-04-07 09:36:02] [34mINFO[0;39m [36mg.service.ubs.OrderLockServiceImpl      [0;39m [35m:62  [0;39m Unlock orders
[2025-04-07 09:37:02] [34mINFO[0;39m [36mg.service.ubs.OrderLockServiceImpl      [0;39m [35m:60  [0;39m Time: 2025-04-07T09:32:02.261447600
[2025-04-07 09:37:02] [34mINFO[0;39m [36mg.service.ubs.OrderLockServiceImpl      [0;39m [35m:62  [0;39m Unlock orders
[2025-04-07 09:38:02] [34mINFO[0;39m [36mg.service.ubs.OrderLockServiceImpl      [0;39m [35m:60  [0;39m Time: 2025-04-07T09:33:02.261275500
[2025-04-07 09:38:02] [34mINFO[0;39m [36mg.service.ubs.OrderLockServiceImpl      [0;39m [35m:62  [0;39m Unlock orders
[2025-04-07 09:39:02] [34mINFO[0;39m [36mg.service.ubs.OrderLockServiceImpl      [0;39m [35m:60  [0;39m Time: 2025-04-07T09:34:02.272883900
[2025-04-07 09:39:02] [34mINFO[0;39m [36mg.service.ubs.OrderLockServiceImpl      [0;39m [35m:62  [0;39m Unlock orders
[2025-04-07 09:40:02] [34mINFO[0;39m [36mg.service.ubs.OrderLockServiceImpl      [0;39m [35m:60  [0;39m Time: 2025-04-07T09:35:02.272971100
[2025-04-07 09:40:02] [34mINFO[0;39m [36mg.service.ubs.OrderLockServiceImpl      [0;39m [35m:62  [0;39m Unlock orders
[2025-04-07 09:41:02] [34mINFO[0;39m [36mg.service.ubs.OrderLockServiceImpl      [0;39m [35m:60  [0;39m Time: 2025-04-07T09:36:02.275123100
[2025-04-07 09:41:02] [34mINFO[0;39m [36mg.service.ubs.OrderLockServiceImpl      [0;39m [35m:62  [0;39m Unlock orders
[2025-04-07 09:42:02] [34mINFO[0;39m [36mg.service.ubs.OrderLockServiceImpl      [0;39m [35m:60  [0;39m Time: 2025-04-07T09:37:02.272810300
[2025-04-07 09:42:02] [34mINFO[0;39m [36mg.service.ubs.OrderLockServiceImpl      [0;39m [35m:62  [0;39m Unlock orders
[2025-04-07 09:43:02] [34mINFO[0;39m [36mg.service.ubs.OrderLockServiceImpl      [0;39m [35m:60  [0;39m Time: 2025-04-07T09:38:02.274807800
[2025-04-07 09:43:02] [34mINFO[0;39m [36mg.service.ubs.OrderLockServiceImpl      [0;39m [35m:62  [0;39m Unlock orders
[2025-04-07 09:44:02] [34mINFO[0;39m [36mg.service.ubs.OrderLockServiceImpl      [0;39m [35m:60  [0;39m Time: 2025-04-07T09:39:02.265553600
[2025-04-07 09:44:02] [34mINFO[0;39m [36mg.service.ubs.OrderLockServiceImpl      [0;39m [35m:62  [0;39m Unlock orders
[2025-04-07 09:45:02] [34mINFO[0;39m [36mg.service.ubs.OrderLockServiceImpl      [0;39m [35m:60  [0;39m Time: 2025-04-07T09:40:02.263411900
[2025-04-07 09:45:02] [34mINFO[0;39m [36mg.service.ubs.OrderLockServiceImpl      [0;39m [35m:62  [0;39m Unlock orders
[2025-04-07 09:46:02] [34mINFO[0;39m [36mg.service.ubs.OrderLockServiceImpl      [0;39m [35m:60  [0;39m Time: 2025-04-07T09:41:02.270957200
[2025-04-07 09:46:02] [34mINFO[0;39m [36mg.service.ubs.OrderLockServiceImpl      [0;39m [35m:62  [0;39m Unlock orders
[2025-04-07 09:47:02] [34mINFO[0;39m [36mg.service.ubs.OrderLockServiceImpl      [0;39m [35m:60  [0;39m Time: 2025-04-07T09:42:02.265729800
[2025-04-07 09:47:02] [34mINFO[0;39m [36mg.service.ubs.OrderLockServiceImpl      [0;39m [35m:62  [0;39m Unlock orders
[2025-04-07 09:48:02] [34mINFO[0;39m [36mg.service.ubs.OrderLockServiceImpl      [0;39m [35m:60  [0;39m Time: 2025-04-07T09:43:02.266419600
[2025-04-07 09:48:02] [34mINFO[0;39m [36mg.service.ubs.OrderLockServiceImpl      [0;39m [35m:62  [0;39m Unlock orders
[2025-04-07 09:49:02] [34mINFO[0;39m [36mg.service.ubs.OrderLockServiceImpl      [0;39m [35m:60  [0;39m Time: 2025-04-07T09:44:02.270874900
[2025-04-07 09:49:02] [34mINFO[0;39m [36mg.service.ubs.OrderLockServiceImpl      [0;39m [35m:62  [0;39m Unlock orders
[2025-04-07 09:50:02] [34mINFO[0;39m [36mg.service.ubs.OrderLockServiceImpl      [0;39m [35m:60  [0;39m Time: 2025-04-07T09:45:02.275524800
[2025-04-07 09:50:02] [34mINFO[0;39m [36mg.service.ubs.OrderLockServiceImpl      [0;39m [35m:62  [0;39m Unlock orders
[2025-04-07 09:51:02] [34mINFO[0;39m [36mg.service.ubs.OrderLockServiceImpl      [0;39m [35m:60  [0;39m Time: 2025-04-07T09:46:02.271221600
[2025-04-07 09:51:02] [34mINFO[0;39m [36mg.service.ubs.OrderLockServiceImpl      [0;39m [35m:62  [0;39m Unlock orders
[2025-04-07 09:52:02] [34mINFO[0;39m [36mg.service.ubs.OrderLockServiceImpl      [0;39m [35m:60  [0;39m Time: 2025-04-07T09:47:02.264941700
[2025-04-07 09:52:02] [34mINFO[0;39m [36mg.service.ubs.OrderLockServiceImpl      [0;39m [35m:62  [0;39m Unlock orders
[2025-04-07 09:53:02] [34mINFO[0;39m [36mg.service.ubs.OrderLockServiceImpl      [0;39m [35m:60  [0;39m Time: 2025-04-07T09:48:02.266170800
[2025-04-07 09:53:02] [34mINFO[0;39m [36mg.service.ubs.OrderLockServiceImpl      [0;39m [35m:62  [0;39m Unlock orders
[2025-04-07 09:54:02] [34mINFO[0;39m [36mg.service.ubs.OrderLockServiceImpl      [0;39m [35m:60  [0;39m Time: 2025-04-07T09:49:02.274550100
[2025-04-07 09:54:02] [34mINFO[0;39m [36mg.service.ubs.OrderLockServiceImpl      [0;39m [35m:62  [0;39m Unlock orders
[2025-04-07 10:14:29] [34mINFO[0;39m [36mg.s.f.AccessTokenAuthenticationFilter   [0;39m [35m:54  [0;39m token: eyJhbGciOiJIUzI1NiJ9.eyJzdWIiOiJvLmJ1bGhha292YS5jaGlAZ21haWwuY29tIiwicm9sZSI6WyJST0xFX1VTRVIiXSwiZXhwIjoxNzQ0MDEwNDY1LCJpYXQiOjE3NDQwMDMyNjV9.6YxrPtD_L9Al52cqwl4zxSU6B_ar3t1c1BdLu1Xz3Fs
[2025-04-07 10:14:29] [34mINFO[0;39m [36mg.s.f.AccessTokenAuthenticationFilter   [0;39m [35m:54  [0;39m token: eyJhbGciOiJIUzI1NiJ9.eyJzdWIiOiJzZXJ2aWNlQGdyZWVuY2l0eS51YSIsInJvbGUiOlsiUk9MRV9BRE1JTiJdLCJpYXQiOjE3NDQwMTAwNjksImV4cCI6MTc0NDAxNzI2OX0.0O8Yni30SvzByZWxr3BWScdFg_rknzunMqY1Hu2eyNk
[2025-04-07 10:14:31] [34mINFO[0;39m [36mg.s.f.AccessTokenAuthenticationFilter   [0;39m [35m:62  [0;39m user: Optional[UserVO(id=1, email=service@greencity.ua, languageVO=greencity.dto.language.LanguageVO@1c60)]
[2025-04-07 10:14:31] [34mINFO[0;39m [36mg.s.f.AccessTokenAuthenticationFilter   [0;39m [35m:62  [0;39m user: Optional[UserVO(id=5, email=o.bulhakova.chi@gmail.com, languageVO=greencity.dto.language.LanguageVO@1c60)]
[2025-04-07 10:14:31] [31mWARN[0;39m [36m.m.m.a.ExceptionHandlerExceptionResolver[0;39m [35m:247 [0;39m Resolved [org.springframework.web.bind.MissingServletRequestParameterException: Required request parameter 'email' for method parameter type String is not present]
[2025-04-07 10:14:31] [34mINFO[0;39m [36mg.s.f.AccessTokenAuthenticationFilter   [0;39m [35m:54  [0;39m token: eyJhbGciOiJIUzI1NiJ9.eyJzdWIiOiJvLmJ1bGhha292YS5jaGlAZ21haWwuY29tIiwicm9sZSI6WyJST0xFX1VTRVIiXSwiZXhwIjoxNzQ0MDEwNDY1LCJpYXQiOjE3NDQwMDMyNjV9.6YxrPtD_L9Al52cqwl4zxSU6B_ar3t1c1BdLu1Xz3Fs
[2025-04-07 10:14:31] [34mINFO[0;39m [36mg.s.f.AccessTokenAuthenticationFilter   [0;39m [35m:62  [0;39m user: Optional[UserVO(id=5, email=o.bulhakova.chi@gmail.com, languageVO=greencity.dto.language.LanguageVO@1c60)]
[2025-04-07 10:14:31] [31mWARN[0;39m [36m.m.m.a.ExceptionHandlerExceptionResolver[0;39m [35m:247 [0;39m Resolved [org.springframework.web.bind.MissingServletRequestParameterException: Required request parameter 'email' for method parameter type String is not present]
[2025-04-07 10:14:31] [39mTRACE[0;39m [36mg.e.handler.CustomExceptionHandler      [0;39m [35m:65  [0;39m {"name":"email","message":"The user does not exist by this email: "}
[2025-04-07 10:14:31] [31mWARN[0;39m [36m.m.m.a.ExceptionHandlerExceptionResolver[0;39m [35m:247 [0;39m Resolved [greencity.exceptions.BadRequestException: {"name":"email","message":"The user does not exist by this email: "}]
[2025-04-07 10:14:31] [34mINFO[0;39m [36mg.s.f.AccessTokenAuthenticationFilter   [0;39m [35m:54  [0;39m token: eyJhbGciOiJIUzI1NiJ9.eyJzdWIiOiJzZXJ2aWNlQGdyZWVuY2l0eS51YSIsInJvbGUiOlsiUk9MRV9BRE1JTiJdLCJpYXQiOjE3NDQwMTAwNzEsImV4cCI6MTc0NDAxNzI3MX0.2hMLxpyt_O9rt26DmhwcxIqK8SSduSBbbp_LkWdzarA
[2025-04-07 10:14:31] [34mINFO[0;39m [36mg.s.f.AccessTokenAuthenticationFilter   [0;39m [35m:62  [0;39m user: Optional[UserVO(id=1, email=service@greencity.ua, languageVO=greencity.dto.language.LanguageVO@1c60)]
[2025-04-07 10:14:31] [39mTRACE[0;39m [36mg.e.handler.CustomExceptionHandler      [0;39m [35m:65  [0;39m {"name":"email","message":"The user does not exist by this email: "}
[2025-04-07 10:14:31] [31mWARN[0;39m [36m.m.m.a.ExceptionHandlerExceptionResolver[0;39m [35m:247 [0;39m Resolved [greencity.exceptions.BadRequestException: {"name":"email","message":"The user does not exist by this email: "}]
[2025-04-07 10:14:36] [31mWARN[0;39m [36mcom.zaxxer.hikari.pool.HikariPool       [0;39m [35m:804 [0;39m HikariPool-1 - Thread starvation or clock leap detected (housekeeper delta=20m39s175ms475µs200ns).
[2025-04-07 10:15:11] [34mINFO[0;39m [36mg.service.ubs.OrderLockServiceImpl      [0;39m [35m:60  [0;39m Time: 2025-04-07T10:10:11.437572500
[2025-04-07 10:15:11] [34mINFO[0;39m [36mg.service.ubs.OrderLockServiceImpl      [0;39m [35m:62  [0;39m Unlock orders
[2025-04-07 10:15:11] [34mINFO[0;39m [36mg.service.ubs.OrderLockServiceImpl      [0;39m [35m:60  [0;39m Time: 2025-04-07T10:10:11.451089200
[2025-04-07 10:15:11] [34mINFO[0;39m [36mg.service.ubs.OrderLockServiceImpl      [0;39m [35m:62  [0;39m Unlock orders
[2025-04-07 10:15:11] [34mINFO[0;39m [36mg.service.ubs.OrderLockServiceImpl      [0;39m [35m:60  [0;39m Time: 2025-04-07T10:10:11.453089200
[2025-04-07 10:15:11] [34mINFO[0;39m [36mg.service.ubs.OrderLockServiceImpl      [0;39m [35m:62  [0;39m Unlock orders
[2025-04-07 10:15:11] [34mINFO[0;39m [36mg.service.ubs.OrderLockServiceImpl      [0;39m [35m:60  [0;39m Time: 2025-04-07T10:10:11.455088300
[2025-04-07 10:15:11] [34mINFO[0;39m [36mg.service.ubs.OrderLockServiceImpl      [0;39m [35m:62  [0;39m Unlock orders
[2025-04-07 10:15:11] [34mINFO[0;39m [36mg.service.ubs.OrderLockServiceImpl      [0;39m [35m:60  [0;39m Time: 2025-04-07T10:10:11.456087700
[2025-04-07 10:15:11] [34mINFO[0;39m [36mg.service.ubs.OrderLockServiceImpl      [0;39m [35m:62  [0;39m Unlock orders
[2025-04-07 10:15:11] [34mINFO[0;39m [36mg.service.ubs.OrderLockServiceImpl      [0;39m [35m:60  [0;39m Time: 2025-04-07T10:10:11.457088100
[2025-04-07 10:15:11] [34mINFO[0;39m [36mg.service.ubs.OrderLockServiceImpl      [0;39m [35m:62  [0;39m Unlock orders
[2025-04-07 10:15:11] [34mINFO[0;39m [36mg.service.ubs.OrderLockServiceImpl      [0;39m [35m:60  [0;39m Time: 2025-04-07T10:10:11.457088100
[2025-04-07 10:15:11] [34mINFO[0;39m [36mg.service.ubs.OrderLockServiceImpl      [0;39m [35m:62  [0;39m Unlock orders
[2025-04-07 10:15:11] [34mINFO[0;39m [36mg.service.ubs.OrderLockServiceImpl      [0;39m [35m:60  [0;39m Time: 2025-04-07T10:10:11.458088700
[2025-04-07 10:15:11] [34mINFO[0;39m [36mg.service.ubs.OrderLockServiceImpl      [0;39m [35m:62  [0;39m Unlock orders
[2025-04-07 10:15:11] [34mINFO[0;39m [36mg.service.ubs.OrderLockServiceImpl      [0;39m [35m:60  [0;39m Time: 2025-04-07T10:10:11.459089500
[2025-04-07 10:15:11] [34mINFO[0;39m [36mg.service.ubs.OrderLockServiceImpl      [0;39m [35m:62  [0;39m Unlock orders
[2025-04-07 10:15:11] [34mINFO[0;39m [36mg.service.ubs.OrderLockServiceImpl      [0;39m [35m:60  [0;39m Time: 2025-04-07T10:10:11.460090500
[2025-04-07 10:15:11] [34mINFO[0;39m [36mg.service.ubs.OrderLockServiceImpl      [0;39m [35m:62  [0;39m Unlock orders
[2025-04-07 10:15:11] [34mINFO[0;39m [36mg.service.ubs.OrderLockServiceImpl      [0;39m [35m:60  [0;39m Time: 2025-04-07T10:10:11.460090500
[2025-04-07 10:15:11] [34mINFO[0;39m [36mg.service.ubs.OrderLockServiceImpl      [0;39m [35m:62  [0;39m Unlock orders
[2025-04-07 10:15:11] [34mINFO[0;39m [36mg.service.ubs.OrderLockServiceImpl      [0;39m [35m:60  [0;39m Time: 2025-04-07T10:10:11.461089500
[2025-04-07 10:15:11] [34mINFO[0;39m [36mg.service.ubs.OrderLockServiceImpl      [0;39m [35m:62  [0;39m Unlock orders
[2025-04-07 10:15:11] [34mINFO[0;39m [36mg.service.ubs.OrderLockServiceImpl      [0;39m [35m:60  [0;39m Time: 2025-04-07T10:10:11.462088800
[2025-04-07 10:15:11] [34mINFO[0;39m [36mg.service.ubs.OrderLockServiceImpl      [0;39m [35m:62  [0;39m Unlock orders
[2025-04-07 10:15:11] [34mINFO[0;39m [36mg.service.ubs.OrderLockServiceImpl      [0;39m [35m:60  [0;39m Time: 2025-04-07T10:10:11.463088600
[2025-04-07 10:15:11] [34mINFO[0;39m [36mg.service.ubs.OrderLockServiceImpl      [0;39m [35m:62  [0;39m Unlock orders
[2025-04-07 10:15:11] [34mINFO[0;39m [36mg.service.ubs.OrderLockServiceImpl      [0;39m [35m:60  [0;39m Time: 2025-04-07T10:10:11.464087900
[2025-04-07 10:15:11] [34mINFO[0;39m [36mg.service.ubs.OrderLockServiceImpl      [0;39m [35m:62  [0;39m Unlock orders
[2025-04-07 10:15:11] [34mINFO[0;39m [36mg.service.ubs.OrderLockServiceImpl      [0;39m [35m:60  [0;39m Time: 2025-04-07T10:10:11.465089
[2025-04-07 10:15:11] [34mINFO[0;39m [36mg.service.ubs.OrderLockServiceImpl      [0;39m [35m:62  [0;39m Unlock orders
[2025-04-07 10:15:11] [34mINFO[0;39m [36mg.service.ubs.OrderLockServiceImpl      [0;39m [35m:60  [0;39m Time: 2025-04-07T10:10:11.465089
[2025-04-07 10:15:11] [34mINFO[0;39m [36mg.service.ubs.OrderLockServiceImpl      [0;39m [35m:62  [0;39m Unlock orders
[2025-04-07 10:15:11] [34mINFO[0;39m [36mg.service.ubs.OrderLockServiceImpl      [0;39m [35m:60  [0;39m Time: 2025-04-07T10:10:11.466087500
[2025-04-07 10:15:11] [34mINFO[0;39m [36mg.service.ubs.OrderLockServiceImpl      [0;39m [35m:62  [0;39m Unlock orders
[2025-04-07 10:15:11] [34mINFO[0;39m [36mg.service.ubs.OrderLockServiceImpl      [0;39m [35m:60  [0;39m Time: 2025-04-07T10:10:11.467087900
[2025-04-07 10:15:11] [34mINFO[0;39m [36mg.service.ubs.OrderLockServiceImpl      [0;39m [35m:62  [0;39m Unlock orders
[2025-04-07 10:15:11] [34mINFO[0;39m [36mg.service.ubs.OrderLockServiceImpl      [0;39m [35m:60  [0;39m Time: 2025-04-07T10:10:11.468087300
[2025-04-07 10:15:11] [34mINFO[0;39m [36mg.service.ubs.OrderLockServiceImpl      [0;39m [35m:62  [0;39m Unlock orders
[2025-04-07 10:15:11] [34mINFO[0;39m [36mg.service.ubs.OrderLockServiceImpl      [0;39m [35m:60  [0;39m Time: 2025-04-07T10:10:11.468087300
[2025-04-07 10:15:11] [34mINFO[0;39m [36mg.service.ubs.OrderLockServiceImpl      [0;39m [35m:62  [0;39m Unlock orders
[2025-04-07 10:16:02] [34mINFO[0;39m [36mg.service.ubs.OrderLockServiceImpl      [0;39m [35m:60  [0;39m Time: 2025-04-07T10:11:02.272811400
[2025-04-07 10:16:02] [34mINFO[0;39m [36mg.service.ubs.OrderLockServiceImpl      [0;39m [35m:62  [0;39m Unlock orders
[2025-04-07 10:17:02] [34mINFO[0;39m [36mg.service.ubs.OrderLockServiceImpl      [0;39m [35m:60  [0;39m Time: 2025-04-07T10:12:02.273573800
[2025-04-07 10:17:02] [34mINFO[0;39m [36mg.service.ubs.OrderLockServiceImpl      [0;39m [35m:62  [0;39m Unlock orders
[2025-04-07 10:18:02] [34mINFO[0;39m [36mg.service.ubs.OrderLockServiceImpl      [0;39m [35m:60  [0;39m Time: 2025-04-07T10:13:02.268049600
[2025-04-07 10:18:02] [34mINFO[0;39m [36mg.service.ubs.OrderLockServiceImpl      [0;39m [35m:62  [0;39m Unlock orders
[2025-04-07 10:19:02] [34mINFO[0;39m [36mg.service.ubs.OrderLockServiceImpl      [0;39m [35m:60  [0;39m Time: 2025-04-07T10:14:02.264118
[2025-04-07 10:19:02] [34mINFO[0;39m [36mg.service.ubs.OrderLockServiceImpl      [0;39m [35m:62  [0;39m Unlock orders
[2025-04-07 10:20:02] [34mINFO[0;39m [36mg.service.ubs.OrderLockServiceImpl      [0;39m [35m:60  [0;39m Time: 2025-04-07T10:15:02.274637100
[2025-04-07 10:20:02] [34mINFO[0;39m [36mg.service.ubs.OrderLockServiceImpl      [0;39m [35m:62  [0;39m Unlock orders
[2025-04-07 10:21:02] [34mINFO[0;39m [36mg.service.ubs.OrderLockServiceImpl      [0;39m [35m:60  [0;39m Time: 2025-04-07T10:16:02.263562200
[2025-04-07 10:21:02] [34mINFO[0;39m [36mg.service.ubs.OrderLockServiceImpl      [0;39m [35m:62  [0;39m Unlock orders
[2025-04-07 10:22:02] [34mINFO[0;39m [36mg.service.ubs.OrderLockServiceImpl      [0;39m [35m:60  [0;39m Time: 2025-04-07T10:17:02.277701200
[2025-04-07 10:22:02] [34mINFO[0;39m [36mg.service.ubs.OrderLockServiceImpl      [0;39m [35m:62  [0;39m Unlock orders
[2025-04-07 10:23:02] [34mINFO[0;39m [36mg.service.ubs.OrderLockServiceImpl      [0;39m [35m:60  [0;39m Time: 2025-04-07T10:18:02.267633200
[2025-04-07 10:23:02] [34mINFO[0;39m [36mg.service.ubs.OrderLockServiceImpl      [0;39m [35m:62  [0;39m Unlock orders
[2025-04-07 10:24:02] [34mINFO[0;39m [36mg.service.ubs.OrderLockServiceImpl      [0;39m [35m:60  [0;39m Time: 2025-04-07T10:19:02.267086100
[2025-04-07 10:24:02] [34mINFO[0;39m [36mg.service.ubs.OrderLockServiceImpl      [0;39m [35m:62  [0;39m Unlock orders
[2025-04-07 10:25:02] [34mINFO[0;39m [36mg.service.ubs.OrderLockServiceImpl      [0;39m [35m:60  [0;39m Time: 2025-04-07T10:20:02.262524800
[2025-04-07 10:25:02] [34mINFO[0;39m [36mg.service.ubs.OrderLockServiceImpl      [0;39m [35m:62  [0;39m Unlock orders
[2025-04-07 10:26:02] [34mINFO[0;39m [36mg.service.ubs.OrderLockServiceImpl      [0;39m [35m:60  [0;39m Time: 2025-04-07T10:21:02.273619
[2025-04-07 10:26:02] [34mINFO[0;39m [36mg.service.ubs.OrderLockServiceImpl      [0;39m [35m:62  [0;39m Unlock orders
[2025-04-07 10:27:02] [34mINFO[0;39m [36mg.service.ubs.OrderLockServiceImpl      [0;39m [35m:60  [0;39m Time: 2025-04-07T10:22:02.264740900
[2025-04-07 10:27:02] [34mINFO[0;39m [36mg.service.ubs.OrderLockServiceImpl      [0;39m [35m:62  [0;39m Unlock orders
[2025-04-07 10:28:02] [34mINFO[0;39m [36mg.service.ubs.OrderLockServiceImpl      [0;39m [35m:60  [0;39m Time: 2025-04-07T10:23:02.273782900
[2025-04-07 10:28:02] [34mINFO[0;39m [36mg.service.ubs.OrderLockServiceImpl      [0;39m [35m:62  [0;39m Unlock orders
[2025-04-07 10:29:02] [34mINFO[0;39m [36mg.service.ubs.OrderLockServiceImpl      [0;39m [35m:60  [0;39m Time: 2025-04-07T10:24:02.273908800
[2025-04-07 10:29:02] [34mINFO[0;39m [36mg.service.ubs.OrderLockServiceImpl      [0;39m [35m:62  [0;39m Unlock orders
[2025-04-07 10:30:02] [34mINFO[0;39m [36mg.service.ubs.OrderLockServiceImpl      [0;39m [35m:60  [0;39m Time: 2025-04-07T10:25:02.274385500
[2025-04-07 10:30:02] [34mINFO[0;39m [36mg.service.ubs.OrderLockServiceImpl      [0;39m [35m:62  [0;39m Unlock orders
[2025-04-07 10:31:02] [34mINFO[0;39m [36mg.service.ubs.OrderLockServiceImpl      [0;39m [35m:60  [0;39m Time: 2025-04-07T10:26:02.272484300
[2025-04-07 10:31:02] [34mINFO[0;39m [36mg.service.ubs.OrderLockServiceImpl      [0;39m [35m:62  [0;39m Unlock orders
[2025-04-07 10:32:02] [34mINFO[0;39m [36mg.service.ubs.OrderLockServiceImpl      [0;39m [35m:60  [0;39m Time: 2025-04-07T10:27:02.274986200
[2025-04-07 10:32:02] [34mINFO[0;39m [36mg.service.ubs.OrderLockServiceImpl      [0;39m [35m:62  [0;39m Unlock orders
[2025-04-07 10:33:02] [34mINFO[0;39m [36mg.service.ubs.OrderLockServiceImpl      [0;39m [35m:60  [0;39m Time: 2025-04-07T10:28:02.262775500
[2025-04-07 10:33:02] [34mINFO[0;39m [36mg.service.ubs.OrderLockServiceImpl      [0;39m [35m:62  [0;39m Unlock orders
[2025-04-07 10:34:02] [34mINFO[0;39m [36mg.service.ubs.OrderLockServiceImpl      [0;39m [35m:60  [0;39m Time: 2025-04-07T10:29:02.263150800
[2025-04-07 10:34:02] [34mINFO[0;39m [36mg.service.ubs.OrderLockServiceImpl      [0;39m [35m:62  [0;39m Unlock orders
[2025-04-07 10:35:02] [34mINFO[0;39m [36mg.service.ubs.OrderLockServiceImpl      [0;39m [35m:60  [0;39m Time: 2025-04-07T10:30:02.261319100
[2025-04-07 10:35:02] [34mINFO[0;39m [36mg.service.ubs.OrderLockServiceImpl      [0;39m [35m:62  [0;39m Unlock orders
[2025-04-07 10:36:02] [34mINFO[0;39m [36mg.service.ubs.OrderLockServiceImpl      [0;39m [35m:60  [0;39m Time: 2025-04-07T10:31:02.270122
[2025-04-07 10:36:02] [34mINFO[0;39m [36mg.service.ubs.OrderLockServiceImpl      [0;39m [35m:62  [0;39m Unlock orders
[2025-04-07 10:37:02] [34mINFO[0;39m [36mg.service.ubs.OrderLockServiceImpl      [0;39m [35m:60  [0;39m Time: 2025-04-07T10:32:02.262042100
[2025-04-07 10:37:02] [34mINFO[0;39m [36mg.service.ubs.OrderLockServiceImpl      [0;39m [35m:62  [0;39m Unlock orders
[2025-04-07 10:38:02] [34mINFO[0;39m [36mg.service.ubs.OrderLockServiceImpl      [0;39m [35m:60  [0;39m Time: 2025-04-07T10:33:02.273755100
[2025-04-07 10:38:02] [34mINFO[0;39m [36mg.service.ubs.OrderLockServiceImpl      [0;39m [35m:62  [0;39m Unlock orders
[2025-04-07 10:39:02] [34mINFO[0;39m [36mg.service.ubs.OrderLockServiceImpl      [0;39m [35m:60  [0;39m Time: 2025-04-07T10:34:02.274958
[2025-04-07 10:39:02] [34mINFO[0;39m [36mg.service.ubs.OrderLockServiceImpl      [0;39m [35m:62  [0;39m Unlock orders
[2025-04-07 10:40:02] [34mINFO[0;39m [36mg.service.ubs.OrderLockServiceImpl      [0;39m [35m:60  [0;39m Time: 2025-04-07T10:35:02.267987500
[2025-04-07 10:40:02] [34mINFO[0;39m [36mg.service.ubs.OrderLockServiceImpl      [0;39m [35m:62  [0;39m Unlock orders
[2025-04-07 10:41:02] [34mINFO[0;39m [36mg.service.ubs.OrderLockServiceImpl      [0;39m [35m:60  [0;39m Time: 2025-04-07T10:36:02.266913700
[2025-04-07 10:41:02] [34mINFO[0;39m [36mg.service.ubs.OrderLockServiceImpl      [0;39m [35m:62  [0;39m Unlock orders
[2025-04-07 10:42:02] [34mINFO[0;39m [36mg.service.ubs.OrderLockServiceImpl      [0;39m [35m:60  [0;39m Time: 2025-04-07T10:37:02.271069200
[2025-04-07 10:42:02] [34mINFO[0;39m [36mg.service.ubs.OrderLockServiceImpl      [0;39m [35m:62  [0;39m Unlock orders
[2025-04-07 10:43:02] [34mINFO[0;39m [36mg.service.ubs.OrderLockServiceImpl      [0;39m [35m:60  [0;39m Time: 2025-04-07T10:38:02.263872100
[2025-04-07 10:43:02] [34mINFO[0;39m [36mg.service.ubs.OrderLockServiceImpl      [0;39m [35m:62  [0;39m Unlock orders
[2025-04-07 10:44:02] [34mINFO[0;39m [36mg.service.ubs.OrderLockServiceImpl      [0;39m [35m:60  [0;39m Time: 2025-04-07T10:39:02.263598
[2025-04-07 10:44:02] [34mINFO[0;39m [36mg.service.ubs.OrderLockServiceImpl      [0;39m [35m:62  [0;39m Unlock orders
[2025-04-07 10:45:02] [34mINFO[0;39m [36mg.service.ubs.OrderLockServiceImpl      [0;39m [35m:60  [0;39m Time: 2025-04-07T10:40:02.264904300
[2025-04-07 10:45:02] [34mINFO[0;39m [36mg.service.ubs.OrderLockServiceImpl      [0;39m [35m:62  [0;39m Unlock orders
[2025-04-07 10:46:02] [34mINFO[0;39m [36mg.service.ubs.OrderLockServiceImpl      [0;39m [35m:60  [0;39m Time: 2025-04-07T10:41:02.273120100
[2025-04-07 10:46:02] [34mINFO[0;39m [36mg.service.ubs.OrderLockServiceImpl      [0;39m [35m:62  [0;39m Unlock orders
[2025-04-07 10:47:02] [34mINFO[0;39m [36mg.service.ubs.OrderLockServiceImpl      [0;39m [35m:60  [0;39m Time: 2025-04-07T10:42:02.262770200
[2025-04-07 10:47:02] [34mINFO[0;39m [36mg.service.ubs.OrderLockServiceImpl      [0;39m [35m:62  [0;39m Unlock orders
[2025-04-07 10:48:02] [34mINFO[0;39m [36mg.service.ubs.OrderLockServiceImpl      [0;39m [35m:60  [0;39m Time: 2025-04-07T10:43:02.260171600
[2025-04-07 10:48:02] [34mINFO[0;39m [36mg.service.ubs.OrderLockServiceImpl      [0;39m [35m:62  [0;39m Unlock orders
[2025-04-07 10:49:02] [34mINFO[0;39m [36mg.service.ubs.OrderLockServiceImpl      [0;39m [35m:60  [0;39m Time: 2025-04-07T10:44:02.267985200
[2025-04-07 10:49:02] [34mINFO[0;39m [36mg.service.ubs.OrderLockServiceImpl      [0;39m [35m:62  [0;39m Unlock orders
[2025-04-07 10:50:02] [34mINFO[0;39m [36mg.service.ubs.OrderLockServiceImpl      [0;39m [35m:60  [0;39m Time: 2025-04-07T10:45:02.266940600
[2025-04-07 10:50:02] [34mINFO[0;39m [36mg.service.ubs.OrderLockServiceImpl      [0;39m [35m:62  [0;39m Unlock orders
[2025-04-07 10:51:02] [34mINFO[0;39m [36mg.service.ubs.OrderLockServiceImpl      [0;39m [35m:60  [0;39m Time: 2025-04-07T10:46:02.270944500
[2025-04-07 10:51:02] [34mINFO[0;39m [36mg.service.ubs.OrderLockServiceImpl      [0;39m [35m:62  [0;39m Unlock orders
[2025-04-07 10:52:02] [34mINFO[0;39m [36mg.service.ubs.OrderLockServiceImpl      [0;39m [35m:60  [0;39m Time: 2025-04-07T10:47:02.275946300
[2025-04-07 10:52:02] [34mINFO[0;39m [36mg.service.ubs.OrderLockServiceImpl      [0;39m [35m:62  [0;39m Unlock orders
[2025-04-07 10:53:02] [34mINFO[0;39m [36mg.service.ubs.OrderLockServiceImpl      [0;39m [35m:60  [0;39m Time: 2025-04-07T10:48:02.271979
[2025-04-07 10:53:02] [34mINFO[0;39m [36mg.service.ubs.OrderLockServiceImpl      [0;39m [35m:62  [0;39m Unlock orders
[2025-04-07 10:54:02] [34mINFO[0;39m [36mg.service.ubs.OrderLockServiceImpl      [0;39m [35m:60  [0;39m Time: 2025-04-07T10:49:02.262735300
[2025-04-07 10:54:02] [34mINFO[0;39m [36mg.service.ubs.OrderLockServiceImpl      [0;39m [35m:62  [0;39m Unlock orders
[2025-04-07 10:55:02] [34mINFO[0;39m [36mg.service.ubs.OrderLockServiceImpl      [0;39m [35m:60  [0;39m Time: 2025-04-07T10:50:02.264182600
[2025-04-07 10:55:02] [34mINFO[0;39m [36mg.service.ubs.OrderLockServiceImpl      [0;39m [35m:62  [0;39m Unlock orders
[2025-04-07 10:56:02] [34mINFO[0;39m [36mg.service.ubs.OrderLockServiceImpl      [0;39m [35m:60  [0;39m Time: 2025-04-07T10:51:02.266949800
[2025-04-07 10:56:02] [34mINFO[0;39m [36mg.service.ubs.OrderLockServiceImpl      [0;39m [35m:62  [0;39m Unlock orders
[2025-04-07 10:57:02] [34mINFO[0;39m [36mg.service.ubs.OrderLockServiceImpl      [0;39m [35m:60  [0;39m Time: 2025-04-07T10:52:02.269957400
[2025-04-07 10:57:02] [34mINFO[0;39m [36mg.service.ubs.OrderLockServiceImpl      [0;39m [35m:62  [0;39m Unlock orders
[2025-04-07 10:58:02] [34mINFO[0;39m [36mg.service.ubs.OrderLockServiceImpl      [0;39m [35m:60  [0;39m Time: 2025-04-07T10:53:02.273506300
[2025-04-07 10:58:02] [34mINFO[0;39m [36mg.service.ubs.OrderLockServiceImpl      [0;39m [35m:62  [0;39m Unlock orders
[2025-04-07 10:59:02] [34mINFO[0;39m [36mg.service.ubs.OrderLockServiceImpl      [0;39m [35m:60  [0;39m Time: 2025-04-07T10:54:02.262493900
[2025-04-07 10:59:02] [34mINFO[0;39m [36mg.service.ubs.OrderLockServiceImpl      [0;39m [35m:62  [0;39m Unlock orders
[2025-04-07 11:00:02] [34mINFO[0;39m [36mg.service.ubs.OrderLockServiceImpl      [0;39m [35m:60  [0;39m Time: 2025-04-07T10:55:02.275868900
[2025-04-07 11:00:02] [34mINFO[0;39m [36mg.service.ubs.OrderLockServiceImpl      [0;39m [35m:62  [0;39m Unlock orders
[2025-04-07 11:01:02] [34mINFO[0;39m [36mg.service.ubs.OrderLockServiceImpl      [0;39m [35m:60  [0;39m Time: 2025-04-07T10:56:02.265108400
[2025-04-07 11:01:02] [34mINFO[0;39m [36mg.service.ubs.OrderLockServiceImpl      [0;39m [35m:62  [0;39m Unlock orders
[2025-04-07 11:02:02] [34mINFO[0;39m [36mg.service.ubs.OrderLockServiceImpl      [0;39m [35m:60  [0;39m Time: 2025-04-07T10:57:02.271148800
[2025-04-07 11:02:02] [34mINFO[0;39m [36mg.service.ubs.OrderLockServiceImpl      [0;39m [35m:62  [0;39m Unlock orders
[2025-04-07 11:03:02] [34mINFO[0;39m [36mg.service.ubs.OrderLockServiceImpl      [0;39m [35m:60  [0;39m Time: 2025-04-07T10:58:02.269633900
[2025-04-07 11:03:02] [34mINFO[0;39m [36mg.service.ubs.OrderLockServiceImpl      [0;39m [35m:62  [0;39m Unlock orders
[2025-04-07 11:04:02] [34mINFO[0;39m [36mg.service.ubs.OrderLockServiceImpl      [0;39m [35m:60  [0;39m Time: 2025-04-07T10:59:02.267486
[2025-04-07 11:04:02] [34mINFO[0;39m [36mg.service.ubs.OrderLockServiceImpl      [0;39m [35m:62  [0;39m Unlock orders
[2025-04-07 11:05:02] [34mINFO[0;39m [36mg.service.ubs.OrderLockServiceImpl      [0;39m [35m:60  [0;39m Time: 2025-04-07T11:00:02.262903400
[2025-04-07 11:05:02] [34mINFO[0;39m [36mg.service.ubs.OrderLockServiceImpl      [0;39m [35m:62  [0;39m Unlock orders
[2025-04-07 11:06:02] [34mINFO[0;39m [36mg.service.ubs.OrderLockServiceImpl      [0;39m [35m:60  [0;39m Time: 2025-04-07T11:01:02.267361300
[2025-04-07 11:06:02] [34mINFO[0;39m [36mg.service.ubs.OrderLockServiceImpl      [0;39m [35m:62  [0;39m Unlock orders
[2025-04-07 11:07:02] [34mINFO[0;39m [36mg.service.ubs.OrderLockServiceImpl      [0;39m [35m:60  [0;39m Time: 2025-04-07T11:02:02.268286200
[2025-04-07 11:07:02] [34mINFO[0;39m [36mg.service.ubs.OrderLockServiceImpl      [0;39m [35m:62  [0;39m Unlock orders
[2025-04-07 11:08:02] [34mINFO[0;39m [36mg.service.ubs.OrderLockServiceImpl      [0;39m [35m:60  [0;39m Time: 2025-04-07T11:03:02.267985600
[2025-04-07 11:08:02] [34mINFO[0;39m [36mg.service.ubs.OrderLockServiceImpl      [0;39m [35m:62  [0;39m Unlock orders
[2025-04-07 11:09:02] [34mINFO[0;39m [36mg.service.ubs.OrderLockServiceImpl      [0;39m [35m:60  [0;39m Time: 2025-04-07T11:04:02.262127900
[2025-04-07 11:09:02] [34mINFO[0;39m [36mg.service.ubs.OrderLockServiceImpl      [0;39m [35m:62  [0;39m Unlock orders
[2025-04-07 11:10:02] [34mINFO[0;39m [36mg.service.ubs.OrderLockServiceImpl      [0;39m [35m:60  [0;39m Time: 2025-04-07T11:05:02.268558200
[2025-04-07 11:10:02] [34mINFO[0;39m [36mg.service.ubs.OrderLockServiceImpl      [0;39m [35m:62  [0;39m Unlock orders
[2025-04-07 11:11:02] [34mINFO[0;39m [36mg.service.ubs.OrderLockServiceImpl      [0;39m [35m:60  [0;39m Time: 2025-04-07T11:06:02.261152400
[2025-04-07 11:11:02] [34mINFO[0;39m [36mg.service.ubs.OrderLockServiceImpl      [0;39m [35m:62  [0;39m Unlock orders
[2025-04-07 11:12:02] [34mINFO[0;39m [36mg.service.ubs.OrderLockServiceImpl      [0;39m [35m:60  [0;39m Time: 2025-04-07T11:07:02.261797
[2025-04-07 11:12:02] [34mINFO[0;39m [36mg.service.ubs.OrderLockServiceImpl      [0;39m [35m:62  [0;39m Unlock orders
[2025-04-07 11:13:02] [34mINFO[0;39m [36mg.service.ubs.OrderLockServiceImpl      [0;39m [35m:60  [0;39m Time: 2025-04-07T11:08:02.265494100
[2025-04-07 11:13:02] [34mINFO[0;39m [36mg.service.ubs.OrderLockServiceImpl      [0;39m [35m:62  [0;39m Unlock orders
[2025-04-07 11:14:02] [34mINFO[0;39m [36mg.service.ubs.OrderLockServiceImpl      [0;39m [35m:60  [0;39m Time: 2025-04-07T11:09:02.263215300
[2025-04-07 11:14:02] [34mINFO[0;39m [36mg.service.ubs.OrderLockServiceImpl      [0;39m [35m:62  [0;39m Unlock orders
[2025-04-07 11:15:02] [34mINFO[0;39m [36mg.service.ubs.OrderLockServiceImpl      [0;39m [35m:60  [0;39m Time: 2025-04-07T11:10:02.262054700
[2025-04-07 11:15:02] [34mINFO[0;39m [36mg.service.ubs.OrderLockServiceImpl      [0;39m [35m:62  [0;39m Unlock orders
[2025-04-07 11:16:02] [34mINFO[0;39m [36mg.service.ubs.OrderLockServiceImpl      [0;39m [35m:60  [0;39m Time: 2025-04-07T11:11:02.268870300
[2025-04-07 11:16:02] [34mINFO[0;39m [36mg.service.ubs.OrderLockServiceImpl      [0;39m [35m:62  [0;39m Unlock orders
[2025-04-07 11:17:02] [34mINFO[0;39m [36mg.service.ubs.OrderLockServiceImpl      [0;39m [35m:60  [0;39m Time: 2025-04-07T11:12:02.273963400
[2025-04-07 11:17:02] [34mINFO[0;39m [36mg.service.ubs.OrderLockServiceImpl      [0;39m [35m:62  [0;39m Unlock orders
[2025-04-07 11:18:02] [34mINFO[0;39m [36mg.service.ubs.OrderLockServiceImpl      [0;39m [35m:60  [0;39m Time: 2025-04-07T11:13:02.262010300
[2025-04-07 11:18:02] [34mINFO[0;39m [36mg.service.ubs.OrderLockServiceImpl      [0;39m [35m:62  [0;39m Unlock orders
[2025-04-07 11:19:02] [34mINFO[0;39m [36mg.service.ubs.OrderLockServiceImpl      [0;39m [35m:60  [0;39m Time: 2025-04-07T11:14:02.275534
[2025-04-07 11:19:02] [34mINFO[0;39m [36mg.service.ubs.OrderLockServiceImpl      [0;39m [35m:62  [0;39m Unlock orders
[2025-04-07 11:20:02] [34mINFO[0;39m [36mg.service.ubs.OrderLockServiceImpl      [0;39m [35m:60  [0;39m Time: 2025-04-07T11:15:02.276821100
[2025-04-07 11:20:02] [34mINFO[0;39m [36mg.service.ubs.OrderLockServiceImpl      [0;39m [35m:62  [0;39m Unlock orders
[2025-04-07 11:21:02] [34mINFO[0;39m [36mg.service.ubs.OrderLockServiceImpl      [0;39m [35m:60  [0;39m Time: 2025-04-07T11:16:02.270729300
[2025-04-07 11:21:02] [34mINFO[0;39m [36mg.service.ubs.OrderLockServiceImpl      [0;39m [35m:62  [0;39m Unlock orders
[2025-04-07 11:22:02] [34mINFO[0;39m [36mg.service.ubs.OrderLockServiceImpl      [0;39m [35m:60  [0;39m Time: 2025-04-07T11:17:02.268644900
[2025-04-07 11:22:02] [34mINFO[0;39m [36mg.service.ubs.OrderLockServiceImpl      [0;39m [35m:62  [0;39m Unlock orders
[2025-04-07 11:23:02] [34mINFO[0;39m [36mg.service.ubs.OrderLockServiceImpl      [0;39m [35m:60  [0;39m Time: 2025-04-07T11:18:02.266222100
[2025-04-07 11:23:02] [34mINFO[0;39m [36mg.service.ubs.OrderLockServiceImpl      [0;39m [35m:62  [0;39m Unlock orders
[2025-04-07 11:24:02] [34mINFO[0;39m [36mg.service.ubs.OrderLockServiceImpl      [0;39m [35m:60  [0;39m Time: 2025-04-07T11:19:02.273247500
[2025-04-07 11:24:02] [34mINFO[0;39m [36mg.service.ubs.OrderLockServiceImpl      [0;39m [35m:62  [0;39m Unlock orders
[2025-04-07 11:25:02] [34mINFO[0;39m [36mg.service.ubs.OrderLockServiceImpl      [0;39m [35m:60  [0;39m Time: 2025-04-07T11:20:02.265935500
[2025-04-07 11:25:02] [34mINFO[0;39m [36mg.service.ubs.OrderLockServiceImpl      [0;39m [35m:62  [0;39m Unlock orders
[2025-04-07 11:25:43] [34mINFO[0;39m [36mg.s.f.AccessTokenAuthenticationFilter   [0;39m [35m:54  [0;39m token: eyJhbGciOiJIUzI1NiJ9.eyJzdWIiOiJvLmJ1bGhha292YS5jaGlAZ21haWwuY29tIiwicm9sZSI6WyJST0xFX1VTRVIiXSwiZXhwIjoxNzQ0MDEwNDY1LCJpYXQiOjE3NDQwMDMyNjV9.6YxrPtD_L9Al52cqwl4zxSU6B_ar3t1c1BdLu1Xz3Fs
[2025-04-07 11:25:43] [34mINFO[0;39m [36mg.s.f.AccessTokenAuthenticationFilter   [0;39m [35m:68  [0;39m Token has expired: eyJhbGciOiJIUzI1NiJ9.eyJzdWIiOiJvLmJ1bGhha292YS5jaGlAZ21haWwuY29tIiwicm9sZSI6WyJST0xFX1VTRVIiXSwiZXhwIjoxNzQ0MDEwNDY1LCJpYXQiOjE3NDQwMDMyNjV9.6YxrPtD_L9Al52cqwl4zxSU6B_ar3t1c1BdLu1Xz3Fs
[2025-04-07 11:25:43] [34mINFO[0;39m [36mg.s.f.AccessTokenAuthenticationFilter   [0;39m [35m:54  [0;39m token: eyJhbGciOiJIUzI1NiJ9.eyJzdWIiOiJvLmJ1bGhha292YS5jaGlAZ21haWwuY29tIiwicm9sZSI6WyJST0xFX1VTRVIiXSwiZXhwIjoxNzQ0MDEwNDY1LCJpYXQiOjE3NDQwMDMyNjV9.6YxrPtD_L9Al52cqwl4zxSU6B_ar3t1c1BdLu1Xz3Fs
[2025-04-07 11:25:43] [34mINFO[0;39m [36mg.s.f.AccessTokenAuthenticationFilter   [0;39m [35m:68  [0;39m Token has expired: eyJhbGciOiJIUzI1NiJ9.eyJzdWIiOiJvLmJ1bGhha292YS5jaGlAZ21haWwuY29tIiwicm9sZSI6WyJST0xFX1VTRVIiXSwiZXhwIjoxNzQ0MDEwNDY1LCJpYXQiOjE3NDQwMDMyNjV9.6YxrPtD_L9Al52cqwl4zxSU6B_ar3t1c1BdLu1Xz3Fs
[2025-04-07 11:25:43] [34mINFO[0;39m [36mg.s.f.AccessTokenAuthenticationFilter   [0;39m [35m:54  [0;39m token: eyJhbGciOiJIUzI1NiJ9.eyJzdWIiOiJvLmJ1bGhha292YS5jaGlAZ21haWwuY29tIiwicm9sZSI6WyJST0xFX1VTRVIiXSwiZXhwIjoxNzQ0MDEwNDY1LCJpYXQiOjE3NDQwMDMyNjV9.6YxrPtD_L9Al52cqwl4zxSU6B_ar3t1c1BdLu1Xz3Fs
[2025-04-07 11:25:43] [34mINFO[0;39m [36mg.s.f.AccessTokenAuthenticationFilter   [0;39m [35m:68  [0;39m Token has expired: eyJhbGciOiJIUzI1NiJ9.eyJzdWIiOiJvLmJ1bGhha292YS5jaGlAZ21haWwuY29tIiwicm9sZSI6WyJST0xFX1VTRVIiXSwiZXhwIjoxNzQ0MDEwNDY1LCJpYXQiOjE3NDQwMDMyNjV9.6YxrPtD_L9Al52cqwl4zxSU6B_ar3t1c1BdLu1Xz3Fs
[2025-04-07 11:25:43] [34mINFO[0;39m [36mg.s.f.AccessTokenAuthenticationFilter   [0;39m [35m:54  [0;39m token: eyJhbGciOiJIUzI1NiJ9.eyJzdWIiOiJvLmJ1bGhha292YS5jaGlAZ21haWwuY29tIiwicm9sZSI6WyJST0xFX1VTRVIiXSwiZXhwIjoxNzQ0MDEwNDY1LCJpYXQiOjE3NDQwMDMyNjV9.6YxrPtD_L9Al52cqwl4zxSU6B_ar3t1c1BdLu1Xz3Fs
[2025-04-07 11:25:43] [34mINFO[0;39m [36mg.s.f.AccessTokenAuthenticationFilter   [0;39m [35m:68  [0;39m Token has expired: eyJhbGciOiJIUzI1NiJ9.eyJzdWIiOiJvLmJ1bGhha292YS5jaGlAZ21haWwuY29tIiwicm9sZSI6WyJST0xFX1VTRVIiXSwiZXhwIjoxNzQ0MDEwNDY1LCJpYXQiOjE3NDQwMDMyNjV9.6YxrPtD_L9Al52cqwl4zxSU6B_ar3t1c1BdLu1Xz3Fs
[2025-04-07 11:25:43] [34mINFO[0;39m [36mg.s.f.AccessTokenAuthenticationFilter   [0;39m [35m:54  [0;39m token: eyJhbGciOiJIUzI1NiJ9.eyJzdWIiOiJvLmJ1bGhha292YS5jaGlAZ21haWwuY29tIiwicm9sZSI6WyJST0xFX1VTRVIiXSwiZXhwIjoxNzQ0MDEwNDY1LCJpYXQiOjE3NDQwMDMyNjV9.6YxrPtD_L9Al52cqwl4zxSU6B_ar3t1c1BdLu1Xz3Fs
[2025-04-07 11:25:43] [34mINFO[0;39m [36mg.s.f.AccessTokenAuthenticationFilter   [0;39m [35m:68  [0;39m Token has expired: eyJhbGciOiJIUzI1NiJ9.eyJzdWIiOiJvLmJ1bGhha292YS5jaGlAZ21haWwuY29tIiwicm9sZSI6WyJST0xFX1VTRVIiXSwiZXhwIjoxNzQ0MDEwNDY1LCJpYXQiOjE3NDQwMDMyNjV9.6YxrPtD_L9Al52cqwl4zxSU6B_ar3t1c1BdLu1Xz3Fs
[2025-04-07 11:25:50] [34mINFO[0;39m [36mg.s.f.AccessTokenAuthenticationFilter   [0;39m [35m:54  [0;39m token: null
[2025-04-07 11:25:50] [34mINFO[0;39m [36mg.s.f.AccessTokenAuthenticationFilter   [0;39m [35m:54  [0;39m token: null
[2025-04-07 11:25:50] [34mINFO[0;39m [36mg.s.f.AccessTokenAuthenticationFilter   [0;39m [35m:54  [0;39m token: null
[2025-04-07 11:25:50] [34mINFO[0;39m [36mg.s.f.AccessTokenAuthenticationFilter   [0;39m [35m:54  [0;39m token: null
[2025-04-07 11:25:53] [34mINFO[0;39m [36mg.s.f.AccessTokenAuthenticationFilter   [0;39m [35m:54  [0;39m token: null
[2025-04-07 11:25:53] [34mINFO[0;39m [36mg.s.f.AccessTokenAuthenticationFilter   [0;39m [35m:54  [0;39m token: null
[2025-04-07 11:25:53] [34mINFO[0;39m [36mg.s.f.AccessTokenAuthenticationFilter   [0;39m [35m:54  [0;39m token: null
[2025-04-07 11:25:53] [34mINFO[0;39m [36mg.s.f.AccessTokenAuthenticationFilter   [0;39m [35m:54  [0;39m token: null
[2025-04-07 11:26:02] [34mINFO[0;39m [36mg.service.ubs.OrderLockServiceImpl      [0;39m [35m:60  [0;39m Time: 2025-04-07T11:21:02.272686600
[2025-04-07 11:26:02] [34mINFO[0;39m [36mg.service.ubs.OrderLockServiceImpl      [0;39m [35m:62  [0;39m Unlock orders
[2025-04-07 11:27:02] [34mINFO[0;39m [36mg.service.ubs.OrderLockServiceImpl      [0;39m [35m:60  [0;39m Time: 2025-04-07T11:22:02.266990200
[2025-04-07 11:27:02] [34mINFO[0;39m [36mg.service.ubs.OrderLockServiceImpl      [0;39m [35m:62  [0;39m Unlock orders
[2025-04-07 11:28:02] [34mINFO[0;39m [36mg.service.ubs.OrderLockServiceImpl      [0;39m [35m:60  [0;39m Time: 2025-04-07T11:23:02.263580100
[2025-04-07 11:28:02] [34mINFO[0;39m [36mg.service.ubs.OrderLockServiceImpl      [0;39m [35m:62  [0;39m Unlock orders
[2025-04-07 11:28:11] [34mINFO[0;39m [36mg.s.f.AccessTokenAuthenticationFilter   [0;39m [35m:54  [0;39m token: null
[2025-04-07 11:28:11] [34mINFO[0;39m [36mg.s.f.AccessTokenAuthenticationFilter   [0;39m [35m:54  [0;39m token: null
[2025-04-07 11:28:11] [34mINFO[0;39m [36mg.s.f.AccessTokenAuthenticationFilter   [0;39m [35m:54  [0;39m token: null
[2025-04-07 11:28:11] [34mINFO[0;39m [36mg.s.f.AccessTokenAuthenticationFilter   [0;39m [35m:54  [0;39m token: null
[2025-04-07 11:28:29] [34mINFO[0;39m [36mg.s.f.AccessTokenAuthenticationFilter   [0;39m [35m:54  [0;39m token: eyJhbGciOiJIUzI1NiJ9.eyJzdWIiOiJvLmJ1bGhha292YS5jaGlAZ21haWwuY29tIiwicm9sZSI6WyJST0xFX1VTRVIiXSwiZXhwIjoxNzQ0MDIxNzA5LCJpYXQiOjE3NDQwMTQ1MDl9.FASm8HqdwS7wzrHY6wgBW0LAG2UeOcN6dSJ2rTuAl8g
[2025-04-07 11:28:29] [34mINFO[0;39m [36mg.s.f.AccessTokenAuthenticationFilter   [0;39m [35m:62  [0;39m user: Optional[UserVO(id=5, email=o.bulhakova.chi@gmail.com, languageVO=greencity.dto.language.LanguageVO@1c60)]
[2025-04-07 11:28:29] [34mINFO[0;39m [36mg.s.f.AccessTokenAuthenticationFilter   [0;39m [35m:54  [0;39m token: eyJhbGciOiJIUzI1NiJ9.eyJzdWIiOiJvLmJ1bGhha292YS5jaGlAZ21haWwuY29tIiwicm9sZSI6WyJST0xFX1VTRVIiXSwiZXhwIjoxNzQ0MDIxNzA5LCJpYXQiOjE3NDQwMTQ1MDl9.FASm8HqdwS7wzrHY6wgBW0LAG2UeOcN6dSJ2rTuAl8g
[2025-04-07 11:28:29] [34mINFO[0;39m [36mg.s.f.AccessTokenAuthenticationFilter   [0;39m [35m:62  [0;39m user: Optional[UserVO(id=5, email=o.bulhakova.chi@gmail.com, languageVO=greencity.dto.language.LanguageVO@1c60)]
[2025-04-07 11:28:30] [34mINFO[0;39m [36mg.s.f.AccessTokenAuthenticationFilter   [0;39m [35m:54  [0;39m token: eyJhbGciOiJIUzI1NiJ9.eyJzdWIiOiJvLmJ1bGhha292YS5jaGlAZ21haWwuY29tIiwicm9sZSI6WyJST0xFX1VTRVIiXSwiZXhwIjoxNzQ0MDIxNzA5LCJpYXQiOjE3NDQwMTQ1MDl9.FASm8HqdwS7wzrHY6wgBW0LAG2UeOcN6dSJ2rTuAl8g
[2025-04-07 11:28:30] [34mINFO[0;39m [36mg.s.f.AccessTokenAuthenticationFilter   [0;39m [35m:62  [0;39m user: Optional[UserVO(id=5, email=o.bulhakova.chi@gmail.com, languageVO=greencity.dto.language.LanguageVO@1c60)]
[2025-04-07 11:28:30] [34mINFO[0;39m [36mg.s.f.AccessTokenAuthenticationFilter   [0;39m [35m:54  [0;39m token: eyJhbGciOiJIUzI1NiJ9.eyJzdWIiOiJvLmJ1bGhha292YS5jaGlAZ21haWwuY29tIiwicm9sZSI6WyJST0xFX1VTRVIiXSwiZXhwIjoxNzQ0MDIxNzA5LCJpYXQiOjE3NDQwMTQ1MDl9.FASm8HqdwS7wzrHY6wgBW0LAG2UeOcN6dSJ2rTuAl8g
[2025-04-07 11:28:30] [34mINFO[0;39m [36mg.s.f.AccessTokenAuthenticationFilter   [0;39m [35m:62  [0;39m user: Optional[UserVO(id=5, email=o.bulhakova.chi@gmail.com, languageVO=greencity.dto.language.LanguageVO@1c60)]
[2025-04-07 11:28:30] [34mINFO[0;39m [36mg.s.f.AccessTokenAuthenticationFilter   [0;39m [35m:54  [0;39m token: eyJhbGciOiJIUzI1NiJ9.eyJzdWIiOiJvLmJ1bGhha292YS5jaGlAZ21haWwuY29tIiwicm9sZSI6WyJST0xFX1VTRVIiXSwiZXhwIjoxNzQ0MDIxNzA5LCJpYXQiOjE3NDQwMTQ1MDl9.FASm8HqdwS7wzrHY6wgBW0LAG2UeOcN6dSJ2rTuAl8g
[2025-04-07 11:28:30] [34mINFO[0;39m [36mg.s.f.AccessTokenAuthenticationFilter   [0;39m [35m:62  [0;39m user: Optional[UserVO(id=5, email=o.bulhakova.chi@gmail.com, languageVO=greencity.dto.language.LanguageVO@1c60)]
[2025-04-07 11:29:02] [34mINFO[0;39m [36mg.service.ubs.OrderLockServiceImpl      [0;39m [35m:60  [0;39m Time: 2025-04-07T11:24:02.269888100
[2025-04-07 11:29:02] [34mINFO[0;39m [36mg.service.ubs.OrderLockServiceImpl      [0;39m [35m:62  [0;39m Unlock orders
[2025-04-07 11:30:02] [34mINFO[0;39m [36mg.service.ubs.OrderLockServiceImpl      [0;39m [35m:60  [0;39m Time: 2025-04-07T11:25:02.270669600
[2025-04-07 11:30:02] [34mINFO[0;39m [36mg.service.ubs.OrderLockServiceImpl      [0;39m [35m:62  [0;39m Unlock orders
[2025-04-07 11:31:02] [34mINFO[0;39m [36mg.service.ubs.OrderLockServiceImpl      [0;39m [35m:60  [0;39m Time: 2025-04-07T11:26:02.273994300
[2025-04-07 11:31:02] [34mINFO[0;39m [36mg.service.ubs.OrderLockServiceImpl      [0;39m [35m:62  [0;39m Unlock orders
[2025-04-07 11:32:02] [34mINFO[0;39m [36mg.service.ubs.OrderLockServiceImpl      [0;39m [35m:60  [0;39m Time: 2025-04-07T11:27:02.267186700
[2025-04-07 11:32:02] [34mINFO[0;39m [36mg.service.ubs.OrderLockServiceImpl      [0;39m [35m:62  [0;39m Unlock orders
[2025-04-07 11:32:29] [34mINFO[0;39m [36mg.s.f.AccessTokenAuthenticationFilter   [0;39m [35m:54  [0;39m token: eyJhbGciOiJIUzI1NiJ9.eyJzdWIiOiJvLmJ1bGhha292YS5jaGlAZ21haWwuY29tIiwicm9sZSI6WyJST0xFX1VTRVIiXSwiZXhwIjoxNzQ0MDIxNzA5LCJpYXQiOjE3NDQwMTQ1MDl9.FASm8HqdwS7wzrHY6wgBW0LAG2UeOcN6dSJ2rTuAl8g
[2025-04-07 11:32:29] [34mINFO[0;39m [36mg.s.f.AccessTokenAuthenticationFilter   [0;39m [35m:62  [0;39m user: Optional[UserVO(id=5, email=o.bulhakova.chi@gmail.com, languageVO=greencity.dto.language.LanguageVO@1c60)]
[2025-04-07 11:32:29] [34mINFO[0;39m [36mg.s.f.AccessTokenAuthenticationFilter   [0;39m [35m:54  [0;39m token: eyJhbGciOiJIUzI1NiJ9.eyJzdWIiOiJvLmJ1bGhha292YS5jaGlAZ21haWwuY29tIiwicm9sZSI6WyJST0xFX1VTRVIiXSwiZXhwIjoxNzQ0MDIxNzA5LCJpYXQiOjE3NDQwMTQ1MDl9.FASm8HqdwS7wzrHY6wgBW0LAG2UeOcN6dSJ2rTuAl8g
[2025-04-07 11:32:29] [34mINFO[0;39m [36mg.s.f.AccessTokenAuthenticationFilter   [0;39m [35m:62  [0;39m user: Optional[UserVO(id=5, email=o.bulhakova.chi@gmail.com, languageVO=greencity.dto.language.LanguageVO@1c60)]
[2025-04-07 11:32:29] [34mINFO[0;39m [36mg.s.f.AccessTokenAuthenticationFilter   [0;39m [35m:54  [0;39m token: eyJhbGciOiJIUzI1NiJ9.eyJzdWIiOiJvLmJ1bGhha292YS5jaGlAZ21haWwuY29tIiwicm9sZSI6WyJST0xFX1VTRVIiXSwiZXhwIjoxNzQ0MDIxNzA5LCJpYXQiOjE3NDQwMTQ1MDl9.FASm8HqdwS7wzrHY6wgBW0LAG2UeOcN6dSJ2rTuAl8g
[2025-04-07 11:32:29] [34mINFO[0;39m [36mg.s.f.AccessTokenAuthenticationFilter   [0;39m [35m:62  [0;39m user: Optional[UserVO(id=5, email=o.bulhakova.chi@gmail.com, languageVO=greencity.dto.language.LanguageVO@1c60)]
[2025-04-07 11:32:29] [34mINFO[0;39m [36mg.s.f.AccessTokenAuthenticationFilter   [0;39m [35m:54  [0;39m token: eyJhbGciOiJIUzI1NiJ9.eyJzdWIiOiJvLmJ1bGhha292YS5jaGlAZ21haWwuY29tIiwicm9sZSI6WyJST0xFX1VTRVIiXSwiZXhwIjoxNzQ0MDIxNzA5LCJpYXQiOjE3NDQwMTQ1MDl9.FASm8HqdwS7wzrHY6wgBW0LAG2UeOcN6dSJ2rTuAl8g
[2025-04-07 11:32:29] [34mINFO[0;39m [36mg.s.f.AccessTokenAuthenticationFilter   [0;39m [35m:62  [0;39m user: Optional[UserVO(id=5, email=o.bulhakova.chi@gmail.com, languageVO=greencity.dto.language.LanguageVO@1c60)]
[2025-04-07 11:32:29] [34mINFO[0;39m [36mg.s.f.AccessTokenAuthenticationFilter   [0;39m [35m:54  [0;39m token: eyJhbGciOiJIUzI1NiJ9.eyJzdWIiOiJvLmJ1bGhha292YS5jaGlAZ21haWwuY29tIiwicm9sZSI6WyJST0xFX1VTRVIiXSwiZXhwIjoxNzQ0MDIxNzA5LCJpYXQiOjE3NDQwMTQ1MDl9.FASm8HqdwS7wzrHY6wgBW0LAG2UeOcN6dSJ2rTuAl8g
[2025-04-07 11:32:29] [34mINFO[0;39m [36mg.s.f.AccessTokenAuthenticationFilter   [0;39m [35m:62  [0;39m user: Optional[UserVO(id=5, email=o.bulhakova.chi@gmail.com, languageVO=greencity.dto.language.LanguageVO@1c60)]
[2025-04-07 11:32:33] [34mINFO[0;39m [36mg.s.f.AccessTokenAuthenticationFilter   [0;39m [35m:54  [0;39m token: null
[2025-04-07 11:32:33] [34mINFO[0;39m [36mg.s.f.AccessTokenAuthenticationFilter   [0;39m [35m:54  [0;39m token: null
[2025-04-07 11:32:33] [34mINFO[0;39m [36mg.s.f.AccessTokenAuthenticationFilter   [0;39m [35m:54  [0;39m token: null
[2025-04-07 11:32:33] [34mINFO[0;39m [36mg.s.f.AccessTokenAuthenticationFilter   [0;39m [35m:54  [0;39m token: null
[2025-04-07 11:32:48] [34mINFO[0;39m [36mg.s.f.AccessTokenAuthenticationFilter   [0;39m [35m:54  [0;39m token: eyJhbGciOiJIUzI1NiJ9.eyJzdWIiOiJvLmJ1bGhha292YS5jaGlAZ21haWwuY29tIiwicm9sZSI6WyJST0xFX1VTRVIiXSwiZXhwIjoxNzQ0MDIxOTY4LCJpYXQiOjE3NDQwMTQ3Njh9.bd-joiMFy3UfV3F1DrGKDqG3B5e1Nr2DMmnRH0qqabw
[2025-04-07 11:32:48] [34mINFO[0;39m [36mg.s.f.AccessTokenAuthenticationFilter   [0;39m [35m:62  [0;39m user: Optional[UserVO(id=5, email=o.bulhakova.chi@gmail.com, languageVO=greencity.dto.language.LanguageVO@1c60)]
[2025-04-07 11:32:48] [34mINFO[0;39m [36mg.s.f.AccessTokenAuthenticationFilter   [0;39m [35m:54  [0;39m token: eyJhbGciOiJIUzI1NiJ9.eyJzdWIiOiJvLmJ1bGhha292YS5jaGlAZ21haWwuY29tIiwicm9sZSI6WyJST0xFX1VTRVIiXSwiZXhwIjoxNzQ0MDIxOTY4LCJpYXQiOjE3NDQwMTQ3Njh9.bd-joiMFy3UfV3F1DrGKDqG3B5e1Nr2DMmnRH0qqabw
[2025-04-07 11:32:48] [34mINFO[0;39m [36mg.s.f.AccessTokenAuthenticationFilter   [0;39m [35m:62  [0;39m user: Optional[UserVO(id=5, email=o.bulhakova.chi@gmail.com, languageVO=greencity.dto.language.LanguageVO@1c60)]
[2025-04-07 11:32:48] [34mINFO[0;39m [36mg.s.f.AccessTokenAuthenticationFilter   [0;39m [35m:54  [0;39m token: eyJhbGciOiJIUzI1NiJ9.eyJzdWIiOiJvLmJ1bGhha292YS5jaGlAZ21haWwuY29tIiwicm9sZSI6WyJST0xFX1VTRVIiXSwiZXhwIjoxNzQ0MDIxOTY4LCJpYXQiOjE3NDQwMTQ3Njh9.bd-joiMFy3UfV3F1DrGKDqG3B5e1Nr2DMmnRH0qqabw
[2025-04-07 11:32:48] [34mINFO[0;39m [36mg.s.f.AccessTokenAuthenticationFilter   [0;39m [35m:62  [0;39m user: Optional[UserVO(id=5, email=o.bulhakova.chi@gmail.com, languageVO=greencity.dto.language.LanguageVO@1c60)]
[2025-04-07 11:32:48] [34mINFO[0;39m [36mg.s.f.AccessTokenAuthenticationFilter   [0;39m [35m:54  [0;39m token: eyJhbGciOiJIUzI1NiJ9.eyJzdWIiOiJvLmJ1bGhha292YS5jaGlAZ21haWwuY29tIiwicm9sZSI6WyJST0xFX1VTRVIiXSwiZXhwIjoxNzQ0MDIxOTY4LCJpYXQiOjE3NDQwMTQ3Njh9.bd-joiMFy3UfV3F1DrGKDqG3B5e1Nr2DMmnRH0qqabw
[2025-04-07 11:32:48] [34mINFO[0;39m [36mg.s.f.AccessTokenAuthenticationFilter   [0;39m [35m:62  [0;39m user: Optional[UserVO(id=5, email=o.bulhakova.chi@gmail.com, languageVO=greencity.dto.language.LanguageVO@1c60)]
[2025-04-07 11:32:48] [34mINFO[0;39m [36mg.s.f.AccessTokenAuthenticationFilter   [0;39m [35m:54  [0;39m token: eyJhbGciOiJIUzI1NiJ9.eyJzdWIiOiJvLmJ1bGhha292YS5jaGlAZ21haWwuY29tIiwicm9sZSI6WyJST0xFX1VTRVIiXSwiZXhwIjoxNzQ0MDIxOTY4LCJpYXQiOjE3NDQwMTQ3Njh9.bd-joiMFy3UfV3F1DrGKDqG3B5e1Nr2DMmnRH0qqabw
[2025-04-07 11:32:48] [34mINFO[0;39m [36mg.s.f.AccessTokenAuthenticationFilter   [0;39m [35m:62  [0;39m user: Optional[UserVO(id=5, email=o.bulhakova.chi@gmail.com, languageVO=greencity.dto.language.LanguageVO@1c60)]
[2025-04-07 11:33:02] [34mINFO[0;39m [36mg.service.ubs.OrderLockServiceImpl      [0;39m [35m:60  [0;39m Time: 2025-04-07T11:28:02.264145600
[2025-04-07 11:33:02] [34mINFO[0;39m [36mg.service.ubs.OrderLockServiceImpl      [0;39m [35m:62  [0;39m Unlock orders
[2025-04-07 11:34:02] [34mINFO[0;39m [36mg.service.ubs.OrderLockServiceImpl      [0;39m [35m:60  [0;39m Time: 2025-04-07T11:29:02.264672900
[2025-04-07 11:34:02] [34mINFO[0;39m [36mg.service.ubs.OrderLockServiceImpl      [0;39m [35m:62  [0;39m Unlock orders
[2025-04-07 11:35:02] [34mINFO[0;39m [36mg.service.ubs.OrderLockServiceImpl      [0;39m [35m:60  [0;39m Time: 2025-04-07T11:30:02.265764600
[2025-04-07 11:35:02] [34mINFO[0;39m [36mg.service.ubs.OrderLockServiceImpl      [0;39m [35m:62  [0;39m Unlock orders
[2025-04-07 11:36:02] [34mINFO[0;39m [36mg.service.ubs.OrderLockServiceImpl      [0;39m [35m:60  [0;39m Time: 2025-04-07T11:31:02.271014800
[2025-04-07 11:36:02] [34mINFO[0;39m [36mg.service.ubs.OrderLockServiceImpl      [0;39m [35m:62  [0;39m Unlock orders
[2025-04-07 11:37:02] [34mINFO[0;39m [36mg.service.ubs.OrderLockServiceImpl      [0;39m [35m:60  [0;39m Time: 2025-04-07T11:32:02.266640800
[2025-04-07 11:37:02] [34mINFO[0;39m [36mg.service.ubs.OrderLockServiceImpl      [0;39m [35m:62  [0;39m Unlock orders
[2025-04-07 11:38:02] [34mINFO[0;39m [36mg.service.ubs.OrderLockServiceImpl      [0;39m [35m:60  [0;39m Time: 2025-04-07T11:33:02.266550700
[2025-04-07 11:38:02] [34mINFO[0;39m [36mg.service.ubs.OrderLockServiceImpl      [0;39m [35m:62  [0;39m Unlock orders
[2025-04-07 11:39:02] [34mINFO[0;39m [36mg.service.ubs.OrderLockServiceImpl      [0;39m [35m:60  [0;39m Time: 2025-04-07T11:34:02.261896700
[2025-04-07 11:39:02] [34mINFO[0;39m [36mg.service.ubs.OrderLockServiceImpl      [0;39m [35m:62  [0;39m Unlock orders
[2025-04-07 11:40:02] [34mINFO[0;39m [36mg.service.ubs.OrderLockServiceImpl      [0;39m [35m:60  [0;39m Time: 2025-04-07T11:35:02.275455
[2025-04-07 11:40:02] [34mINFO[0;39m [36mg.service.ubs.OrderLockServiceImpl      [0;39m [35m:62  [0;39m Unlock orders
[2025-04-07 11:41:02] [34mINFO[0;39m [36mg.service.ubs.OrderLockServiceImpl      [0;39m [35m:60  [0;39m Time: 2025-04-07T11:36:02.270244900
[2025-04-07 11:41:02] [34mINFO[0;39m [36mg.service.ubs.OrderLockServiceImpl      [0;39m [35m:62  [0;39m Unlock orders
[2025-04-07 11:42:02] [34mINFO[0;39m [36mg.service.ubs.OrderLockServiceImpl      [0;39m [35m:60  [0;39m Time: 2025-04-07T11:37:02.271765200
[2025-04-07 11:42:02] [34mINFO[0;39m [36mg.service.ubs.OrderLockServiceImpl      [0;39m [35m:62  [0;39m Unlock orders
[2025-04-07 11:43:02] [34mINFO[0;39m [36mg.service.ubs.OrderLockServiceImpl      [0;39m [35m:60  [0;39m Time: 2025-04-07T11:38:02.270097700
[2025-04-07 11:43:02] [34mINFO[0;39m [36mg.service.ubs.OrderLockServiceImpl      [0;39m [35m:62  [0;39m Unlock orders
[2025-04-07 11:44:02] [34mINFO[0;39m [36mg.service.ubs.OrderLockServiceImpl      [0;39m [35m:60  [0;39m Time: 2025-04-07T11:39:02.269134100
[2025-04-07 11:44:02] [34mINFO[0;39m [36mg.service.ubs.OrderLockServiceImpl      [0;39m [35m:62  [0;39m Unlock orders
[2025-04-07 11:45:02] [34mINFO[0;39m [36mg.service.ubs.OrderLockServiceImpl      [0;39m [35m:60  [0;39m Time: 2025-04-07T11:40:02.262761
[2025-04-07 11:45:02] [34mINFO[0;39m [36mg.service.ubs.OrderLockServiceImpl      [0;39m [35m:62  [0;39m Unlock orders
[2025-04-07 11:46:02] [34mINFO[0;39m [36mg.service.ubs.OrderLockServiceImpl      [0;39m [35m:60  [0;39m Time: 2025-04-07T11:41:02.269638300
[2025-04-07 11:46:02] [34mINFO[0;39m [36mg.service.ubs.OrderLockServiceImpl      [0;39m [35m:62  [0;39m Unlock orders
[2025-04-07 11:47:02] [34mINFO[0;39m [36mg.service.ubs.OrderLockServiceImpl      [0;39m [35m:60  [0;39m Time: 2025-04-07T11:42:02.261031300
[2025-04-07 11:47:02] [34mINFO[0;39m [36mg.service.ubs.OrderLockServiceImpl      [0;39m [35m:62  [0;39m Unlock orders
[2025-04-07 11:48:02] [34mINFO[0;39m [36mg.service.ubs.OrderLockServiceImpl      [0;39m [35m:60  [0;39m Time: 2025-04-07T11:43:02.269277900
[2025-04-07 11:48:02] [34mINFO[0;39m [36mg.service.ubs.OrderLockServiceImpl      [0;39m [35m:62  [0;39m Unlock orders
[2025-04-07 11:49:02] [34mINFO[0;39m [36mg.service.ubs.OrderLockServiceImpl      [0;39m [35m:60  [0;39m Time: 2025-04-07T11:44:02.282533600
[2025-04-07 11:49:02] [34mINFO[0;39m [36mg.service.ubs.OrderLockServiceImpl      [0;39m [35m:62  [0;39m Unlock orders
[2025-04-07 11:50:02] [34mINFO[0;39m [36mg.service.ubs.OrderLockServiceImpl      [0;39m [35m:60  [0;39m Time: 2025-04-07T11:45:02.277902400
[2025-04-07 11:50:02] [34mINFO[0;39m [36mg.service.ubs.OrderLockServiceImpl      [0;39m [35m:62  [0;39m Unlock orders
[2025-04-07 11:51:02] [34mINFO[0;39m [36mg.service.ubs.OrderLockServiceImpl      [0;39m [35m:60  [0;39m Time: 2025-04-07T11:46:02.272656300
[2025-04-07 11:51:02] [34mINFO[0;39m [36mg.service.ubs.OrderLockServiceImpl      [0;39m [35m:62  [0;39m Unlock orders
[2025-04-07 11:52:02] [34mINFO[0;39m [36mg.service.ubs.OrderLockServiceImpl      [0;39m [35m:60  [0;39m Time: 2025-04-07T11:47:02.265045700
[2025-04-07 11:52:02] [34mINFO[0;39m [36mg.service.ubs.OrderLockServiceImpl      [0;39m [35m:62  [0;39m Unlock orders
[2025-04-07 11:53:02] [34mINFO[0;39m [36mg.service.ubs.OrderLockServiceImpl      [0;39m [35m:60  [0;39m Time: 2025-04-07T11:48:02.271921400
[2025-04-07 11:53:02] [34mINFO[0;39m [36mg.service.ubs.OrderLockServiceImpl      [0;39m [35m:62  [0;39m Unlock orders
[2025-04-07 11:54:02] [34mINFO[0;39m [36mg.service.ubs.OrderLockServiceImpl      [0;39m [35m:60  [0;39m Time: 2025-04-07T11:49:02.273285900
[2025-04-07 11:54:02] [34mINFO[0;39m [36mg.service.ubs.OrderLockServiceImpl      [0;39m [35m:62  [0;39m Unlock orders
[2025-04-07 11:55:02] [34mINFO[0;39m [36mg.service.ubs.OrderLockServiceImpl      [0;39m [35m:60  [0;39m Time: 2025-04-07T11:50:02.263270500
[2025-04-07 11:55:02] [34mINFO[0;39m [36mg.service.ubs.OrderLockServiceImpl      [0;39m [35m:62  [0;39m Unlock orders
[2025-04-07 11:56:02] [34mINFO[0;39m [36mg.service.ubs.OrderLockServiceImpl      [0;39m [35m:60  [0;39m Time: 2025-04-07T11:51:02.272772200
[2025-04-07 11:56:02] [34mINFO[0;39m [36mg.service.ubs.OrderLockServiceImpl      [0;39m [35m:62  [0;39m Unlock orders
[2025-04-07 11:57:02] [34mINFO[0;39m [36mg.service.ubs.OrderLockServiceImpl      [0;39m [35m:60  [0;39m Time: 2025-04-07T11:52:02.264082
[2025-04-07 11:57:02] [34mINFO[0;39m [36mg.service.ubs.OrderLockServiceImpl      [0;39m [35m:62  [0;39m Unlock orders
[2025-04-07 11:58:02] [34mINFO[0;39m [36mg.service.ubs.OrderLockServiceImpl      [0;39m [35m:60  [0;39m Time: 2025-04-07T11:53:02.261212200
[2025-04-07 11:58:02] [34mINFO[0;39m [36mg.service.ubs.OrderLockServiceImpl      [0;39m [35m:62  [0;39m Unlock orders
[2025-04-07 11:59:02] [34mINFO[0;39m [36mg.service.ubs.OrderLockServiceImpl      [0;39m [35m:60  [0;39m Time: 2025-04-07T11:54:02.273023
[2025-04-07 11:59:02] [34mINFO[0;39m [36mg.service.ubs.OrderLockServiceImpl      [0;39m [35m:62  [0;39m Unlock orders
[2025-04-07 12:00:02] [34mINFO[0;39m [36mg.service.ubs.OrderLockServiceImpl      [0;39m [35m:60  [0;39m Time: 2025-04-07T11:55:02.268369500
[2025-04-07 12:00:02] [34mINFO[0;39m [36mg.service.ubs.OrderLockServiceImpl      [0;39m [35m:62  [0;39m Unlock orders
[2025-04-07 12:01:02] [34mINFO[0;39m [36mg.service.ubs.OrderLockServiceImpl      [0;39m [35m:60  [0;39m Time: 2025-04-07T11:56:02.269211700
[2025-04-07 12:01:02] [34mINFO[0;39m [36mg.service.ubs.OrderLockServiceImpl      [0;39m [35m:62  [0;39m Unlock orders
[2025-04-07 12:02:02] [34mINFO[0;39m [36mg.service.ubs.OrderLockServiceImpl      [0;39m [35m:60  [0;39m Time: 2025-04-07T11:57:02.262659300
[2025-04-07 12:02:02] [34mINFO[0;39m [36mg.service.ubs.OrderLockServiceImpl      [0;39m [35m:62  [0;39m Unlock orders
[2025-04-07 12:03:02] [34mINFO[0;39m [36mg.service.ubs.OrderLockServiceImpl      [0;39m [35m:60  [0;39m Time: 2025-04-07T11:58:02.265016400
[2025-04-07 12:03:02] [34mINFO[0;39m [36mg.service.ubs.OrderLockServiceImpl      [0;39m [35m:62  [0;39m Unlock orders
[2025-04-07 12:04:02] [34mINFO[0;39m [36mg.service.ubs.OrderLockServiceImpl      [0;39m [35m:60  [0;39m Time: 2025-04-07T11:59:02.262647800
[2025-04-07 12:04:02] [34mINFO[0;39m [36mg.service.ubs.OrderLockServiceImpl      [0;39m [35m:62  [0;39m Unlock orders
[2025-04-07 12:05:02] [34mINFO[0;39m [36mg.service.ubs.OrderLockServiceImpl      [0;39m [35m:60  [0;39m Time: 2025-04-07T12:00:02.266628600
[2025-04-07 12:05:02] [34mINFO[0;39m [36mg.service.ubs.OrderLockServiceImpl      [0;39m [35m:62  [0;39m Unlock orders
[2025-04-07 12:06:02] [34mINFO[0;39m [36mg.service.ubs.OrderLockServiceImpl      [0;39m [35m:60  [0;39m Time: 2025-04-07T12:01:02.274312
[2025-04-07 12:06:02] [34mINFO[0;39m [36mg.service.ubs.OrderLockServiceImpl      [0;39m [35m:62  [0;39m Unlock orders
[2025-04-07 12:07:02] [34mINFO[0;39m [36mg.service.ubs.OrderLockServiceImpl      [0;39m [35m:60  [0;39m Time: 2025-04-07T12:02:02.276578200
[2025-04-07 12:07:02] [34mINFO[0;39m [36mg.service.ubs.OrderLockServiceImpl      [0;39m [35m:62  [0;39m Unlock orders
[2025-04-07 12:08:02] [34mINFO[0;39m [36mg.service.ubs.OrderLockServiceImpl      [0;39m [35m:60  [0;39m Time: 2025-04-07T12:03:02.264141500
[2025-04-07 12:08:02] [34mINFO[0;39m [36mg.service.ubs.OrderLockServiceImpl      [0;39m [35m:62  [0;39m Unlock orders
[2025-04-07 12:09:02] [34mINFO[0;39m [36mg.service.ubs.OrderLockServiceImpl      [0;39m [35m:60  [0;39m Time: 2025-04-07T12:04:02.264865500
[2025-04-07 12:09:02] [34mINFO[0;39m [36mg.service.ubs.OrderLockServiceImpl      [0;39m [35m:62  [0;39m Unlock orders
[2025-04-07 12:10:02] [34mINFO[0;39m [36mg.service.ubs.OrderLockServiceImpl      [0;39m [35m:60  [0;39m Time: 2025-04-07T12:05:02.265721800
[2025-04-07 12:10:02] [34mINFO[0;39m [36mg.service.ubs.OrderLockServiceImpl      [0;39m [35m:62  [0;39m Unlock orders
[2025-04-07 12:11:02] [34mINFO[0;39m [36mg.service.ubs.OrderLockServiceImpl      [0;39m [35m:60  [0;39m Time: 2025-04-07T12:06:02.263327
[2025-04-07 12:11:02] [34mINFO[0;39m [36mg.service.ubs.OrderLockServiceImpl      [0;39m [35m:62  [0;39m Unlock orders
[2025-04-07 12:12:02] [34mINFO[0;39m [36mg.service.ubs.OrderLockServiceImpl      [0;39m [35m:60  [0;39m Time: 2025-04-07T12:07:02.262068200
[2025-04-07 12:12:02] [34mINFO[0;39m [36mg.service.ubs.OrderLockServiceImpl      [0;39m [35m:62  [0;39m Unlock orders
[2025-04-07 12:13:02] [34mINFO[0;39m [36mg.service.ubs.OrderLockServiceImpl      [0;39m [35m:60  [0;39m Time: 2025-04-07T12:08:02.273742400
[2025-04-07 12:13:02] [34mINFO[0;39m [36mg.service.ubs.OrderLockServiceImpl      [0;39m [35m:62  [0;39m Unlock orders
[2025-04-07 12:14:41] [31mWARN[0;39m [36mcom.zaxxer.hikari.pool.HikariPool       [0;39m [35m:804 [0;39m HikariPool-1 - Thread starvation or clock leap detected (housekeeper delta=1m33s726ms170µs100ns).
[2025-04-07 12:15:05] [34mINFO[0;39m [36mg.service.ubs.OrderLockServiceImpl      [0;39m [35m:60  [0;39m Time: 2025-04-07T12:10:05.993279200
[2025-04-07 12:15:06] [34mINFO[0;39m [36mg.service.ubs.OrderLockServiceImpl      [0;39m [35m:62  [0;39m Unlock orders
[2025-04-07 12:15:06] [34mINFO[0;39m [36mg.service.ubs.OrderLockServiceImpl      [0;39m [35m:60  [0;39m Time: 2025-04-07T12:10:06.008868600
[2025-04-07 12:15:06] [34mINFO[0;39m [36mg.service.ubs.OrderLockServiceImpl      [0;39m [35m:62  [0;39m Unlock orders
[2025-04-07 12:16:02] [34mINFO[0;39m [36mg.service.ubs.OrderLockServiceImpl      [0;39m [35m:60  [0;39m Time: 2025-04-07T12:11:02.272088300
[2025-04-07 12:16:02] [34mINFO[0;39m [36mg.service.ubs.OrderLockServiceImpl      [0;39m [35m:62  [0;39m Unlock orders
[2025-04-07 12:17:02] [34mINFO[0;39m [36mg.service.ubs.OrderLockServiceImpl      [0;39m [35m:60  [0;39m Time: 2025-04-07T12:12:02.266716800
[2025-04-07 12:17:02] [34mINFO[0;39m [36mg.service.ubs.OrderLockServiceImpl      [0;39m [35m:62  [0;39m Unlock orders
[2025-04-07 12:18:02] [34mINFO[0;39m [36mg.service.ubs.OrderLockServiceImpl      [0;39m [35m:60  [0;39m Time: 2025-04-07T12:13:02.263318200
[2025-04-07 12:18:02] [34mINFO[0;39m [36mg.service.ubs.OrderLockServiceImpl      [0;39m [35m:62  [0;39m Unlock orders
[2025-04-07 12:19:02] [34mINFO[0;39m [36mg.service.ubs.OrderLockServiceImpl      [0;39m [35m:60  [0;39m Time: 2025-04-07T12:14:02.263765300
[2025-04-07 12:19:02] [34mINFO[0;39m [36mg.service.ubs.OrderLockServiceImpl      [0;39m [35m:62  [0;39m Unlock orders
[2025-04-07 12:20:02] [34mINFO[0;39m [36mg.service.ubs.OrderLockServiceImpl      [0;39m [35m:60  [0;39m Time: 2025-04-07T12:15:02.276103600
[2025-04-07 12:20:02] [34mINFO[0;39m [36mg.service.ubs.OrderLockServiceImpl      [0;39m [35m:62  [0;39m Unlock orders
[2025-04-07 12:21:02] [34mINFO[0;39m [36mg.service.ubs.OrderLockServiceImpl      [0;39m [35m:60  [0;39m Time: 2025-04-07T12:16:02.271127500
[2025-04-07 12:21:02] [34mINFO[0;39m [36mg.service.ubs.OrderLockServiceImpl      [0;39m [35m:62  [0;39m Unlock orders
[2025-04-07 12:22:02] [34mINFO[0;39m [36mg.service.ubs.OrderLockServiceImpl      [0;39m [35m:60  [0;39m Time: 2025-04-07T12:17:02.273117900
[2025-04-07 12:22:02] [34mINFO[0;39m [36mg.service.ubs.OrderLockServiceImpl      [0;39m [35m:62  [0;39m Unlock orders
[2025-04-07 12:23:02] [34mINFO[0;39m [36mg.service.ubs.OrderLockServiceImpl      [0;39m [35m:60  [0;39m Time: 2025-04-07T12:18:02.260812300
[2025-04-07 12:23:02] [34mINFO[0;39m [36mg.service.ubs.OrderLockServiceImpl      [0;39m [35m:62  [0;39m Unlock orders
[2025-04-07 12:24:02] [34mINFO[0;39m [36mg.service.ubs.OrderLockServiceImpl      [0;39m [35m:60  [0;39m Time: 2025-04-07T12:19:02.267983800
[2025-04-07 12:24:02] [34mINFO[0;39m [36mg.service.ubs.OrderLockServiceImpl      [0;39m [35m:62  [0;39m Unlock orders
[2025-04-07 12:25:02] [34mINFO[0;39m [36mg.service.ubs.OrderLockServiceImpl      [0;39m [35m:60  [0;39m Time: 2025-04-07T12:20:02.273576500
[2025-04-07 12:25:02] [34mINFO[0;39m [36mg.service.ubs.OrderLockServiceImpl      [0;39m [35m:62  [0;39m Unlock orders
[2025-04-07 12:26:02] [34mINFO[0;39m [36mg.service.ubs.OrderLockServiceImpl      [0;39m [35m:60  [0;39m Time: 2025-04-07T12:21:02.267413600
[2025-04-07 12:26:02] [34mINFO[0;39m [36mg.service.ubs.OrderLockServiceImpl      [0;39m [35m:62  [0;39m Unlock orders
[2025-04-07 12:27:02] [34mINFO[0;39m [36mg.service.ubs.OrderLockServiceImpl      [0;39m [35m:60  [0;39m Time: 2025-04-07T12:22:02.261927800
[2025-04-07 12:27:02] [34mINFO[0;39m [36mg.service.ubs.OrderLockServiceImpl      [0;39m [35m:62  [0;39m Unlock orders
[2025-04-07 12:28:02] [34mINFO[0;39m [36mg.service.ubs.OrderLockServiceImpl      [0;39m [35m:60  [0;39m Time: 2025-04-07T12:23:02.267568800
[2025-04-07 12:28:02] [34mINFO[0;39m [36mg.service.ubs.OrderLockServiceImpl      [0;39m [35m:62  [0;39m Unlock orders
[2025-04-07 12:29:02] [34mINFO[0;39m [36mg.service.ubs.OrderLockServiceImpl      [0;39m [35m:60  [0;39m Time: 2025-04-07T12:24:02.267308800
[2025-04-07 12:29:02] [34mINFO[0;39m [36mg.service.ubs.OrderLockServiceImpl      [0;39m [35m:62  [0;39m Unlock orders
[2025-04-07 12:30:02] [34mINFO[0;39m [36mg.service.ubs.OrderLockServiceImpl      [0;39m [35m:60  [0;39m Time: 2025-04-07T12:25:02.268421700
[2025-04-07 12:30:02] [34mINFO[0;39m [36mg.service.ubs.OrderLockServiceImpl      [0;39m [35m:62  [0;39m Unlock orders
[2025-04-07 12:31:02] [34mINFO[0;39m [36mg.service.ubs.OrderLockServiceImpl      [0;39m [35m:60  [0;39m Time: 2025-04-07T12:26:02.262596600
[2025-04-07 12:31:02] [34mINFO[0;39m [36mg.service.ubs.OrderLockServiceImpl      [0;39m [35m:62  [0;39m Unlock orders
[2025-04-07 12:32:02] [34mINFO[0;39m [36mg.service.ubs.OrderLockServiceImpl      [0;39m [35m:60  [0;39m Time: 2025-04-07T12:27:02.262466600
[2025-04-07 12:32:02] [34mINFO[0;39m [36mg.service.ubs.OrderLockServiceImpl      [0;39m [35m:62  [0;39m Unlock orders
[2025-04-07 12:33:02] [34mINFO[0;39m [36mg.service.ubs.OrderLockServiceImpl      [0;39m [35m:60  [0;39m Time: 2025-04-07T12:28:02.264591400
[2025-04-07 12:33:02] [34mINFO[0;39m [36mg.service.ubs.OrderLockServiceImpl      [0;39m [35m:62  [0;39m Unlock orders
[2025-04-07 12:34:02] [34mINFO[0;39m [36mg.service.ubs.OrderLockServiceImpl      [0;39m [35m:60  [0;39m Time: 2025-04-07T12:29:02.260245700
[2025-04-07 12:34:02] [34mINFO[0;39m [36mg.service.ubs.OrderLockServiceImpl      [0;39m [35m:62  [0;39m Unlock orders
[2025-04-07 12:35:02] [34mINFO[0;39m [36mg.service.ubs.OrderLockServiceImpl      [0;39m [35m:60  [0;39m Time: 2025-04-07T12:30:02.273389900
[2025-04-07 12:35:02] [34mINFO[0;39m [36mg.service.ubs.OrderLockServiceImpl      [0;39m [35m:62  [0;39m Unlock orders
[2025-04-07 12:36:02] [34mINFO[0;39m [36mg.service.ubs.OrderLockServiceImpl      [0;39m [35m:60  [0;39m Time: 2025-04-07T12:31:02.274637400
[2025-04-07 12:36:02] [34mINFO[0;39m [36mg.service.ubs.OrderLockServiceImpl      [0;39m [35m:62  [0;39m Unlock orders
[2025-04-07 12:37:02] [34mINFO[0;39m [36mg.service.ubs.OrderLockServiceImpl      [0;39m [35m:60  [0;39m Time: 2025-04-07T12:32:02.261586800
[2025-04-07 12:37:02] [34mINFO[0;39m [36mg.service.ubs.OrderLockServiceImpl      [0;39m [35m:62  [0;39m Unlock orders
[2025-04-07 12:38:02] [34mINFO[0;39m [36mg.service.ubs.OrderLockServiceImpl      [0;39m [35m:60  [0;39m Time: 2025-04-07T12:33:02.272851600
[2025-04-07 12:38:02] [34mINFO[0;39m [36mg.service.ubs.OrderLockServiceImpl      [0;39m [35m:62  [0;39m Unlock orders
[2025-04-07 12:39:02] [34mINFO[0;39m [36mg.service.ubs.OrderLockServiceImpl      [0;39m [35m:60  [0;39m Time: 2025-04-07T12:34:02.265402400
[2025-04-07 12:39:02] [34mINFO[0;39m [36mg.service.ubs.OrderLockServiceImpl      [0;39m [35m:62  [0;39m Unlock orders
[2025-04-07 12:40:02] [34mINFO[0;39m [36mg.service.ubs.OrderLockServiceImpl      [0;39m [35m:60  [0;39m Time: 2025-04-07T12:35:02.265664400
[2025-04-07 12:40:02] [34mINFO[0;39m [36mg.service.ubs.OrderLockServiceImpl      [0;39m [35m:62  [0;39m Unlock orders
[2025-04-07 12:41:02] [34mINFO[0;39m [36mg.service.ubs.OrderLockServiceImpl      [0;39m [35m:60  [0;39m Time: 2025-04-07T12:36:02.270616300
[2025-04-07 12:41:02] [34mINFO[0;39m [36mg.service.ubs.OrderLockServiceImpl      [0;39m [35m:62  [0;39m Unlock orders
[2025-04-07 12:42:02] [34mINFO[0;39m [36mg.service.ubs.OrderLockServiceImpl      [0;39m [35m:60  [0;39m Time: 2025-04-07T12:37:02.270427300
[2025-04-07 12:42:02] [34mINFO[0;39m [36mg.service.ubs.OrderLockServiceImpl      [0;39m [35m:62  [0;39m Unlock orders
[2025-04-07 12:43:02] [34mINFO[0;39m [36mg.service.ubs.OrderLockServiceImpl      [0;39m [35m:60  [0;39m Time: 2025-04-07T12:38:02.274429700
[2025-04-07 12:43:02] [34mINFO[0;39m [36mg.service.ubs.OrderLockServiceImpl      [0;39m [35m:62  [0;39m Unlock orders
[2025-04-07 12:44:02] [34mINFO[0;39m [36mg.service.ubs.OrderLockServiceImpl      [0;39m [35m:60  [0;39m Time: 2025-04-07T12:39:02.273580100
[2025-04-07 12:44:02] [34mINFO[0;39m [36mg.service.ubs.OrderLockServiceImpl      [0;39m [35m:62  [0;39m Unlock orders
[2025-04-07 12:45:02] [34mINFO[0;39m [36mg.service.ubs.OrderLockServiceImpl      [0;39m [35m:60  [0;39m Time: 2025-04-07T12:40:02.273432600
[2025-04-07 12:45:02] [34mINFO[0;39m [36mg.service.ubs.OrderLockServiceImpl      [0;39m [35m:62  [0;39m Unlock orders
[2025-04-07 12:46:02] [34mINFO[0;39m [36mg.service.ubs.OrderLockServiceImpl      [0;39m [35m:60  [0;39m Time: 2025-04-07T12:41:02.270255200
[2025-04-07 12:46:02] [34mINFO[0;39m [36mg.service.ubs.OrderLockServiceImpl      [0;39m [35m:62  [0;39m Unlock orders
[2025-04-07 12:47:02] [34mINFO[0;39m [36mg.service.ubs.OrderLockServiceImpl      [0;39m [35m:60  [0;39m Time: 2025-04-07T12:42:02.270159800
[2025-04-07 12:47:02] [34mINFO[0;39m [36mg.service.ubs.OrderLockServiceImpl      [0;39m [35m:62  [0;39m Unlock orders
[2025-04-07 12:48:02] [34mINFO[0;39m [36mg.service.ubs.OrderLockServiceImpl      [0;39m [35m:60  [0;39m Time: 2025-04-07T12:43:02.277288100
[2025-04-07 12:48:02] [34mINFO[0;39m [36mg.service.ubs.OrderLockServiceImpl      [0;39m [35m:62  [0;39m Unlock orders
[2025-04-07 12:49:02] [34mINFO[0;39m [36mg.service.ubs.OrderLockServiceImpl      [0;39m [35m:60  [0;39m Time: 2025-04-07T12:44:02.265317300
[2025-04-07 12:49:02] [34mINFO[0;39m [36mg.service.ubs.OrderLockServiceImpl      [0;39m [35m:62  [0;39m Unlock orders
[2025-04-07 12:50:02] [34mINFO[0;39m [36mg.service.ubs.OrderLockServiceImpl      [0;39m [35m:60  [0;39m Time: 2025-04-07T12:45:02.266400200
[2025-04-07 12:50:02] [34mINFO[0;39m [36mg.service.ubs.OrderLockServiceImpl      [0;39m [35m:62  [0;39m Unlock orders
[2025-04-07 12:51:02] [34mINFO[0;39m [36mg.service.ubs.OrderLockServiceImpl      [0;39m [35m:60  [0;39m Time: 2025-04-07T12:46:02.269418
[2025-04-07 12:51:02] [34mINFO[0;39m [36mg.service.ubs.OrderLockServiceImpl      [0;39m [35m:62  [0;39m Unlock orders
[2025-04-07 12:52:02] [34mINFO[0;39m [36mg.service.ubs.OrderLockServiceImpl      [0;39m [35m:60  [0;39m Time: 2025-04-07T12:47:02.263450500
[2025-04-07 12:52:02] [34mINFO[0;39m [36mg.service.ubs.OrderLockServiceImpl      [0;39m [35m:62  [0;39m Unlock orders
[2025-04-07 12:53:02] [34mINFO[0;39m [36mg.service.ubs.OrderLockServiceImpl      [0;39m [35m:60  [0;39m Time: 2025-04-07T12:48:02.261153300
[2025-04-07 12:53:02] [34mINFO[0;39m [36mg.service.ubs.OrderLockServiceImpl      [0;39m [35m:62  [0;39m Unlock orders
[2025-04-07 12:54:02] [34mINFO[0;39m [36mg.service.ubs.OrderLockServiceImpl      [0;39m [35m:60  [0;39m Time: 2025-04-07T12:49:02.261281900
[2025-04-07 12:54:02] [34mINFO[0;39m [36mg.service.ubs.OrderLockServiceImpl      [0;39m [35m:62  [0;39m Unlock orders
[2025-04-07 12:55:02] [34mINFO[0;39m [36mg.service.ubs.OrderLockServiceImpl      [0;39m [35m:60  [0;39m Time: 2025-04-07T12:50:02.275500800
[2025-04-07 12:55:02] [34mINFO[0;39m [36mg.service.ubs.OrderLockServiceImpl      [0;39m [35m:62  [0;39m Unlock orders
[2025-04-07 12:56:02] [34mINFO[0;39m [36mg.service.ubs.OrderLockServiceImpl      [0;39m [35m:60  [0;39m Time: 2025-04-07T12:51:02.272633300
[2025-04-07 12:56:02] [34mINFO[0;39m [36mg.service.ubs.OrderLockServiceImpl      [0;39m [35m:62  [0;39m Unlock orders
[2025-04-07 12:57:02] [34mINFO[0;39m [36mg.service.ubs.OrderLockServiceImpl      [0;39m [35m:60  [0;39m Time: 2025-04-07T12:52:02.267301500
[2025-04-07 12:57:02] [34mINFO[0;39m [36mg.service.ubs.OrderLockServiceImpl      [0;39m [35m:62  [0;39m Unlock orders
[2025-04-07 12:58:02] [34mINFO[0;39m [36mg.service.ubs.OrderLockServiceImpl      [0;39m [35m:60  [0;39m Time: 2025-04-07T12:53:02.268957100
[2025-04-07 12:58:02] [34mINFO[0;39m [36mg.service.ubs.OrderLockServiceImpl      [0;39m [35m:62  [0;39m Unlock orders
[2025-04-07 12:59:02] [34mINFO[0;39m [36mg.service.ubs.OrderLockServiceImpl      [0;39m [35m:60  [0;39m Time: 2025-04-07T12:54:02.263366800
[2025-04-07 12:59:02] [34mINFO[0;39m [36mg.service.ubs.OrderLockServiceImpl      [0;39m [35m:62  [0;39m Unlock orders
[2025-04-07 13:00:02] [34mINFO[0;39m [36mg.service.ubs.OrderLockServiceImpl      [0;39m [35m:60  [0;39m Time: 2025-04-07T12:55:02.267474900
[2025-04-07 13:00:02] [34mINFO[0;39m [36mg.service.ubs.OrderLockServiceImpl      [0;39m [35m:62  [0;39m Unlock orders
[2025-04-07 13:01:02] [34mINFO[0;39m [36mg.service.ubs.OrderLockServiceImpl      [0;39m [35m:60  [0;39m Time: 2025-04-07T12:56:02.267611400
[2025-04-07 13:01:02] [34mINFO[0;39m [36mg.service.ubs.OrderLockServiceImpl      [0;39m [35m:62  [0;39m Unlock orders
[2025-04-07 13:02:02] [34mINFO[0;39m [36mg.service.ubs.OrderLockServiceImpl      [0;39m [35m:60  [0;39m Time: 2025-04-07T12:57:02.274481900
[2025-04-07 13:02:02] [34mINFO[0;39m [36mg.service.ubs.OrderLockServiceImpl      [0;39m [35m:62  [0;39m Unlock orders
[2025-04-07 13:03:02] [34mINFO[0;39m [36mg.service.ubs.OrderLockServiceImpl      [0;39m [35m:60  [0;39m Time: 2025-04-07T12:58:02.271015500
[2025-04-07 13:03:02] [34mINFO[0;39m [36mg.service.ubs.OrderLockServiceImpl      [0;39m [35m:62  [0;39m Unlock orders
[2025-04-07 13:04:02] [34mINFO[0;39m [36mg.service.ubs.OrderLockServiceImpl      [0;39m [35m:60  [0;39m Time: 2025-04-07T12:59:02.263704100
[2025-04-07 13:04:02] [34mINFO[0;39m [36mg.service.ubs.OrderLockServiceImpl      [0;39m [35m:62  [0;39m Unlock orders
[2025-04-07 13:05:02] [34mINFO[0;39m [36mg.service.ubs.OrderLockServiceImpl      [0;39m [35m:60  [0;39m Time: 2025-04-07T13:00:02.274509100
[2025-04-07 13:05:02] [34mINFO[0;39m [36mg.service.ubs.OrderLockServiceImpl      [0;39m [35m:62  [0;39m Unlock orders
[2025-04-07 13:06:02] [34mINFO[0;39m [36mg.service.ubs.OrderLockServiceImpl      [0;39m [35m:60  [0;39m Time: 2025-04-07T13:01:02.267074300
[2025-04-07 13:06:02] [34mINFO[0;39m [36mg.service.ubs.OrderLockServiceImpl      [0;39m [35m:62  [0;39m Unlock orders
[2025-04-07 13:07:02] [34mINFO[0;39m [36mg.service.ubs.OrderLockServiceImpl      [0;39m [35m:60  [0;39m Time: 2025-04-07T13:02:02.271728800
[2025-04-07 13:07:02] [34mINFO[0;39m [36mg.service.ubs.OrderLockServiceImpl      [0;39m [35m:62  [0;39m Unlock orders
[2025-04-07 13:08:02] [34mINFO[0;39m [36mg.service.ubs.OrderLockServiceImpl      [0;39m [35m:60  [0;39m Time: 2025-04-07T13:03:02.273734400
[2025-04-07 13:08:02] [34mINFO[0;39m [36mg.service.ubs.OrderLockServiceImpl      [0;39m [35m:62  [0;39m Unlock orders
[2025-04-07 13:09:02] [34mINFO[0;39m [36mg.service.ubs.OrderLockServiceImpl      [0;39m [35m:60  [0;39m Time: 2025-04-07T13:04:02.261996300
[2025-04-07 13:09:02] [34mINFO[0;39m [36mg.service.ubs.OrderLockServiceImpl      [0;39m [35m:62  [0;39m Unlock orders
[2025-04-07 13:10:02] [34mINFO[0;39m [36mg.service.ubs.OrderLockServiceImpl      [0;39m [35m:60  [0;39m Time: 2025-04-07T13:05:02.272815800
[2025-04-07 13:10:02] [34mINFO[0;39m [36mg.service.ubs.OrderLockServiceImpl      [0;39m [35m:62  [0;39m Unlock orders
[2025-04-07 13:11:02] [34mINFO[0;39m [36mg.service.ubs.OrderLockServiceImpl      [0;39m [35m:60  [0;39m Time: 2025-04-07T13:06:02.267663200
[2025-04-07 13:11:02] [34mINFO[0;39m [36mg.service.ubs.OrderLockServiceImpl      [0;39m [35m:62  [0;39m Unlock orders
[2025-04-07 13:12:02] [34mINFO[0;39m [36mg.service.ubs.OrderLockServiceImpl      [0;39m [35m:60  [0;39m Time: 2025-04-07T13:07:02.272029300
[2025-04-07 13:12:02] [34mINFO[0;39m [36mg.service.ubs.OrderLockServiceImpl      [0;39m [35m:62  [0;39m Unlock orders
[2025-04-07 13:13:02] [34mINFO[0;39m [36mg.service.ubs.OrderLockServiceImpl      [0;39m [35m:60  [0;39m Time: 2025-04-07T13:08:02.266132200
[2025-04-07 13:13:02] [34mINFO[0;39m [36mg.service.ubs.OrderLockServiceImpl      [0;39m [35m:62  [0;39m Unlock orders
[2025-04-07 13:14:02] [34mINFO[0;39m [36mg.service.ubs.OrderLockServiceImpl      [0;39m [35m:60  [0;39m Time: 2025-04-07T13:09:02.272390800
[2025-04-07 13:14:02] [34mINFO[0;39m [36mg.service.ubs.OrderLockServiceImpl      [0;39m [35m:62  [0;39m Unlock orders
[2025-04-07 13:15:02] [34mINFO[0;39m [36mg.service.ubs.OrderLockServiceImpl      [0;39m [35m:60  [0;39m Time: 2025-04-07T13:10:02.271289100
[2025-04-07 13:15:02] [34mINFO[0;39m [36mg.service.ubs.OrderLockServiceImpl      [0;39m [35m:62  [0;39m Unlock orders
[2025-04-07 13:16:02] [34mINFO[0;39m [36mg.service.ubs.OrderLockServiceImpl      [0;39m [35m:60  [0;39m Time: 2025-04-07T13:11:02.269437100
[2025-04-07 13:16:02] [34mINFO[0;39m [36mg.service.ubs.OrderLockServiceImpl      [0;39m [35m:62  [0;39m Unlock orders
[2025-04-07 13:17:02] [34mINFO[0;39m [36mg.service.ubs.OrderLockServiceImpl      [0;39m [35m:60  [0;39m Time: 2025-04-07T13:12:02.270075900
[2025-04-07 13:17:02] [34mINFO[0;39m [36mg.service.ubs.OrderLockServiceImpl      [0;39m [35m:62  [0;39m Unlock orders
[2025-04-07 13:18:02] [34mINFO[0;39m [36mg.service.ubs.OrderLockServiceImpl      [0;39m [35m:60  [0;39m Time: 2025-04-07T13:13:02.281972900
[2025-04-07 13:18:02] [34mINFO[0;39m [36mg.service.ubs.OrderLockServiceImpl      [0;39m [35m:62  [0;39m Unlock orders
[2025-04-07 13:19:02] [34mINFO[0;39m [36mg.service.ubs.OrderLockServiceImpl      [0;39m [35m:60  [0;39m Time: 2025-04-07T13:14:02.279379600
[2025-04-07 13:19:02] [34mINFO[0;39m [36mg.service.ubs.OrderLockServiceImpl      [0;39m [35m:62  [0;39m Unlock orders
[2025-04-07 13:20:02] [34mINFO[0;39m [36mg.service.ubs.OrderLockServiceImpl      [0;39m [35m:60  [0;39m Time: 2025-04-07T13:15:02.261566
[2025-04-07 13:20:02] [34mINFO[0;39m [36mg.service.ubs.OrderLockServiceImpl      [0;39m [35m:62  [0;39m Unlock orders
[2025-04-07 13:21:02] [34mINFO[0;39m [36mg.service.ubs.OrderLockServiceImpl      [0;39m [35m:60  [0;39m Time: 2025-04-07T13:16:02.270344
[2025-04-07 13:21:02] [34mINFO[0;39m [36mg.service.ubs.OrderLockServiceImpl      [0;39m [35m:62  [0;39m Unlock orders
[2025-04-07 13:22:02] [34mINFO[0;39m [36mg.service.ubs.OrderLockServiceImpl      [0;39m [35m:60  [0;39m Time: 2025-04-07T13:17:02.261948400
[2025-04-07 13:22:02] [34mINFO[0;39m [36mg.service.ubs.OrderLockServiceImpl      [0;39m [35m:62  [0;39m Unlock orders
[2025-04-07 13:23:02] [34mINFO[0;39m [36mg.service.ubs.OrderLockServiceImpl      [0;39m [35m:60  [0;39m Time: 2025-04-07T13:18:02.261674
[2025-04-07 13:23:02] [34mINFO[0;39m [36mg.service.ubs.OrderLockServiceImpl      [0;39m [35m:62  [0;39m Unlock orders
[2025-04-07 13:24:02] [34mINFO[0;39m [36mg.service.ubs.OrderLockServiceImpl      [0;39m [35m:60  [0;39m Time: 2025-04-07T13:19:02.271716900
[2025-04-07 13:24:02] [34mINFO[0;39m [36mg.service.ubs.OrderLockServiceImpl      [0;39m [35m:62  [0;39m Unlock orders
[2025-04-07 13:25:02] [34mINFO[0;39m [36mg.service.ubs.OrderLockServiceImpl      [0;39m [35m:60  [0;39m Time: 2025-04-07T13:20:02.273828
[2025-04-07 13:25:02] [34mINFO[0;39m [36mg.service.ubs.OrderLockServiceImpl      [0;39m [35m:62  [0;39m Unlock orders
[2025-04-07 13:26:02] [34mINFO[0;39m [36mg.service.ubs.OrderLockServiceImpl      [0;39m [35m:60  [0;39m Time: 2025-04-07T13:21:02.266929400
[2025-04-07 13:26:02] [34mINFO[0;39m [36mg.service.ubs.OrderLockServiceImpl      [0;39m [35m:62  [0;39m Unlock orders
[2025-04-07 13:27:02] [34mINFO[0;39m [36mg.service.ubs.OrderLockServiceImpl      [0;39m [35m:60  [0;39m Time: 2025-04-07T13:22:02.273341900
[2025-04-07 13:27:02] [34mINFO[0;39m [36mg.service.ubs.OrderLockServiceImpl      [0;39m [35m:62  [0;39m Unlock orders
[2025-04-07 13:28:02] [34mINFO[0;39m [36mg.service.ubs.OrderLockServiceImpl      [0;39m [35m:60  [0;39m Time: 2025-04-07T13:23:02.266911200
[2025-04-07 13:28:02] [34mINFO[0;39m [36mg.service.ubs.OrderLockServiceImpl      [0;39m [35m:62  [0;39m Unlock orders
[2025-04-07 13:29:02] [34mINFO[0;39m [36mg.service.ubs.OrderLockServiceImpl      [0;39m [35m:60  [0;39m Time: 2025-04-07T13:24:02.273443
[2025-04-07 13:29:02] [34mINFO[0;39m [36mg.service.ubs.OrderLockServiceImpl      [0;39m [35m:62  [0;39m Unlock orders
[2025-04-07 13:30:02] [34mINFO[0;39m [36mg.service.ubs.OrderLockServiceImpl      [0;39m [35m:60  [0;39m Time: 2025-04-07T13:25:02.265510300
[2025-04-07 13:30:02] [34mINFO[0;39m [36mg.service.ubs.OrderLockServiceImpl      [0;39m [35m:62  [0;39m Unlock orders
[2025-04-07 13:31:02] [34mINFO[0;39m [36mg.service.ubs.OrderLockServiceImpl      [0;39m [35m:60  [0;39m Time: 2025-04-07T13:26:02.261282500
[2025-04-07 13:31:02] [34mINFO[0;39m [36mg.service.ubs.OrderLockServiceImpl      [0;39m [35m:62  [0;39m Unlock orders
[2025-04-07 13:32:02] [34mINFO[0;39m [36mg.service.ubs.OrderLockServiceImpl      [0;39m [35m:60  [0;39m Time: 2025-04-07T13:27:02.260900500
[2025-04-07 13:32:02] [34mINFO[0;39m [36mg.service.ubs.OrderLockServiceImpl      [0;39m [35m:62  [0;39m Unlock orders
[2025-04-07 13:33:02] [34mINFO[0;39m [36mg.service.ubs.OrderLockServiceImpl      [0;39m [35m:60  [0;39m Time: 2025-04-07T13:28:02.271189900
[2025-04-07 13:33:02] [34mINFO[0;39m [36mg.service.ubs.OrderLockServiceImpl      [0;39m [35m:62  [0;39m Unlock orders
[2025-04-07 13:34:02] [34mINFO[0;39m [36mg.service.ubs.OrderLockServiceImpl      [0;39m [35m:60  [0;39m Time: 2025-04-07T13:29:02.261307800
[2025-04-07 13:34:02] [34mINFO[0;39m [36mg.service.ubs.OrderLockServiceImpl      [0;39m [35m:62  [0;39m Unlock orders
[2025-04-07 13:35:02] [34mINFO[0;39m [36mg.service.ubs.OrderLockServiceImpl      [0;39m [35m:60  [0;39m Time: 2025-04-07T13:30:02.264987500
[2025-04-07 13:35:02] [34mINFO[0;39m [36mg.service.ubs.OrderLockServiceImpl      [0;39m [35m:62  [0;39m Unlock orders
[2025-04-07 13:36:02] [34mINFO[0;39m [36mg.service.ubs.OrderLockServiceImpl      [0;39m [35m:60  [0;39m Time: 2025-04-07T13:31:02.276464400
[2025-04-07 13:36:02] [34mINFO[0;39m [36mg.service.ubs.OrderLockServiceImpl      [0;39m [35m:62  [0;39m Unlock orders
[2025-04-07 13:37:02] [34mINFO[0;39m [36mg.service.ubs.OrderLockServiceImpl      [0;39m [35m:60  [0;39m Time: 2025-04-07T13:32:02.271716700
[2025-04-07 13:37:02] [34mINFO[0;39m [36mg.service.ubs.OrderLockServiceImpl      [0;39m [35m:62  [0;39m Unlock orders
[2025-04-07 13:37:58] [34mINFO[0;39m [36mg.s.f.AccessTokenAuthenticationFilter   [0;39m [35m:54  [0;39m token: eyJhbGciOiJIUzI1NiJ9.eyJzdWIiOiJvLmJ1bGhha292YS5jaGlAZ21haWwuY29tIiwicm9sZSI6WyJST0xFX1VTRVIiXSwiZXhwIjoxNzQ0MDIxOTY4LCJpYXQiOjE3NDQwMTQ3Njh9.bd-joiMFy3UfV3F1DrGKDqG3B5e1Nr2DMmnRH0qqabw
[2025-04-07 13:37:58] [34mINFO[0;39m [36mg.s.f.AccessTokenAuthenticationFilter   [0;39m [35m:68  [0;39m Token has expired: eyJhbGciOiJIUzI1NiJ9.eyJzdWIiOiJvLmJ1bGhha292YS5jaGlAZ21haWwuY29tIiwicm9sZSI6WyJST0xFX1VTRVIiXSwiZXhwIjoxNzQ0MDIxOTY4LCJpYXQiOjE3NDQwMTQ3Njh9.bd-joiMFy3UfV3F1DrGKDqG3B5e1Nr2DMmnRH0qqabw
[2025-04-07 13:37:58] [34mINFO[0;39m [36mg.s.f.AccessTokenAuthenticationFilter   [0;39m [35m:54  [0;39m token: eyJhbGciOiJIUzI1NiJ9.eyJzdWIiOiJvLmJ1bGhha292YS5jaGlAZ21haWwuY29tIiwicm9sZSI6WyJST0xFX1VTRVIiXSwiZXhwIjoxNzQ0MDIxOTY4LCJpYXQiOjE3NDQwMTQ3Njh9.bd-joiMFy3UfV3F1DrGKDqG3B5e1Nr2DMmnRH0qqabw
[2025-04-07 13:37:58] [34mINFO[0;39m [36mg.s.f.AccessTokenAuthenticationFilter   [0;39m [35m:68  [0;39m Token has expired: eyJhbGciOiJIUzI1NiJ9.eyJzdWIiOiJvLmJ1bGhha292YS5jaGlAZ21haWwuY29tIiwicm9sZSI6WyJST0xFX1VTRVIiXSwiZXhwIjoxNzQ0MDIxOTY4LCJpYXQiOjE3NDQwMTQ3Njh9.bd-joiMFy3UfV3F1DrGKDqG3B5e1Nr2DMmnRH0qqabw
[2025-04-07 13:37:58] [34mINFO[0;39m [36mg.s.f.AccessTokenAuthenticationFilter   [0;39m [35m:54  [0;39m token: eyJhbGciOiJIUzI1NiJ9.eyJzdWIiOiJvLmJ1bGhha292YS5jaGlAZ21haWwuY29tIiwicm9sZSI6WyJST0xFX1VTRVIiXSwiZXhwIjoxNzQ0MDIxOTY4LCJpYXQiOjE3NDQwMTQ3Njh9.bd-joiMFy3UfV3F1DrGKDqG3B5e1Nr2DMmnRH0qqabw
[2025-04-07 13:37:58] [34mINFO[0;39m [36mg.s.f.AccessTokenAuthenticationFilter   [0;39m [35m:68  [0;39m Token has expired: eyJhbGciOiJIUzI1NiJ9.eyJzdWIiOiJvLmJ1bGhha292YS5jaGlAZ21haWwuY29tIiwicm9sZSI6WyJST0xFX1VTRVIiXSwiZXhwIjoxNzQ0MDIxOTY4LCJpYXQiOjE3NDQwMTQ3Njh9.bd-joiMFy3UfV3F1DrGKDqG3B5e1Nr2DMmnRH0qqabw
[2025-04-07 13:37:58] [34mINFO[0;39m [36mg.s.f.AccessTokenAuthenticationFilter   [0;39m [35m:54  [0;39m token: eyJhbGciOiJIUzI1NiJ9.eyJzdWIiOiJvLmJ1bGhha292YS5jaGlAZ21haWwuY29tIiwicm9sZSI6WyJST0xFX1VTRVIiXSwiZXhwIjoxNzQ0MDIxOTY4LCJpYXQiOjE3NDQwMTQ3Njh9.bd-joiMFy3UfV3F1DrGKDqG3B5e1Nr2DMmnRH0qqabw
[2025-04-07 13:37:58] [34mINFO[0;39m [36mg.s.f.AccessTokenAuthenticationFilter   [0;39m [35m:68  [0;39m Token has expired: eyJhbGciOiJIUzI1NiJ9.eyJzdWIiOiJvLmJ1bGhha292YS5jaGlAZ21haWwuY29tIiwicm9sZSI6WyJST0xFX1VTRVIiXSwiZXhwIjoxNzQ0MDIxOTY4LCJpYXQiOjE3NDQwMTQ3Njh9.bd-joiMFy3UfV3F1DrGKDqG3B5e1Nr2DMmnRH0qqabw
[2025-04-07 13:37:58] [34mINFO[0;39m [36mg.s.f.AccessTokenAuthenticationFilter   [0;39m [35m:54  [0;39m token: eyJhbGciOiJIUzI1NiJ9.eyJzdWIiOiJvLmJ1bGhha292YS5jaGlAZ21haWwuY29tIiwicm9sZSI6WyJST0xFX1VTRVIiXSwiZXhwIjoxNzQ0MDIxOTY4LCJpYXQiOjE3NDQwMTQ3Njh9.bd-joiMFy3UfV3F1DrGKDqG3B5e1Nr2DMmnRH0qqabw
[2025-04-07 13:37:58] [34mINFO[0;39m [36mg.s.f.AccessTokenAuthenticationFilter   [0;39m [35m:68  [0;39m Token has expired: eyJhbGciOiJIUzI1NiJ9.eyJzdWIiOiJvLmJ1bGhha292YS5jaGlAZ21haWwuY29tIiwicm9sZSI6WyJST0xFX1VTRVIiXSwiZXhwIjoxNzQ0MDIxOTY4LCJpYXQiOjE3NDQwMTQ3Njh9.bd-joiMFy3UfV3F1DrGKDqG3B5e1Nr2DMmnRH0qqabw
[2025-04-07 13:38:02] [34mINFO[0;39m [36mg.service.ubs.OrderLockServiceImpl      [0;39m [35m:60  [0;39m Time: 2025-04-07T13:33:02.260761100
[2025-04-07 13:38:02] [34mINFO[0;39m [36mg.service.ubs.OrderLockServiceImpl      [0;39m [35m:62  [0;39m Unlock orders
[2025-04-07 13:39:02] [34mINFO[0;39m [36mg.service.ubs.OrderLockServiceImpl      [0;39m [35m:60  [0;39m Time: 2025-04-07T13:34:02.270587400
[2025-04-07 13:39:02] [34mINFO[0;39m [36mg.service.ubs.OrderLockServiceImpl      [0;39m [35m:62  [0;39m Unlock orders
[2025-04-07 13:40:02] [34mINFO[0;39m [36mg.service.ubs.OrderLockServiceImpl      [0;39m [35m:60  [0;39m Time: 2025-04-07T13:35:02.266538300
[2025-04-07 13:40:02] [34mINFO[0;39m [36mg.service.ubs.OrderLockServiceImpl      [0;39m [35m:62  [0;39m Unlock orders
[2025-04-07 13:41:02] [34mINFO[0;39m [36mg.service.ubs.OrderLockServiceImpl      [0;39m [35m:60  [0;39m Time: 2025-04-07T13:36:02.266681300
[2025-04-07 13:41:02] [34mINFO[0;39m [36mg.service.ubs.OrderLockServiceImpl      [0;39m [35m:62  [0;39m Unlock orders
[2025-04-07 13:42:02] [34mINFO[0;39m [36mg.service.ubs.OrderLockServiceImpl      [0;39m [35m:60  [0;39m Time: 2025-04-07T13:37:02.264953300
[2025-04-07 13:42:02] [34mINFO[0;39m [36mg.service.ubs.OrderLockServiceImpl      [0;39m [35m:62  [0;39m Unlock orders
[2025-04-07 13:43:02] [34mINFO[0;39m [36mg.service.ubs.OrderLockServiceImpl      [0;39m [35m:60  [0;39m Time: 2025-04-07T13:38:02.266600300
[2025-04-07 13:43:02] [34mINFO[0;39m [36mg.service.ubs.OrderLockServiceImpl      [0;39m [35m:62  [0;39m Unlock orders
[2025-04-07 13:44:02] [34mINFO[0;39m [36mg.service.ubs.OrderLockServiceImpl      [0;39m [35m:60  [0;39m Time: 2025-04-07T13:39:02.273582700
[2025-04-07 13:44:02] [34mINFO[0;39m [36mg.service.ubs.OrderLockServiceImpl      [0;39m [35m:62  [0;39m Unlock orders
[2025-04-07 13:45:02] [34mINFO[0;39m [36mg.service.ubs.OrderLockServiceImpl      [0;39m [35m:60  [0;39m Time: 2025-04-07T13:40:02.271421200
[2025-04-07 13:45:02] [34mINFO[0;39m [36mg.service.ubs.OrderLockServiceImpl      [0;39m [35m:62  [0;39m Unlock orders
[2025-04-07 13:46:02] [34mINFO[0;39m [36mg.service.ubs.OrderLockServiceImpl      [0;39m [35m:60  [0;39m Time: 2025-04-07T13:41:02.268521
[2025-04-07 13:46:02] [34mINFO[0;39m [36mg.service.ubs.OrderLockServiceImpl      [0;39m [35m:62  [0;39m Unlock orders
[2025-04-07 13:47:02] [34mINFO[0;39m [36mg.service.ubs.OrderLockServiceImpl      [0;39m [35m:60  [0;39m Time: 2025-04-07T13:42:02.277534500
[2025-04-07 13:47:02] [34mINFO[0;39m [36mg.service.ubs.OrderLockServiceImpl      [0;39m [35m:62  [0;39m Unlock orders
[2025-04-07 13:48:02] [34mINFO[0;39m [36mg.service.ubs.OrderLockServiceImpl      [0;39m [35m:60  [0;39m Time: 2025-04-07T13:43:02.277441100
[2025-04-07 13:48:02] [34mINFO[0;39m [36mg.service.ubs.OrderLockServiceImpl      [0;39m [35m:62  [0;39m Unlock orders
[2025-04-07 13:49:02] [34mINFO[0;39m [36mg.service.ubs.OrderLockServiceImpl      [0;39m [35m:60  [0;39m Time: 2025-04-07T13:44:02.277896400
[2025-04-07 13:49:02] [34mINFO[0;39m [36mg.service.ubs.OrderLockServiceImpl      [0;39m [35m:62  [0;39m Unlock orders
[2025-04-07 13:50:02] [34mINFO[0;39m [36mg.service.ubs.OrderLockServiceImpl      [0;39m [35m:60  [0;39m Time: 2025-04-07T13:45:02.271877900
[2025-04-07 13:50:02] [34mINFO[0;39m [36mg.service.ubs.OrderLockServiceImpl      [0;39m [35m:62  [0;39m Unlock orders
[2025-04-07 13:51:02] [34mINFO[0;39m [36mg.service.ubs.OrderLockServiceImpl      [0;39m [35m:60  [0;39m Time: 2025-04-07T13:46:02.269037400
[2025-04-07 13:51:02] [34mINFO[0;39m [36mg.service.ubs.OrderLockServiceImpl      [0;39m [35m:62  [0;39m Unlock orders
[2025-04-07 13:52:02] [34mINFO[0;39m [36mg.service.ubs.OrderLockServiceImpl      [0;39m [35m:60  [0;39m Time: 2025-04-07T13:47:02.261302400
[2025-04-07 13:52:02] [34mINFO[0;39m [36mg.service.ubs.OrderLockServiceImpl      [0;39m [35m:62  [0;39m Unlock orders
[2025-04-07 13:53:02] [34mINFO[0;39m [36mg.service.ubs.OrderLockServiceImpl      [0;39m [35m:60  [0;39m Time: 2025-04-07T13:48:02.276986900
[2025-04-07 13:53:02] [34mINFO[0;39m [36mg.service.ubs.OrderLockServiceImpl      [0;39m [35m:62  [0;39m Unlock orders
[2025-04-07 13:54:02] [34mINFO[0;39m [36mg.service.ubs.OrderLockServiceImpl      [0;39m [35m:60  [0;39m Time: 2025-04-07T13:49:02.266886600
[2025-04-07 13:54:02] [34mINFO[0;39m [36mg.service.ubs.OrderLockServiceImpl      [0;39m [35m:62  [0;39m Unlock orders
[2025-04-07 13:55:02] [34mINFO[0;39m [36mg.service.ubs.OrderLockServiceImpl      [0;39m [35m:60  [0;39m Time: 2025-04-07T13:50:02.266444600
[2025-04-07 13:55:02] [34mINFO[0;39m [36mg.service.ubs.OrderLockServiceImpl      [0;39m [35m:62  [0;39m Unlock orders
[2025-04-07 13:56:02] [34mINFO[0;39m [36mg.service.ubs.OrderLockServiceImpl      [0;39m [35m:60  [0;39m Time: 2025-04-07T13:51:02.267452
[2025-04-07 13:56:02] [34mINFO[0;39m [36mg.service.ubs.OrderLockServiceImpl      [0;39m [35m:62  [0;39m Unlock orders
[2025-04-07 13:57:02] [34mINFO[0;39m [36mg.service.ubs.OrderLockServiceImpl      [0;39m [35m:60  [0;39m Time: 2025-04-07T13:52:02.273342400
[2025-04-07 13:57:02] [34mINFO[0;39m [36mg.service.ubs.OrderLockServiceImpl      [0;39m [35m:62  [0;39m Unlock orders
[2025-04-07 13:58:02] [34mINFO[0;39m [36mg.service.ubs.OrderLockServiceImpl      [0;39m [35m:60  [0;39m Time: 2025-04-07T13:53:02.275409300
[2025-04-07 13:58:02] [34mINFO[0;39m [36mg.service.ubs.OrderLockServiceImpl      [0;39m [35m:62  [0;39m Unlock orders
[2025-04-07 13:59:02] [34mINFO[0;39m [36mg.service.ubs.OrderLockServiceImpl      [0;39m [35m:60  [0;39m Time: 2025-04-07T13:54:02.272562900
[2025-04-07 13:59:02] [34mINFO[0;39m [36mg.service.ubs.OrderLockServiceImpl      [0;39m [35m:62  [0;39m Unlock orders
[2025-04-07 14:00:02] [34mINFO[0;39m [36mg.service.ubs.OrderLockServiceImpl      [0;39m [35m:60  [0;39m Time: 2025-04-07T13:55:02.273468800
[2025-04-07 14:00:02] [34mINFO[0;39m [36mg.service.ubs.OrderLockServiceImpl      [0;39m [35m:62  [0;39m Unlock orders
[2025-04-07 14:01:02] [34mINFO[0;39m [36mg.service.ubs.OrderLockServiceImpl      [0;39m [35m:60  [0;39m Time: 2025-04-07T13:56:02.271194100
[2025-04-07 14:01:02] [34mINFO[0;39m [36mg.service.ubs.OrderLockServiceImpl      [0;39m [35m:62  [0;39m Unlock orders
[2025-04-07 14:02:02] [34mINFO[0;39m [36mg.service.ubs.OrderLockServiceImpl      [0;39m [35m:60  [0;39m Time: 2025-04-07T13:57:02.269179400
[2025-04-07 14:02:02] [34mINFO[0;39m [36mg.service.ubs.OrderLockServiceImpl      [0;39m [35m:62  [0;39m Unlock orders
[2025-04-07 14:03:02] [34mINFO[0;39m [36mg.service.ubs.OrderLockServiceImpl      [0;39m [35m:60  [0;39m Time: 2025-04-07T13:58:02.269036800
[2025-04-07 14:03:02] [34mINFO[0;39m [36mg.service.ubs.OrderLockServiceImpl      [0;39m [35m:62  [0;39m Unlock orders
[2025-04-07 14:04:02] [34mINFO[0;39m [36mg.service.ubs.OrderLockServiceImpl      [0;39m [35m:60  [0;39m Time: 2025-04-07T13:59:02.269532600
[2025-04-07 14:04:02] [34mINFO[0;39m [36mg.service.ubs.OrderLockServiceImpl      [0;39m [35m:62  [0;39m Unlock orders
[2025-04-07 14:05:02] [34mINFO[0;39m [36mg.service.ubs.OrderLockServiceImpl      [0;39m [35m:60  [0;39m Time: 2025-04-07T14:00:02.272383300
[2025-04-07 14:05:02] [34mINFO[0;39m [36mg.service.ubs.OrderLockServiceImpl      [0;39m [35m:62  [0;39m Unlock orders
[2025-04-07 14:06:02] [34mINFO[0;39m [36mg.service.ubs.OrderLockServiceImpl      [0;39m [35m:60  [0;39m Time: 2025-04-07T14:01:02.269137400
[2025-04-07 14:06:02] [34mINFO[0;39m [36mg.service.ubs.OrderLockServiceImpl      [0;39m [35m:62  [0;39m Unlock orders
[2025-04-07 14:07:02] [34mINFO[0;39m [36mg.service.ubs.OrderLockServiceImpl      [0;39m [35m:60  [0;39m Time: 2025-04-07T14:02:02.272862300
[2025-04-07 14:07:02] [34mINFO[0;39m [36mg.service.ubs.OrderLockServiceImpl      [0;39m [35m:62  [0;39m Unlock orders
[2025-04-07 14:08:02] [34mINFO[0;39m [36mg.service.ubs.OrderLockServiceImpl      [0;39m [35m:60  [0;39m Time: 2025-04-07T14:03:02.265502500
[2025-04-07 14:08:02] [34mINFO[0;39m [36mg.service.ubs.OrderLockServiceImpl      [0;39m [35m:62  [0;39m Unlock orders
[2025-04-07 14:09:02] [34mINFO[0;39m [36mg.service.ubs.OrderLockServiceImpl      [0;39m [35m:60  [0;39m Time: 2025-04-07T14:04:02.263755400
[2025-04-07 14:09:02] [34mINFO[0;39m [36mg.service.ubs.OrderLockServiceImpl      [0;39m [35m:62  [0;39m Unlock orders
[2025-04-07 14:10:02] [34mINFO[0;39m [36mg.service.ubs.OrderLockServiceImpl      [0;39m [35m:60  [0;39m Time: 2025-04-07T14:05:02.265885200
[2025-04-07 14:10:02] [34mINFO[0;39m [36mg.service.ubs.OrderLockServiceImpl      [0;39m [35m:62  [0;39m Unlock orders
[2025-04-07 14:11:02] [34mINFO[0;39m [36mg.service.ubs.OrderLockServiceImpl      [0;39m [35m:60  [0;39m Time: 2025-04-07T14:06:02.268515500
[2025-04-07 14:11:02] [34mINFO[0;39m [36mg.service.ubs.OrderLockServiceImpl      [0;39m [35m:62  [0;39m Unlock orders
[2025-04-07 14:12:02] [34mINFO[0;39m [36mg.service.ubs.OrderLockServiceImpl      [0;39m [35m:60  [0;39m Time: 2025-04-07T14:07:02.261475400
[2025-04-07 14:12:02] [34mINFO[0;39m [36mg.service.ubs.OrderLockServiceImpl      [0;39m [35m:62  [0;39m Unlock orders
[2025-04-07 14:13:02] [34mINFO[0;39m [36mg.service.ubs.OrderLockServiceImpl      [0;39m [35m:60  [0;39m Time: 2025-04-07T14:08:02.273941400
[2025-04-07 14:13:02] [34mINFO[0;39m [36mg.service.ubs.OrderLockServiceImpl      [0;39m [35m:62  [0;39m Unlock orders
[2025-04-07 14:14:02] [34mINFO[0;39m [36mg.service.ubs.OrderLockServiceImpl      [0;39m [35m:60  [0;39m Time: 2025-04-07T14:09:02.270958600
[2025-04-07 14:14:02] [34mINFO[0;39m [36mg.service.ubs.OrderLockServiceImpl      [0;39m [35m:62  [0;39m Unlock orders
[2025-04-07 14:15:02] [34mINFO[0;39m [36mg.service.ubs.OrderLockServiceImpl      [0;39m [35m:60  [0;39m Time: 2025-04-07T14:10:02.273471600
[2025-04-07 14:15:02] [34mINFO[0;39m [36mg.service.ubs.OrderLockServiceImpl      [0;39m [35m:62  [0;39m Unlock orders
[2025-04-07 14:16:02] [34mINFO[0;39m [36mg.service.ubs.OrderLockServiceImpl      [0;39m [35m:60  [0;39m Time: 2025-04-07T14:11:02.272220300
[2025-04-07 14:16:02] [34mINFO[0;39m [36mg.service.ubs.OrderLockServiceImpl      [0;39m [35m:62  [0;39m Unlock orders
[2025-04-07 14:17:02] [34mINFO[0;39m [36mg.service.ubs.OrderLockServiceImpl      [0;39m [35m:60  [0;39m Time: 2025-04-07T14:12:02.276355100
[2025-04-07 14:17:02] [34mINFO[0;39m [36mg.service.ubs.OrderLockServiceImpl      [0;39m [35m:62  [0;39m Unlock orders
[2025-04-07 14:18:02] [34mINFO[0;39m [36mg.service.ubs.OrderLockServiceImpl      [0;39m [35m:60  [0;39m Time: 2025-04-07T14:13:02.279602900
[2025-04-07 14:18:02] [34mINFO[0;39m [36mg.service.ubs.OrderLockServiceImpl      [0;39m [35m:62  [0;39m Unlock orders
[2025-04-07 14:19:02] [34mINFO[0;39m [36mg.service.ubs.OrderLockServiceImpl      [0;39m [35m:60  [0;39m Time: 2025-04-07T14:14:02.269742300
[2025-04-07 14:19:02] [34mINFO[0;39m [36mg.service.ubs.OrderLockServiceImpl      [0;39m [35m:62  [0;39m Unlock orders
[2025-04-07 14:20:02] [34mINFO[0;39m [36mg.service.ubs.OrderLockServiceImpl      [0;39m [35m:60  [0;39m Time: 2025-04-07T14:15:02.271200600
[2025-04-07 14:20:02] [34mINFO[0;39m [36mg.service.ubs.OrderLockServiceImpl      [0;39m [35m:62  [0;39m Unlock orders
[2025-04-07 14:21:02] [34mINFO[0;39m [36mg.service.ubs.OrderLockServiceImpl      [0;39m [35m:60  [0;39m Time: 2025-04-07T14:16:02.273410800
[2025-04-07 14:21:02] [34mINFO[0;39m [36mg.service.ubs.OrderLockServiceImpl      [0;39m [35m:62  [0;39m Unlock orders
[2025-04-07 14:22:02] [34mINFO[0;39m [36mg.service.ubs.OrderLockServiceImpl      [0;39m [35m:60  [0;39m Time: 2025-04-07T14:17:02.265614400
[2025-04-07 14:22:02] [34mINFO[0;39m [36mg.service.ubs.OrderLockServiceImpl      [0;39m [35m:62  [0;39m Unlock orders
[2025-04-07 14:23:02] [34mINFO[0;39m [36mg.service.ubs.OrderLockServiceImpl      [0;39m [35m:60  [0;39m Time: 2025-04-07T14:18:02.273657300
[2025-04-07 14:23:02] [34mINFO[0;39m [36mg.service.ubs.OrderLockServiceImpl      [0;39m [35m:62  [0;39m Unlock orders
[2025-04-07 14:24:02] [34mINFO[0;39m [36mg.service.ubs.OrderLockServiceImpl      [0;39m [35m:60  [0;39m Time: 2025-04-07T14:19:02.272645700
[2025-04-07 14:24:02] [34mINFO[0;39m [36mg.service.ubs.OrderLockServiceImpl      [0;39m [35m:62  [0;39m Unlock orders
[2025-04-07 14:25:02] [34mINFO[0;39m [36mg.service.ubs.OrderLockServiceImpl      [0;39m [35m:60  [0;39m Time: 2025-04-07T14:20:02.273457900
[2025-04-07 14:25:02] [34mINFO[0;39m [36mg.service.ubs.OrderLockServiceImpl      [0;39m [35m:62  [0;39m Unlock orders
[2025-04-07 14:26:02] [34mINFO[0;39m [36mg.service.ubs.OrderLockServiceImpl      [0;39m [35m:60  [0;39m Time: 2025-04-07T14:21:02.273031500
[2025-04-07 14:26:02] [34mINFO[0;39m [36mg.service.ubs.OrderLockServiceImpl      [0;39m [35m:62  [0;39m Unlock orders
[2025-04-07 14:27:02] [34mINFO[0;39m [36mg.service.ubs.OrderLockServiceImpl      [0;39m [35m:60  [0;39m Time: 2025-04-07T14:22:02.265740700
[2025-04-07 14:27:02] [34mINFO[0;39m [36mg.service.ubs.OrderLockServiceImpl      [0;39m [35m:62  [0;39m Unlock orders
[2025-04-07 14:28:02] [34mINFO[0;39m [36mg.service.ubs.OrderLockServiceImpl      [0;39m [35m:60  [0;39m Time: 2025-04-07T14:23:02.269451100
[2025-04-07 14:28:02] [34mINFO[0;39m [36mg.service.ubs.OrderLockServiceImpl      [0;39m [35m:62  [0;39m Unlock orders
[2025-04-07 14:29:02] [34mINFO[0;39m [36mg.service.ubs.OrderLockServiceImpl      [0;39m [35m:60  [0;39m Time: 2025-04-07T14:24:02.272603400
[2025-04-07 14:29:02] [34mINFO[0;39m [36mg.service.ubs.OrderLockServiceImpl      [0;39m [35m:62  [0;39m Unlock orders
[2025-04-07 14:30:02] [34mINFO[0;39m [36mg.service.ubs.OrderLockServiceImpl      [0;39m [35m:60  [0;39m Time: 2025-04-07T14:25:02.265577
[2025-04-07 14:30:02] [34mINFO[0;39m [36mg.service.ubs.OrderLockServiceImpl      [0;39m [35m:62  [0;39m Unlock orders
[2025-04-07 14:31:02] [34mINFO[0;39m [36mg.service.ubs.OrderLockServiceImpl      [0;39m [35m:60  [0;39m Time: 2025-04-07T14:26:02.265684400
[2025-04-07 14:31:02] [34mINFO[0;39m [36mg.service.ubs.OrderLockServiceImpl      [0;39m [35m:62  [0;39m Unlock orders
[2025-04-07 14:32:02] [34mINFO[0;39m [36mg.service.ubs.OrderLockServiceImpl      [0;39m [35m:60  [0;39m Time: 2025-04-07T14:27:02.267924
[2025-04-07 14:32:02] [34mINFO[0;39m [36mg.service.ubs.OrderLockServiceImpl      [0;39m [35m:62  [0;39m Unlock orders
[2025-04-07 14:33:02] [34mINFO[0;39m [36mg.service.ubs.OrderLockServiceImpl      [0;39m [35m:60  [0;39m Time: 2025-04-07T14:28:02.273152800
[2025-04-07 14:33:02] [34mINFO[0;39m [36mg.service.ubs.OrderLockServiceImpl      [0;39m [35m:62  [0;39m Unlock orders
[2025-04-07 14:34:02] [34mINFO[0;39m [36mg.service.ubs.OrderLockServiceImpl      [0;39m [35m:60  [0;39m Time: 2025-04-07T14:29:02.271348
[2025-04-07 14:34:02] [34mINFO[0;39m [36mg.service.ubs.OrderLockServiceImpl      [0;39m [35m:62  [0;39m Unlock orders
[2025-04-07 14:35:02] [34mINFO[0;39m [36mg.service.ubs.OrderLockServiceImpl      [0;39m [35m:60  [0;39m Time: 2025-04-07T14:30:02.269206500
[2025-04-07 14:35:02] [34mINFO[0;39m [36mg.service.ubs.OrderLockServiceImpl      [0;39m [35m:62  [0;39m Unlock orders
[2025-04-07 14:36:02] [34mINFO[0;39m [36mg.service.ubs.OrderLockServiceImpl      [0;39m [35m:60  [0;39m Time: 2025-04-07T14:31:02.273214300
[2025-04-07 14:36:02] [34mINFO[0;39m [36mg.service.ubs.OrderLockServiceImpl      [0;39m [35m:62  [0;39m Unlock orders
[2025-04-07 14:37:02] [34mINFO[0;39m [36mg.service.ubs.OrderLockServiceImpl      [0;39m [35m:60  [0;39m Time: 2025-04-07T14:32:02.269307600
[2025-04-07 14:37:02] [34mINFO[0;39m [36mg.service.ubs.OrderLockServiceImpl      [0;39m [35m:62  [0;39m Unlock orders
[2025-04-07 14:38:02] [34mINFO[0;39m [36mg.service.ubs.OrderLockServiceImpl      [0;39m [35m:60  [0;39m Time: 2025-04-07T14:33:02.273215600
[2025-04-07 14:38:02] [34mINFO[0;39m [36mg.service.ubs.OrderLockServiceImpl      [0;39m [35m:62  [0;39m Unlock orders
[2025-04-07 14:39:02] [34mINFO[0;39m [36mg.service.ubs.OrderLockServiceImpl      [0;39m [35m:60  [0;39m Time: 2025-04-07T14:34:02.261040
[2025-04-07 14:39:02] [34mINFO[0;39m [36mg.service.ubs.OrderLockServiceImpl      [0;39m [35m:62  [0;39m Unlock orders
[2025-04-07 14:40:02] [34mINFO[0;39m [36mg.service.ubs.OrderLockServiceImpl      [0;39m [35m:60  [0;39m Time: 2025-04-07T14:35:02.262203500
[2025-04-07 14:40:02] [34mINFO[0;39m [36mg.service.ubs.OrderLockServiceImpl      [0;39m [35m:62  [0;39m Unlock orders
[2025-04-07 14:41:02] [34mINFO[0;39m [36mg.service.ubs.OrderLockServiceImpl      [0;39m [35m:60  [0;39m Time: 2025-04-07T14:36:02.273931100
[2025-04-07 14:41:02] [34mINFO[0;39m [36mg.service.ubs.OrderLockServiceImpl      [0;39m [35m:62  [0;39m Unlock orders
[2025-04-07 14:42:02] [34mINFO[0;39m [36mg.service.ubs.OrderLockServiceImpl      [0;39m [35m:60  [0;39m Time: 2025-04-07T14:37:02.270141800
[2025-04-07 14:42:02] [34mINFO[0;39m [36mg.service.ubs.OrderLockServiceImpl      [0;39m [35m:62  [0;39m Unlock orders
[2025-04-07 14:43:02] [34mINFO[0;39m [36mg.service.ubs.OrderLockServiceImpl      [0;39m [35m:60  [0;39m Time: 2025-04-07T14:38:02.273341400
[2025-04-07 14:43:02] [34mINFO[0;39m [36mg.service.ubs.OrderLockServiceImpl      [0;39m [35m:62  [0;39m Unlock orders
[2025-04-07 14:44:02] [34mINFO[0;39m [36mg.service.ubs.OrderLockServiceImpl      [0;39m [35m:60  [0;39m Time: 2025-04-07T14:39:02.261301200
[2025-04-07 14:44:02] [34mINFO[0;39m [36mg.service.ubs.OrderLockServiceImpl      [0;39m [35m:62  [0;39m Unlock orders
[2025-04-07 14:45:02] [34mINFO[0;39m [36mg.service.ubs.OrderLockServiceImpl      [0;39m [35m:60  [0;39m Time: 2025-04-07T14:40:02.270907300
[2025-04-07 14:45:02] [34mINFO[0;39m [36mg.service.ubs.OrderLockServiceImpl      [0;39m [35m:62  [0;39m Unlock orders
[2025-04-07 14:46:02] [34mINFO[0;39m [36mg.service.ubs.OrderLockServiceImpl      [0;39m [35m:60  [0;39m Time: 2025-04-07T14:41:02.275046
[2025-04-07 14:46:02] [34mINFO[0;39m [36mg.service.ubs.OrderLockServiceImpl      [0;39m [35m:62  [0;39m Unlock orders
[2025-04-07 14:47:02] [34mINFO[0;39m [36mg.service.ubs.OrderLockServiceImpl      [0;39m [35m:60  [0;39m Time: 2025-04-07T14:42:02.270433800
[2025-04-07 14:47:02] [34mINFO[0;39m [36mg.service.ubs.OrderLockServiceImpl      [0;39m [35m:62  [0;39m Unlock orders
[2025-04-07 14:48:02] [34mINFO[0;39m [36mg.service.ubs.OrderLockServiceImpl      [0;39m [35m:60  [0;39m Time: 2025-04-07T14:43:02.267837900
[2025-04-07 14:48:02] [34mINFO[0;39m [36mg.service.ubs.OrderLockServiceImpl      [0;39m [35m:62  [0;39m Unlock orders
[2025-04-07 14:49:02] [34mINFO[0;39m [36mg.service.ubs.OrderLockServiceImpl      [0;39m [35m:60  [0;39m Time: 2025-04-07T14:44:02.276040
[2025-04-07 14:49:02] [34mINFO[0;39m [36mg.service.ubs.OrderLockServiceImpl      [0;39m [35m:62  [0;39m Unlock orders
[2025-04-07 14:50:02] [34mINFO[0;39m [36mg.service.ubs.OrderLockServiceImpl      [0;39m [35m:60  [0;39m Time: 2025-04-07T14:45:02.271106300
[2025-04-07 14:50:02] [34mINFO[0;39m [36mg.service.ubs.OrderLockServiceImpl      [0;39m [35m:62  [0;39m Unlock orders
[2025-04-07 14:51:02] [34mINFO[0;39m [36mg.service.ubs.OrderLockServiceImpl      [0;39m [35m:60  [0;39m Time: 2025-04-07T14:46:02.267615300
[2025-04-07 14:51:02] [34mINFO[0;39m [36mg.service.ubs.OrderLockServiceImpl      [0;39m [35m:62  [0;39m Unlock orders
[2025-04-07 14:52:02] [34mINFO[0;39m [36mg.service.ubs.OrderLockServiceImpl      [0;39m [35m:60  [0;39m Time: 2025-04-07T14:47:02.263707200
[2025-04-07 14:52:02] [34mINFO[0;39m [36mg.service.ubs.OrderLockServiceImpl      [0;39m [35m:62  [0;39m Unlock orders
[2025-04-07 14:54:58] [31mWARN[0;39m [36mcom.zaxxer.hikari.pool.HikariPool       [0;39m [35m:804 [0;39m HikariPool-1 - Thread starvation or clock leap detected (housekeeper delta=2m43s766ms437µs700ns).
[2025-04-07 14:55:16] [34mINFO[0;39m [36mg.service.ubs.OrderLockServiceImpl      [0;39m [35m:60  [0;39m Time: 2025-04-07T14:50:16.027574600
[2025-04-07 14:55:16] [34mINFO[0;39m [36mg.service.ubs.OrderLockServiceImpl      [0;39m [35m:62  [0;39m Unlock orders
[2025-04-07 14:55:16] [34mINFO[0;39m [36mg.service.ubs.OrderLockServiceImpl      [0;39m [35m:60  [0;39m Time: 2025-04-07T14:50:16.038575300
[2025-04-07 14:55:16] [34mINFO[0;39m [36mg.service.ubs.OrderLockServiceImpl      [0;39m [35m:62  [0;39m Unlock orders
[2025-04-07 14:55:16] [34mINFO[0;39m [36mg.service.ubs.OrderLockServiceImpl      [0;39m [35m:60  [0;39m Time: 2025-04-07T14:50:16.040572900
[2025-04-07 14:55:16] [34mINFO[0;39m [36mg.service.ubs.OrderLockServiceImpl      [0;39m [35m:62  [0;39m Unlock orders
[2025-04-07 14:56:02] [34mINFO[0;39m [36mg.service.ubs.OrderLockServiceImpl      [0;39m [35m:60  [0;39m Time: 2025-04-07T14:51:02.273747100
[2025-04-07 14:56:02] [34mINFO[0;39m [36mg.service.ubs.OrderLockServiceImpl      [0;39m [35m:62  [0;39m Unlock orders
[2025-04-07 14:57:02] [34mINFO[0;39m [36mg.service.ubs.OrderLockServiceImpl      [0;39m [35m:60  [0;39m Time: 2025-04-07T14:52:02.266094
[2025-04-07 14:57:02] [34mINFO[0;39m [36mg.service.ubs.OrderLockServiceImpl      [0;39m [35m:62  [0;39m Unlock orders
[2025-04-07 14:58:02] [34mINFO[0;39m [36mg.service.ubs.OrderLockServiceImpl      [0;39m [35m:60  [0;39m Time: 2025-04-07T14:53:02.261055100
[2025-04-07 14:58:02] [34mINFO[0;39m [36mg.service.ubs.OrderLockServiceImpl      [0;39m [35m:62  [0;39m Unlock orders
[2025-04-07 14:59:02] [34mINFO[0;39m [36mg.service.ubs.OrderLockServiceImpl      [0;39m [35m:60  [0;39m Time: 2025-04-07T14:54:02.272679700
[2025-04-07 14:59:02] [34mINFO[0;39m [36mg.service.ubs.OrderLockServiceImpl      [0;39m [35m:62  [0;39m Unlock orders
[2025-04-07 15:00:02] [34mINFO[0;39m [36mg.service.ubs.OrderLockServiceImpl      [0;39m [35m:60  [0;39m Time: 2025-04-07T14:55:02.268814500
[2025-04-07 15:00:02] [34mINFO[0;39m [36mg.service.ubs.OrderLockServiceImpl      [0;39m [35m:62  [0;39m Unlock orders
[2025-04-07 15:01:02] [34mINFO[0;39m [36mg.service.ubs.OrderLockServiceImpl      [0;39m [35m:60  [0;39m Time: 2025-04-07T14:56:02.270474800
[2025-04-07 15:01:02] [34mINFO[0;39m [36mg.service.ubs.OrderLockServiceImpl      [0;39m [35m:62  [0;39m Unlock orders
[2025-04-07 15:02:02] [34mINFO[0;39m [36mg.service.ubs.OrderLockServiceImpl      [0;39m [35m:60  [0;39m Time: 2025-04-07T14:57:02.268084600
[2025-04-07 15:02:02] [34mINFO[0;39m [36mg.service.ubs.OrderLockServiceImpl      [0;39m [35m:62  [0;39m Unlock orders
[2025-04-07 15:03:02] [34mINFO[0;39m [36mg.service.ubs.OrderLockServiceImpl      [0;39m [35m:60  [0;39m Time: 2025-04-07T14:58:02.261577400
[2025-04-07 15:03:02] [34mINFO[0;39m [36mg.service.ubs.OrderLockServiceImpl      [0;39m [35m:62  [0;39m Unlock orders
[2025-04-07 15:04:02] [34mINFO[0;39m [36mg.service.ubs.OrderLockServiceImpl      [0;39m [35m:60  [0;39m Time: 2025-04-07T14:59:02.270261200
[2025-04-07 15:04:02] [34mINFO[0;39m [36mg.service.ubs.OrderLockServiceImpl      [0;39m [35m:62  [0;39m Unlock orders
[2025-04-07 15:05:02] [34mINFO[0;39m [36mg.service.ubs.OrderLockServiceImpl      [0;39m [35m:60  [0;39m Time: 2025-04-07T15:00:02.260530800
[2025-04-07 15:05:02] [34mINFO[0;39m [36mg.service.ubs.OrderLockServiceImpl      [0;39m [35m:62  [0;39m Unlock orders
[2025-04-07 15:06:02] [34mINFO[0;39m [36mg.service.ubs.OrderLockServiceImpl      [0;39m [35m:60  [0;39m Time: 2025-04-07T15:01:02.267860
[2025-04-07 15:06:02] [34mINFO[0;39m [36mg.service.ubs.OrderLockServiceImpl      [0;39m [35m:62  [0;39m Unlock orders
[2025-04-07 15:07:02] [34mINFO[0;39m [36mg.service.ubs.OrderLockServiceImpl      [0;39m [35m:60  [0;39m Time: 2025-04-07T15:02:02.268616200
[2025-04-07 15:07:02] [34mINFO[0;39m [36mg.service.ubs.OrderLockServiceImpl      [0;39m [35m:62  [0;39m Unlock orders
[2025-04-07 15:08:02] [34mINFO[0;39m [36mg.service.ubs.OrderLockServiceImpl      [0;39m [35m:60  [0;39m Time: 2025-04-07T15:03:02.260446900
[2025-04-07 15:08:02] [34mINFO[0;39m [36mg.service.ubs.OrderLockServiceImpl      [0;39m [35m:62  [0;39m Unlock orders
[2025-04-07 15:09:02] [34mINFO[0;39m [36mg.service.ubs.OrderLockServiceImpl      [0;39m [35m:60  [0;39m Time: 2025-04-07T15:04:02.266380100
[2025-04-07 15:09:02] [34mINFO[0;39m [36mg.service.ubs.OrderLockServiceImpl      [0;39m [35m:62  [0;39m Unlock orders
[2025-04-07 15:10:02] [34mINFO[0;39m [36mg.service.ubs.OrderLockServiceImpl      [0;39m [35m:60  [0;39m Time: 2025-04-07T15:05:02.262779400
[2025-04-07 15:10:02] [34mINFO[0;39m [36mg.service.ubs.OrderLockServiceImpl      [0;39m [35m:62  [0;39m Unlock orders
[2025-04-07 15:11:02] [34mINFO[0;39m [36mg.service.ubs.OrderLockServiceImpl      [0;39m [35m:60  [0;39m Time: 2025-04-07T15:06:02.275349900
[2025-04-07 15:11:02] [34mINFO[0;39m [36mg.service.ubs.OrderLockServiceImpl      [0;39m [35m:62  [0;39m Unlock orders
[2025-04-07 15:12:02] [34mINFO[0;39m [36mg.service.ubs.OrderLockServiceImpl      [0;39m [35m:60  [0;39m Time: 2025-04-07T15:07:02.268102900
[2025-04-07 15:12:02] [34mINFO[0;39m [36mg.service.ubs.OrderLockServiceImpl      [0;39m [35m:62  [0;39m Unlock orders
[2025-04-07 15:13:02] [34mINFO[0;39m [36mg.service.ubs.OrderLockServiceImpl      [0;39m [35m:60  [0;39m Time: 2025-04-07T15:08:02.271677800
[2025-04-07 15:13:02] [34mINFO[0;39m [36mg.service.ubs.OrderLockServiceImpl      [0;39m [35m:62  [0;39m Unlock orders
[2025-04-07 15:14:02] [34mINFO[0;39m [36mg.service.ubs.OrderLockServiceImpl      [0;39m [35m:60  [0;39m Time: 2025-04-07T15:09:02.276115700
[2025-04-07 15:14:02] [34mINFO[0;39m [36mg.service.ubs.OrderLockServiceImpl      [0;39m [35m:62  [0;39m Unlock orders
[2025-04-07 15:15:02] [34mINFO[0;39m [36mg.service.ubs.OrderLockServiceImpl      [0;39m [35m:60  [0;39m Time: 2025-04-07T15:10:02.269656800
[2025-04-07 15:15:02] [34mINFO[0;39m [36mg.service.ubs.OrderLockServiceImpl      [0;39m [35m:62  [0;39m Unlock orders
[2025-04-07 15:16:02] [34mINFO[0;39m [36mg.service.ubs.OrderLockServiceImpl      [0;39m [35m:60  [0;39m Time: 2025-04-07T15:11:02.277946300
[2025-04-07 15:16:02] [34mINFO[0;39m [36mg.service.ubs.OrderLockServiceImpl      [0;39m [35m:62  [0;39m Unlock orders
[2025-04-07 15:17:02] [34mINFO[0;39m [36mg.service.ubs.OrderLockServiceImpl      [0;39m [35m:60  [0;39m Time: 2025-04-07T15:12:02.269970100
[2025-04-07 15:17:02] [34mINFO[0;39m [36mg.service.ubs.OrderLockServiceImpl      [0;39m [35m:62  [0;39m Unlock orders
[2025-04-07 15:18:02] [34mINFO[0;39m [36mg.service.ubs.OrderLockServiceImpl      [0;39m [35m:60  [0;39m Time: 2025-04-07T15:13:02.278931800
[2025-04-07 15:18:02] [34mINFO[0;39m [36mg.service.ubs.OrderLockServiceImpl      [0;39m [35m:62  [0;39m Unlock orders
[2025-04-07 15:19:02] [34mINFO[0;39m [36mg.service.ubs.OrderLockServiceImpl      [0;39m [35m:60  [0;39m Time: 2025-04-07T15:14:02.268599900
[2025-04-07 15:19:02] [34mINFO[0;39m [36mg.service.ubs.OrderLockServiceImpl      [0;39m [35m:62  [0;39m Unlock orders
[2025-04-07 15:20:02] [34mINFO[0;39m [36mg.service.ubs.OrderLockServiceImpl      [0;39m [35m:60  [0;39m Time: 2025-04-07T15:15:02.268447100
[2025-04-07 15:20:02] [34mINFO[0;39m [36mg.service.ubs.OrderLockServiceImpl      [0;39m [35m:62  [0;39m Unlock orders
[2025-04-07 15:21:02] [34mINFO[0;39m [36mg.service.ubs.OrderLockServiceImpl      [0;39m [35m:60  [0;39m Time: 2025-04-07T15:16:02.264199900
[2025-04-07 15:21:02] [34mINFO[0;39m [36mg.service.ubs.OrderLockServiceImpl      [0;39m [35m:62  [0;39m Unlock orders
[2025-04-07 15:22:02] [34mINFO[0;39m [36mg.service.ubs.OrderLockServiceImpl      [0;39m [35m:60  [0;39m Time: 2025-04-07T15:17:02.273210100
[2025-04-07 15:22:02] [34mINFO[0;39m [36mg.service.ubs.OrderLockServiceImpl      [0;39m [35m:62  [0;39m Unlock orders
[2025-04-07 15:23:02] [34mINFO[0;39m [36mg.service.ubs.OrderLockServiceImpl      [0;39m [35m:60  [0;39m Time: 2025-04-07T15:18:02.268213400
[2025-04-07 15:23:02] [34mINFO[0;39m [36mg.service.ubs.OrderLockServiceImpl      [0;39m [35m:62  [0;39m Unlock orders
[2025-04-07 15:24:02] [34mINFO[0;39m [36mg.service.ubs.OrderLockServiceImpl      [0;39m [35m:60  [0;39m Time: 2025-04-07T15:19:02.270239200
[2025-04-07 15:24:02] [34mINFO[0;39m [36mg.service.ubs.OrderLockServiceImpl      [0;39m [35m:62  [0;39m Unlock orders
[2025-04-07 15:25:02] [34mINFO[0;39m [36mg.service.ubs.OrderLockServiceImpl      [0;39m [35m:60  [0;39m Time: 2025-04-07T15:20:02.271699900
[2025-04-07 15:25:02] [34mINFO[0;39m [36mg.service.ubs.OrderLockServiceImpl      [0;39m [35m:62  [0;39m Unlock orders
[2025-04-07 15:26:02] [34mINFO[0;39m [36mg.service.ubs.OrderLockServiceImpl      [0;39m [35m:60  [0;39m Time: 2025-04-07T15:21:02.264278700
[2025-04-07 15:26:02] [34mINFO[0;39m [36mg.service.ubs.OrderLockServiceImpl      [0;39m [35m:62  [0;39m Unlock orders
[2025-04-07 15:27:02] [34mINFO[0;39m [36mg.service.ubs.OrderLockServiceImpl      [0;39m [35m:60  [0;39m Time: 2025-04-07T15:22:02.262181600
[2025-04-07 15:27:02] [34mINFO[0;39m [36mg.service.ubs.OrderLockServiceImpl      [0;39m [35m:62  [0;39m Unlock orders
[2025-04-07 15:28:02] [34mINFO[0;39m [36mg.service.ubs.OrderLockServiceImpl      [0;39m [35m:60  [0;39m Time: 2025-04-07T15:23:02.273097200
[2025-04-07 15:28:02] [34mINFO[0;39m [36mg.service.ubs.OrderLockServiceImpl      [0;39m [35m:62  [0;39m Unlock orders
[2025-04-07 15:29:02] [34mINFO[0;39m [36mg.service.ubs.OrderLockServiceImpl      [0;39m [35m:60  [0;39m Time: 2025-04-07T15:24:02.273467400
[2025-04-07 15:29:02] [34mINFO[0;39m [36mg.service.ubs.OrderLockServiceImpl      [0;39m [35m:62  [0;39m Unlock orders
[2025-04-07 15:30:02] [34mINFO[0;39m [36mg.service.ubs.OrderLockServiceImpl      [0;39m [35m:60  [0;39m Time: 2025-04-07T15:25:02.272855900
[2025-04-07 15:30:02] [34mINFO[0;39m [36mg.service.ubs.OrderLockServiceImpl      [0;39m [35m:62  [0;39m Unlock orders
[2025-04-07 15:31:02] [34mINFO[0;39m [36mg.service.ubs.OrderLockServiceImpl      [0;39m [35m:60  [0;39m Time: 2025-04-07T15:26:02.266823600
[2025-04-07 15:31:02] [34mINFO[0;39m [36mg.service.ubs.OrderLockServiceImpl      [0;39m [35m:62  [0;39m Unlock orders
[2025-04-07 15:32:02] [34mINFO[0;39m [36mg.service.ubs.OrderLockServiceImpl      [0;39m [35m:60  [0;39m Time: 2025-04-07T15:27:02.266998500
[2025-04-07 15:32:02] [34mINFO[0;39m [36mg.service.ubs.OrderLockServiceImpl      [0;39m [35m:62  [0;39m Unlock orders
[2025-04-07 15:33:02] [34mINFO[0;39m [36mg.service.ubs.OrderLockServiceImpl      [0;39m [35m:60  [0;39m Time: 2025-04-07T15:28:02.263773700
[2025-04-07 15:33:02] [34mINFO[0;39m [36mg.service.ubs.OrderLockServiceImpl      [0;39m [35m:62  [0;39m Unlock orders
[2025-04-07 15:34:02] [34mINFO[0;39m [36mg.service.ubs.OrderLockServiceImpl      [0;39m [35m:60  [0;39m Time: 2025-04-07T15:29:02.268992
[2025-04-07 15:34:02] [34mINFO[0;39m [36mg.service.ubs.OrderLockServiceImpl      [0;39m [35m:62  [0;39m Unlock orders
[2025-04-07 15:35:02] [34mINFO[0;39m [36mg.service.ubs.OrderLockServiceImpl      [0;39m [35m:60  [0;39m Time: 2025-04-07T15:30:02.260911800
[2025-04-07 15:35:02] [34mINFO[0;39m [36mg.service.ubs.OrderLockServiceImpl      [0;39m [35m:62  [0;39m Unlock orders
[2025-04-07 15:35:36] [34mINFO[0;39m [36mg.s.f.AccessTokenAuthenticationFilter   [0;39m [35m:54  [0;39m token: eyJhbGciOiJIUzI1NiJ9.eyJzdWIiOiJvLmJ1bGhha292YS5jaGlAZ21haWwuY29tIiwicm9sZSI6WyJST0xFX1VTRVIiXSwiZXhwIjoxNzQ0MDI5NDc5LCJpYXQiOjE3NDQwMjIyNzl9.bTl2V7_rn6sItlj-Mj32d3gICKc_nRXZdQmE8ytEsqw
[2025-04-07 15:35:37] [34mINFO[0;39m [36mg.s.f.AccessTokenAuthenticationFilter   [0;39m [35m:62  [0;39m user: Optional[UserVO(id=5, email=o.bulhakova.chi@gmail.com, languageVO=greencity.dto.language.LanguageVO@1c60)]
[2025-04-07 15:35:37] [34mINFO[0;39m [36mg.s.f.AccessTokenAuthenticationFilter   [0;39m [35m:54  [0;39m token: eyJhbGciOiJIUzI1NiJ9.eyJzdWIiOiJvLmJ1bGhha292YS5jaGlAZ21haWwuY29tIiwicm9sZSI6WyJST0xFX1VTRVIiXSwiZXhwIjoxNzQ0MDI5NDc5LCJpYXQiOjE3NDQwMjIyNzl9.bTl2V7_rn6sItlj-Mj32d3gICKc_nRXZdQmE8ytEsqw
[2025-04-07 15:35:37] [34mINFO[0;39m [36mg.s.f.AccessTokenAuthenticationFilter   [0;39m [35m:54  [0;39m token: eyJhbGciOiJIUzI1NiJ9.eyJzdWIiOiJvLmJ1bGhha292YS5jaGlAZ21haWwuY29tIiwicm9sZSI6WyJST0xFX1VTRVIiXSwiZXhwIjoxNzQ0MDI5NDc5LCJpYXQiOjE3NDQwMjIyNzl9.bTl2V7_rn6sItlj-Mj32d3gICKc_nRXZdQmE8ytEsqw
[2025-04-07 15:35:37] [34mINFO[0;39m [36mg.s.f.AccessTokenAuthenticationFilter   [0;39m [35m:62  [0;39m user: Optional[UserVO(id=5, email=o.bulhakova.chi@gmail.com, languageVO=greencity.dto.language.LanguageVO@1c60)]
[2025-04-07 15:35:37] [34mINFO[0;39m [36mg.s.f.AccessTokenAuthenticationFilter   [0;39m [35m:62  [0;39m user: Optional[UserVO(id=5, email=o.bulhakova.chi@gmail.com, languageVO=greencity.dto.language.LanguageVO@1c60)]
[2025-04-07 15:35:37] [34mINFO[0;39m [36mg.s.f.AccessTokenAuthenticationFilter   [0;39m [35m:54  [0;39m token: eyJhbGciOiJIUzI1NiJ9.eyJzdWIiOiJvLmJ1bGhha292YS5jaGlAZ21haWwuY29tIiwicm9sZSI6WyJST0xFX1VTRVIiXSwiZXhwIjoxNzQ0MDI5NDc5LCJpYXQiOjE3NDQwMjIyNzl9.bTl2V7_rn6sItlj-Mj32d3gICKc_nRXZdQmE8ytEsqw
[2025-04-07 15:35:37] [34mINFO[0;39m [36mg.s.f.AccessTokenAuthenticationFilter   [0;39m [35m:62  [0;39m user: Optional[UserVO(id=5, email=o.bulhakova.chi@gmail.com, languageVO=greencity.dto.language.LanguageVO@1c60)]
[2025-04-07 15:35:37] [34mINFO[0;39m [36mg.s.f.AccessTokenAuthenticationFilter   [0;39m [35m:54  [0;39m token: eyJhbGciOiJIUzI1NiJ9.eyJzdWIiOiJvLmJ1bGhha292YS5jaGlAZ21haWwuY29tIiwicm9sZSI6WyJST0xFX1VTRVIiXSwiZXhwIjoxNzQ0MDI5NDc5LCJpYXQiOjE3NDQwMjIyNzl9.bTl2V7_rn6sItlj-Mj32d3gICKc_nRXZdQmE8ytEsqw
[2025-04-07 15:35:37] [34mINFO[0;39m [36mg.s.f.AccessTokenAuthenticationFilter   [0;39m [35m:62  [0;39m user: Optional[UserVO(id=5, email=o.bulhakova.chi@gmail.com, languageVO=greencity.dto.language.LanguageVO@1c60)]
[2025-04-07 15:35:45] [34mINFO[0;39m [36mg.s.f.AccessTokenAuthenticationFilter   [0;39m [35m:54  [0;39m token: eyJhbGciOiJIUzI1NiJ9.eyJzdWIiOiJvLmJ1bGhha292YS5jaGlAZ21haWwuY29tIiwicm9sZSI6WyJST0xFX1VTRVIiXSwiZXhwIjoxNzQ0MDI5NDc5LCJpYXQiOjE3NDQwMjIyNzl9.bTl2V7_rn6sItlj-Mj32d3gICKc_nRXZdQmE8ytEsqw
[2025-04-07 15:35:45] [34mINFO[0;39m [36mg.s.f.AccessTokenAuthenticationFilter   [0;39m [35m:54  [0;39m token: eyJhbGciOiJIUzI1NiJ9.eyJzdWIiOiJvLmJ1bGhha292YS5jaGlAZ21haWwuY29tIiwicm9sZSI6WyJST0xFX1VTRVIiXSwiZXhwIjoxNzQ0MDI5NDc5LCJpYXQiOjE3NDQwMjIyNzl9.bTl2V7_rn6sItlj-Mj32d3gICKc_nRXZdQmE8ytEsqw
[2025-04-07 15:35:45] [34mINFO[0;39m [36mg.s.f.AccessTokenAuthenticationFilter   [0;39m [35m:54  [0;39m token: eyJhbGciOiJIUzI1NiJ9.eyJzdWIiOiJvLmJ1bGhha292YS5jaGlAZ21haWwuY29tIiwicm9sZSI6WyJST0xFX1VTRVIiXSwiZXhwIjoxNzQ0MDI5NDc5LCJpYXQiOjE3NDQwMjIyNzl9.bTl2V7_rn6sItlj-Mj32d3gICKc_nRXZdQmE8ytEsqw
[2025-04-07 15:35:45] [34mINFO[0;39m [36mg.s.f.AccessTokenAuthenticationFilter   [0;39m [35m:54  [0;39m token: eyJhbGciOiJIUzI1NiJ9.eyJzdWIiOiJvLmJ1bGhha292YS5jaGlAZ21haWwuY29tIiwicm9sZSI6WyJST0xFX1VTRVIiXSwiZXhwIjoxNzQ0MDI5NDc5LCJpYXQiOjE3NDQwMjIyNzl9.bTl2V7_rn6sItlj-Mj32d3gICKc_nRXZdQmE8ytEsqw
[2025-04-07 15:35:45] [34mINFO[0;39m [36mg.s.f.AccessTokenAuthenticationFilter   [0;39m [35m:54  [0;39m token: eyJhbGciOiJIUzI1NiJ9.eyJzdWIiOiJvLmJ1bGhha292YS5jaGlAZ21haWwuY29tIiwicm9sZSI6WyJST0xFX1VTRVIiXSwiZXhwIjoxNzQ0MDI5NDc5LCJpYXQiOjE3NDQwMjIyNzl9.bTl2V7_rn6sItlj-Mj32d3gICKc_nRXZdQmE8ytEsqw
[2025-04-07 15:35:45] [34mINFO[0;39m [36mg.s.f.AccessTokenAuthenticationFilter   [0;39m [35m:62  [0;39m user: Optional[UserVO(id=5, email=o.bulhakova.chi@gmail.com, languageVO=greencity.dto.language.LanguageVO@1c60)]
[2025-04-07 15:35:45] [34mINFO[0;39m [36mg.s.f.AccessTokenAuthenticationFilter   [0;39m [35m:62  [0;39m user: Optional[UserVO(id=5, email=o.bulhakova.chi@gmail.com, languageVO=greencity.dto.language.LanguageVO@1c60)]
[2025-04-07 15:35:45] [34mINFO[0;39m [36mg.s.f.AccessTokenAuthenticationFilter   [0;39m [35m:62  [0;39m user: Optional[UserVO(id=5, email=o.bulhakova.chi@gmail.com, languageVO=greencity.dto.language.LanguageVO@1c60)]
[2025-04-07 15:35:45] [34mINFO[0;39m [36mg.s.f.AccessTokenAuthenticationFilter   [0;39m [35m:62  [0;39m user: Optional[UserVO(id=5, email=o.bulhakova.chi@gmail.com, languageVO=greencity.dto.language.LanguageVO@1c60)]
[2025-04-07 15:35:45] [34mINFO[0;39m [36mg.s.f.AccessTokenAuthenticationFilter   [0;39m [35m:62  [0;39m user: Optional[UserVO(id=5, email=o.bulhakova.chi@gmail.com, languageVO=greencity.dto.language.LanguageVO@1c60)]
[2025-04-07 15:35:45] [34mINFO[0;39m [36mg.s.f.AccessTokenAuthenticationFilter   [0;39m [35m:54  [0;39m token: eyJhbGciOiJIUzI1NiJ9.eyJzdWIiOiJvLmJ1bGhha292YS5jaGlAZ21haWwuY29tIiwicm9sZSI6WyJST0xFX1VTRVIiXSwiZXhwIjoxNzQ0MDI5NDc5LCJpYXQiOjE3NDQwMjIyNzl9.bTl2V7_rn6sItlj-Mj32d3gICKc_nRXZdQmE8ytEsqw
[2025-04-07 15:35:45] [34mINFO[0;39m [36mg.s.f.AccessTokenAuthenticationFilter   [0;39m [35m:54  [0;39m token: eyJhbGciOiJIUzI1NiJ9.eyJzdWIiOiJvLmJ1bGhha292YS5jaGlAZ21haWwuY29tIiwicm9sZSI6WyJST0xFX1VTRVIiXSwiZXhwIjoxNzQ0MDI5NDc5LCJpYXQiOjE3NDQwMjIyNzl9.bTl2V7_rn6sItlj-Mj32d3gICKc_nRXZdQmE8ytEsqw
[2025-04-07 15:35:45] [34mINFO[0;39m [36mg.s.f.AccessTokenAuthenticationFilter   [0;39m [35m:62  [0;39m user: Optional[UserVO(id=5, email=o.bulhakova.chi@gmail.com, languageVO=greencity.dto.language.LanguageVO@1c60)]
[2025-04-07 15:35:45] [34mINFO[0;39m [36mg.s.f.AccessTokenAuthenticationFilter   [0;39m [35m:62  [0;39m user: Optional[UserVO(id=5, email=o.bulhakova.chi@gmail.com, languageVO=greencity.dto.language.LanguageVO@1c60)]
[2025-04-07 15:36:02] [34mINFO[0;39m [36mg.s.f.AccessTokenAuthenticationFilter   [0;39m [35m:54  [0;39m token: eyJhbGciOiJIUzI1NiJ9.eyJzdWIiOiJvLmJ1bGhha292YS5jaGlAZ21haWwuY29tIiwicm9sZSI6WyJST0xFX1VTRVIiXSwiZXhwIjoxNzQ0MDI5NDc5LCJpYXQiOjE3NDQwMjIyNzl9.bTl2V7_rn6sItlj-Mj32d3gICKc_nRXZdQmE8ytEsqw
[2025-04-07 15:36:02] [34mINFO[0;39m [36mg.s.f.AccessTokenAuthenticationFilter   [0;39m [35m:54  [0;39m token: eyJhbGciOiJIUzI1NiJ9.eyJzdWIiOiJvLmJ1bGhha292YS5jaGlAZ21haWwuY29tIiwicm9sZSI6WyJST0xFX1VTRVIiXSwiZXhwIjoxNzQ0MDI5NDc5LCJpYXQiOjE3NDQwMjIyNzl9.bTl2V7_rn6sItlj-Mj32d3gICKc_nRXZdQmE8ytEsqw
[2025-04-07 15:36:02] [34mINFO[0;39m [36mg.s.f.AccessTokenAuthenticationFilter   [0;39m [35m:54  [0;39m token: eyJhbGciOiJIUzI1NiJ9.eyJzdWIiOiJvLmJ1bGhha292YS5jaGlAZ21haWwuY29tIiwicm9sZSI6WyJST0xFX1VTRVIiXSwiZXhwIjoxNzQ0MDI5NDc5LCJpYXQiOjE3NDQwMjIyNzl9.bTl2V7_rn6sItlj-Mj32d3gICKc_nRXZdQmE8ytEsqw
[2025-04-07 15:36:02] [34mINFO[0;39m [36mg.s.f.AccessTokenAuthenticationFilter   [0;39m [35m:54  [0;39m token: eyJhbGciOiJIUzI1NiJ9.eyJzdWIiOiJvLmJ1bGhha292YS5jaGlAZ21haWwuY29tIiwicm9sZSI6WyJST0xFX1VTRVIiXSwiZXhwIjoxNzQ0MDI5NDc5LCJpYXQiOjE3NDQwMjIyNzl9.bTl2V7_rn6sItlj-Mj32d3gICKc_nRXZdQmE8ytEsqw
[2025-04-07 15:36:02] [34mINFO[0;39m [36mg.s.f.AccessTokenAuthenticationFilter   [0;39m [35m:62  [0;39m user: Optional[UserVO(id=5, email=o.bulhakova.chi@gmail.com, languageVO=greencity.dto.language.LanguageVO@1c60)]
[2025-04-07 15:36:02] [34mINFO[0;39m [36mg.s.f.AccessTokenAuthenticationFilter   [0;39m [35m:62  [0;39m user: Optional[UserVO(id=5, email=o.bulhakova.chi@gmail.com, languageVO=greencity.dto.language.LanguageVO@1c60)]
[2025-04-07 15:36:02] [34mINFO[0;39m [36mg.s.f.AccessTokenAuthenticationFilter   [0;39m [35m:62  [0;39m user: Optional[UserVO(id=5, email=o.bulhakova.chi@gmail.com, languageVO=greencity.dto.language.LanguageVO@1c60)]
[2025-04-07 15:36:02] [34mINFO[0;39m [36mg.s.f.AccessTokenAuthenticationFilter   [0;39m [35m:54  [0;39m token: eyJhbGciOiJIUzI1NiJ9.eyJzdWIiOiJvLmJ1bGhha292YS5jaGlAZ21haWwuY29tIiwicm9sZSI6WyJST0xFX1VTRVIiXSwiZXhwIjoxNzQ0MDI5NDc5LCJpYXQiOjE3NDQwMjIyNzl9.bTl2V7_rn6sItlj-Mj32d3gICKc_nRXZdQmE8ytEsqw
[2025-04-07 15:36:02] [34mINFO[0;39m [36mg.s.f.AccessTokenAuthenticationFilter   [0;39m [35m:62  [0;39m user: Optional[UserVO(id=5, email=o.bulhakova.chi@gmail.com, languageVO=greencity.dto.language.LanguageVO@1c60)]
[2025-04-07 15:36:02] [34mINFO[0;39m [36mg.s.f.AccessTokenAuthenticationFilter   [0;39m [35m:62  [0;39m user: Optional[UserVO(id=5, email=o.bulhakova.chi@gmail.com, languageVO=greencity.dto.language.LanguageVO@1c60)]
[2025-04-07 15:36:02] [34mINFO[0;39m [36mg.s.f.AccessTokenAuthenticationFilter   [0;39m [35m:54  [0;39m token: eyJhbGciOiJIUzI1NiJ9.eyJzdWIiOiJvLmJ1bGhha292YS5jaGlAZ21haWwuY29tIiwicm9sZSI6WyJST0xFX1VTRVIiXSwiZXhwIjoxNzQ0MDI5NDc5LCJpYXQiOjE3NDQwMjIyNzl9.bTl2V7_rn6sItlj-Mj32d3gICKc_nRXZdQmE8ytEsqw
[2025-04-07 15:36:02] [34mINFO[0;39m [36mg.s.f.AccessTokenAuthenticationFilter   [0;39m [35m:54  [0;39m token: eyJhbGciOiJIUzI1NiJ9.eyJzdWIiOiJvLmJ1bGhha292YS5jaGlAZ21haWwuY29tIiwicm9sZSI6WyJST0xFX1VTRVIiXSwiZXhwIjoxNzQ0MDI5NDc5LCJpYXQiOjE3NDQwMjIyNzl9.bTl2V7_rn6sItlj-Mj32d3gICKc_nRXZdQmE8ytEsqw
[2025-04-07 15:36:02] [34mINFO[0;39m [36mg.s.f.AccessTokenAuthenticationFilter   [0;39m [35m:62  [0;39m user: Optional[UserVO(id=5, email=o.bulhakova.chi@gmail.com, languageVO=greencity.dto.language.LanguageVO@1c60)]
[2025-04-07 15:36:02] [34mINFO[0;39m [36mg.s.f.AccessTokenAuthenticationFilter   [0;39m [35m:62  [0;39m user: Optional[UserVO(id=5, email=o.bulhakova.chi@gmail.com, languageVO=greencity.dto.language.LanguageVO@1c60)]
[2025-04-07 15:36:02] [34mINFO[0;39m [36mg.service.ubs.OrderLockServiceImpl      [0;39m [35m:60  [0;39m Time: 2025-04-07T15:31:02.275617
[2025-04-07 15:36:02] [34mINFO[0;39m [36mg.service.ubs.OrderLockServiceImpl      [0;39m [35m:62  [0;39m Unlock orders
[2025-04-07 15:36:27] [34mINFO[0;39m [36mg.s.f.AccessTokenAuthenticationFilter   [0;39m [35m:54  [0;39m token: eyJhbGciOiJIUzI1NiJ9.eyJzdWIiOiJvLmJ1bGhha292YS5jaGlAZ21haWwuY29tIiwicm9sZSI6WyJST0xFX1VTRVIiXSwiZXhwIjoxNzQ0MDI5NDc5LCJpYXQiOjE3NDQwMjIyNzl9.bTl2V7_rn6sItlj-Mj32d3gICKc_nRXZdQmE8ytEsqw
[2025-04-07 15:36:27] [34mINFO[0;39m [36mg.s.f.AccessTokenAuthenticationFilter   [0;39m [35m:62  [0;39m user: Optional[UserVO(id=5, email=o.bulhakova.chi@gmail.com, languageVO=greencity.dto.language.LanguageVO@1c60)]
[2025-04-07 15:36:27] [34mINFO[0;39m [36mg.s.f.AccessTokenAuthenticationFilter   [0;39m [35m:54  [0;39m token: eyJhbGciOiJIUzI1NiJ9.eyJzdWIiOiJvLmJ1bGhha292YS5jaGlAZ21haWwuY29tIiwicm9sZSI6WyJST0xFX1VTRVIiXSwiZXhwIjoxNzQ0MDI5NDc5LCJpYXQiOjE3NDQwMjIyNzl9.bTl2V7_rn6sItlj-Mj32d3gICKc_nRXZdQmE8ytEsqw
[2025-04-07 15:36:27] [34mINFO[0;39m [36mg.s.f.AccessTokenAuthenticationFilter   [0;39m [35m:62  [0;39m user: Optional[UserVO(id=5, email=o.bulhakova.chi@gmail.com, languageVO=greencity.dto.language.LanguageVO@1c60)]
[2025-04-07 15:36:27] [34mINFO[0;39m [36mg.s.f.AccessTokenAuthenticationFilter   [0;39m [35m:54  [0;39m token: eyJhbGciOiJIUzI1NiJ9.eyJzdWIiOiJvLmJ1bGhha292YS5jaGlAZ21haWwuY29tIiwicm9sZSI6WyJST0xFX1VTRVIiXSwiZXhwIjoxNzQ0MDI5NDc5LCJpYXQiOjE3NDQwMjIyNzl9.bTl2V7_rn6sItlj-Mj32d3gICKc_nRXZdQmE8ytEsqw
[2025-04-07 15:36:27] [34mINFO[0;39m [36mg.s.f.AccessTokenAuthenticationFilter   [0;39m [35m:62  [0;39m user: Optional[UserVO(id=5, email=o.bulhakova.chi@gmail.com, languageVO=greencity.dto.language.LanguageVO@1c60)]
[2025-04-07 15:36:27] [34mINFO[0;39m [36mg.s.f.AccessTokenAuthenticationFilter   [0;39m [35m:54  [0;39m token: eyJhbGciOiJIUzI1NiJ9.eyJzdWIiOiJvLmJ1bGhha292YS5jaGlAZ21haWwuY29tIiwicm9sZSI6WyJST0xFX1VTRVIiXSwiZXhwIjoxNzQ0MDI5NDc5LCJpYXQiOjE3NDQwMjIyNzl9.bTl2V7_rn6sItlj-Mj32d3gICKc_nRXZdQmE8ytEsqw
[2025-04-07 15:36:27] [34mINFO[0;39m [36mg.s.f.AccessTokenAuthenticationFilter   [0;39m [35m:62  [0;39m user: Optional[UserVO(id=5, email=o.bulhakova.chi@gmail.com, languageVO=greencity.dto.language.LanguageVO@1c60)]
[2025-04-07 15:36:30] [34mINFO[0;39m [36mg.s.f.AccessTokenAuthenticationFilter   [0;39m [35m:54  [0;39m token: eyJhbGciOiJIUzI1NiJ9.eyJzdWIiOiJvLmJ1bGhha292YS5jaGlAZ21haWwuY29tIiwicm9sZSI6WyJST0xFX1VTRVIiXSwiZXhwIjoxNzQ0MDI5NDc5LCJpYXQiOjE3NDQwMjIyNzl9.bTl2V7_rn6sItlj-Mj32d3gICKc_nRXZdQmE8ytEsqw
[2025-04-07 15:36:30] [34mINFO[0;39m [36mg.s.f.AccessTokenAuthenticationFilter   [0;39m [35m:54  [0;39m token: null
[2025-04-07 15:36:30] [34mINFO[0;39m [36mg.s.f.AccessTokenAuthenticationFilter   [0;39m [35m:62  [0;39m user: Optional[UserVO(id=5, email=o.bulhakova.chi@gmail.com, languageVO=greencity.dto.language.LanguageVO@1c60)]
[2025-04-07 15:36:30] [34mINFO[0;39m [36mg.s.f.AccessTokenAuthenticationFilter   [0;39m [35m:54  [0;39m token: null
[2025-04-07 15:36:30] [34mINFO[0;39m [36mg.s.f.AccessTokenAuthenticationFilter   [0;39m [35m:54  [0;39m token: eyJhbGciOiJIUzI1NiJ9.eyJzdWIiOiJvLmJ1bGhha292YS5jaGlAZ21haWwuY29tIiwicm9sZSI6WyJST0xFX1VTRVIiXSwiZXhwIjoxNzQ0MDI5NDc5LCJpYXQiOjE3NDQwMjIyNzl9.bTl2V7_rn6sItlj-Mj32d3gICKc_nRXZdQmE8ytEsqw
[2025-04-07 15:36:30] [34mINFO[0;39m [36mg.s.f.AccessTokenAuthenticationFilter   [0;39m [35m:54  [0;39m token: null
[2025-04-07 15:36:30] [34mINFO[0;39m [36mg.s.f.AccessTokenAuthenticationFilter   [0;39m [35m:62  [0;39m user: Optional[UserVO(id=5, email=o.bulhakova.chi@gmail.com, languageVO=greencity.dto.language.LanguageVO@1c60)]
[2025-04-07 15:36:30] [34mINFO[0;39m [36mg.s.f.AccessTokenAuthenticationFilter   [0;39m [35m:54  [0;39m token: null
[2025-04-07 15:37:02] [34mINFO[0;39m [36mg.service.ubs.OrderLockServiceImpl      [0;39m [35m:60  [0;39m Time: 2025-04-07T15:32:02.275687300
[2025-04-07 15:37:02] [34mINFO[0;39m [36mg.service.ubs.OrderLockServiceImpl      [0;39m [35m:62  [0;39m Unlock orders
[2025-04-07 15:37:03] [34mINFO[0;39m [36mg.s.f.AccessTokenAuthenticationFilter   [0;39m [35m:54  [0;39m token: null
[2025-04-07 15:37:03] [34mINFO[0;39m [36mg.s.f.AccessTokenAuthenticationFilter   [0;39m [35m:54  [0;39m token: null
[2025-04-07 15:37:03] [34mINFO[0;39m [36mg.s.f.AccessTokenAuthenticationFilter   [0;39m [35m:54  [0;39m token: null
[2025-04-07 15:37:03] [34mINFO[0;39m [36mg.s.f.AccessTokenAuthenticationFilter   [0;39m [35m:54  [0;39m token: null
[2025-04-07 15:38:02] [34mINFO[0;39m [36mg.service.ubs.OrderLockServiceImpl      [0;39m [35m:60  [0;39m Time: 2025-04-07T15:33:02.267496
[2025-04-07 15:38:02] [34mINFO[0;39m [36mg.service.ubs.OrderLockServiceImpl      [0;39m [35m:62  [0;39m Unlock orders
[2025-04-07 15:39:02] [34mINFO[0;39m [36mg.service.ubs.OrderLockServiceImpl      [0;39m [35m:60  [0;39m Time: 2025-04-07T15:34:02.266729200
[2025-04-07 15:39:02] [34mINFO[0;39m [36mg.service.ubs.OrderLockServiceImpl      [0;39m [35m:62  [0;39m Unlock orders
[2025-04-07 15:40:02] [34mINFO[0;39m [36mg.service.ubs.OrderLockServiceImpl      [0;39m [35m:60  [0;39m Time: 2025-04-07T15:35:02.266923900
[2025-04-07 15:40:02] [34mINFO[0;39m [36mg.service.ubs.OrderLockServiceImpl      [0;39m [35m:62  [0;39m Unlock orders
[2025-04-07 15:41:02] [34mINFO[0;39m [36mg.service.ubs.OrderLockServiceImpl      [0;39m [35m:60  [0;39m Time: 2025-04-07T15:36:02.264245200
[2025-04-07 15:41:02] [34mINFO[0;39m [36mg.service.ubs.OrderLockServiceImpl      [0;39m [35m:62  [0;39m Unlock orders
[2025-04-07 15:42:02] [34mINFO[0;39m [36mg.service.ubs.OrderLockServiceImpl      [0;39m [35m:60  [0;39m Time: 2025-04-07T15:37:02.261129900
[2025-04-07 15:42:02] [34mINFO[0;39m [36mg.service.ubs.OrderLockServiceImpl      [0;39m [35m:62  [0;39m Unlock orders
[2025-04-07 15:43:02] [34mINFO[0;39m [36mg.service.ubs.OrderLockServiceImpl      [0;39m [35m:60  [0;39m Time: 2025-04-07T15:38:02.274453200
[2025-04-07 15:43:02] [34mINFO[0;39m [36mg.service.ubs.OrderLockServiceImpl      [0;39m [35m:62  [0;39m Unlock orders
[2025-04-07 15:44:02] [34mINFO[0;39m [36mg.service.ubs.OrderLockServiceImpl      [0;39m [35m:60  [0;39m Time: 2025-04-07T15:39:02.271146900
[2025-04-07 15:44:02] [34mINFO[0;39m [36mg.service.ubs.OrderLockServiceImpl      [0;39m [35m:62  [0;39m Unlock orders
[2025-04-07 15:45:02] [34mINFO[0;39m [36mg.service.ubs.OrderLockServiceImpl      [0;39m [35m:60  [0;39m Time: 2025-04-07T15:40:02.263266200
[2025-04-07 15:45:02] [34mINFO[0;39m [36mg.service.ubs.OrderLockServiceImpl      [0;39m [35m:62  [0;39m Unlock orders
[2025-04-07 15:46:02] [34mINFO[0;39m [36mg.service.ubs.OrderLockServiceImpl      [0;39m [35m:60  [0;39m Time: 2025-04-07T15:41:02.275261400
[2025-04-07 15:46:02] [34mINFO[0;39m [36mg.service.ubs.OrderLockServiceImpl      [0;39m [35m:62  [0;39m Unlock orders
[2025-04-07 15:47:02] [34mINFO[0;39m [36mg.service.ubs.OrderLockServiceImpl      [0;39m [35m:60  [0;39m Time: 2025-04-07T15:42:02.274873100
[2025-04-07 15:47:02] [34mINFO[0;39m [36mg.service.ubs.OrderLockServiceImpl      [0;39m [35m:62  [0;39m Unlock orders
[2025-04-07 15:48:02] [34mINFO[0;39m [36mg.service.ubs.OrderLockServiceImpl      [0;39m [35m:60  [0;39m Time: 2025-04-07T15:43:02.270669100
[2025-04-07 15:48:02] [34mINFO[0;39m [36mg.service.ubs.OrderLockServiceImpl      [0;39m [35m:62  [0;39m Unlock orders
[2025-04-07 15:49:02] [34mINFO[0;39m [36mg.service.ubs.OrderLockServiceImpl      [0;39m [35m:60  [0;39m Time: 2025-04-07T15:44:02.265322600
[2025-04-07 15:49:02] [34mINFO[0;39m [36mg.service.ubs.OrderLockServiceImpl      [0;39m [35m:62  [0;39m Unlock orders
[2025-04-07 15:50:02] [34mINFO[0;39m [36mg.service.ubs.OrderLockServiceImpl      [0;39m [35m:60  [0;39m Time: 2025-04-07T15:45:02.263533600
[2025-04-07 15:50:02] [34mINFO[0;39m [36mg.service.ubs.OrderLockServiceImpl      [0;39m [35m:62  [0;39m Unlock orders
[2025-04-07 15:51:02] [34mINFO[0;39m [36mg.service.ubs.OrderLockServiceImpl      [0;39m [35m:60  [0;39m Time: 2025-04-07T15:46:02.265034600
[2025-04-07 15:51:02] [34mINFO[0;39m [36mg.service.ubs.OrderLockServiceImpl      [0;39m [35m:62  [0;39m Unlock orders
[2025-04-07 15:52:02] [34mINFO[0;39m [36mg.service.ubs.OrderLockServiceImpl      [0;39m [35m:60  [0;39m Time: 2025-04-07T15:47:02.273602600
[2025-04-07 15:52:02] [34mINFO[0;39m [36mg.service.ubs.OrderLockServiceImpl      [0;39m [35m:62  [0;39m Unlock orders
[2025-04-07 15:53:02] [34mINFO[0;39m [36mg.service.ubs.OrderLockServiceImpl      [0;39m [35m:60  [0;39m Time: 2025-04-07T15:48:02.272807700
[2025-04-07 15:53:02] [34mINFO[0;39m [36mg.service.ubs.OrderLockServiceImpl      [0;39m [35m:62  [0;39m Unlock orders
[2025-04-07 15:54:02] [34mINFO[0;39m [36mg.service.ubs.OrderLockServiceImpl      [0;39m [35m:60  [0;39m Time: 2025-04-07T15:49:02.261873900
[2025-04-07 15:54:02] [34mINFO[0;39m [36mg.service.ubs.OrderLockServiceImpl      [0;39m [35m:62  [0;39m Unlock orders
[2025-04-07 15:55:02] [34mINFO[0;39m [36mg.service.ubs.OrderLockServiceImpl      [0;39m [35m:60  [0;39m Time: 2025-04-07T15:50:02.267419500
[2025-04-07 15:55:02] [34mINFO[0;39m [36mg.service.ubs.OrderLockServiceImpl      [0;39m [35m:62  [0;39m Unlock orders
[2025-04-07 15:56:02] [34mINFO[0;39m [36mg.service.ubs.OrderLockServiceImpl      [0;39m [35m:60  [0;39m Time: 2025-04-07T15:51:02.273258200
[2025-04-07 15:56:02] [34mINFO[0;39m [36mg.service.ubs.OrderLockServiceImpl      [0;39m [35m:62  [0;39m Unlock orders
[2025-04-07 15:57:02] [34mINFO[0;39m [36mg.service.ubs.OrderLockServiceImpl      [0;39m [35m:60  [0;39m Time: 2025-04-07T15:52:02.266626100
[2025-04-07 15:57:02] [34mINFO[0;39m [36mg.service.ubs.OrderLockServiceImpl      [0;39m [35m:62  [0;39m Unlock orders
[2025-04-07 15:58:02] [34mINFO[0;39m [36mg.service.ubs.OrderLockServiceImpl      [0;39m [35m:60  [0;39m Time: 2025-04-07T15:53:02.274017300
[2025-04-07 15:58:02] [34mINFO[0;39m [36mg.service.ubs.OrderLockServiceImpl      [0;39m [35m:62  [0;39m Unlock orders
[2025-04-07 15:59:02] [34mINFO[0;39m [36mg.service.ubs.OrderLockServiceImpl      [0;39m [35m:60  [0;39m Time: 2025-04-07T15:54:02.269019200
[2025-04-07 15:59:02] [34mINFO[0;39m [36mg.service.ubs.OrderLockServiceImpl      [0;39m [35m:62  [0;39m Unlock orders
[2025-04-07 16:00:02] [34mINFO[0;39m [36mg.service.ubs.OrderLockServiceImpl      [0;39m [35m:60  [0;39m Time: 2025-04-07T15:55:02.269211100
[2025-04-07 16:00:02] [34mINFO[0;39m [36mg.service.ubs.OrderLockServiceImpl      [0;39m [35m:62  [0;39m Unlock orders
[2025-04-07 16:01:02] [34mINFO[0;39m [36mg.service.ubs.OrderLockServiceImpl      [0;39m [35m:60  [0;39m Time: 2025-04-07T15:56:02.264837
[2025-04-07 16:01:02] [34mINFO[0;39m [36mg.service.ubs.OrderLockServiceImpl      [0;39m [35m:62  [0;39m Unlock orders
[2025-04-07 16:02:02] [34mINFO[0;39m [36mg.service.ubs.OrderLockServiceImpl      [0;39m [35m:60  [0;39m Time: 2025-04-07T15:57:02.271314400
[2025-04-07 16:02:02] [34mINFO[0;39m [36mg.service.ubs.OrderLockServiceImpl      [0;39m [35m:62  [0;39m Unlock orders
[2025-04-07 16:03:02] [34mINFO[0;39m [36mg.service.ubs.OrderLockServiceImpl      [0;39m [35m:60  [0;39m Time: 2025-04-07T15:58:02.264554800
[2025-04-07 16:03:02] [34mINFO[0;39m [36mg.service.ubs.OrderLockServiceImpl      [0;39m [35m:62  [0;39m Unlock orders
[2025-04-07 16:04:02] [34mINFO[0;39m [36mg.service.ubs.OrderLockServiceImpl      [0;39m [35m:60  [0;39m Time: 2025-04-07T15:59:02.271753600
[2025-04-07 16:04:02] [34mINFO[0;39m [36mg.service.ubs.OrderLockServiceImpl      [0;39m [35m:62  [0;39m Unlock orders
[2025-04-07 16:05:02] [34mINFO[0;39m [36mg.service.ubs.OrderLockServiceImpl      [0;39m [35m:60  [0;39m Time: 2025-04-07T16:00:02.262363
[2025-04-07 16:05:02] [34mINFO[0;39m [36mg.service.ubs.OrderLockServiceImpl      [0;39m [35m:62  [0;39m Unlock orders
[2025-04-07 16:06:02] [34mINFO[0;39m [36mg.service.ubs.OrderLockServiceImpl      [0;39m [35m:60  [0;39m Time: 2025-04-07T16:01:02.267667100
[2025-04-07 16:06:02] [34mINFO[0;39m [36mg.service.ubs.OrderLockServiceImpl      [0;39m [35m:62  [0;39m Unlock orders
[2025-04-07 16:07:02] [34mINFO[0;39m [36mg.service.ubs.OrderLockServiceImpl      [0;39m [35m:60  [0;39m Time: 2025-04-07T16:02:02.265031400
[2025-04-07 16:07:02] [34mINFO[0;39m [36mg.service.ubs.OrderLockServiceImpl      [0;39m [35m:62  [0;39m Unlock orders
[2025-04-07 16:08:02] [34mINFO[0;39m [36mg.service.ubs.OrderLockServiceImpl      [0;39m [35m:60  [0;39m Time: 2025-04-07T16:03:02.260425300
[2025-04-07 16:08:02] [34mINFO[0;39m [36mg.service.ubs.OrderLockServiceImpl      [0;39m [35m:62  [0;39m Unlock orders
[2025-04-07 16:09:02] [34mINFO[0;39m [36mg.service.ubs.OrderLockServiceImpl      [0;39m [35m:60  [0;39m Time: 2025-04-07T16:04:02.265796700
[2025-04-07 16:09:02] [34mINFO[0;39m [36mg.service.ubs.OrderLockServiceImpl      [0;39m [35m:62  [0;39m Unlock orders
[2025-04-07 16:10:02] [34mINFO[0;39m [36mg.service.ubs.OrderLockServiceImpl      [0;39m [35m:60  [0;39m Time: 2025-04-07T16:05:02.265908900
[2025-04-07 16:10:02] [34mINFO[0;39m [36mg.service.ubs.OrderLockServiceImpl      [0;39m [35m:62  [0;39m Unlock orders
[2025-04-07 16:11:02] [34mINFO[0;39m [36mg.service.ubs.OrderLockServiceImpl      [0;39m [35m:60  [0;39m Time: 2025-04-07T16:06:02.261477600
[2025-04-07 16:11:02] [34mINFO[0;39m [36mg.service.ubs.OrderLockServiceImpl      [0;39m [35m:62  [0;39m Unlock orders
[2025-04-07 16:12:02] [34mINFO[0;39m [36mg.service.ubs.OrderLockServiceImpl      [0;39m [35m:60  [0;39m Time: 2025-04-07T16:07:02.273002500
[2025-04-07 16:12:02] [34mINFO[0;39m [36mg.service.ubs.OrderLockServiceImpl      [0;39m [35m:62  [0;39m Unlock orders
[2025-04-07 16:13:02] [34mINFO[0;39m [36mg.service.ubs.OrderLockServiceImpl      [0;39m [35m:60  [0;39m Time: 2025-04-07T16:08:02.270494700
[2025-04-07 16:13:02] [34mINFO[0;39m [36mg.service.ubs.OrderLockServiceImpl      [0;39m [35m:62  [0;39m Unlock orders
[2025-04-07 16:14:02] [34mINFO[0;39m [36mg.service.ubs.OrderLockServiceImpl      [0;39m [35m:60  [0;39m Time: 2025-04-07T16:09:02.267824100
[2025-04-07 16:14:02] [34mINFO[0;39m [36mg.service.ubs.OrderLockServiceImpl      [0;39m [35m:62  [0;39m Unlock orders
[2025-04-07 16:15:02] [34mINFO[0;39m [36mg.service.ubs.OrderLockServiceImpl      [0;39m [35m:60  [0;39m Time: 2025-04-07T16:10:02.265744
[2025-04-07 16:15:02] [34mINFO[0;39m [36mg.service.ubs.OrderLockServiceImpl      [0;39m [35m:62  [0;39m Unlock orders
[2025-04-07 16:16:02] [34mINFO[0;39m [36mg.service.ubs.OrderLockServiceImpl      [0;39m [35m:60  [0;39m Time: 2025-04-07T16:11:02.279121100
[2025-04-07 16:16:02] [34mINFO[0;39m [36mg.service.ubs.OrderLockServiceImpl      [0;39m [35m:62  [0;39m Unlock orders
[2025-04-07 16:17:02] [34mINFO[0;39m [36mg.service.ubs.OrderLockServiceImpl      [0;39m [35m:60  [0;39m Time: 2025-04-07T16:12:02.273174200
[2025-04-07 16:17:02] [34mINFO[0;39m [36mg.service.ubs.OrderLockServiceImpl      [0;39m [35m:62  [0;39m Unlock orders
[2025-04-07 16:18:02] [34mINFO[0;39m [36mg.service.ubs.OrderLockServiceImpl      [0;39m [35m:60  [0;39m Time: 2025-04-07T16:13:02.278814700
[2025-04-07 16:18:02] [34mINFO[0;39m [36mg.service.ubs.OrderLockServiceImpl      [0;39m [35m:62  [0;39m Unlock orders
[2025-04-07 16:19:02] [34mINFO[0;39m [36mg.service.ubs.OrderLockServiceImpl      [0;39m [35m:60  [0;39m Time: 2025-04-07T16:14:02.265297700
[2025-04-07 16:19:02] [34mINFO[0;39m [36mg.service.ubs.OrderLockServiceImpl      [0;39m [35m:62  [0;39m Unlock orders
[2025-04-07 16:20:02] [34mINFO[0;39m [36mg.service.ubs.OrderLockServiceImpl      [0;39m [35m:60  [0;39m Time: 2025-04-07T16:15:02.272881700
[2025-04-07 16:20:02] [34mINFO[0;39m [36mg.service.ubs.OrderLockServiceImpl      [0;39m [35m:62  [0;39m Unlock orders
[2025-04-07 16:21:02] [34mINFO[0;39m [36mg.service.ubs.OrderLockServiceImpl      [0;39m [35m:60  [0;39m Time: 2025-04-07T16:16:02.261325800
[2025-04-07 16:21:02] [34mINFO[0;39m [36mg.service.ubs.OrderLockServiceImpl      [0;39m [35m:62  [0;39m Unlock orders
[2025-04-07 16:22:02] [34mINFO[0;39m [36mg.service.ubs.OrderLockServiceImpl      [0;39m [35m:60  [0;39m Time: 2025-04-07T16:17:02.268508600
[2025-04-07 16:22:02] [34mINFO[0;39m [36mg.service.ubs.OrderLockServiceImpl      [0;39m [35m:62  [0;39m Unlock orders
[2025-04-07 16:23:02] [34mINFO[0;39m [36mg.service.ubs.OrderLockServiceImpl      [0;39m [35m:60  [0;39m Time: 2025-04-07T16:18:02.268238600
[2025-04-07 16:23:02] [34mINFO[0;39m [36mg.service.ubs.OrderLockServiceImpl      [0;39m [35m:62  [0;39m Unlock orders
[2025-04-07 16:24:02] [34mINFO[0;39m [36mg.service.ubs.OrderLockServiceImpl      [0;39m [35m:60  [0;39m Time: 2025-04-07T16:19:02.270183600
[2025-04-07 16:24:02] [34mINFO[0;39m [36mg.service.ubs.OrderLockServiceImpl      [0;39m [35m:62  [0;39m Unlock orders
[2025-04-07 16:25:02] [34mINFO[0;39m [36mg.service.ubs.OrderLockServiceImpl      [0;39m [35m:60  [0;39m Time: 2025-04-07T16:20:02.261574900
[2025-04-07 16:25:02] [34mINFO[0;39m [36mg.service.ubs.OrderLockServiceImpl      [0;39m [35m:62  [0;39m Unlock orders
[2025-04-07 16:26:02] [34mINFO[0;39m [36mg.service.ubs.OrderLockServiceImpl      [0;39m [35m:60  [0;39m Time: 2025-04-07T16:21:02.272445800
[2025-04-07 16:26:02] [34mINFO[0;39m [36mg.service.ubs.OrderLockServiceImpl      [0;39m [35m:62  [0;39m Unlock orders
[2025-04-07 16:27:02] [34mINFO[0;39m [36mg.service.ubs.OrderLockServiceImpl      [0;39m [35m:60  [0;39m Time: 2025-04-07T16:22:02.274851200
[2025-04-07 16:27:02] [34mINFO[0;39m [36mg.service.ubs.OrderLockServiceImpl      [0;39m [35m:62  [0;39m Unlock orders
[2025-04-07 16:28:02] [34mINFO[0;39m [36mg.service.ubs.OrderLockServiceImpl      [0;39m [35m:60  [0;39m Time: 2025-04-07T16:23:02.270890700
[2025-04-07 16:28:02] [34mINFO[0;39m [36mg.service.ubs.OrderLockServiceImpl      [0;39m [35m:62  [0;39m Unlock orders
[2025-04-07 16:29:02] [34mINFO[0;39m [36mg.service.ubs.OrderLockServiceImpl      [0;39m [35m:60  [0;39m Time: 2025-04-07T16:24:02.272974400
[2025-04-07 16:29:02] [34mINFO[0;39m [36mg.service.ubs.OrderLockServiceImpl      [0;39m [35m:62  [0;39m Unlock orders
[2025-04-07 16:30:02] [34mINFO[0;39m [36mg.service.ubs.OrderLockServiceImpl      [0;39m [35m:60  [0;39m Time: 2025-04-07T16:25:02.271574
[2025-04-07 16:30:02] [34mINFO[0;39m [36mg.service.ubs.OrderLockServiceImpl      [0;39m [35m:62  [0;39m Unlock orders
[2025-04-07 16:31:02] [34mINFO[0;39m [36mg.service.ubs.OrderLockServiceImpl      [0;39m [35m:60  [0;39m Time: 2025-04-07T16:26:02.261887300
[2025-04-07 16:31:02] [34mINFO[0;39m [36mg.service.ubs.OrderLockServiceImpl      [0;39m [35m:62  [0;39m Unlock orders
[2025-04-07 16:32:02] [34mINFO[0;39m [36mg.service.ubs.OrderLockServiceImpl      [0;39m [35m:60  [0;39m Time: 2025-04-07T16:27:02.263881400
[2025-04-07 16:32:02] [34mINFO[0;39m [36mg.service.ubs.OrderLockServiceImpl      [0;39m [35m:62  [0;39m Unlock orders
[2025-04-07 16:33:02] [34mINFO[0;39m [36mg.service.ubs.OrderLockServiceImpl      [0;39m [35m:60  [0;39m Time: 2025-04-07T16:28:02.260218400
[2025-04-07 16:33:02] [34mINFO[0;39m [36mg.service.ubs.OrderLockServiceImpl      [0;39m [35m:62  [0;39m Unlock orders
[2025-04-07 16:34:02] [34mINFO[0;39m [36mg.service.ubs.OrderLockServiceImpl      [0;39m [35m:60  [0;39m Time: 2025-04-07T16:29:02.273572500
[2025-04-07 16:34:02] [34mINFO[0;39m [36mg.service.ubs.OrderLockServiceImpl      [0;39m [35m:62  [0;39m Unlock orders
[2025-04-07 16:35:02] [34mINFO[0;39m [36mg.service.ubs.OrderLockServiceImpl      [0;39m [35m:60  [0;39m Time: 2025-04-07T16:30:02.264390100
[2025-04-07 16:35:02] [34mINFO[0;39m [36mg.service.ubs.OrderLockServiceImpl      [0;39m [35m:62  [0;39m Unlock orders
[2025-04-07 16:36:02] [34mINFO[0;39m [36mg.service.ubs.OrderLockServiceImpl      [0;39m [35m:60  [0;39m Time: 2025-04-07T16:31:02.268593500
[2025-04-07 16:36:02] [34mINFO[0;39m [36mg.service.ubs.OrderLockServiceImpl      [0;39m [35m:62  [0;39m Unlock orders
[2025-04-07 16:37:02] [34mINFO[0;39m [36mg.service.ubs.OrderLockServiceImpl      [0;39m [35m:60  [0;39m Time: 2025-04-07T16:32:02.266325500
[2025-04-07 16:37:02] [34mINFO[0;39m [36mg.service.ubs.OrderLockServiceImpl      [0;39m [35m:62  [0;39m Unlock orders
[2025-04-07 16:38:02] [34mINFO[0;39m [36mg.service.ubs.OrderLockServiceImpl      [0;39m [35m:60  [0;39m Time: 2025-04-07T16:33:02.266622900
[2025-04-07 16:38:02] [34mINFO[0;39m [36mg.service.ubs.OrderLockServiceImpl      [0;39m [35m:62  [0;39m Unlock orders
[2025-04-07 16:39:02] [34mINFO[0;39m [36mg.service.ubs.OrderLockServiceImpl      [0;39m [35m:60  [0;39m Time: 2025-04-07T16:34:02.272410900
[2025-04-07 16:39:02] [34mINFO[0;39m [36mg.service.ubs.OrderLockServiceImpl      [0;39m [35m:62  [0;39m Unlock orders
[2025-04-07 16:40:02] [34mINFO[0;39m [36mg.service.ubs.OrderLockServiceImpl      [0;39m [35m:60  [0;39m Time: 2025-04-07T16:35:02.266325100
[2025-04-07 16:40:02] [34mINFO[0;39m [36mg.service.ubs.OrderLockServiceImpl      [0;39m [35m:62  [0;39m Unlock orders
[2025-04-07 16:41:02] [34mINFO[0;39m [36mg.service.ubs.OrderLockServiceImpl      [0;39m [35m:60  [0;39m Time: 2025-04-07T16:36:02.264128100
[2025-04-07 16:41:02] [34mINFO[0;39m [36mg.service.ubs.OrderLockServiceImpl      [0;39m [35m:62  [0;39m Unlock orders
[2025-04-07 16:42:02] [34mINFO[0;39m [36mg.service.ubs.OrderLockServiceImpl      [0;39m [35m:60  [0;39m Time: 2025-04-07T16:37:02.263878800
[2025-04-07 16:42:02] [34mINFO[0;39m [36mg.service.ubs.OrderLockServiceImpl      [0;39m [35m:62  [0;39m Unlock orders
[2025-04-07 16:43:02] [34mINFO[0;39m [36mg.service.ubs.OrderLockServiceImpl      [0;39m [35m:60  [0;39m Time: 2025-04-07T16:38:02.267525700
[2025-04-07 16:43:02] [34mINFO[0;39m [36mg.service.ubs.OrderLockServiceImpl      [0;39m [35m:62  [0;39m Unlock orders
[2025-04-07 16:44:02] [34mINFO[0;39m [36mg.service.ubs.OrderLockServiceImpl      [0;39m [35m:60  [0;39m Time: 2025-04-07T16:39:02.267562900
[2025-04-07 16:44:02] [34mINFO[0;39m [36mg.service.ubs.OrderLockServiceImpl      [0;39m [35m:62  [0;39m Unlock orders
[2025-04-07 16:45:02] [34mINFO[0;39m [36mg.service.ubs.OrderLockServiceImpl      [0;39m [35m:60  [0;39m Time: 2025-04-07T16:40:02.274608500
[2025-04-07 16:45:02] [34mINFO[0;39m [36mg.service.ubs.OrderLockServiceImpl      [0;39m [35m:62  [0;39m Unlock orders
[2025-04-07 16:46:02] [34mINFO[0;39m [36mg.service.ubs.OrderLockServiceImpl      [0;39m [35m:60  [0;39m Time: 2025-04-07T16:41:02.264308400
[2025-04-07 16:46:02] [34mINFO[0;39m [36mg.service.ubs.OrderLockServiceImpl      [0;39m [35m:62  [0;39m Unlock orders
[2025-04-07 16:47:02] [34mINFO[0;39m [36mg.service.ubs.OrderLockServiceImpl      [0;39m [35m:60  [0;39m Time: 2025-04-07T16:42:02.274746200
[2025-04-07 16:47:02] [34mINFO[0;39m [36mg.service.ubs.OrderLockServiceImpl      [0;39m [35m:62  [0;39m Unlock orders
[2025-04-07 16:48:02] [34mINFO[0;39m [36mg.service.ubs.OrderLockServiceImpl      [0;39m [35m:60  [0;39m Time: 2025-04-07T16:43:02.268241800
[2025-04-07 16:48:02] [34mINFO[0;39m [36mg.service.ubs.OrderLockServiceImpl      [0;39m [35m:62  [0;39m Unlock orders
[2025-04-07 16:49:02] [34mINFO[0;39m [36mg.service.ubs.OrderLockServiceImpl      [0;39m [35m:60  [0;39m Time: 2025-04-07T16:44:02.268389100
[2025-04-07 16:49:02] [34mINFO[0;39m [36mg.service.ubs.OrderLockServiceImpl      [0;39m [35m:62  [0;39m Unlock orders
[2025-04-07 16:50:02] [34mINFO[0;39m [36mg.service.ubs.OrderLockServiceImpl      [0;39m [35m:60  [0;39m Time: 2025-04-07T16:45:02.260223300
[2025-04-07 16:50:02] [34mINFO[0;39m [36mg.service.ubs.OrderLockServiceImpl      [0;39m [35m:62  [0;39m Unlock orders
[2025-04-07 16:51:02] [34mINFO[0;39m [36mg.service.ubs.OrderLockServiceImpl      [0;39m [35m:60  [0;39m Time: 2025-04-07T16:46:02.268245200
[2025-04-07 16:51:02] [34mINFO[0;39m [36mg.service.ubs.OrderLockServiceImpl      [0;39m [35m:62  [0;39m Unlock orders
[2025-04-07 16:52:02] [34mINFO[0;39m [36mg.service.ubs.OrderLockServiceImpl      [0;39m [35m:60  [0;39m Time: 2025-04-07T16:47:02.268397700
[2025-04-07 16:52:02] [34mINFO[0;39m [36mg.service.ubs.OrderLockServiceImpl      [0;39m [35m:62  [0;39m Unlock orders
[2025-04-07 16:53:02] [34mINFO[0;39m [36mg.service.ubs.OrderLockServiceImpl      [0;39m [35m:60  [0;39m Time: 2025-04-07T16:48:02.272446400
[2025-04-07 16:53:02] [34mINFO[0;39m [36mg.service.ubs.OrderLockServiceImpl      [0;39m [35m:62  [0;39m Unlock orders
[2025-04-07 16:54:02] [34mINFO[0;39m [36mg.service.ubs.OrderLockServiceImpl      [0;39m [35m:60  [0;39m Time: 2025-04-07T16:49:02.262468200
[2025-04-07 16:54:02] [34mINFO[0;39m [36mg.service.ubs.OrderLockServiceImpl      [0;39m [35m:62  [0;39m Unlock orders
[2025-04-07 16:55:02] [34mINFO[0;39m [36mg.service.ubs.OrderLockServiceImpl      [0;39m [35m:60  [0;39m Time: 2025-04-07T16:50:02.274544100
[2025-04-07 16:55:02] [34mINFO[0;39m [36mg.service.ubs.OrderLockServiceImpl      [0;39m [35m:62  [0;39m Unlock orders
[2025-04-07 16:56:02] [34mINFO[0;39m [36mg.service.ubs.OrderLockServiceImpl      [0;39m [35m:60  [0;39m Time: 2025-04-07T16:51:02.262384800
[2025-04-07 16:56:02] [34mINFO[0;39m [36mg.service.ubs.OrderLockServiceImpl      [0;39m [35m:62  [0;39m Unlock orders
[2025-04-07 16:57:02] [34mINFO[0;39m [36mg.service.ubs.OrderLockServiceImpl      [0;39m [35m:60  [0;39m Time: 2025-04-07T16:52:02.274666800
[2025-04-07 16:57:02] [34mINFO[0;39m [36mg.service.ubs.OrderLockServiceImpl      [0;39m [35m:62  [0;39m Unlock orders
[2025-04-07 16:58:02] [34mINFO[0;39m [36mg.service.ubs.OrderLockServiceImpl      [0;39m [35m:60  [0;39m Time: 2025-04-07T16:53:02.271350800
[2025-04-07 16:58:02] [34mINFO[0;39m [36mg.service.ubs.OrderLockServiceImpl      [0;39m [35m:62  [0;39m Unlock orders
[2025-04-07 16:59:02] [34mINFO[0;39m [36mg.service.ubs.OrderLockServiceImpl      [0;39m [35m:60  [0;39m Time: 2025-04-07T16:54:02.270435300
[2025-04-07 16:59:02] [34mINFO[0;39m [36mg.service.ubs.OrderLockServiceImpl      [0;39m [35m:62  [0;39m Unlock orders
[2025-04-07 17:00:02] [34mINFO[0;39m [36mg.service.ubs.OrderLockServiceImpl      [0;39m [35m:60  [0;39m Time: 2025-04-07T16:55:02.267608
[2025-04-07 17:00:02] [34mINFO[0;39m [36mg.service.ubs.OrderLockServiceImpl      [0;39m [35m:62  [0;39m Unlock orders
[2025-04-07 17:01:02] [34mINFO[0;39m [36mg.service.ubs.OrderLockServiceImpl      [0;39m [35m:60  [0;39m Time: 2025-04-07T16:56:02.273249500
[2025-04-07 17:01:02] [34mINFO[0;39m [36mg.service.ubs.OrderLockServiceImpl      [0;39m [35m:62  [0;39m Unlock orders
[2025-04-07 17:02:02] [34mINFO[0;39m [36mg.service.ubs.OrderLockServiceImpl      [0;39m [35m:60  [0;39m Time: 2025-04-07T16:57:02.262931900
[2025-04-07 17:02:02] [34mINFO[0;39m [36mg.service.ubs.OrderLockServiceImpl      [0;39m [35m:62  [0;39m Unlock orders
[2025-04-07 17:03:02] [34mINFO[0;39m [36mg.service.ubs.OrderLockServiceImpl      [0;39m [35m:60  [0;39m Time: 2025-04-07T16:58:02.273646500
[2025-04-07 17:03:02] [34mINFO[0;39m [36mg.service.ubs.OrderLockServiceImpl      [0;39m [35m:62  [0;39m Unlock orders
[2025-04-07 17:04:02] [34mINFO[0;39m [36mg.service.ubs.OrderLockServiceImpl      [0;39m [35m:60  [0;39m Time: 2025-04-07T16:59:02.264506900
[2025-04-07 17:04:02] [34mINFO[0;39m [36mg.service.ubs.OrderLockServiceImpl      [0;39m [35m:62  [0;39m Unlock orders
[2025-04-07 17:05:02] [34mINFO[0;39m [36mg.service.ubs.OrderLockServiceImpl      [0;39m [35m:60  [0;39m Time: 2025-04-07T17:00:02.270692900
[2025-04-07 17:05:02] [34mINFO[0;39m [36mg.service.ubs.OrderLockServiceImpl      [0;39m [35m:62  [0;39m Unlock orders
[2025-04-07 17:06:02] [34mINFO[0;39m [36mg.service.ubs.OrderLockServiceImpl      [0;39m [35m:60  [0;39m Time: 2025-04-07T17:01:02.262520700
[2025-04-07 17:06:02] [34mINFO[0;39m [36mg.service.ubs.OrderLockServiceImpl      [0;39m [35m:62  [0;39m Unlock orders
[2025-04-07 17:07:02] [34mINFO[0;39m [36mg.service.ubs.OrderLockServiceImpl      [0;39m [35m:60  [0;39m Time: 2025-04-07T17:02:02.270180900
[2025-04-07 17:07:02] [34mINFO[0;39m [36mg.service.ubs.OrderLockServiceImpl      [0;39m [35m:62  [0;39m Unlock orders
[2025-04-07 17:08:02] [34mINFO[0;39m [36mg.service.ubs.OrderLockServiceImpl      [0;39m [35m:60  [0;39m Time: 2025-04-07T17:03:02.267836500
[2025-04-07 17:08:02] [34mINFO[0;39m [36mg.service.ubs.OrderLockServiceImpl      [0;39m [35m:62  [0;39m Unlock orders
[2025-04-07 17:09:02] [34mINFO[0;39m [36mg.service.ubs.OrderLockServiceImpl      [0;39m [35m:60  [0;39m Time: 2025-04-07T17:04:02.264994700
[2025-04-07 17:09:02] [34mINFO[0;39m [36mg.service.ubs.OrderLockServiceImpl      [0;39m [35m:62  [0;39m Unlock orders
[2025-04-07 17:10:02] [34mINFO[0;39m [36mg.service.ubs.OrderLockServiceImpl      [0;39m [35m:60  [0;39m Time: 2025-04-07T17:05:02.272553400
[2025-04-07 17:10:02] [34mINFO[0;39m [36mg.service.ubs.OrderLockServiceImpl      [0;39m [35m:62  [0;39m Unlock orders
[2025-04-07 17:11:02] [34mINFO[0;39m [36mg.service.ubs.OrderLockServiceImpl      [0;39m [35m:60  [0;39m Time: 2025-04-07T17:06:02.265802100
[2025-04-07 17:11:02] [34mINFO[0;39m [36mg.service.ubs.OrderLockServiceImpl      [0;39m [35m:62  [0;39m Unlock orders
[2025-04-07 17:12:02] [34mINFO[0;39m [36mg.service.ubs.OrderLockServiceImpl      [0;39m [35m:60  [0;39m Time: 2025-04-07T17:07:02.269799100
[2025-04-07 17:12:02] [34mINFO[0;39m [36mg.service.ubs.OrderLockServiceImpl      [0;39m [35m:62  [0;39m Unlock orders
[2025-04-07 17:13:02] [34mINFO[0;39m [36mg.service.ubs.OrderLockServiceImpl      [0;39m [35m:60  [0;39m Time: 2025-04-07T17:08:02.270656200
[2025-04-07 17:13:02] [34mINFO[0;39m [36mg.service.ubs.OrderLockServiceImpl      [0;39m [35m:62  [0;39m Unlock orders
[2025-04-07 17:14:02] [34mINFO[0;39m [36mg.service.ubs.OrderLockServiceImpl      [0;39m [35m:60  [0;39m Time: 2025-04-07T17:09:02.274813700
[2025-04-07 17:14:02] [34mINFO[0;39m [36mg.service.ubs.OrderLockServiceImpl      [0;39m [35m:62  [0;39m Unlock orders
[2025-04-07 17:15:02] [34mINFO[0;39m [36mg.service.ubs.OrderLockServiceImpl      [0;39m [35m:60  [0;39m Time: 2025-04-07T17:10:02.272712600
[2025-04-07 17:15:02] [34mINFO[0;39m [36mg.service.ubs.OrderLockServiceImpl      [0;39m [35m:62  [0;39m Unlock orders
[2025-04-07 17:16:02] [34mINFO[0;39m [36mg.service.ubs.OrderLockServiceImpl      [0;39m [35m:60  [0;39m Time: 2025-04-07T17:11:02.266008400
[2025-04-07 17:16:02] [34mINFO[0;39m [36mg.service.ubs.OrderLockServiceImpl      [0;39m [35m:62  [0;39m Unlock orders
[2025-04-07 17:17:02] [34mINFO[0;39m [36mg.service.ubs.OrderLockServiceImpl      [0;39m [35m:60  [0;39m Time: 2025-04-07T17:12:02.276595200
[2025-04-07 17:17:02] [34mINFO[0;39m [36mg.service.ubs.OrderLockServiceImpl      [0;39m [35m:62  [0;39m Unlock orders
[2025-04-07 17:18:02] [34mINFO[0;39m [36mg.service.ubs.OrderLockServiceImpl      [0;39m [35m:60  [0;39m Time: 2025-04-07T17:13:02.272555900
[2025-04-07 17:18:02] [34mINFO[0;39m [36mg.service.ubs.OrderLockServiceImpl      [0;39m [35m:62  [0;39m Unlock orders
[2025-04-07 17:19:02] [34mINFO[0;39m [36mg.service.ubs.OrderLockServiceImpl      [0;39m [35m:60  [0;39m Time: 2025-04-07T17:14:02.270584400
[2025-04-07 17:19:02] [34mINFO[0;39m [36mg.service.ubs.OrderLockServiceImpl      [0;39m [35m:62  [0;39m Unlock orders
[2025-04-07 17:20:02] [34mINFO[0;39m [36mg.service.ubs.OrderLockServiceImpl      [0;39m [35m:60  [0;39m Time: 2025-04-07T17:15:02.271454500
[2025-04-07 17:20:02] [34mINFO[0;39m [36mg.service.ubs.OrderLockServiceImpl      [0;39m [35m:62  [0;39m Unlock orders
[2025-04-07 17:21:02] [34mINFO[0;39m [36mg.service.ubs.OrderLockServiceImpl      [0;39m [35m:60  [0;39m Time: 2025-04-07T17:16:02.271613100
[2025-04-07 17:21:02] [34mINFO[0;39m [36mg.service.ubs.OrderLockServiceImpl      [0;39m [35m:62  [0;39m Unlock orders
[2025-04-07 17:22:02] [34mINFO[0;39m [36mg.service.ubs.OrderLockServiceImpl      [0;39m [35m:60  [0;39m Time: 2025-04-07T17:17:02.266511500
[2025-04-07 17:22:02] [34mINFO[0;39m [36mg.service.ubs.OrderLockServiceImpl      [0;39m [35m:62  [0;39m Unlock orders
[2025-04-07 17:23:02] [34mINFO[0;39m [36mg.service.ubs.OrderLockServiceImpl      [0;39m [35m:60  [0;39m Time: 2025-04-07T17:18:02.268573200
[2025-04-07 17:23:02] [34mINFO[0;39m [36mg.service.ubs.OrderLockServiceImpl      [0;39m [35m:62  [0;39m Unlock orders
[2025-04-07 17:24:02] [34mINFO[0;39m [36mg.service.ubs.OrderLockServiceImpl      [0;39m [35m:60  [0;39m Time: 2025-04-07T17:19:02.271624800
[2025-04-07 17:24:02] [34mINFO[0;39m [36mg.service.ubs.OrderLockServiceImpl      [0;39m [35m:62  [0;39m Unlock orders
[2025-04-07 17:25:02] [34mINFO[0;39m [36mg.service.ubs.OrderLockServiceImpl      [0;39m [35m:60  [0;39m Time: 2025-04-07T17:20:02.261747500
[2025-04-07 17:25:02] [34mINFO[0;39m [36mg.service.ubs.OrderLockServiceImpl      [0;39m [35m:62  [0;39m Unlock orders
[2025-04-07 17:26:02] [34mINFO[0;39m [36mg.service.ubs.OrderLockServiceImpl      [0;39m [35m:60  [0;39m Time: 2025-04-07T17:21:02.269549500
[2025-04-07 17:26:02] [34mINFO[0;39m [36mg.service.ubs.OrderLockServiceImpl      [0;39m [35m:62  [0;39m Unlock orders
[2025-04-07 17:27:02] [34mINFO[0;39m [36mg.service.ubs.OrderLockServiceImpl      [0;39m [35m:60  [0;39m Time: 2025-04-07T17:22:02.267528900
[2025-04-07 17:27:02] [34mINFO[0;39m [36mg.service.ubs.OrderLockServiceImpl      [0;39m [35m:62  [0;39m Unlock orders
[2025-04-07 17:28:02] [34mINFO[0;39m [36mg.service.ubs.OrderLockServiceImpl      [0;39m [35m:60  [0;39m Time: 2025-04-07T17:23:02.270903100
[2025-04-07 17:28:02] [34mINFO[0;39m [36mg.service.ubs.OrderLockServiceImpl      [0;39m [35m:62  [0;39m Unlock orders
[2025-04-07 17:29:02] [34mINFO[0;39m [36mg.service.ubs.OrderLockServiceImpl      [0;39m [35m:60  [0;39m Time: 2025-04-07T17:24:02.270476300
[2025-04-07 17:29:02] [34mINFO[0;39m [36mg.service.ubs.OrderLockServiceImpl      [0;39m [35m:62  [0;39m Unlock orders
[2025-04-07 17:30:02] [34mINFO[0;39m [36mg.service.ubs.OrderLockServiceImpl      [0;39m [35m:60  [0;39m Time: 2025-04-07T17:25:02.271672100
[2025-04-07 17:30:02] [34mINFO[0;39m [36mg.service.ubs.OrderLockServiceImpl      [0;39m [35m:62  [0;39m Unlock orders
[2025-04-07 17:31:02] [34mINFO[0;39m [36mg.service.ubs.OrderLockServiceImpl      [0;39m [35m:60  [0;39m Time: 2025-04-07T17:26:02.272644500
[2025-04-07 17:31:02] [34mINFO[0;39m [36mg.service.ubs.OrderLockServiceImpl      [0;39m [35m:62  [0;39m Unlock orders
[2025-04-07 17:32:02] [34mINFO[0;39m [36mg.service.ubs.OrderLockServiceImpl      [0;39m [35m:60  [0;39m Time: 2025-04-07T17:27:02.268522200
[2025-04-07 17:32:02] [34mINFO[0;39m [36mg.service.ubs.OrderLockServiceImpl      [0;39m [35m:62  [0;39m Unlock orders
[2025-04-07 17:33:02] [34mINFO[0;39m [36mg.service.ubs.OrderLockServiceImpl      [0;39m [35m:60  [0;39m Time: 2025-04-07T17:28:02.269543900
[2025-04-07 17:33:02] [34mINFO[0;39m [36mg.service.ubs.OrderLockServiceImpl      [0;39m [35m:62  [0;39m Unlock orders
[2025-04-07 17:34:02] [34mINFO[0;39m [36mg.service.ubs.OrderLockServiceImpl      [0;39m [35m:60  [0;39m Time: 2025-04-07T17:29:02.265695200
[2025-04-07 17:34:02] [34mINFO[0;39m [36mg.service.ubs.OrderLockServiceImpl      [0;39m [35m:62  [0;39m Unlock orders
[2025-04-07 17:35:02] [34mINFO[0;39m [36mg.service.ubs.OrderLockServiceImpl      [0;39m [35m:60  [0;39m Time: 2025-04-07T17:30:02.267621800
[2025-04-07 17:35:02] [34mINFO[0;39m [36mg.service.ubs.OrderLockServiceImpl      [0;39m [35m:62  [0;39m Unlock orders
[2025-04-07 17:36:02] [34mINFO[0;39m [36mg.service.ubs.OrderLockServiceImpl      [0;39m [35m:60  [0;39m Time: 2025-04-07T17:31:02.268320400
[2025-04-07 17:36:02] [34mINFO[0;39m [36mg.service.ubs.OrderLockServiceImpl      [0;39m [35m:62  [0;39m Unlock orders
[2025-04-07 17:37:02] [34mINFO[0;39m [36mg.service.ubs.OrderLockServiceImpl      [0;39m [35m:60  [0;39m Time: 2025-04-07T17:32:02.260586
[2025-04-07 17:37:02] [34mINFO[0;39m [36mg.service.ubs.OrderLockServiceImpl      [0;39m [35m:62  [0;39m Unlock orders
[2025-04-07 17:38:02] [34mINFO[0;39m [36mg.service.ubs.OrderLockServiceImpl      [0;39m [35m:60  [0;39m Time: 2025-04-07T17:33:02.264457200
[2025-04-07 17:38:02] [34mINFO[0;39m [36mg.service.ubs.OrderLockServiceImpl      [0;39m [35m:62  [0;39m Unlock orders
[2025-04-07 17:39:02] [34mINFO[0;39m [36mg.service.ubs.OrderLockServiceImpl      [0;39m [35m:60  [0;39m Time: 2025-04-07T17:34:02.260401900
[2025-04-07 17:39:02] [34mINFO[0;39m [36mg.service.ubs.OrderLockServiceImpl      [0;39m [35m:62  [0;39m Unlock orders
[2025-04-07 17:40:02] [34mINFO[0;39m [36mg.service.ubs.OrderLockServiceImpl      [0;39m [35m:60  [0;39m Time: 2025-04-07T17:35:02.266989100
[2025-04-07 17:40:02] [34mINFO[0;39m [36mg.service.ubs.OrderLockServiceImpl      [0;39m [35m:62  [0;39m Unlock orders
[2025-04-07 17:41:02] [34mINFO[0;39m [36mg.service.ubs.OrderLockServiceImpl      [0;39m [35m:60  [0;39m Time: 2025-04-07T17:36:02.266431300
[2025-04-07 17:41:02] [34mINFO[0;39m [36mg.service.ubs.OrderLockServiceImpl      [0;39m [35m:62  [0;39m Unlock orders
[2025-04-07 17:42:02] [34mINFO[0;39m [36mg.service.ubs.OrderLockServiceImpl      [0;39m [35m:60  [0;39m Time: 2025-04-07T17:37:02.274765200
[2025-04-07 17:42:02] [34mINFO[0;39m [36mg.service.ubs.OrderLockServiceImpl      [0;39m [35m:62  [0;39m Unlock orders
[2025-04-07 17:43:02] [34mINFO[0;39m [36mg.service.ubs.OrderLockServiceImpl      [0;39m [35m:60  [0;39m Time: 2025-04-07T17:38:02.269497100
[2025-04-07 17:43:02] [34mINFO[0;39m [36mg.service.ubs.OrderLockServiceImpl      [0;39m [35m:62  [0;39m Unlock orders
[2025-04-07 17:44:02] [34mINFO[0;39m [36mg.service.ubs.OrderLockServiceImpl      [0;39m [35m:60  [0;39m Time: 2025-04-07T17:39:02.273962900
[2025-04-07 17:44:02] [34mINFO[0;39m [36mg.service.ubs.OrderLockServiceImpl      [0;39m [35m:62  [0;39m Unlock orders
[2025-04-07 17:45:02] [34mINFO[0;39m [36mg.service.ubs.OrderLockServiceImpl      [0;39m [35m:60  [0;39m Time: 2025-04-07T17:40:02.263630500
[2025-04-07 17:45:02] [34mINFO[0;39m [36mg.service.ubs.OrderLockServiceImpl      [0;39m [35m:62  [0;39m Unlock orders
[2025-04-07 17:46:02] [34mINFO[0;39m [36mg.service.ubs.OrderLockServiceImpl      [0;39m [35m:60  [0;39m Time: 2025-04-07T17:41:02.267228300
[2025-04-07 17:46:02] [34mINFO[0;39m [36mg.service.ubs.OrderLockServiceImpl      [0;39m [35m:62  [0;39m Unlock orders
[2025-04-07 17:47:02] [34mINFO[0;39m [36mg.service.ubs.OrderLockServiceImpl      [0;39m [35m:60  [0;39m Time: 2025-04-07T17:42:02.271651200
[2025-04-07 17:47:02] [34mINFO[0;39m [36mg.service.ubs.OrderLockServiceImpl      [0;39m [35m:62  [0;39m Unlock orders
[2025-04-07 17:48:02] [34mINFO[0;39m [36mg.service.ubs.OrderLockServiceImpl      [0;39m [35m:60  [0;39m Time: 2025-04-07T17:43:02.271494
[2025-04-07 17:48:02] [34mINFO[0;39m [36mg.service.ubs.OrderLockServiceImpl      [0;39m [35m:62  [0;39m Unlock orders
[2025-04-07 17:49:02] [34mINFO[0;39m [36mg.service.ubs.OrderLockServiceImpl      [0;39m [35m:60  [0;39m Time: 2025-04-07T17:44:02.270605100
[2025-04-07 17:49:02] [34mINFO[0;39m [36mg.service.ubs.OrderLockServiceImpl      [0;39m [35m:62  [0;39m Unlock orders
[2025-04-07 17:50:02] [34mINFO[0;39m [36mg.service.ubs.OrderLockServiceImpl      [0;39m [35m:60  [0;39m Time: 2025-04-07T17:45:02.264936400
[2025-04-07 17:50:02] [34mINFO[0;39m [36mg.service.ubs.OrderLockServiceImpl      [0;39m [35m:62  [0;39m Unlock orders
[2025-04-07 17:51:02] [34mINFO[0;39m [36mg.service.ubs.OrderLockServiceImpl      [0;39m [35m:60  [0;39m Time: 2025-04-07T17:46:02.267801600
[2025-04-07 17:51:02] [34mINFO[0;39m [36mg.service.ubs.OrderLockServiceImpl      [0;39m [35m:62  [0;39m Unlock orders
[2025-04-07 17:52:02] [34mINFO[0;39m [36mg.service.ubs.OrderLockServiceImpl      [0;39m [35m:60  [0;39m Time: 2025-04-07T17:47:02.269563500
[2025-04-07 17:52:02] [34mINFO[0;39m [36mg.service.ubs.OrderLockServiceImpl      [0;39m [35m:62  [0;39m Unlock orders
[2025-04-07 17:53:02] [34mINFO[0;39m [36mg.service.ubs.OrderLockServiceImpl      [0;39m [35m:60  [0;39m Time: 2025-04-07T17:48:02.273569500
[2025-04-07 17:53:02] [34mINFO[0;39m [36mg.service.ubs.OrderLockServiceImpl      [0;39m [35m:62  [0;39m Unlock orders
[2025-04-07 17:54:02] [34mINFO[0;39m [36mg.service.ubs.OrderLockServiceImpl      [0;39m [35m:60  [0;39m Time: 2025-04-07T17:49:02.271639100
[2025-04-07 17:54:02] [34mINFO[0;39m [36mg.service.ubs.OrderLockServiceImpl      [0;39m [35m:62  [0;39m Unlock orders
[2025-04-07 17:55:02] [34mINFO[0;39m [36mg.service.ubs.OrderLockServiceImpl      [0;39m [35m:60  [0;39m Time: 2025-04-07T17:50:02.273025300
[2025-04-07 17:55:02] [34mINFO[0;39m [36mg.service.ubs.OrderLockServiceImpl      [0;39m [35m:62  [0;39m Unlock orders
[2025-04-07 17:56:02] [34mINFO[0;39m [36mg.service.ubs.OrderLockServiceImpl      [0;39m [35m:60  [0;39m Time: 2025-04-07T17:51:02.272244100
[2025-04-07 17:56:02] [34mINFO[0;39m [36mg.service.ubs.OrderLockServiceImpl      [0;39m [35m:62  [0;39m Unlock orders
[2025-04-07 17:57:02] [34mINFO[0;39m [36mg.service.ubs.OrderLockServiceImpl      [0;39m [35m:60  [0;39m Time: 2025-04-07T17:52:02.262894600
[2025-04-07 17:57:02] [34mINFO[0;39m [36mg.service.ubs.OrderLockServiceImpl      [0;39m [35m:62  [0;39m Unlock orders
[2025-04-07 17:58:02] [34mINFO[0;39m [36mg.service.ubs.OrderLockServiceImpl      [0;39m [35m:60  [0;39m Time: 2025-04-07T17:53:02.272920600
[2025-04-07 17:58:02] [34mINFO[0;39m [36mg.service.ubs.OrderLockServiceImpl      [0;39m [35m:62  [0;39m Unlock orders
[2025-04-07 17:59:02] [34mINFO[0;39m [36mg.service.ubs.OrderLockServiceImpl      [0;39m [35m:60  [0;39m Time: 2025-04-07T17:54:02.266834500
[2025-04-07 17:59:02] [34mINFO[0;39m [36mg.service.ubs.OrderLockServiceImpl      [0;39m [35m:62  [0;39m Unlock orders
[2025-04-07 17:59:57] [34mINFO[0;39m [36mg.s.notification.NotificationServiceImpl[0;39m [35m:731 [0;39m Found 0 inactive users for 2 months 
[2025-04-07 17:59:57] [34mINFO[0;39m [36mg.s.notification.NotificationServiceImpl[0;39m [35m:731 [0;39m Found 0 inactive users for 4 months 
[2025-04-07 17:59:57] [34mINFO[0;39m [36mg.s.notification.NotificationServiceImpl[0;39m [35m:731 [0;39m Found 0 inactive users for 6 months 
[2025-04-07 17:59:57] [34mINFO[0;39m [36mg.s.notification.NotificationServiceImpl[0;39m [35m:731 [0;39m Found 0 inactive users for 8 months 
[2025-04-07 17:59:57] [34mINFO[0;39m [36mg.s.notification.NotificationServiceImpl[0;39m [35m:731 [0;39m Found 0 inactive users for 10 months 
[2025-04-07 17:59:57] [34mINFO[0;39m [36mg.s.notification.NotificationServiceImpl[0;39m [35m:731 [0;39m Found 0 inactive users for 12 months 
[2025-04-07 18:00:02] [34mINFO[0;39m [36mg.service.ubs.OrderLockServiceImpl      [0;39m [35m:60  [0;39m Time: 2025-04-07T17:55:02.263819900
[2025-04-07 18:00:02] [34mINFO[0;39m [36mg.service.ubs.OrderLockServiceImpl      [0;39m [35m:62  [0;39m Unlock orders
[2025-04-07 18:01:02] [34mINFO[0;39m [36mg.service.ubs.OrderLockServiceImpl      [0;39m [35m:60  [0;39m Time: 2025-04-07T17:56:02.272661
[2025-04-07 18:01:02] [34mINFO[0;39m [36mg.service.ubs.OrderLockServiceImpl      [0;39m [35m:62  [0;39m Unlock orders
[2025-04-07 18:02:02] [34mINFO[0;39m [36mg.service.ubs.OrderLockServiceImpl      [0;39m [35m:60  [0;39m Time: 2025-04-07T17:57:02.264610900
[2025-04-07 18:02:02] [34mINFO[0;39m [36mg.service.ubs.OrderLockServiceImpl      [0;39m [35m:62  [0;39m Unlock orders
[2025-04-07 18:03:02] [34mINFO[0;39m [36mg.service.ubs.OrderLockServiceImpl      [0;39m [35m:60  [0;39m Time: 2025-04-07T17:58:02.270082100
[2025-04-07 18:03:02] [34mINFO[0;39m [36mg.service.ubs.OrderLockServiceImpl      [0;39m [35m:62  [0;39m Unlock orders
[2025-04-07 18:04:02] [34mINFO[0;39m [36mg.service.ubs.OrderLockServiceImpl      [0;39m [35m:60  [0;39m Time: 2025-04-07T17:59:02.266449400
[2025-04-07 18:04:02] [34mINFO[0;39m [36mg.service.ubs.OrderLockServiceImpl      [0;39m [35m:62  [0;39m Unlock orders
[2025-04-07 18:05:02] [34mINFO[0;39m [36mg.service.ubs.OrderLockServiceImpl      [0;39m [35m:60  [0;39m Time: 2025-04-07T18:00:02.264279600
[2025-04-07 18:05:02] [34mINFO[0;39m [36mg.service.ubs.OrderLockServiceImpl      [0;39m [35m:62  [0;39m Unlock orders
[2025-04-07 18:06:02] [34mINFO[0;39m [36mg.service.ubs.OrderLockServiceImpl      [0;39m [35m:60  [0;39m Time: 2025-04-07T18:01:02.265795800
[2025-04-07 18:06:02] [34mINFO[0;39m [36mg.service.ubs.OrderLockServiceImpl      [0;39m [35m:62  [0;39m Unlock orders
[2025-04-07 18:07:02] [34mINFO[0;39m [36mg.service.ubs.OrderLockServiceImpl      [0;39m [35m:60  [0;39m Time: 2025-04-07T18:02:02.274221200
[2025-04-07 18:07:02] [34mINFO[0;39m [36mg.service.ubs.OrderLockServiceImpl      [0;39m [35m:62  [0;39m Unlock orders
[2025-04-07 18:08:02] [34mINFO[0;39m [36mg.service.ubs.OrderLockServiceImpl      [0;39m [35m:60  [0;39m Time: 2025-04-07T18:03:02.265335
[2025-04-07 18:08:02] [34mINFO[0;39m [36mg.service.ubs.OrderLockServiceImpl      [0;39m [35m:62  [0;39m Unlock orders
[2025-04-07 18:09:02] [34mINFO[0;39m [36mg.service.ubs.OrderLockServiceImpl      [0;39m [35m:60  [0;39m Time: 2025-04-07T18:04:02.262275700
[2025-04-07 18:09:02] [34mINFO[0;39m [36mg.service.ubs.OrderLockServiceImpl      [0;39m [35m:62  [0;39m Unlock orders
[2025-04-07 18:10:02] [34mINFO[0;39m [36mg.service.ubs.OrderLockServiceImpl      [0;39m [35m:60  [0;39m Time: 2025-04-07T18:05:02.270779100
[2025-04-07 18:10:02] [34mINFO[0;39m [36mg.service.ubs.OrderLockServiceImpl      [0;39m [35m:62  [0;39m Unlock orders
[2025-04-07 18:11:02] [34mINFO[0;39m [36mg.service.ubs.OrderLockServiceImpl      [0;39m [35m:60  [0;39m Time: 2025-04-07T18:06:02.271857500
[2025-04-07 18:11:02] [34mINFO[0;39m [36mg.service.ubs.OrderLockServiceImpl      [0;39m [35m:62  [0;39m Unlock orders
[2025-04-07 18:12:02] [34mINFO[0;39m [36mg.service.ubs.OrderLockServiceImpl      [0;39m [35m:60  [0;39m Time: 2025-04-07T18:07:02.271508800
[2025-04-07 18:12:02] [34mINFO[0;39m [36mg.service.ubs.OrderLockServiceImpl      [0;39m [35m:62  [0;39m Unlock orders
[2025-04-07 18:13:02] [34mINFO[0;39m [36mg.service.ubs.OrderLockServiceImpl      [0;39m [35m:60  [0;39m Time: 2025-04-07T18:08:02.261756600
[2025-04-07 18:13:02] [34mINFO[0;39m [36mg.service.ubs.OrderLockServiceImpl      [0;39m [35m:62  [0;39m Unlock orders
[2025-04-07 18:14:02] [34mINFO[0;39m [36mg.service.ubs.OrderLockServiceImpl      [0;39m [35m:60  [0;39m Time: 2025-04-07T18:09:02.268572300
[2025-04-07 18:14:02] [34mINFO[0;39m [36mg.service.ubs.OrderLockServiceImpl      [0;39m [35m:62  [0;39m Unlock orders
[2025-04-07 18:15:02] [34mINFO[0;39m [36mg.service.ubs.OrderLockServiceImpl      [0;39m [35m:60  [0;39m Time: 2025-04-07T18:10:02.275274400
[2025-04-07 18:15:02] [34mINFO[0;39m [36mg.service.ubs.OrderLockServiceImpl      [0;39m [35m:62  [0;39m Unlock orders
[2025-04-07 18:16:02] [34mINFO[0;39m [36mg.service.ubs.OrderLockServiceImpl      [0;39m [35m:60  [0;39m Time: 2025-04-07T18:11:02.261422700
[2025-04-07 18:16:02] [34mINFO[0;39m [36mg.service.ubs.OrderLockServiceImpl      [0;39m [35m:62  [0;39m Unlock orders
[2025-04-07 18:17:02] [34mINFO[0;39m [36mg.service.ubs.OrderLockServiceImpl      [0;39m [35m:60  [0;39m Time: 2025-04-07T18:12:02.267331
[2025-04-07 18:17:02] [34mINFO[0;39m [36mg.service.ubs.OrderLockServiceImpl      [0;39m [35m:62  [0;39m Unlock orders
[2025-04-07 18:18:02] [34mINFO[0;39m [36mg.service.ubs.OrderLockServiceImpl      [0;39m [35m:60  [0;39m Time: 2025-04-07T18:13:02.271419800
[2025-04-07 18:18:02] [34mINFO[0;39m [36mg.service.ubs.OrderLockServiceImpl      [0;39m [35m:62  [0;39m Unlock orders
[2025-04-07 18:19:02] [34mINFO[0;39m [36mg.service.ubs.OrderLockServiceImpl      [0;39m [35m:60  [0;39m Time: 2025-04-07T18:14:02.265954
[2025-04-07 18:19:02] [34mINFO[0;39m [36mg.service.ubs.OrderLockServiceImpl      [0;39m [35m:62  [0;39m Unlock orders
[2025-04-07 18:20:02] [34mINFO[0;39m [36mg.service.ubs.OrderLockServiceImpl      [0;39m [35m:60  [0;39m Time: 2025-04-07T18:15:02.273376100
[2025-04-07 18:20:02] [34mINFO[0;39m [36mg.service.ubs.OrderLockServiceImpl      [0;39m [35m:62  [0;39m Unlock orders
[2025-04-07 18:21:02] [34mINFO[0;39m [36mg.service.ubs.OrderLockServiceImpl      [0;39m [35m:60  [0;39m Time: 2025-04-07T18:16:02.271954
[2025-04-07 18:21:02] [34mINFO[0;39m [36mg.service.ubs.OrderLockServiceImpl      [0;39m [35m:62  [0;39m Unlock orders
[2025-04-07 18:22:02] [34mINFO[0;39m [36mg.service.ubs.OrderLockServiceImpl      [0;39m [35m:60  [0;39m Time: 2025-04-07T18:17:02.268555800
[2025-04-07 18:22:02] [34mINFO[0;39m [36mg.service.ubs.OrderLockServiceImpl      [0;39m [35m:62  [0;39m Unlock orders
[2025-04-07 18:23:02] [34mINFO[0;39m [36mg.service.ubs.OrderLockServiceImpl      [0;39m [35m:60  [0;39m Time: 2025-04-07T18:18:02.264215500
[2025-04-07 18:23:02] [34mINFO[0;39m [36mg.service.ubs.OrderLockServiceImpl      [0;39m [35m:62  [0;39m Unlock orders
[2025-04-07 18:24:02] [34mINFO[0;39m [36mg.service.ubs.OrderLockServiceImpl      [0;39m [35m:60  [0;39m Time: 2025-04-07T18:19:02.274446100
[2025-04-07 18:24:02] [34mINFO[0;39m [36mg.service.ubs.OrderLockServiceImpl      [0;39m [35m:62  [0;39m Unlock orders
[2025-04-07 18:25:02] [34mINFO[0;39m [36mg.service.ubs.OrderLockServiceImpl      [0;39m [35m:60  [0;39m Time: 2025-04-07T18:20:02.262072
[2025-04-07 18:25:02] [34mINFO[0;39m [36mg.service.ubs.OrderLockServiceImpl      [0;39m [35m:62  [0;39m Unlock orders
[2025-04-07 18:26:02] [34mINFO[0;39m [36mg.service.ubs.OrderLockServiceImpl      [0;39m [35m:60  [0;39m Time: 2025-04-07T18:21:02.265423600
[2025-04-07 18:26:02] [34mINFO[0;39m [36mg.service.ubs.OrderLockServiceImpl      [0;39m [35m:62  [0;39m Unlock orders
[2025-04-07 18:27:02] [34mINFO[0;39m [36mg.service.ubs.OrderLockServiceImpl      [0;39m [35m:60  [0;39m Time: 2025-04-07T18:22:02.261179300
[2025-04-07 18:27:02] [34mINFO[0;39m [36mg.service.ubs.OrderLockServiceImpl      [0;39m [35m:62  [0;39m Unlock orders
[2025-04-07 18:28:02] [34mINFO[0;39m [36mg.service.ubs.OrderLockServiceImpl      [0;39m [35m:60  [0;39m Time: 2025-04-07T18:23:02.271581500
[2025-04-07 18:28:02] [34mINFO[0;39m [36mg.service.ubs.OrderLockServiceImpl      [0;39m [35m:62  [0;39m Unlock orders
[2025-04-07 18:29:02] [34mINFO[0;39m [36mg.service.ubs.OrderLockServiceImpl      [0;39m [35m:60  [0;39m Time: 2025-04-07T18:24:02.273870700
[2025-04-07 18:29:02] [34mINFO[0;39m [36mg.service.ubs.OrderLockServiceImpl      [0;39m [35m:62  [0;39m Unlock orders
[2025-04-07 18:30:02] [34mINFO[0;39m [36mg.service.ubs.OrderLockServiceImpl      [0;39m [35m:60  [0;39m Time: 2025-04-07T18:25:02.260907400
[2025-04-07 18:30:02] [34mINFO[0;39m [36mg.service.ubs.OrderLockServiceImpl      [0;39m [35m:62  [0;39m Unlock orders
[2025-04-07 18:31:02] [34mINFO[0;39m [36mg.service.ubs.OrderLockServiceImpl      [0;39m [35m:60  [0;39m Time: 2025-04-07T18:26:02.268022700
[2025-04-07 18:31:02] [34mINFO[0;39m [36mg.service.ubs.OrderLockServiceImpl      [0;39m [35m:62  [0;39m Unlock orders
[2025-04-07 18:32:02] [34mINFO[0;39m [36mg.service.ubs.OrderLockServiceImpl      [0;39m [35m:60  [0;39m Time: 2025-04-07T18:27:02.272620700
[2025-04-07 18:32:02] [34mINFO[0;39m [36mg.service.ubs.OrderLockServiceImpl      [0;39m [35m:62  [0;39m Unlock orders
[2025-04-07 18:33:02] [34mINFO[0;39m [36mg.service.ubs.OrderLockServiceImpl      [0;39m [35m:60  [0;39m Time: 2025-04-07T18:28:02.264354700
[2025-04-07 18:33:02] [34mINFO[0;39m [36mg.service.ubs.OrderLockServiceImpl      [0;39m [35m:62  [0;39m Unlock orders
[2025-04-07 18:34:02] [34mINFO[0;39m [36mg.service.ubs.OrderLockServiceImpl      [0;39m [35m:60  [0;39m Time: 2025-04-07T18:29:02.264551600
[2025-04-07 18:34:02] [34mINFO[0;39m [36mg.service.ubs.OrderLockServiceImpl      [0;39m [35m:62  [0;39m Unlock orders
[2025-04-07 18:35:02] [34mINFO[0;39m [36mg.service.ubs.OrderLockServiceImpl      [0;39m [35m:60  [0;39m Time: 2025-04-07T18:30:02.260397200
[2025-04-07 18:35:02] [34mINFO[0;39m [36mg.service.ubs.OrderLockServiceImpl      [0;39m [35m:62  [0;39m Unlock orders
[2025-04-07 18:36:02] [34mINFO[0;39m [36mg.service.ubs.OrderLockServiceImpl      [0;39m [35m:60  [0;39m Time: 2025-04-07T18:31:02.267543100
[2025-04-07 18:36:02] [34mINFO[0;39m [36mg.service.ubs.OrderLockServiceImpl      [0;39m [35m:62  [0;39m Unlock orders
[2025-04-07 18:37:02] [34mINFO[0;39m [36mg.service.ubs.OrderLockServiceImpl      [0;39m [35m:60  [0;39m Time: 2025-04-07T18:32:02.265287100
[2025-04-07 18:37:02] [34mINFO[0;39m [36mg.service.ubs.OrderLockServiceImpl      [0;39m [35m:62  [0;39m Unlock orders
[2025-04-07 18:38:02] [34mINFO[0;39m [36mg.service.ubs.OrderLockServiceImpl      [0;39m [35m:60  [0;39m Time: 2025-04-07T18:33:02.268626800
[2025-04-07 18:38:02] [34mINFO[0;39m [36mg.service.ubs.OrderLockServiceImpl      [0;39m [35m:62  [0;39m Unlock orders
[2025-04-07 18:39:02] [34mINFO[0;39m [36mg.service.ubs.OrderLockServiceImpl      [0;39m [35m:60  [0;39m Time: 2025-04-07T18:34:02.274593200
[2025-04-07 18:39:02] [34mINFO[0;39m [36mg.service.ubs.OrderLockServiceImpl      [0;39m [35m:62  [0;39m Unlock orders
[2025-04-07 18:40:02] [34mINFO[0;39m [36mg.service.ubs.OrderLockServiceImpl      [0;39m [35m:60  [0;39m Time: 2025-04-07T18:35:02.265292900
[2025-04-07 18:40:02] [34mINFO[0;39m [36mg.service.ubs.OrderLockServiceImpl      [0;39m [35m:62  [0;39m Unlock orders
[2025-04-07 18:41:02] [34mINFO[0;39m [36mg.service.ubs.OrderLockServiceImpl      [0;39m [35m:60  [0;39m Time: 2025-04-07T18:36:02.268847500
[2025-04-07 18:41:02] [34mINFO[0;39m [36mg.service.ubs.OrderLockServiceImpl      [0;39m [35m:62  [0;39m Unlock orders
[2025-04-07 18:42:02] [34mINFO[0;39m [36mg.service.ubs.OrderLockServiceImpl      [0;39m [35m:60  [0;39m Time: 2025-04-07T18:37:02.260552700
[2025-04-07 18:42:02] [34mINFO[0;39m [36mg.service.ubs.OrderLockServiceImpl      [0;39m [35m:62  [0;39m Unlock orders
[2025-04-07 18:43:02] [34mINFO[0;39m [36mg.service.ubs.OrderLockServiceImpl      [0;39m [35m:60  [0;39m Time: 2025-04-07T18:38:02.275363100
[2025-04-07 18:43:02] [34mINFO[0;39m [36mg.service.ubs.OrderLockServiceImpl      [0;39m [35m:62  [0;39m Unlock orders
[2025-04-07 18:44:02] [34mINFO[0;39m [36mg.service.ubs.OrderLockServiceImpl      [0;39m [35m:60  [0;39m Time: 2025-04-07T18:39:02.280366700
[2025-04-07 18:44:02] [34mINFO[0;39m [36mg.service.ubs.OrderLockServiceImpl      [0;39m [35m:62  [0;39m Unlock orders
[2025-04-07 18:45:02] [34mINFO[0;39m [36mg.service.ubs.OrderLockServiceImpl      [0;39m [35m:60  [0;39m Time: 2025-04-07T18:40:02.267595400
[2025-04-07 18:45:02] [34mINFO[0;39m [36mg.service.ubs.OrderLockServiceImpl      [0;39m [35m:62  [0;39m Unlock orders
[2025-04-07 18:46:02] [34mINFO[0;39m [36mg.service.ubs.OrderLockServiceImpl      [0;39m [35m:60  [0;39m Time: 2025-04-07T18:41:02.267708300
[2025-04-07 18:46:02] [34mINFO[0;39m [36mg.service.ubs.OrderLockServiceImpl      [0;39m [35m:62  [0;39m Unlock orders
[2025-04-07 18:47:02] [34mINFO[0;39m [36mg.service.ubs.OrderLockServiceImpl      [0;39m [35m:60  [0;39m Time: 2025-04-07T18:42:02.271212600
[2025-04-07 18:47:02] [34mINFO[0;39m [36mg.service.ubs.OrderLockServiceImpl      [0;39m [35m:62  [0;39m Unlock orders
[2025-04-07 18:48:02] [34mINFO[0;39m [36mg.service.ubs.OrderLockServiceImpl      [0;39m [35m:60  [0;39m Time: 2025-04-07T18:43:02.267096500
[2025-04-07 18:48:02] [34mINFO[0;39m [36mg.service.ubs.OrderLockServiceImpl      [0;39m [35m:62  [0;39m Unlock orders
[2025-04-07 18:49:02] [34mINFO[0;39m [36mg.service.ubs.OrderLockServiceImpl      [0;39m [35m:60  [0;39m Time: 2025-04-07T18:44:02.272374800
[2025-04-07 18:49:02] [34mINFO[0;39m [36mg.service.ubs.OrderLockServiceImpl      [0;39m [35m:62  [0;39m Unlock orders
[2025-04-07 18:50:02] [34mINFO[0;39m [36mg.service.ubs.OrderLockServiceImpl      [0;39m [35m:60  [0;39m Time: 2025-04-07T18:45:02.270801
[2025-04-07 18:50:02] [34mINFO[0;39m [36mg.service.ubs.OrderLockServiceImpl      [0;39m [35m:62  [0;39m Unlock orders
[2025-04-07 18:51:02] [34mINFO[0;39m [36mg.service.ubs.OrderLockServiceImpl      [0;39m [35m:60  [0;39m Time: 2025-04-07T18:46:02.273236600
[2025-04-07 18:51:02] [34mINFO[0;39m [36mg.service.ubs.OrderLockServiceImpl      [0;39m [35m:62  [0;39m Unlock orders
[2025-04-07 18:52:02] [34mINFO[0;39m [36mg.service.ubs.OrderLockServiceImpl      [0;39m [35m:60  [0;39m Time: 2025-04-07T18:47:02.272477500
[2025-04-07 18:52:02] [34mINFO[0;39m [36mg.service.ubs.OrderLockServiceImpl      [0;39m [35m:62  [0;39m Unlock orders
[2025-04-07 18:53:02] [34mINFO[0;39m [36mg.service.ubs.OrderLockServiceImpl      [0;39m [35m:60  [0;39m Time: 2025-04-07T18:48:02.265299900
[2025-04-07 18:53:02] [34mINFO[0;39m [36mg.service.ubs.OrderLockServiceImpl      [0;39m [35m:62  [0;39m Unlock orders
[2025-04-07 18:54:02] [34mINFO[0;39m [36mg.service.ubs.OrderLockServiceImpl      [0;39m [35m:60  [0;39m Time: 2025-04-07T18:49:02.264176400
[2025-04-07 18:54:02] [34mINFO[0;39m [36mg.service.ubs.OrderLockServiceImpl      [0;39m [35m:62  [0;39m Unlock orders
[2025-04-07 18:55:02] [34mINFO[0;39m [36mg.service.ubs.OrderLockServiceImpl      [0;39m [35m:60  [0;39m Time: 2025-04-07T18:50:02.262154900
[2025-04-07 18:55:02] [34mINFO[0;39m [36mg.service.ubs.OrderLockServiceImpl      [0;39m [35m:62  [0;39m Unlock orders
[2025-04-07 18:56:02] [34mINFO[0;39m [36mg.service.ubs.OrderLockServiceImpl      [0;39m [35m:60  [0;39m Time: 2025-04-07T18:51:02.260296900
[2025-04-07 18:56:02] [34mINFO[0;39m [36mg.service.ubs.OrderLockServiceImpl      [0;39m [35m:62  [0;39m Unlock orders
[2025-04-07 18:57:02] [34mINFO[0;39m [36mg.service.ubs.OrderLockServiceImpl      [0;39m [35m:60  [0;39m Time: 2025-04-07T18:52:02.272447400
[2025-04-07 18:57:02] [34mINFO[0;39m [36mg.service.ubs.OrderLockServiceImpl      [0;39m [35m:62  [0;39m Unlock orders
[2025-04-07 18:58:02] [34mINFO[0;39m [36mg.service.ubs.OrderLockServiceImpl      [0;39m [35m:60  [0;39m Time: 2025-04-07T18:53:02.263196
[2025-04-07 18:58:02] [34mINFO[0;39m [36mg.service.ubs.OrderLockServiceImpl      [0;39m [35m:62  [0;39m Unlock orders
[2025-04-07 18:59:02] [34mINFO[0;39m [36mg.service.ubs.OrderLockServiceImpl      [0;39m [35m:60  [0;39m Time: 2025-04-07T18:54:02.268800700
[2025-04-07 18:59:02] [34mINFO[0;39m [36mg.service.ubs.OrderLockServiceImpl      [0;39m [35m:62  [0;39m Unlock orders
[2025-04-07 19:00:02] [34mINFO[0;39m [36mg.service.ubs.OrderLockServiceImpl      [0;39m [35m:60  [0;39m Time: 2025-04-07T18:55:02.268431700
[2025-04-07 19:00:02] [34mINFO[0;39m [36mg.service.ubs.OrderLockServiceImpl      [0;39m [35m:62  [0;39m Unlock orders
[2025-04-07 19:01:02] [34mINFO[0;39m [36mg.service.ubs.OrderLockServiceImpl      [0;39m [35m:60  [0;39m Time: 2025-04-07T18:56:02.263329900
[2025-04-07 19:01:02] [34mINFO[0;39m [36mg.service.ubs.OrderLockServiceImpl      [0;39m [35m:62  [0;39m Unlock orders
[2025-04-07 19:02:02] [34mINFO[0;39m [36mg.service.ubs.OrderLockServiceImpl      [0;39m [35m:60  [0;39m Time: 2025-04-07T18:57:02.261477200
[2025-04-07 19:02:02] [34mINFO[0;39m [36mg.service.ubs.OrderLockServiceImpl      [0;39m [35m:62  [0;39m Unlock orders
[2025-04-07 19:03:02] [34mINFO[0;39m [36mg.service.ubs.OrderLockServiceImpl      [0;39m [35m:60  [0;39m Time: 2025-04-07T18:58:02.269296300
[2025-04-07 19:03:02] [34mINFO[0;39m [36mg.service.ubs.OrderLockServiceImpl      [0;39m [35m:62  [0;39m Unlock orders
[2025-04-07 19:04:02] [34mINFO[0;39m [36mg.service.ubs.OrderLockServiceImpl      [0;39m [35m:60  [0;39m Time: 2025-04-07T18:59:02.266172600
[2025-04-07 19:04:02] [34mINFO[0;39m [36mg.service.ubs.OrderLockServiceImpl      [0;39m [35m:62  [0;39m Unlock orders
[2025-04-07 19:05:02] [34mINFO[0;39m [36mg.service.ubs.OrderLockServiceImpl      [0;39m [35m:60  [0;39m Time: 2025-04-07T19:00:02.267708900
[2025-04-07 19:05:02] [34mINFO[0;39m [36mg.service.ubs.OrderLockServiceImpl      [0;39m [35m:62  [0;39m Unlock orders
[2025-04-07 19:06:02] [34mINFO[0;39m [36mg.service.ubs.OrderLockServiceImpl      [0;39m [35m:60  [0;39m Time: 2025-04-07T19:01:02.266738900
[2025-04-07 19:06:02] [34mINFO[0;39m [36mg.service.ubs.OrderLockServiceImpl      [0;39m [35m:62  [0;39m Unlock orders
[2025-04-07 19:07:02] [34mINFO[0;39m [36mg.service.ubs.OrderLockServiceImpl      [0;39m [35m:60  [0;39m Time: 2025-04-07T19:02:02.272806100
[2025-04-07 19:07:02] [34mINFO[0;39m [36mg.service.ubs.OrderLockServiceImpl      [0;39m [35m:62  [0;39m Unlock orders
[2025-04-07 19:08:02] [34mINFO[0;39m [36mg.service.ubs.OrderLockServiceImpl      [0;39m [35m:60  [0;39m Time: 2025-04-07T19:03:02.270974
[2025-04-07 19:08:02] [34mINFO[0;39m [36mg.service.ubs.OrderLockServiceImpl      [0;39m [35m:62  [0;39m Unlock orders
[2025-04-07 19:09:02] [34mINFO[0;39m [36mg.service.ubs.OrderLockServiceImpl      [0;39m [35m:60  [0;39m Time: 2025-04-07T19:04:02.264467400
[2025-04-07 19:09:02] [34mINFO[0;39m [36mg.service.ubs.OrderLockServiceImpl      [0;39m [35m:62  [0;39m Unlock orders
[2025-04-07 19:10:02] [34mINFO[0;39m [36mg.service.ubs.OrderLockServiceImpl      [0;39m [35m:60  [0;39m Time: 2025-04-07T19:05:02.272717800
[2025-04-07 19:10:02] [34mINFO[0;39m [36mg.service.ubs.OrderLockServiceImpl      [0;39m [35m:62  [0;39m Unlock orders
[2025-04-07 19:11:02] [34mINFO[0;39m [36mg.service.ubs.OrderLockServiceImpl      [0;39m [35m:60  [0;39m Time: 2025-04-07T19:06:02.266327600
[2025-04-07 19:11:02] [34mINFO[0;39m [36mg.service.ubs.OrderLockServiceImpl      [0;39m [35m:62  [0;39m Unlock orders
[2025-04-07 19:12:02] [34mINFO[0;39m [36mg.service.ubs.OrderLockServiceImpl      [0;39m [35m:60  [0;39m Time: 2025-04-07T19:07:02.264522
[2025-04-07 19:12:02] [34mINFO[0;39m [36mg.service.ubs.OrderLockServiceImpl      [0;39m [35m:62  [0;39m Unlock orders
[2025-04-07 19:13:02] [34mINFO[0;39m [36mg.service.ubs.OrderLockServiceImpl      [0;39m [35m:60  [0;39m Time: 2025-04-07T19:08:02.277311200
[2025-04-07 19:13:02] [34mINFO[0;39m [36mg.service.ubs.OrderLockServiceImpl      [0;39m [35m:62  [0;39m Unlock orders
[2025-04-07 19:14:02] [34mINFO[0;39m [36mg.service.ubs.OrderLockServiceImpl      [0;39m [35m:60  [0;39m Time: 2025-04-07T19:09:02.283296200
[2025-04-07 19:14:02] [34mINFO[0;39m [36mg.service.ubs.OrderLockServiceImpl      [0;39m [35m:62  [0;39m Unlock orders
[2025-04-07 19:15:02] [34mINFO[0;39m [36mg.service.ubs.OrderLockServiceImpl      [0;39m [35m:60  [0;39m Time: 2025-04-07T19:10:02.271897700
[2025-04-07 19:15:02] [34mINFO[0;39m [36mg.service.ubs.OrderLockServiceImpl      [0;39m [35m:62  [0;39m Unlock orders
[2025-04-07 19:16:02] [34mINFO[0;39m [36mg.service.ubs.OrderLockServiceImpl      [0;39m [35m:60  [0;39m Time: 2025-04-07T19:11:02.269676700
[2025-04-07 19:16:02] [34mINFO[0;39m [36mg.service.ubs.OrderLockServiceImpl      [0;39m [35m:62  [0;39m Unlock orders
[2025-04-07 19:17:02] [34mINFO[0;39m [36mg.service.ubs.OrderLockServiceImpl      [0;39m [35m:60  [0;39m Time: 2025-04-07T19:12:02.263274400
[2025-04-07 19:17:02] [34mINFO[0;39m [36mg.service.ubs.OrderLockServiceImpl      [0;39m [35m:62  [0;39m Unlock orders
[2025-04-07 19:18:02] [34mINFO[0;39m [36mg.service.ubs.OrderLockServiceImpl      [0;39m [35m:60  [0;39m Time: 2025-04-07T19:13:02.263740800
[2025-04-07 19:18:02] [34mINFO[0;39m [36mg.service.ubs.OrderLockServiceImpl      [0;39m [35m:62  [0;39m Unlock orders
[2025-04-07 19:19:02] [34mINFO[0;39m [36mg.service.ubs.OrderLockServiceImpl      [0;39m [35m:60  [0;39m Time: 2025-04-07T19:14:02.264425500
[2025-04-07 19:19:02] [34mINFO[0;39m [36mg.service.ubs.OrderLockServiceImpl      [0;39m [35m:62  [0;39m Unlock orders
[2025-04-07 19:20:02] [34mINFO[0;39m [36mg.service.ubs.OrderLockServiceImpl      [0;39m [35m:60  [0;39m Time: 2025-04-07T19:15:02.271940700
[2025-04-07 19:20:02] [34mINFO[0;39m [36mg.service.ubs.OrderLockServiceImpl      [0;39m [35m:62  [0;39m Unlock orders
[2025-04-07 19:21:02] [34mINFO[0;39m [36mg.service.ubs.OrderLockServiceImpl      [0;39m [35m:60  [0;39m Time: 2025-04-07T19:16:02.272065300
[2025-04-07 19:21:02] [34mINFO[0;39m [36mg.service.ubs.OrderLockServiceImpl      [0;39m [35m:62  [0;39m Unlock orders
[2025-04-07 19:22:02] [34mINFO[0;39m [36mg.service.ubs.OrderLockServiceImpl      [0;39m [35m:60  [0;39m Time: 2025-04-07T19:17:02.273192600
[2025-04-07 19:22:02] [34mINFO[0;39m [36mg.service.ubs.OrderLockServiceImpl      [0;39m [35m:62  [0;39m Unlock orders
[2025-04-07 19:23:02] [34mINFO[0;39m [36mg.service.ubs.OrderLockServiceImpl      [0;39m [35m:60  [0;39m Time: 2025-04-07T19:18:02.272704900
[2025-04-07 19:23:02] [34mINFO[0;39m [36mg.service.ubs.OrderLockServiceImpl      [0;39m [35m:62  [0;39m Unlock orders
[2025-04-07 19:24:02] [34mINFO[0;39m [36mg.service.ubs.OrderLockServiceImpl      [0;39m [35m:60  [0;39m Time: 2025-04-07T19:19:02.267653900
[2025-04-07 19:24:02] [34mINFO[0;39m [36mg.service.ubs.OrderLockServiceImpl      [0;39m [35m:62  [0;39m Unlock orders
[2025-04-07 19:25:02] [34mINFO[0;39m [36mg.service.ubs.OrderLockServiceImpl      [0;39m [35m:60  [0;39m Time: 2025-04-07T19:20:02.271160500
[2025-04-07 19:25:02] [34mINFO[0;39m [36mg.service.ubs.OrderLockServiceImpl      [0;39m [35m:62  [0;39m Unlock orders
[2025-04-07 19:26:02] [34mINFO[0;39m [36mg.service.ubs.OrderLockServiceImpl      [0;39m [35m:60  [0;39m Time: 2025-04-07T19:21:02.281312500
[2025-04-07 19:26:02] [34mINFO[0;39m [36mg.service.ubs.OrderLockServiceImpl      [0;39m [35m:62  [0;39m Unlock orders
[2025-04-07 19:27:02] [34mINFO[0;39m [36mg.service.ubs.OrderLockServiceImpl      [0;39m [35m:60  [0;39m Time: 2025-04-07T19:22:02.267910500
[2025-04-07 19:27:02] [34mINFO[0;39m [36mg.service.ubs.OrderLockServiceImpl      [0;39m [35m:62  [0;39m Unlock orders
[2025-04-07 19:28:02] [34mINFO[0;39m [36mg.service.ubs.OrderLockServiceImpl      [0;39m [35m:60  [0;39m Time: 2025-04-07T19:23:02.263465700
[2025-04-07 19:28:02] [34mINFO[0;39m [36mg.service.ubs.OrderLockServiceImpl      [0;39m [35m:62  [0;39m Unlock orders
[2025-04-07 19:29:02] [34mINFO[0;39m [36mg.service.ubs.OrderLockServiceImpl      [0;39m [35m:60  [0;39m Time: 2025-04-07T19:24:02.262906400
[2025-04-07 19:29:02] [34mINFO[0;39m [36mg.service.ubs.OrderLockServiceImpl      [0;39m [35m:62  [0;39m Unlock orders
[2025-04-07 19:30:02] [34mINFO[0;39m [36mg.service.ubs.OrderLockServiceImpl      [0;39m [35m:60  [0;39m Time: 2025-04-07T19:25:02.267491100
[2025-04-07 19:30:02] [34mINFO[0;39m [36mg.service.ubs.OrderLockServiceImpl      [0;39m [35m:62  [0;39m Unlock orders
[2025-04-07 19:31:02] [34mINFO[0;39m [36mg.service.ubs.OrderLockServiceImpl      [0;39m [35m:60  [0;39m Time: 2025-04-07T19:26:02.263275600
[2025-04-07 19:31:02] [34mINFO[0;39m [36mg.service.ubs.OrderLockServiceImpl      [0;39m [35m:62  [0;39m Unlock orders
[2025-04-07 19:32:02] [34mINFO[0;39m [36mg.service.ubs.OrderLockServiceImpl      [0;39m [35m:60  [0;39m Time: 2025-04-07T19:27:02.267706200
[2025-04-07 19:32:02] [34mINFO[0;39m [36mg.service.ubs.OrderLockServiceImpl      [0;39m [35m:62  [0;39m Unlock orders
[2025-04-07 19:33:02] [34mINFO[0;39m [36mg.service.ubs.OrderLockServiceImpl      [0;39m [35m:60  [0;39m Time: 2025-04-07T19:28:02.262625100
[2025-04-07 19:33:02] [34mINFO[0;39m [36mg.service.ubs.OrderLockServiceImpl      [0;39m [35m:62  [0;39m Unlock orders
[2025-04-07 19:34:02] [34mINFO[0;39m [36mg.service.ubs.OrderLockServiceImpl      [0;39m [35m:60  [0;39m Time: 2025-04-07T19:29:02.261630800
[2025-04-07 19:34:02] [34mINFO[0;39m [36mg.service.ubs.OrderLockServiceImpl      [0;39m [35m:62  [0;39m Unlock orders
[2025-04-07 19:35:02] [34mINFO[0;39m [36mg.service.ubs.OrderLockServiceImpl      [0;39m [35m:60  [0;39m Time: 2025-04-07T19:30:02.274188400
[2025-04-07 19:35:02] [34mINFO[0;39m [36mg.service.ubs.OrderLockServiceImpl      [0;39m [35m:62  [0;39m Unlock orders
[2025-04-07 19:36:02] [34mINFO[0;39m [36mg.service.ubs.OrderLockServiceImpl      [0;39m [35m:60  [0;39m Time: 2025-04-07T19:31:02.261632100
[2025-04-07 19:36:02] [34mINFO[0;39m [36mg.service.ubs.OrderLockServiceImpl      [0;39m [35m:62  [0;39m Unlock orders
[2025-04-07 19:37:02] [34mINFO[0;39m [36mg.service.ubs.OrderLockServiceImpl      [0;39m [35m:60  [0;39m Time: 2025-04-07T19:32:02.273475400
[2025-04-07 19:37:02] [34mINFO[0;39m [36mg.service.ubs.OrderLockServiceImpl      [0;39m [35m:62  [0;39m Unlock orders
[2025-04-07 19:38:02] [34mINFO[0;39m [36mg.service.ubs.OrderLockServiceImpl      [0;39m [35m:60  [0;39m Time: 2025-04-07T19:33:02.270779700
[2025-04-07 19:38:02] [34mINFO[0;39m [36mg.service.ubs.OrderLockServiceImpl      [0;39m [35m:62  [0;39m Unlock orders
[2025-04-07 19:39:02] [34mINFO[0;39m [36mg.service.ubs.OrderLockServiceImpl      [0;39m [35m:60  [0;39m Time: 2025-04-07T19:34:02.275669200
[2025-04-07 19:39:02] [34mINFO[0;39m [36mg.service.ubs.OrderLockServiceImpl      [0;39m [35m:62  [0;39m Unlock orders
[2025-04-07 19:40:02] [34mINFO[0;39m [36mg.service.ubs.OrderLockServiceImpl      [0;39m [35m:60  [0;39m Time: 2025-04-07T19:35:02.274406300
[2025-04-07 19:40:02] [34mINFO[0;39m [36mg.service.ubs.OrderLockServiceImpl      [0;39m [35m:62  [0;39m Unlock orders
[2025-04-07 19:41:02] [34mINFO[0;39m [36mg.service.ubs.OrderLockServiceImpl      [0;39m [35m:60  [0;39m Time: 2025-04-07T19:36:02.267861200
[2025-04-07 19:41:02] [34mINFO[0;39m [36mg.service.ubs.OrderLockServiceImpl      [0;39m [35m:62  [0;39m Unlock orders
[2025-04-07 19:42:02] [34mINFO[0;39m [36mg.service.ubs.OrderLockServiceImpl      [0;39m [35m:60  [0;39m Time: 2025-04-07T19:37:02.276654300
[2025-04-07 19:42:02] [34mINFO[0;39m [36mg.service.ubs.OrderLockServiceImpl      [0;39m [35m:62  [0;39m Unlock orders
[2025-04-07 19:43:02] [34mINFO[0;39m [36mg.service.ubs.OrderLockServiceImpl      [0;39m [35m:60  [0;39m Time: 2025-04-07T19:38:02.274709800
[2025-04-07 19:43:02] [34mINFO[0;39m [36mg.service.ubs.OrderLockServiceImpl      [0;39m [35m:62  [0;39m Unlock orders
[2025-04-07 19:44:02] [34mINFO[0;39m [36mg.service.ubs.OrderLockServiceImpl      [0;39m [35m:60  [0;39m Time: 2025-04-07T19:39:02.275764800
[2025-04-07 19:44:02] [34mINFO[0;39m [36mg.service.ubs.OrderLockServiceImpl      [0;39m [35m:62  [0;39m Unlock orders
[2025-04-07 19:45:02] [34mINFO[0;39m [36mg.service.ubs.OrderLockServiceImpl      [0;39m [35m:60  [0;39m Time: 2025-04-07T19:40:02.272628700
[2025-04-07 19:45:02] [34mINFO[0;39m [36mg.service.ubs.OrderLockServiceImpl      [0;39m [35m:62  [0;39m Unlock orders
[2025-04-07 19:46:02] [34mINFO[0;39m [36mg.service.ubs.OrderLockServiceImpl      [0;39m [35m:60  [0;39m Time: 2025-04-07T19:41:02.271356300
[2025-04-07 19:46:02] [34mINFO[0;39m [36mg.service.ubs.OrderLockServiceImpl      [0;39m [35m:62  [0;39m Unlock orders
[2025-04-07 19:47:02] [34mINFO[0;39m [36mg.service.ubs.OrderLockServiceImpl      [0;39m [35m:60  [0;39m Time: 2025-04-07T19:42:02.273372400
[2025-04-07 19:47:02] [34mINFO[0;39m [36mg.service.ubs.OrderLockServiceImpl      [0;39m [35m:62  [0;39m Unlock orders
[2025-04-07 19:48:02] [34mINFO[0;39m [36mg.service.ubs.OrderLockServiceImpl      [0;39m [35m:60  [0;39m Time: 2025-04-07T19:43:02.267142800
[2025-04-07 19:48:02] [34mINFO[0;39m [36mg.service.ubs.OrderLockServiceImpl      [0;39m [35m:62  [0;39m Unlock orders
[2025-04-07 19:49:02] [34mINFO[0;39m [36mg.service.ubs.OrderLockServiceImpl      [0;39m [35m:60  [0;39m Time: 2025-04-07T19:44:02.261235
[2025-04-07 19:49:02] [34mINFO[0;39m [36mg.service.ubs.OrderLockServiceImpl      [0;39m [35m:62  [0;39m Unlock orders
[2025-04-07 19:50:02] [34mINFO[0;39m [36mg.service.ubs.OrderLockServiceImpl      [0;39m [35m:60  [0;39m Time: 2025-04-07T19:45:02.274122
[2025-04-07 19:50:02] [34mINFO[0;39m [36mg.service.ubs.OrderLockServiceImpl      [0;39m [35m:62  [0;39m Unlock orders
[2025-04-07 19:51:02] [34mINFO[0;39m [36mg.service.ubs.OrderLockServiceImpl      [0;39m [35m:60  [0;39m Time: 2025-04-07T19:46:02.270964700
[2025-04-07 19:51:02] [34mINFO[0;39m [36mg.service.ubs.OrderLockServiceImpl      [0;39m [35m:62  [0;39m Unlock orders
[2025-04-07 19:52:02] [34mINFO[0;39m [36mg.service.ubs.OrderLockServiceImpl      [0;39m [35m:60  [0;39m Time: 2025-04-07T19:47:02.273090900
[2025-04-07 19:52:02] [34mINFO[0;39m [36mg.service.ubs.OrderLockServiceImpl      [0;39m [35m:62  [0;39m Unlock orders
[2025-04-07 19:53:02] [34mINFO[0;39m [36mg.service.ubs.OrderLockServiceImpl      [0;39m [35m:60  [0;39m Time: 2025-04-07T19:48:02.267010500
[2025-04-07 19:53:02] [34mINFO[0;39m [36mg.service.ubs.OrderLockServiceImpl      [0;39m [35m:62  [0;39m Unlock orders
[2025-04-07 19:54:02] [34mINFO[0;39m [36mg.service.ubs.OrderLockServiceImpl      [0;39m [35m:60  [0;39m Time: 2025-04-07T19:49:02.272689400
[2025-04-07 19:54:02] [34mINFO[0;39m [36mg.service.ubs.OrderLockServiceImpl      [0;39m [35m:62  [0;39m Unlock orders
[2025-04-07 19:55:02] [34mINFO[0;39m [36mg.service.ubs.OrderLockServiceImpl      [0;39m [35m:60  [0;39m Time: 2025-04-07T19:50:02.263526300
[2025-04-07 19:55:02] [34mINFO[0;39m [36mg.service.ubs.OrderLockServiceImpl      [0;39m [35m:62  [0;39m Unlock orders
[2025-04-07 19:56:02] [34mINFO[0;39m [36mg.service.ubs.OrderLockServiceImpl      [0;39m [35m:60  [0;39m Time: 2025-04-07T19:51:02.261725200
[2025-04-07 19:56:02] [34mINFO[0;39m [36mg.service.ubs.OrderLockServiceImpl      [0;39m [35m:62  [0;39m Unlock orders
[2025-04-07 19:57:02] [34mINFO[0;39m [36mg.service.ubs.OrderLockServiceImpl      [0;39m [35m:60  [0;39m Time: 2025-04-07T19:52:02.273875700
[2025-04-07 19:57:02] [34mINFO[0;39m [36mg.service.ubs.OrderLockServiceImpl      [0;39m [35m:62  [0;39m Unlock orders
[2025-04-07 19:58:02] [34mINFO[0;39m [36mg.service.ubs.OrderLockServiceImpl      [0;39m [35m:60  [0;39m Time: 2025-04-07T19:53:02.264260400
[2025-04-07 19:58:02] [34mINFO[0;39m [36mg.service.ubs.OrderLockServiceImpl      [0;39m [35m:62  [0;39m Unlock orders
[2025-04-07 19:59:02] [34mINFO[0;39m [36mg.service.ubs.OrderLockServiceImpl      [0;39m [35m:60  [0;39m Time: 2025-04-07T19:54:02.270310900
[2025-04-07 19:59:02] [34mINFO[0;39m [36mg.service.ubs.OrderLockServiceImpl      [0;39m [35m:62  [0;39m Unlock orders
[2025-04-07 20:00:02] [34mINFO[0;39m [36mg.service.ubs.OrderLockServiceImpl      [0;39m [35m:60  [0;39m Time: 2025-04-07T19:55:02.261278300
[2025-04-07 20:00:02] [34mINFO[0;39m [36mg.service.ubs.OrderLockServiceImpl      [0;39m [35m:62  [0;39m Unlock orders
[2025-04-07 20:01:02] [34mINFO[0;39m [36mg.service.ubs.OrderLockServiceImpl      [0;39m [35m:60  [0;39m Time: 2025-04-07T19:56:02.269460600
[2025-04-07 20:01:02] [34mINFO[0;39m [36mg.service.ubs.OrderLockServiceImpl      [0;39m [35m:62  [0;39m Unlock orders
[2025-04-07 20:02:02] [34mINFO[0;39m [36mg.service.ubs.OrderLockServiceImpl      [0;39m [35m:60  [0;39m Time: 2025-04-07T19:57:02.262324900
[2025-04-07 20:02:02] [34mINFO[0;39m [36mg.service.ubs.OrderLockServiceImpl      [0;39m [35m:62  [0;39m Unlock orders
[2025-04-07 20:03:02] [34mINFO[0;39m [36mg.service.ubs.OrderLockServiceImpl      [0;39m [35m:60  [0;39m Time: 2025-04-07T19:58:02.270427100
[2025-04-07 20:03:02] [34mINFO[0;39m [36mg.service.ubs.OrderLockServiceImpl      [0;39m [35m:62  [0;39m Unlock orders
[2025-04-07 20:04:02] [34mINFO[0;39m [36mg.service.ubs.OrderLockServiceImpl      [0;39m [35m:60  [0;39m Time: 2025-04-07T19:59:02.267421500
[2025-04-07 20:04:02] [34mINFO[0;39m [36mg.service.ubs.OrderLockServiceImpl      [0;39m [35m:62  [0;39m Unlock orders
[2025-04-07 20:05:02] [34mINFO[0;39m [36mg.service.ubs.OrderLockServiceImpl      [0;39m [35m:60  [0;39m Time: 2025-04-07T20:00:02.272246800
[2025-04-07 20:05:02] [34mINFO[0;39m [36mg.service.ubs.OrderLockServiceImpl      [0;39m [35m:62  [0;39m Unlock orders
[2025-04-07 20:06:02] [34mINFO[0;39m [36mg.service.ubs.OrderLockServiceImpl      [0;39m [35m:60  [0;39m Time: 2025-04-07T20:01:02.262782500
[2025-04-07 20:06:02] [34mINFO[0;39m [36mg.service.ubs.OrderLockServiceImpl      [0;39m [35m:62  [0;39m Unlock orders
[2025-04-07 20:07:02] [34mINFO[0;39m [36mg.service.ubs.OrderLockServiceImpl      [0;39m [35m:60  [0;39m Time: 2025-04-07T20:02:02.269708500
[2025-04-07 20:07:02] [34mINFO[0;39m [36mg.service.ubs.OrderLockServiceImpl      [0;39m [35m:62  [0;39m Unlock orders
[2025-04-07 20:08:02] [34mINFO[0;39m [36mg.service.ubs.OrderLockServiceImpl      [0;39m [35m:60  [0;39m Time: 2025-04-07T20:03:02.264195200
[2025-04-07 20:08:02] [34mINFO[0;39m [36mg.service.ubs.OrderLockServiceImpl      [0;39m [35m:62  [0;39m Unlock orders
[2025-04-07 20:09:02] [34mINFO[0;39m [36mg.service.ubs.OrderLockServiceImpl      [0;39m [35m:60  [0;39m Time: 2025-04-07T20:04:02.272197800
[2025-04-07 20:09:02] [34mINFO[0;39m [36mg.service.ubs.OrderLockServiceImpl      [0;39m [35m:62  [0;39m Unlock orders
[2025-04-07 20:10:02] [34mINFO[0;39m [36mg.service.ubs.OrderLockServiceImpl      [0;39m [35m:60  [0;39m Time: 2025-04-07T20:05:02.265981600
[2025-04-07 20:10:02] [34mINFO[0;39m [36mg.service.ubs.OrderLockServiceImpl      [0;39m [35m:62  [0;39m Unlock orders
[2025-04-07 20:11:02] [34mINFO[0;39m [36mg.service.ubs.OrderLockServiceImpl      [0;39m [35m:60  [0;39m Time: 2025-04-07T20:06:02.272409300
[2025-04-07 20:11:02] [34mINFO[0;39m [36mg.service.ubs.OrderLockServiceImpl      [0;39m [35m:62  [0;39m Unlock orders
[2025-04-07 20:12:02] [34mINFO[0;39m [36mg.service.ubs.OrderLockServiceImpl      [0;39m [35m:60  [0;39m Time: 2025-04-07T20:07:02.273294900
[2025-04-07 20:12:02] [34mINFO[0;39m [36mg.service.ubs.OrderLockServiceImpl      [0;39m [35m:62  [0;39m Unlock orders
[2025-04-07 20:13:02] [34mINFO[0;39m [36mg.service.ubs.OrderLockServiceImpl      [0;39m [35m:60  [0;39m Time: 2025-04-07T20:08:02.267753300
[2025-04-07 20:13:02] [34mINFO[0;39m [36mg.service.ubs.OrderLockServiceImpl      [0;39m [35m:62  [0;39m Unlock orders
[2025-04-07 20:14:02] [34mINFO[0;39m [36mg.service.ubs.OrderLockServiceImpl      [0;39m [35m:60  [0;39m Time: 2025-04-07T20:09:02.274496100
[2025-04-07 20:14:02] [34mINFO[0;39m [36mg.service.ubs.OrderLockServiceImpl      [0;39m [35m:62  [0;39m Unlock orders
[2025-04-07 20:15:02] [34mINFO[0;39m [36mg.service.ubs.OrderLockServiceImpl      [0;39m [35m:60  [0;39m Time: 2025-04-07T20:10:02.271536800
[2025-04-07 20:15:02] [34mINFO[0;39m [36mg.service.ubs.OrderLockServiceImpl      [0;39m [35m:62  [0;39m Unlock orders
[2025-04-07 20:16:02] [34mINFO[0;39m [36mg.service.ubs.OrderLockServiceImpl      [0;39m [35m:60  [0;39m Time: 2025-04-07T20:11:02.275296700
[2025-04-07 20:16:02] [34mINFO[0;39m [36mg.service.ubs.OrderLockServiceImpl      [0;39m [35m:62  [0;39m Unlock orders
[2025-04-07 20:17:02] [34mINFO[0;39m [36mg.service.ubs.OrderLockServiceImpl      [0;39m [35m:60  [0;39m Time: 2025-04-07T20:12:02.264440900
[2025-04-07 20:17:02] [34mINFO[0;39m [36mg.service.ubs.OrderLockServiceImpl      [0;39m [35m:62  [0;39m Unlock orders
[2025-04-07 20:18:02] [34mINFO[0;39m [36mg.service.ubs.OrderLockServiceImpl      [0;39m [35m:60  [0;39m Time: 2025-04-07T20:13:02.272492500
[2025-04-07 20:18:02] [34mINFO[0;39m [36mg.service.ubs.OrderLockServiceImpl      [0;39m [35m:62  [0;39m Unlock orders
[2025-04-07 20:19:02] [34mINFO[0;39m [36mg.service.ubs.OrderLockServiceImpl      [0;39m [35m:60  [0;39m Time: 2025-04-07T20:14:02.265783800
[2025-04-07 20:19:02] [34mINFO[0;39m [36mg.service.ubs.OrderLockServiceImpl      [0;39m [35m:62  [0;39m Unlock orders
[2025-04-07 20:20:02] [34mINFO[0;39m [36mg.service.ubs.OrderLockServiceImpl      [0;39m [35m:60  [0;39m Time: 2025-04-07T20:15:02.274217200
[2025-04-07 20:20:02] [34mINFO[0;39m [36mg.service.ubs.OrderLockServiceImpl      [0;39m [35m:62  [0;39m Unlock orders
[2025-04-07 20:21:02] [34mINFO[0;39m [36mg.service.ubs.OrderLockServiceImpl      [0;39m [35m:60  [0;39m Time: 2025-04-07T20:16:02.274128900
[2025-04-07 20:21:02] [34mINFO[0;39m [36mg.service.ubs.OrderLockServiceImpl      [0;39m [35m:62  [0;39m Unlock orders
[2025-04-07 20:22:02] [34mINFO[0;39m [36mg.service.ubs.OrderLockServiceImpl      [0;39m [35m:60  [0;39m Time: 2025-04-07T20:17:02.262509400
[2025-04-07 20:22:02] [34mINFO[0;39m [36mg.service.ubs.OrderLockServiceImpl      [0;39m [35m:62  [0;39m Unlock orders
[2025-04-07 20:23:02] [34mINFO[0;39m [36mg.service.ubs.OrderLockServiceImpl      [0;39m [35m:60  [0;39m Time: 2025-04-07T20:18:02.265085700
[2025-04-07 20:23:02] [34mINFO[0;39m [36mg.service.ubs.OrderLockServiceImpl      [0;39m [35m:62  [0;39m Unlock orders
[2025-04-07 20:24:02] [34mINFO[0;39m [36mg.service.ubs.OrderLockServiceImpl      [0;39m [35m:60  [0;39m Time: 2025-04-07T20:19:02.272681700
[2025-04-07 20:24:02] [34mINFO[0;39m [36mg.service.ubs.OrderLockServiceImpl      [0;39m [35m:62  [0;39m Unlock orders
[2025-04-07 20:25:02] [34mINFO[0;39m [36mg.service.ubs.OrderLockServiceImpl      [0;39m [35m:60  [0;39m Time: 2025-04-07T20:20:02.273222600
[2025-04-07 20:25:02] [34mINFO[0;39m [36mg.service.ubs.OrderLockServiceImpl      [0;39m [35m:62  [0;39m Unlock orders
[2025-04-07 20:26:02] [34mINFO[0;39m [36mg.service.ubs.OrderLockServiceImpl      [0;39m [35m:60  [0;39m Time: 2025-04-07T20:21:02.262353
[2025-04-07 20:26:02] [34mINFO[0;39m [36mg.service.ubs.OrderLockServiceImpl      [0;39m [35m:62  [0;39m Unlock orders
[2025-04-07 20:27:02] [34mINFO[0;39m [36mg.service.ubs.OrderLockServiceImpl      [0;39m [35m:60  [0;39m Time: 2025-04-07T20:22:02.262929900
[2025-04-07 20:27:02] [34mINFO[0;39m [36mg.service.ubs.OrderLockServiceImpl      [0;39m [35m:62  [0;39m Unlock orders
[2025-04-07 20:28:02] [34mINFO[0;39m [36mg.service.ubs.OrderLockServiceImpl      [0;39m [35m:60  [0;39m Time: 2025-04-07T20:23:02.261154900
[2025-04-07 20:28:02] [34mINFO[0;39m [36mg.service.ubs.OrderLockServiceImpl      [0;39m [35m:62  [0;39m Unlock orders
[2025-04-07 20:29:02] [34mINFO[0;39m [36mg.service.ubs.OrderLockServiceImpl      [0;39m [35m:60  [0;39m Time: 2025-04-07T20:24:02.264251900
[2025-04-07 20:29:02] [34mINFO[0;39m [36mg.service.ubs.OrderLockServiceImpl      [0;39m [35m:62  [0;39m Unlock orders
[2025-04-07 20:30:02] [34mINFO[0;39m [36mg.service.ubs.OrderLockServiceImpl      [0;39m [35m:60  [0;39m Time: 2025-04-07T20:25:02.261102800
[2025-04-07 20:30:02] [34mINFO[0;39m [36mg.service.ubs.OrderLockServiceImpl      [0;39m [35m:62  [0;39m Unlock orders
[2025-04-07 20:31:02] [34mINFO[0;39m [36mg.service.ubs.OrderLockServiceImpl      [0;39m [35m:60  [0;39m Time: 2025-04-07T20:26:02.276932800
[2025-04-07 20:31:02] [34mINFO[0;39m [36mg.service.ubs.OrderLockServiceImpl      [0;39m [35m:62  [0;39m Unlock orders
[2025-04-07 20:32:02] [34mINFO[0;39m [36mg.service.ubs.OrderLockServiceImpl      [0;39m [35m:60  [0;39m Time: 2025-04-07T20:27:02.272961400
[2025-04-07 20:32:02] [34mINFO[0;39m [36mg.service.ubs.OrderLockServiceImpl      [0;39m [35m:62  [0;39m Unlock orders
[2025-04-07 20:33:02] [34mINFO[0;39m [36mg.service.ubs.OrderLockServiceImpl      [0;39m [35m:60  [0;39m Time: 2025-04-07T20:28:02.270541800
[2025-04-07 20:33:02] [34mINFO[0;39m [36mg.service.ubs.OrderLockServiceImpl      [0;39m [35m:62  [0;39m Unlock orders
[2025-04-07 20:34:02] [34mINFO[0;39m [36mg.service.ubs.OrderLockServiceImpl      [0;39m [35m:60  [0;39m Time: 2025-04-07T20:29:02.263221600
[2025-04-07 20:34:02] [34mINFO[0;39m [36mg.service.ubs.OrderLockServiceImpl      [0;39m [35m:62  [0;39m Unlock orders
[2025-04-07 20:35:02] [34mINFO[0;39m [36mg.service.ubs.OrderLockServiceImpl      [0;39m [35m:60  [0;39m Time: 2025-04-07T20:30:02.274226300
[2025-04-07 20:35:02] [34mINFO[0;39m [36mg.service.ubs.OrderLockServiceImpl      [0;39m [35m:62  [0;39m Unlock orders
[2025-04-07 20:36:02] [34mINFO[0;39m [36mg.service.ubs.OrderLockServiceImpl      [0;39m [35m:60  [0;39m Time: 2025-04-07T20:31:02.265904700
[2025-04-07 20:36:02] [34mINFO[0;39m [36mg.service.ubs.OrderLockServiceImpl      [0;39m [35m:62  [0;39m Unlock orders
[2025-04-07 20:37:02] [34mINFO[0;39m [36mg.service.ubs.OrderLockServiceImpl      [0;39m [35m:60  [0;39m Time: 2025-04-07T20:32:02.272243700
[2025-04-07 20:37:02] [34mINFO[0;39m [36mg.service.ubs.OrderLockServiceImpl      [0;39m [35m:62  [0;39m Unlock orders
[2025-04-07 20:38:02] [34mINFO[0;39m [36mg.service.ubs.OrderLockServiceImpl      [0;39m [35m:60  [0;39m Time: 2025-04-07T20:33:02.273817600
[2025-04-07 20:38:02] [34mINFO[0;39m [36mg.service.ubs.OrderLockServiceImpl      [0;39m [35m:62  [0;39m Unlock orders
[2025-04-07 20:39:02] [34mINFO[0;39m [36mg.service.ubs.OrderLockServiceImpl      [0;39m [35m:60  [0;39m Time: 2025-04-07T20:34:02.270358300
[2025-04-07 20:39:02] [34mINFO[0;39m [36mg.service.ubs.OrderLockServiceImpl      [0;39m [35m:62  [0;39m Unlock orders
[2025-04-07 20:40:02] [34mINFO[0;39m [36mg.service.ubs.OrderLockServiceImpl      [0;39m [35m:60  [0;39m Time: 2025-04-07T20:35:02.272086300
[2025-04-07 20:40:02] [34mINFO[0;39m [36mg.service.ubs.OrderLockServiceImpl      [0;39m [35m:62  [0;39m Unlock orders
[2025-04-07 20:40:57] [34mINFO[0;39m [36mg.s.f.AccessTokenAuthenticationFilter   [0;39m [35m:54  [0;39m token: null
[2025-04-07 20:40:58] [34mINFO[0;39m [36mg.s.f.AccessTokenAuthenticationFilter   [0;39m [35m:54  [0;39m token: null
[2025-04-07 20:40:58] [34mINFO[0;39m [36mg.s.f.AccessTokenAuthenticationFilter   [0;39m [35m:54  [0;39m token: null
[2025-04-07 20:40:58] [34mINFO[0;39m [36mg.s.f.AccessTokenAuthenticationFilter   [0;39m [35m:54  [0;39m token: null
[2025-04-07 20:41:02] [34mINFO[0;39m [36mg.service.ubs.OrderLockServiceImpl      [0;39m [35m:60  [0;39m Time: 2025-04-07T20:36:02.260382200
[2025-04-07 20:41:02] [34mINFO[0;39m [36mg.service.ubs.OrderLockServiceImpl      [0;39m [35m:62  [0;39m Unlock orders
[2025-04-07 20:41:13] [34mINFO[0;39m [36mg.s.f.AccessTokenAuthenticationFilter   [0;39m [35m:54  [0;39m token: eyJhbGciOiJIUzI1NiJ9.eyJzdWIiOiJvLmJ1bGhha292YS5jaGlAZ21haWwuY29tIiwicm9sZSI6WyJST0xFX1VTRVIiXSwiZXhwIjoxNzQ0MDU0ODczLCJpYXQiOjE3NDQwNDc2NzN9.q27tdVSauglgYY3J5VZeDvV3PbmipJHw5A3pcywjLIs
[2025-04-07 20:41:14] [34mINFO[0;39m [36mg.s.f.AccessTokenAuthenticationFilter   [0;39m [35m:62  [0;39m user: Optional[UserVO(id=5, email=o.bulhakova.chi@gmail.com, languageVO=greencity.dto.language.LanguageVO@1c60)]
[2025-04-07 20:41:14] [34mINFO[0;39m [36mg.s.f.AccessTokenAuthenticationFilter   [0;39m [35m:54  [0;39m token: eyJhbGciOiJIUzI1NiJ9.eyJzdWIiOiJvLmJ1bGhha292YS5jaGlAZ21haWwuY29tIiwicm9sZSI6WyJST0xFX1VTRVIiXSwiZXhwIjoxNzQ0MDU0ODczLCJpYXQiOjE3NDQwNDc2NzN9.q27tdVSauglgYY3J5VZeDvV3PbmipJHw5A3pcywjLIs
[2025-04-07 20:41:14] [34mINFO[0;39m [36mg.s.f.AccessTokenAuthenticationFilter   [0;39m [35m:62  [0;39m user: Optional[UserVO(id=5, email=o.bulhakova.chi@gmail.com, languageVO=greencity.dto.language.LanguageVO@1c60)]
[2025-04-07 20:41:14] [34mINFO[0;39m [36mg.s.f.AccessTokenAuthenticationFilter   [0;39m [35m:54  [0;39m token: eyJhbGciOiJIUzI1NiJ9.eyJzdWIiOiJvLmJ1bGhha292YS5jaGlAZ21haWwuY29tIiwicm9sZSI6WyJST0xFX1VTRVIiXSwiZXhwIjoxNzQ0MDU0ODczLCJpYXQiOjE3NDQwNDc2NzN9.q27tdVSauglgYY3J5VZeDvV3PbmipJHw5A3pcywjLIs
[2025-04-07 20:41:14] [34mINFO[0;39m [36mg.s.f.AccessTokenAuthenticationFilter   [0;39m [35m:62  [0;39m user: Optional[UserVO(id=5, email=o.bulhakova.chi@gmail.com, languageVO=greencity.dto.language.LanguageVO@1c60)]
[2025-04-07 20:41:14] [34mINFO[0;39m [36mg.s.f.AccessTokenAuthenticationFilter   [0;39m [35m:54  [0;39m token: eyJhbGciOiJIUzI1NiJ9.eyJzdWIiOiJvLmJ1bGhha292YS5jaGlAZ21haWwuY29tIiwicm9sZSI6WyJST0xFX1VTRVIiXSwiZXhwIjoxNzQ0MDU0ODczLCJpYXQiOjE3NDQwNDc2NzN9.q27tdVSauglgYY3J5VZeDvV3PbmipJHw5A3pcywjLIs
[2025-04-07 20:41:14] [34mINFO[0;39m [36mg.s.f.AccessTokenAuthenticationFilter   [0;39m [35m:62  [0;39m user: Optional[UserVO(id=5, email=o.bulhakova.chi@gmail.com, languageVO=greencity.dto.language.LanguageVO@1c60)]
[2025-04-07 20:41:14] [34mINFO[0;39m [36mg.s.f.AccessTokenAuthenticationFilter   [0;39m [35m:54  [0;39m token: eyJhbGciOiJIUzI1NiJ9.eyJzdWIiOiJvLmJ1bGhha292YS5jaGlAZ21haWwuY29tIiwicm9sZSI6WyJST0xFX1VTRVIiXSwiZXhwIjoxNzQ0MDU0ODczLCJpYXQiOjE3NDQwNDc2NzN9.q27tdVSauglgYY3J5VZeDvV3PbmipJHw5A3pcywjLIs
[2025-04-07 20:41:14] [34mINFO[0;39m [36mg.s.f.AccessTokenAuthenticationFilter   [0;39m [35m:62  [0;39m user: Optional[UserVO(id=5, email=o.bulhakova.chi@gmail.com, languageVO=greencity.dto.language.LanguageVO@1c60)]
[2025-04-07 20:42:02] [34mINFO[0;39m [36mg.service.ubs.OrderLockServiceImpl      [0;39m [35m:60  [0;39m Time: 2025-04-07T20:37:02.262970500
[2025-04-07 20:42:02] [34mINFO[0;39m [36mg.service.ubs.OrderLockServiceImpl      [0;39m [35m:62  [0;39m Unlock orders
[2025-04-07 20:43:02] [34mINFO[0;39m [36mg.service.ubs.OrderLockServiceImpl      [0;39m [35m:60  [0;39m Time: 2025-04-07T20:38:02.274555700
[2025-04-07 20:43:02] [34mINFO[0;39m [36mg.service.ubs.OrderLockServiceImpl      [0;39m [35m:62  [0;39m Unlock orders
[2025-04-07 20:44:02] [34mINFO[0;39m [36mg.service.ubs.OrderLockServiceImpl      [0;39m [35m:60  [0;39m Time: 2025-04-07T20:39:02.278536300
[2025-04-07 20:44:02] [34mINFO[0;39m [36mg.service.ubs.OrderLockServiceImpl      [0;39m [35m:62  [0;39m Unlock orders
[2025-04-07 20:45:02] [34mINFO[0;39m [36mg.service.ubs.OrderLockServiceImpl      [0;39m [35m:60  [0;39m Time: 2025-04-07T20:40:02.276146
[2025-04-07 20:45:02] [34mINFO[0;39m [36mg.service.ubs.OrderLockServiceImpl      [0;39m [35m:62  [0;39m Unlock orders
[2025-04-07 20:46:02] [34mINFO[0;39m [36mg.service.ubs.OrderLockServiceImpl      [0;39m [35m:60  [0;39m Time: 2025-04-07T20:41:02.272048200
[2025-04-07 20:46:02] [34mINFO[0;39m [36mg.service.ubs.OrderLockServiceImpl      [0;39m [35m:62  [0;39m Unlock orders
[2025-04-07 20:47:02] [34mINFO[0;39m [36mg.service.ubs.OrderLockServiceImpl      [0;39m [35m:60  [0;39m Time: 2025-04-07T20:42:02.268921900
[2025-04-07 20:47:02] [34mINFO[0;39m [36mg.service.ubs.OrderLockServiceImpl      [0;39m [35m:62  [0;39m Unlock orders
[2025-04-07 20:48:02] [34mINFO[0;39m [36mg.service.ubs.OrderLockServiceImpl      [0;39m [35m:60  [0;39m Time: 2025-04-07T20:43:02.273508
[2025-04-07 20:48:02] [34mINFO[0;39m [36mg.service.ubs.OrderLockServiceImpl      [0;39m [35m:62  [0;39m Unlock orders
[2025-04-07 20:49:02] [34mINFO[0;39m [36mg.service.ubs.OrderLockServiceImpl      [0;39m [35m:60  [0;39m Time: 2025-04-07T20:44:02.271590100
[2025-04-07 20:49:02] [34mINFO[0;39m [36mg.service.ubs.OrderLockServiceImpl      [0;39m [35m:62  [0;39m Unlock orders
[2025-04-07 20:50:02] [34mINFO[0;39m [36mg.service.ubs.OrderLockServiceImpl      [0;39m [35m:60  [0;39m Time: 2025-04-07T20:45:02.266729900
[2025-04-07 20:50:02] [34mINFO[0;39m [36mg.service.ubs.OrderLockServiceImpl      [0;39m [35m:62  [0;39m Unlock orders
[2025-04-07 20:51:02] [34mINFO[0;39m [36mg.service.ubs.OrderLockServiceImpl      [0;39m [35m:60  [0;39m Time: 2025-04-07T20:46:02.270924300
[2025-04-07 20:51:02] [34mINFO[0;39m [36mg.service.ubs.OrderLockServiceImpl      [0;39m [35m:62  [0;39m Unlock orders
[2025-04-07 20:52:02] [34mINFO[0;39m [36mg.service.ubs.OrderLockServiceImpl      [0;39m [35m:60  [0;39m Time: 2025-04-07T20:47:02.267900600
[2025-04-07 20:52:02] [34mINFO[0;39m [36mg.service.ubs.OrderLockServiceImpl      [0;39m [35m:62  [0;39m Unlock orders
[2025-04-07 20:53:02] [34mINFO[0;39m [36mg.service.ubs.OrderLockServiceImpl      [0;39m [35m:60  [0;39m Time: 2025-04-07T20:48:02.273382300
[2025-04-07 20:53:02] [34mINFO[0;39m [36mg.service.ubs.OrderLockServiceImpl      [0;39m [35m:62  [0;39m Unlock orders
[2025-04-07 20:54:02] [34mINFO[0;39m [36mg.service.ubs.OrderLockServiceImpl      [0;39m [35m:60  [0;39m Time: 2025-04-07T20:49:02.275895600
[2025-04-07 20:54:02] [34mINFO[0;39m [36mg.service.ubs.OrderLockServiceImpl      [0;39m [35m:62  [0;39m Unlock orders
[2025-04-07 20:55:02] [34mINFO[0;39m [36mg.service.ubs.OrderLockServiceImpl      [0;39m [35m:60  [0;39m Time: 2025-04-07T20:50:02.270844200
[2025-04-07 20:55:02] [34mINFO[0;39m [36mg.service.ubs.OrderLockServiceImpl      [0;39m [35m:62  [0;39m Unlock orders
[2025-04-07 20:56:02] [34mINFO[0;39m [36mg.service.ubs.OrderLockServiceImpl      [0;39m [35m:60  [0;39m Time: 2025-04-07T20:51:02.270118800
[2025-04-07 20:56:02] [34mINFO[0;39m [36mg.service.ubs.OrderLockServiceImpl      [0;39m [35m:62  [0;39m Unlock orders
[2025-04-07 20:57:02] [34mINFO[0;39m [36mg.service.ubs.OrderLockServiceImpl      [0;39m [35m:60  [0;39m Time: 2025-04-07T20:52:02.270810200
[2025-04-07 20:57:02] [34mINFO[0;39m [36mg.service.ubs.OrderLockServiceImpl      [0;39m [35m:62  [0;39m Unlock orders
[2025-04-07 20:58:02] [34mINFO[0;39m [36mg.service.ubs.OrderLockServiceImpl      [0;39m [35m:60  [0;39m Time: 2025-04-07T20:53:02.269850400
[2025-04-07 20:58:02] [34mINFO[0;39m [36mg.service.ubs.OrderLockServiceImpl      [0;39m [35m:62  [0;39m Unlock orders
[2025-04-07 20:59:02] [34mINFO[0;39m [36mg.service.ubs.OrderLockServiceImpl      [0;39m [35m:60  [0;39m Time: 2025-04-07T20:54:02.261851200
[2025-04-07 20:59:02] [34mINFO[0;39m [36mg.service.ubs.OrderLockServiceImpl      [0;39m [35m:62  [0;39m Unlock orders
[2025-04-07 21:00:02] [34mINFO[0;39m [36mg.service.ubs.OrderLockServiceImpl      [0;39m [35m:60  [0;39m Time: 2025-04-07T20:55:02.263848900
[2025-04-07 21:00:02] [34mINFO[0;39m [36mg.service.ubs.OrderLockServiceImpl      [0;39m [35m:62  [0;39m Unlock orders
[2025-04-07 21:01:02] [34mINFO[0;39m [36mg.service.ubs.OrderLockServiceImpl      [0;39m [35m:60  [0;39m Time: 2025-04-07T20:56:02.266638700
[2025-04-07 21:01:02] [34mINFO[0;39m [36mg.service.ubs.OrderLockServiceImpl      [0;39m [35m:62  [0;39m Unlock orders
[2025-04-07 21:02:02] [34mINFO[0;39m [36mg.service.ubs.OrderLockServiceImpl      [0;39m [35m:60  [0;39m Time: 2025-04-07T20:57:02.269925800
[2025-04-07 21:02:02] [34mINFO[0;39m [36mg.service.ubs.OrderLockServiceImpl      [0;39m [35m:62  [0;39m Unlock orders
[2025-04-07 21:03:02] [34mINFO[0;39m [36mg.service.ubs.OrderLockServiceImpl      [0;39m [35m:60  [0;39m Time: 2025-04-07T20:58:02.264814400
[2025-04-07 21:03:02] [34mINFO[0;39m [36mg.service.ubs.OrderLockServiceImpl      [0;39m [35m:62  [0;39m Unlock orders
[2025-04-07 21:04:02] [34mINFO[0;39m [36mg.service.ubs.OrderLockServiceImpl      [0;39m [35m:60  [0;39m Time: 2025-04-07T20:59:02.264438400
[2025-04-07 21:04:02] [34mINFO[0;39m [36mg.service.ubs.OrderLockServiceImpl      [0;39m [35m:62  [0;39m Unlock orders
[2025-04-07 21:05:02] [34mINFO[0;39m [36mg.service.ubs.OrderLockServiceImpl      [0;39m [35m:60  [0;39m Time: 2025-04-07T21:00:02.271570200
[2025-04-07 21:05:02] [34mINFO[0;39m [36mg.service.ubs.OrderLockServiceImpl      [0;39m [35m:62  [0;39m Unlock orders
[2025-04-07 21:06:02] [34mINFO[0;39m [36mg.service.ubs.OrderLockServiceImpl      [0;39m [35m:60  [0;39m Time: 2025-04-07T21:01:02.271171400
[2025-04-07 21:06:02] [34mINFO[0;39m [36mg.service.ubs.OrderLockServiceImpl      [0;39m [35m:62  [0;39m Unlock orders
[2025-04-07 21:07:02] [34mINFO[0;39m [36mg.service.ubs.OrderLockServiceImpl      [0;39m [35m:60  [0;39m Time: 2025-04-07T21:02:02.270472600
[2025-04-07 21:07:02] [34mINFO[0;39m [36mg.service.ubs.OrderLockServiceImpl      [0;39m [35m:62  [0;39m Unlock orders
[2025-04-07 21:08:02] [34mINFO[0;39m [36mg.service.ubs.OrderLockServiceImpl      [0;39m [35m:60  [0;39m Time: 2025-04-07T21:03:02.261919800
[2025-04-07 21:08:02] [34mINFO[0;39m [36mg.service.ubs.OrderLockServiceImpl      [0;39m [35m:62  [0;39m Unlock orders
[2025-04-07 21:09:02] [34mINFO[0;39m [36mg.service.ubs.OrderLockServiceImpl      [0;39m [35m:60  [0;39m Time: 2025-04-07T21:04:02.271117200
[2025-04-07 21:09:02] [34mINFO[0;39m [36mg.service.ubs.OrderLockServiceImpl      [0;39m [35m:62  [0;39m Unlock orders
[2025-04-07 21:10:02] [34mINFO[0;39m [36mg.service.ubs.OrderLockServiceImpl      [0;39m [35m:60  [0;39m Time: 2025-04-07T21:05:02.261491700
[2025-04-07 21:10:02] [34mINFO[0;39m [36mg.service.ubs.OrderLockServiceImpl      [0;39m [35m:62  [0;39m Unlock orders
[2025-04-07 21:11:02] [34mINFO[0;39m [36mg.service.ubs.OrderLockServiceImpl      [0;39m [35m:60  [0;39m Time: 2025-04-07T21:06:02.270260100
[2025-04-07 21:11:02] [34mINFO[0;39m [36mg.service.ubs.OrderLockServiceImpl      [0;39m [35m:62  [0;39m Unlock orders
[2025-04-07 21:12:02] [34mINFO[0;39m [36mg.service.ubs.OrderLockServiceImpl      [0;39m [35m:60  [0;39m Time: 2025-04-07T21:07:02.267020500
[2025-04-07 21:12:02] [34mINFO[0;39m [36mg.service.ubs.OrderLockServiceImpl      [0;39m [35m:62  [0;39m Unlock orders
[2025-04-07 21:13:02] [34mINFO[0;39m [36mg.service.ubs.OrderLockServiceImpl      [0;39m [35m:60  [0;39m Time: 2025-04-07T21:08:02.261078400
[2025-04-07 21:13:02] [34mINFO[0;39m [36mg.service.ubs.OrderLockServiceImpl      [0;39m [35m:62  [0;39m Unlock orders
[2025-04-07 21:14:02] [34mINFO[0;39m [36mg.service.ubs.OrderLockServiceImpl      [0;39m [35m:60  [0;39m Time: 2025-04-07T21:09:02.274588600
[2025-04-07 21:14:02] [34mINFO[0;39m [36mg.service.ubs.OrderLockServiceImpl      [0;39m [35m:62  [0;39m Unlock orders
[2025-04-07 21:15:02] [34mINFO[0;39m [36mg.service.ubs.OrderLockServiceImpl      [0;39m [35m:60  [0;39m Time: 2025-04-07T21:10:02.270705
[2025-04-07 21:15:02] [34mINFO[0;39m [36mg.service.ubs.OrderLockServiceImpl      [0;39m [35m:62  [0;39m Unlock orders
[2025-04-07 21:16:02] [34mINFO[0;39m [36mg.service.ubs.OrderLockServiceImpl      [0;39m [35m:60  [0;39m Time: 2025-04-07T21:11:02.267854900
[2025-04-07 21:16:02] [34mINFO[0;39m [36mg.service.ubs.OrderLockServiceImpl      [0;39m [35m:62  [0;39m Unlock orders
[2025-04-07 21:17:02] [34mINFO[0;39m [36mg.service.ubs.OrderLockServiceImpl      [0;39m [35m:60  [0;39m Time: 2025-04-07T21:12:02.261405600
[2025-04-07 21:17:02] [34mINFO[0;39m [36mg.service.ubs.OrderLockServiceImpl      [0;39m [35m:62  [0;39m Unlock orders
[2025-04-07 21:18:02] [34mINFO[0;39m [36mg.service.ubs.OrderLockServiceImpl      [0;39m [35m:60  [0;39m Time: 2025-04-07T21:13:02.266367500
[2025-04-07 21:18:02] [34mINFO[0;39m [36mg.service.ubs.OrderLockServiceImpl      [0;39m [35m:62  [0;39m Unlock orders
[2025-04-07 21:19:02] [34mINFO[0;39m [36mg.service.ubs.OrderLockServiceImpl      [0;39m [35m:60  [0;39m Time: 2025-04-07T21:14:02.275976700
[2025-04-07 21:19:02] [34mINFO[0;39m [36mg.service.ubs.OrderLockServiceImpl      [0;39m [35m:62  [0;39m Unlock orders
[2025-04-07 21:20:02] [34mINFO[0;39m [36mg.service.ubs.OrderLockServiceImpl      [0;39m [35m:60  [0;39m Time: 2025-04-07T21:15:02.273848100
[2025-04-07 21:20:02] [34mINFO[0;39m [36mg.service.ubs.OrderLockServiceImpl      [0;39m [35m:62  [0;39m Unlock orders
[2025-04-07 21:21:02] [34mINFO[0;39m [36mg.service.ubs.OrderLockServiceImpl      [0;39m [35m:60  [0;39m Time: 2025-04-07T21:16:02.267082500
[2025-04-07 21:21:02] [34mINFO[0;39m [36mg.service.ubs.OrderLockServiceImpl      [0;39m [35m:62  [0;39m Unlock orders
[2025-04-07 21:22:02] [34mINFO[0;39m [36mg.service.ubs.OrderLockServiceImpl      [0;39m [35m:60  [0;39m Time: 2025-04-07T21:17:02.261714200
[2025-04-07 21:22:02] [34mINFO[0;39m [36mg.service.ubs.OrderLockServiceImpl      [0;39m [35m:62  [0;39m Unlock orders
[2025-04-07 21:23:02] [34mINFO[0;39m [36mg.service.ubs.OrderLockServiceImpl      [0;39m [35m:60  [0;39m Time: 2025-04-07T21:18:02.262252
[2025-04-07 21:23:02] [34mINFO[0;39m [36mg.service.ubs.OrderLockServiceImpl      [0;39m [35m:62  [0;39m Unlock orders
[2025-04-07 21:24:02] [34mINFO[0;39m [36mg.service.ubs.OrderLockServiceImpl      [0;39m [35m:60  [0;39m Time: 2025-04-07T21:19:02.272895400
[2025-04-07 21:24:02] [34mINFO[0;39m [36mg.service.ubs.OrderLockServiceImpl      [0;39m [35m:62  [0;39m Unlock orders
[2025-04-07 21:25:02] [34mINFO[0;39m [36mg.service.ubs.OrderLockServiceImpl      [0;39m [35m:60  [0;39m Time: 2025-04-07T21:20:02.262127
[2025-04-07 21:25:02] [34mINFO[0;39m [36mg.service.ubs.OrderLockServiceImpl      [0;39m [35m:62  [0;39m Unlock orders
[2025-04-07 21:26:02] [34mINFO[0;39m [36mg.service.ubs.OrderLockServiceImpl      [0;39m [35m:60  [0;39m Time: 2025-04-07T21:21:02.261495500
[2025-04-07 21:26:02] [34mINFO[0;39m [36mg.service.ubs.OrderLockServiceImpl      [0;39m [35m:62  [0;39m Unlock orders
[2025-04-07 21:27:02] [34mINFO[0;39m [36mg.service.ubs.OrderLockServiceImpl      [0;39m [35m:60  [0;39m Time: 2025-04-07T21:22:02.261369300
[2025-04-07 21:27:02] [34mINFO[0;39m [36mg.service.ubs.OrderLockServiceImpl      [0;39m [35m:62  [0;39m Unlock orders
[2025-04-07 21:28:02] [34mINFO[0;39m [36mg.service.ubs.OrderLockServiceImpl      [0;39m [35m:60  [0;39m Time: 2025-04-07T21:23:02.260729100
[2025-04-07 21:28:02] [34mINFO[0;39m [36mg.service.ubs.OrderLockServiceImpl      [0;39m [35m:62  [0;39m Unlock orders
[2025-04-07 21:29:02] [34mINFO[0;39m [36mg.service.ubs.OrderLockServiceImpl      [0;39m [35m:60  [0;39m Time: 2025-04-07T21:24:02.277527200
[2025-04-07 21:29:02] [34mINFO[0;39m [36mg.service.ubs.OrderLockServiceImpl      [0;39m [35m:62  [0;39m Unlock orders
[2025-04-07 21:30:02] [34mINFO[0;39m [36mg.service.ubs.OrderLockServiceImpl      [0;39m [35m:60  [0;39m Time: 2025-04-07T21:25:02.268690900
[2025-04-07 21:30:02] [34mINFO[0;39m [36mg.service.ubs.OrderLockServiceImpl      [0;39m [35m:62  [0;39m Unlock orders
[2025-04-07 21:31:02] [34mINFO[0;39m [36mg.service.ubs.OrderLockServiceImpl      [0;39m [35m:60  [0;39m Time: 2025-04-07T21:26:02.264810800
[2025-04-07 21:31:02] [34mINFO[0;39m [36mg.service.ubs.OrderLockServiceImpl      [0;39m [35m:62  [0;39m Unlock orders
[2025-04-07 21:32:02] [34mINFO[0;39m [36mg.service.ubs.OrderLockServiceImpl      [0;39m [35m:60  [0;39m Time: 2025-04-07T21:27:02.263670
[2025-04-07 21:32:02] [34mINFO[0;39m [36mg.service.ubs.OrderLockServiceImpl      [0;39m [35m:62  [0;39m Unlock orders
[2025-04-07 21:33:02] [34mINFO[0;39m [36mg.service.ubs.OrderLockServiceImpl      [0;39m [35m:60  [0;39m Time: 2025-04-07T21:28:02.272720500
[2025-04-07 21:33:02] [34mINFO[0;39m [36mg.service.ubs.OrderLockServiceImpl      [0;39m [35m:62  [0;39m Unlock orders
[2025-04-07 21:34:02] [34mINFO[0;39m [36mg.service.ubs.OrderLockServiceImpl      [0;39m [35m:60  [0;39m Time: 2025-04-07T21:29:02.280704800
[2025-04-07 21:34:02] [34mINFO[0;39m [36mg.service.ubs.OrderLockServiceImpl      [0;39m [35m:62  [0;39m Unlock orders
[2025-04-07 21:35:02] [34mINFO[0;39m [36mg.service.ubs.OrderLockServiceImpl      [0;39m [35m:60  [0;39m Time: 2025-04-07T21:30:02.264015
[2025-04-07 21:35:02] [34mINFO[0;39m [36mg.service.ubs.OrderLockServiceImpl      [0;39m [35m:62  [0;39m Unlock orders
[2025-04-07 21:36:02] [34mINFO[0;39m [36mg.service.ubs.OrderLockServiceImpl      [0;39m [35m:60  [0;39m Time: 2025-04-07T21:31:02.275810100
[2025-04-07 21:36:02] [34mINFO[0;39m [36mg.service.ubs.OrderLockServiceImpl      [0;39m [35m:62  [0;39m Unlock orders
[2025-04-07 21:37:02] [34mINFO[0;39m [36mg.service.ubs.OrderLockServiceImpl      [0;39m [35m:60  [0;39m Time: 2025-04-07T21:32:02.267572300
[2025-04-07 21:37:02] [34mINFO[0;39m [36mg.service.ubs.OrderLockServiceImpl      [0;39m [35m:62  [0;39m Unlock orders
[2025-04-07 21:38:02] [34mINFO[0;39m [36mg.service.ubs.OrderLockServiceImpl      [0;39m [35m:60  [0;39m Time: 2025-04-07T21:33:02.272747800
[2025-04-07 21:38:02] [34mINFO[0;39m [36mg.service.ubs.OrderLockServiceImpl      [0;39m [35m:62  [0;39m Unlock orders
[2025-04-07 21:39:02] [34mINFO[0;39m [36mg.service.ubs.OrderLockServiceImpl      [0;39m [35m:60  [0;39m Time: 2025-04-07T21:34:02.269755100
[2025-04-07 21:39:02] [34mINFO[0;39m [36mg.service.ubs.OrderLockServiceImpl      [0;39m [35m:62  [0;39m Unlock orders
[2025-04-07 21:40:02] [34mINFO[0;39m [36mg.service.ubs.OrderLockServiceImpl      [0;39m [35m:60  [0;39m Time: 2025-04-07T21:35:02.267576300
[2025-04-07 21:40:02] [34mINFO[0;39m [36mg.service.ubs.OrderLockServiceImpl      [0;39m [35m:62  [0;39m Unlock orders
[2025-04-07 21:41:02] [34mINFO[0;39m [36mg.service.ubs.OrderLockServiceImpl      [0;39m [35m:60  [0;39m Time: 2025-04-07T21:36:02.271654500
[2025-04-07 21:41:02] [34mINFO[0;39m [36mg.service.ubs.OrderLockServiceImpl      [0;39m [35m:62  [0;39m Unlock orders
[2025-04-07 21:42:02] [34mINFO[0;39m [36mg.service.ubs.OrderLockServiceImpl      [0;39m [35m:60  [0;39m Time: 2025-04-07T21:37:02.263876700
[2025-04-07 21:42:02] [34mINFO[0;39m [36mg.service.ubs.OrderLockServiceImpl      [0;39m [35m:62  [0;39m Unlock orders
[2025-04-07 21:43:02] [34mINFO[0;39m [36mg.service.ubs.OrderLockServiceImpl      [0;39m [35m:60  [0;39m Time: 2025-04-07T21:38:02.269924500
[2025-04-07 21:43:02] [34mINFO[0;39m [36mg.service.ubs.OrderLockServiceImpl      [0;39m [35m:62  [0;39m Unlock orders
[2025-04-07 21:44:02] [34mINFO[0;39m [36mg.service.ubs.OrderLockServiceImpl      [0;39m [35m:60  [0;39m Time: 2025-04-07T21:39:02.264852300
[2025-04-07 21:44:02] [34mINFO[0;39m [36mg.service.ubs.OrderLockServiceImpl      [0;39m [35m:62  [0;39m Unlock orders
[2025-04-07 21:45:02] [34mINFO[0;39m [36mg.service.ubs.OrderLockServiceImpl      [0;39m [35m:60  [0;39m Time: 2025-04-07T21:40:02.265356
[2025-04-07 21:45:02] [34mINFO[0;39m [36mg.service.ubs.OrderLockServiceImpl      [0;39m [35m:62  [0;39m Unlock orders
[2025-04-07 21:46:02] [34mINFO[0;39m [36mg.service.ubs.OrderLockServiceImpl      [0;39m [35m:60  [0;39m Time: 2025-04-07T21:41:02.269371
[2025-04-07 21:46:02] [34mINFO[0;39m [36mg.service.ubs.OrderLockServiceImpl      [0;39m [35m:62  [0;39m Unlock orders
[2025-04-07 21:47:02] [34mINFO[0;39m [36mg.service.ubs.OrderLockServiceImpl      [0;39m [35m:60  [0;39m Time: 2025-04-07T21:42:02.273133500
[2025-04-07 21:47:02] [34mINFO[0;39m [36mg.service.ubs.OrderLockServiceImpl      [0;39m [35m:62  [0;39m Unlock orders
[2025-04-07 21:48:02] [34mINFO[0;39m [36mg.service.ubs.OrderLockServiceImpl      [0;39m [35m:60  [0;39m Time: 2025-04-07T21:43:02.268611
[2025-04-07 21:48:02] [34mINFO[0;39m [36mg.service.ubs.OrderLockServiceImpl      [0;39m [35m:62  [0;39m Unlock orders
[2025-04-07 21:49:02] [34mINFO[0;39m [36mg.service.ubs.OrderLockServiceImpl      [0;39m [35m:60  [0;39m Time: 2025-04-07T21:44:02.269905700
[2025-04-07 21:49:02] [34mINFO[0;39m [36mg.service.ubs.OrderLockServiceImpl      [0;39m [35m:62  [0;39m Unlock orders
[2025-04-07 21:50:02] [34mINFO[0;39m [36mg.service.ubs.OrderLockServiceImpl      [0;39m [35m:60  [0;39m Time: 2025-04-07T21:45:02.272782100
[2025-04-07 21:50:02] [34mINFO[0;39m [36mg.service.ubs.OrderLockServiceImpl      [0;39m [35m:62  [0;39m Unlock orders
[2025-04-07 21:51:02] [34mINFO[0;39m [36mg.service.ubs.OrderLockServiceImpl      [0;39m [35m:60  [0;39m Time: 2025-04-07T21:46:02.268929200
[2025-04-07 21:51:02] [34mINFO[0;39m [36mg.service.ubs.OrderLockServiceImpl      [0;39m [35m:62  [0;39m Unlock orders
[2025-04-07 21:52:02] [34mINFO[0;39m [36mg.service.ubs.OrderLockServiceImpl      [0;39m [35m:60  [0;39m Time: 2025-04-07T21:47:02.275445300
[2025-04-07 21:52:02] [34mINFO[0;39m [36mg.service.ubs.OrderLockServiceImpl      [0;39m [35m:62  [0;39m Unlock orders
[2025-04-07 21:53:02] [34mINFO[0;39m [36mg.service.ubs.OrderLockServiceImpl      [0;39m [35m:60  [0;39m Time: 2025-04-07T21:48:02.276022
[2025-04-07 21:53:02] [34mINFO[0;39m [36mg.service.ubs.OrderLockServiceImpl      [0;39m [35m:62  [0;39m Unlock orders
[2025-04-07 21:54:02] [34mINFO[0;39m [36mg.service.ubs.OrderLockServiceImpl      [0;39m [35m:60  [0;39m Time: 2025-04-07T21:49:02.269961900
[2025-04-07 21:54:02] [34mINFO[0;39m [36mg.service.ubs.OrderLockServiceImpl      [0;39m [35m:62  [0;39m Unlock orders
[2025-04-07 21:55:02] [34mINFO[0;39m [36mg.service.ubs.OrderLockServiceImpl      [0;39m [35m:60  [0;39m Time: 2025-04-07T21:50:02.264108800
[2025-04-07 21:55:02] [34mINFO[0;39m [36mg.service.ubs.OrderLockServiceImpl      [0;39m [35m:62  [0;39m Unlock orders
[2025-04-07 21:56:02] [34mINFO[0;39m [36mg.service.ubs.OrderLockServiceImpl      [0;39m [35m:60  [0;39m Time: 2025-04-07T21:51:02.263068700
[2025-04-07 21:56:02] [34mINFO[0;39m [36mg.service.ubs.OrderLockServiceImpl      [0;39m [35m:62  [0;39m Unlock orders
[2025-04-07 21:57:02] [34mINFO[0;39m [36mg.service.ubs.OrderLockServiceImpl      [0;39m [35m:60  [0;39m Time: 2025-04-07T21:52:02.274043800
[2025-04-07 21:57:02] [34mINFO[0;39m [36mg.service.ubs.OrderLockServiceImpl      [0;39m [35m:62  [0;39m Unlock orders
[2025-04-07 21:58:02] [34mINFO[0;39m [36mg.service.ubs.OrderLockServiceImpl      [0;39m [35m:60  [0;39m Time: 2025-04-07T21:53:02.266261400
[2025-04-07 21:58:02] [34mINFO[0;39m [36mg.service.ubs.OrderLockServiceImpl      [0;39m [35m:62  [0;39m Unlock orders
[2025-04-07 21:59:02] [34mINFO[0;39m [36mg.service.ubs.OrderLockServiceImpl      [0;39m [35m:60  [0;39m Time: 2025-04-07T21:54:02.262307500
[2025-04-07 21:59:02] [34mINFO[0;39m [36mg.service.ubs.OrderLockServiceImpl      [0;39m [35m:62  [0;39m Unlock orders
[2025-04-07 22:00:02] [34mINFO[0;39m [36mg.service.ubs.OrderLockServiceImpl      [0;39m [35m:60  [0;39m Time: 2025-04-07T21:55:02.263784300
[2025-04-07 22:00:02] [34mINFO[0;39m [36mg.service.ubs.OrderLockServiceImpl      [0;39m [35m:62  [0;39m Unlock orders
[2025-04-07 22:01:02] [34mINFO[0;39m [36mg.service.ubs.OrderLockServiceImpl      [0;39m [35m:60  [0;39m Time: 2025-04-07T21:56:02.271304
[2025-04-07 22:01:02] [34mINFO[0;39m [36mg.service.ubs.OrderLockServiceImpl      [0;39m [35m:62  [0;39m Unlock orders
[2025-04-07 22:02:02] [34mINFO[0;39m [36mg.service.ubs.OrderLockServiceImpl      [0;39m [35m:60  [0;39m Time: 2025-04-07T21:57:02.266882100
[2025-04-07 22:02:02] [34mINFO[0;39m [36mg.service.ubs.OrderLockServiceImpl      [0;39m [35m:62  [0;39m Unlock orders
[2025-04-07 22:03:02] [34mINFO[0;39m [36mg.service.ubs.OrderLockServiceImpl      [0;39m [35m:60  [0;39m Time: 2025-04-07T21:58:02.270220100
[2025-04-07 22:03:02] [34mINFO[0;39m [36mg.service.ubs.OrderLockServiceImpl      [0;39m [35m:62  [0;39m Unlock orders
[2025-04-07 22:04:02] [34mINFO[0;39m [36mg.service.ubs.OrderLockServiceImpl      [0;39m [35m:60  [0;39m Time: 2025-04-07T21:59:02.260715400
[2025-04-07 22:04:02] [34mINFO[0;39m [36mg.service.ubs.OrderLockServiceImpl      [0;39m [35m:62  [0;39m Unlock orders
[2025-04-07 22:05:02] [34mINFO[0;39m [36mg.service.ubs.OrderLockServiceImpl      [0;39m [35m:60  [0;39m Time: 2025-04-07T22:00:02.270778900
[2025-04-07 22:05:02] [34mINFO[0;39m [36mg.service.ubs.OrderLockServiceImpl      [0;39m [35m:62  [0;39m Unlock orders
[2025-04-07 22:06:02] [34mINFO[0;39m [36mg.service.ubs.OrderLockServiceImpl      [0;39m [35m:60  [0;39m Time: 2025-04-07T22:01:02.261802200
[2025-04-07 22:06:02] [34mINFO[0;39m [36mg.service.ubs.OrderLockServiceImpl      [0;39m [35m:62  [0;39m Unlock orders
[2025-04-07 22:07:02] [34mINFO[0;39m [36mg.service.ubs.OrderLockServiceImpl      [0;39m [35m:60  [0;39m Time: 2025-04-07T22:02:02.266951700
[2025-04-07 22:07:02] [34mINFO[0;39m [36mg.service.ubs.OrderLockServiceImpl      [0;39m [35m:62  [0;39m Unlock orders
[2025-04-07 22:08:02] [34mINFO[0;39m [36mg.service.ubs.OrderLockServiceImpl      [0;39m [35m:60  [0;39m Time: 2025-04-07T22:03:02.261105600
[2025-04-07 22:08:02] [34mINFO[0;39m [36mg.service.ubs.OrderLockServiceImpl      [0;39m [35m:62  [0;39m Unlock orders
[2025-04-07 22:09:02] [34mINFO[0;39m [36mg.service.ubs.OrderLockServiceImpl      [0;39m [35m:60  [0;39m Time: 2025-04-07T22:04:02.271737300
[2025-04-07 22:09:02] [34mINFO[0;39m [36mg.service.ubs.OrderLockServiceImpl      [0;39m [35m:62  [0;39m Unlock orders
[2025-04-07 22:10:02] [34mINFO[0;39m [36mg.service.ubs.OrderLockServiceImpl      [0;39m [35m:60  [0;39m Time: 2025-04-07T22:05:02.266952900
[2025-04-07 22:10:02] [34mINFO[0;39m [36mg.service.ubs.OrderLockServiceImpl      [0;39m [35m:62  [0;39m Unlock orders
[2025-04-07 22:11:02] [34mINFO[0;39m [36mg.service.ubs.OrderLockServiceImpl      [0;39m [35m:60  [0;39m Time: 2025-04-07T22:06:02.267812500
[2025-04-07 22:11:02] [34mINFO[0;39m [36mg.service.ubs.OrderLockServiceImpl      [0;39m [35m:62  [0;39m Unlock orders
[2025-04-07 22:12:02] [34mINFO[0;39m [36mg.service.ubs.OrderLockServiceImpl      [0;39m [35m:60  [0;39m Time: 2025-04-07T22:07:02.269412600
[2025-04-07 22:12:02] [34mINFO[0;39m [36mg.service.ubs.OrderLockServiceImpl      [0;39m [35m:62  [0;39m Unlock orders
[2025-04-07 22:13:02] [34mINFO[0;39m [36mg.service.ubs.OrderLockServiceImpl      [0;39m [35m:60  [0;39m Time: 2025-04-07T22:08:02.266796700
[2025-04-07 22:13:02] [34mINFO[0;39m [36mg.service.ubs.OrderLockServiceImpl      [0;39m [35m:62  [0;39m Unlock orders
[2025-04-07 22:14:02] [34mINFO[0;39m [36mg.service.ubs.OrderLockServiceImpl      [0;39m [35m:60  [0;39m Time: 2025-04-07T22:09:02.267833200
[2025-04-07 22:14:02] [34mINFO[0;39m [36mg.service.ubs.OrderLockServiceImpl      [0;39m [35m:62  [0;39m Unlock orders
[2025-04-07 22:15:02] [34mINFO[0;39m [36mg.service.ubs.OrderLockServiceImpl      [0;39m [35m:60  [0;39m Time: 2025-04-07T22:10:02.268677900
[2025-04-07 22:15:02] [34mINFO[0;39m [36mg.service.ubs.OrderLockServiceImpl      [0;39m [35m:62  [0;39m Unlock orders
[2025-04-07 22:16:02] [34mINFO[0;39m [36mg.service.ubs.OrderLockServiceImpl      [0;39m [35m:60  [0;39m Time: 2025-04-07T22:11:02.270533300
[2025-04-07 22:16:02] [34mINFO[0;39m [36mg.service.ubs.OrderLockServiceImpl      [0;39m [35m:62  [0;39m Unlock orders
[2025-04-07 22:17:02] [34mINFO[0;39m [36mg.service.ubs.OrderLockServiceImpl      [0;39m [35m:60  [0;39m Time: 2025-04-07T22:12:02.261910800
[2025-04-07 22:17:02] [34mINFO[0;39m [36mg.service.ubs.OrderLockServiceImpl      [0;39m [35m:62  [0;39m Unlock orders
[2025-04-07 22:18:02] [34mINFO[0;39m [36mg.service.ubs.OrderLockServiceImpl      [0;39m [35m:60  [0;39m Time: 2025-04-07T22:13:02.263141800
[2025-04-07 22:18:02] [34mINFO[0;39m [36mg.service.ubs.OrderLockServiceImpl      [0;39m [35m:62  [0;39m Unlock orders
[2025-04-07 22:19:02] [34mINFO[0;39m [36mg.service.ubs.OrderLockServiceImpl      [0;39m [35m:60  [0;39m Time: 2025-04-07T22:14:02.269561800
[2025-04-07 22:19:02] [34mINFO[0;39m [36mg.service.ubs.OrderLockServiceImpl      [0;39m [35m:62  [0;39m Unlock orders
[2025-04-07 22:20:02] [34mINFO[0;39m [36mg.service.ubs.OrderLockServiceImpl      [0;39m [35m:60  [0;39m Time: 2025-04-07T22:15:02.274477800
[2025-04-07 22:20:02] [34mINFO[0;39m [36mg.service.ubs.OrderLockServiceImpl      [0;39m [35m:62  [0;39m Unlock orders
[2025-04-07 22:21:02] [34mINFO[0;39m [36mg.service.ubs.OrderLockServiceImpl      [0;39m [35m:60  [0;39m Time: 2025-04-07T22:16:02.267093400
[2025-04-07 22:21:02] [34mINFO[0;39m [36mg.service.ubs.OrderLockServiceImpl      [0;39m [35m:62  [0;39m Unlock orders
[2025-04-07 22:22:02] [34mINFO[0;39m [36mg.service.ubs.OrderLockServiceImpl      [0;39m [35m:60  [0;39m Time: 2025-04-07T22:17:02.273015200
[2025-04-07 22:22:02] [34mINFO[0;39m [36mg.service.ubs.OrderLockServiceImpl      [0;39m [35m:62  [0;39m Unlock orders
[2025-04-07 22:23:02] [34mINFO[0;39m [36mg.service.ubs.OrderLockServiceImpl      [0;39m [35m:60  [0;39m Time: 2025-04-07T22:18:02.263092100
[2025-04-07 22:23:02] [34mINFO[0;39m [36mg.service.ubs.OrderLockServiceImpl      [0;39m [35m:62  [0;39m Unlock orders
[2025-04-07 22:24:02] [34mINFO[0;39m [36mg.service.ubs.OrderLockServiceImpl      [0;39m [35m:60  [0;39m Time: 2025-04-07T22:19:02.264330200
[2025-04-07 22:24:02] [34mINFO[0;39m [36mg.service.ubs.OrderLockServiceImpl      [0;39m [35m:62  [0;39m Unlock orders
[2025-04-07 22:25:02] [34mINFO[0;39m [36mg.service.ubs.OrderLockServiceImpl      [0;39m [35m:60  [0;39m Time: 2025-04-07T22:20:02.260157800
[2025-04-07 22:25:02] [34mINFO[0;39m [36mg.service.ubs.OrderLockServiceImpl      [0;39m [35m:62  [0;39m Unlock orders
[2025-04-07 22:26:02] [34mINFO[0;39m [36mg.service.ubs.OrderLockServiceImpl      [0;39m [35m:60  [0;39m Time: 2025-04-07T22:21:02.267998100
[2025-04-07 22:26:02] [34mINFO[0;39m [36mg.service.ubs.OrderLockServiceImpl      [0;39m [35m:62  [0;39m Unlock orders
[2025-04-07 22:27:02] [34mINFO[0;39m [36mg.service.ubs.OrderLockServiceImpl      [0;39m [35m:60  [0;39m Time: 2025-04-07T22:22:02.273472200
[2025-04-07 22:27:02] [34mINFO[0;39m [36mg.service.ubs.OrderLockServiceImpl      [0;39m [35m:62  [0;39m Unlock orders
[2025-04-07 22:28:02] [34mINFO[0;39m [36mg.service.ubs.OrderLockServiceImpl      [0;39m [35m:60  [0;39m Time: 2025-04-07T22:23:02.272936
[2025-04-07 22:28:02] [34mINFO[0;39m [36mg.service.ubs.OrderLockServiceImpl      [0;39m [35m:62  [0;39m Unlock orders
[2025-04-07 22:29:02] [34mINFO[0;39m [36mg.service.ubs.OrderLockServiceImpl      [0;39m [35m:60  [0;39m Time: 2025-04-07T22:24:02.262764900
[2025-04-07 22:29:02] [34mINFO[0;39m [36mg.service.ubs.OrderLockServiceImpl      [0;39m [35m:62  [0;39m Unlock orders
[2025-04-07 22:30:02] [34mINFO[0;39m [36mg.service.ubs.OrderLockServiceImpl      [0;39m [35m:60  [0;39m Time: 2025-04-07T22:25:02.267416100
[2025-04-07 22:30:02] [34mINFO[0;39m [36mg.service.ubs.OrderLockServiceImpl      [0;39m [35m:62  [0;39m Unlock orders
[2025-04-07 22:31:02] [34mINFO[0;39m [36mg.service.ubs.OrderLockServiceImpl      [0;39m [35m:60  [0;39m Time: 2025-04-07T22:26:02.267688800
[2025-04-07 22:31:02] [34mINFO[0;39m [36mg.service.ubs.OrderLockServiceImpl      [0;39m [35m:62  [0;39m Unlock orders
[2025-04-07 22:32:02] [34mINFO[0;39m [36mg.service.ubs.OrderLockServiceImpl      [0;39m [35m:60  [0;39m Time: 2025-04-07T22:27:02.267322500
[2025-04-07 22:32:02] [34mINFO[0;39m [36mg.service.ubs.OrderLockServiceImpl      [0;39m [35m:62  [0;39m Unlock orders
[2025-04-07 22:33:02] [34mINFO[0;39m [36mg.service.ubs.OrderLockServiceImpl      [0;39m [35m:60  [0;39m Time: 2025-04-07T22:28:02.271315600
[2025-04-07 22:33:02] [34mINFO[0;39m [36mg.service.ubs.OrderLockServiceImpl      [0;39m [35m:62  [0;39m Unlock orders
[2025-04-07 22:34:02] [34mINFO[0;39m [36mg.service.ubs.OrderLockServiceImpl      [0;39m [35m:60  [0;39m Time: 2025-04-07T22:29:02.271595400
[2025-04-07 22:34:02] [34mINFO[0;39m [36mg.service.ubs.OrderLockServiceImpl      [0;39m [35m:62  [0;39m Unlock orders
[2025-04-07 22:35:02] [34mINFO[0;39m [36mg.service.ubs.OrderLockServiceImpl      [0;39m [35m:60  [0;39m Time: 2025-04-07T22:30:02.260821200
[2025-04-07 22:35:02] [34mINFO[0;39m [36mg.service.ubs.OrderLockServiceImpl      [0;39m [35m:62  [0;39m Unlock orders
[2025-04-07 22:36:02] [34mINFO[0;39m [36mg.service.ubs.OrderLockServiceImpl      [0;39m [35m:60  [0;39m Time: 2025-04-07T22:31:02.269728900
[2025-04-07 22:36:02] [34mINFO[0;39m [36mg.service.ubs.OrderLockServiceImpl      [0;39m [35m:62  [0;39m Unlock orders
[2025-04-07 22:37:02] [34mINFO[0;39m [36mg.service.ubs.OrderLockServiceImpl      [0;39m [35m:60  [0;39m Time: 2025-04-07T22:32:02.265911100
[2025-04-07 22:37:02] [34mINFO[0;39m [36mg.service.ubs.OrderLockServiceImpl      [0;39m [35m:62  [0;39m Unlock orders
[2025-04-07 22:38:02] [34mINFO[0;39m [36mg.service.ubs.OrderLockServiceImpl      [0;39m [35m:60  [0;39m Time: 2025-04-07T22:33:02.269350500
[2025-04-07 22:38:02] [34mINFO[0;39m [36mg.service.ubs.OrderLockServiceImpl      [0;39m [35m:62  [0;39m Unlock orders
[2025-04-07 23:33:02] [34mINFO[0;39m [36mg.service.ubs.OrderLockServiceImpl      [0;39m [35m:60  [0;39m Time: 2025-04-07T23:28:02.485151400
[2025-04-07 23:33:02] [34mINFO[0;39m [36mg.service.ubs.OrderLockServiceImpl      [0;39m [35m:62  [0;39m Unlock orders
[2025-04-07 23:33:02] [34mINFO[0;39m [36mg.service.ubs.OrderLockServiceImpl      [0;39m [35m:60  [0;39m Time: 2025-04-07T23:28:02.487153100
[2025-04-07 23:33:02] [34mINFO[0;39m [36mg.service.ubs.OrderLockServiceImpl      [0;39m [35m:62  [0;39m Unlock orders
[2025-04-07 23:33:02] [34mINFO[0;39m [36mg.service.ubs.OrderLockServiceImpl      [0;39m [35m:60  [0;39m Time: 2025-04-07T23:28:02.487153100
[2025-04-07 23:33:02] [34mINFO[0;39m [36mg.service.ubs.OrderLockServiceImpl      [0;39m [35m:62  [0;39m Unlock orders
[2025-04-07 23:33:02] [34mINFO[0;39m [36mg.service.ubs.OrderLockServiceImpl      [0;39m [35m:60  [0;39m Time: 2025-04-07T23:28:02.488152100
[2025-04-07 23:33:02] [34mINFO[0;39m [36mg.service.ubs.OrderLockServiceImpl      [0;39m [35m:62  [0;39m Unlock orders
[2025-04-07 23:33:02] [34mINFO[0;39m [36mg.service.ubs.OrderLockServiceImpl      [0;39m [35m:60  [0;39m Time: 2025-04-07T23:28:02.489151500
[2025-04-07 23:33:02] [34mINFO[0;39m [36mg.service.ubs.OrderLockServiceImpl      [0;39m [35m:62  [0;39m Unlock orders
[2025-04-07 23:33:02] [34mINFO[0;39m [36mg.service.ubs.OrderLockServiceImpl      [0;39m [35m:60  [0;39m Time: 2025-04-07T23:28:02.489151500
[2025-04-07 23:33:02] [34mINFO[0;39m [36mg.service.ubs.OrderLockServiceImpl      [0;39m [35m:62  [0;39m Unlock orders
[2025-04-07 23:33:02] [34mINFO[0;39m [36mg.service.ubs.OrderLockServiceImpl      [0;39m [35m:60  [0;39m Time: 2025-04-07T23:28:02.490151400
[2025-04-07 23:33:02] [34mINFO[0;39m [36mg.service.ubs.OrderLockServiceImpl      [0;39m [35m:62  [0;39m Unlock orders
[2025-04-07 23:33:02] [34mINFO[0;39m [36mg.service.ubs.OrderLockServiceImpl      [0;39m [35m:60  [0;39m Time: 2025-04-07T23:28:02.491151900
[2025-04-07 23:33:02] [34mINFO[0;39m [36mg.service.ubs.OrderLockServiceImpl      [0;39m [35m:62  [0;39m Unlock orders
[2025-04-07 23:33:02] [34mINFO[0;39m [36mg.service.ubs.OrderLockServiceImpl      [0;39m [35m:60  [0;39m Time: 2025-04-07T23:28:02.491151900
[2025-04-07 23:33:02] [34mINFO[0;39m [36mg.service.ubs.OrderLockServiceImpl      [0;39m [35m:62  [0;39m Unlock orders
[2025-04-07 23:33:02] [34mINFO[0;39m [36mg.service.ubs.OrderLockServiceImpl      [0;39m [35m:60  [0;39m Time: 2025-04-07T23:28:02.492151300
[2025-04-07 23:33:02] [34mINFO[0;39m [36mg.service.ubs.OrderLockServiceImpl      [0;39m [35m:62  [0;39m Unlock orders
[2025-04-07 23:33:02] [34mINFO[0;39m [36mg.service.ubs.OrderLockServiceImpl      [0;39m [35m:60  [0;39m Time: 2025-04-07T23:28:02.492151300
[2025-04-07 23:33:02] [34mINFO[0;39m [36mg.service.ubs.OrderLockServiceImpl      [0;39m [35m:62  [0;39m Unlock orders
[2025-04-07 23:33:02] [34mINFO[0;39m [36mg.service.ubs.OrderLockServiceImpl      [0;39m [35m:60  [0;39m Time: 2025-04-07T23:28:02.493151600
[2025-04-07 23:33:02] [34mINFO[0;39m [36mg.service.ubs.OrderLockServiceImpl      [0;39m [35m:62  [0;39m Unlock orders
[2025-04-07 23:33:02] [34mINFO[0;39m [36mg.service.ubs.OrderLockServiceImpl      [0;39m [35m:60  [0;39m Time: 2025-04-07T23:28:02.493151600
[2025-04-07 23:33:02] [34mINFO[0;39m [36mg.service.ubs.OrderLockServiceImpl      [0;39m [35m:62  [0;39m Unlock orders
[2025-04-07 23:33:02] [34mINFO[0;39m [36mg.service.ubs.OrderLockServiceImpl      [0;39m [35m:60  [0;39m Time: 2025-04-07T23:28:02.494151800
[2025-04-07 23:33:02] [34mINFO[0;39m [36mg.service.ubs.OrderLockServiceImpl      [0;39m [35m:62  [0;39m Unlock orders
[2025-04-07 23:33:02] [34mINFO[0;39m [36mg.service.ubs.OrderLockServiceImpl      [0;39m [35m:60  [0;39m Time: 2025-04-07T23:28:02.494151800
[2025-04-07 23:33:02] [34mINFO[0;39m [36mg.service.ubs.OrderLockServiceImpl      [0;39m [35m:62  [0;39m Unlock orders
[2025-04-07 23:33:02] [34mINFO[0;39m [36mg.service.ubs.OrderLockServiceImpl      [0;39m [35m:60  [0;39m Time: 2025-04-07T23:28:02.495151500
[2025-04-07 23:33:02] [34mINFO[0;39m [36mg.service.ubs.OrderLockServiceImpl      [0;39m [35m:62  [0;39m Unlock orders
[2025-04-07 23:33:02] [34mINFO[0;39m [36mg.service.ubs.OrderLockServiceImpl      [0;39m [35m:60  [0;39m Time: 2025-04-07T23:28:02.495151500
[2025-04-07 23:33:02] [34mINFO[0;39m [36mg.service.ubs.OrderLockServiceImpl      [0;39m [35m:62  [0;39m Unlock orders
[2025-04-07 23:33:02] [34mINFO[0;39m [36mg.service.ubs.OrderLockServiceImpl      [0;39m [35m:60  [0;39m Time: 2025-04-07T23:28:02.496151800
[2025-04-07 23:33:02] [34mINFO[0;39m [36mg.service.ubs.OrderLockServiceImpl      [0;39m [35m:62  [0;39m Unlock orders
[2025-04-07 23:33:02] [34mINFO[0;39m [36mg.service.ubs.OrderLockServiceImpl      [0;39m [35m:60  [0;39m Time: 2025-04-07T23:28:02.496151800
[2025-04-07 23:33:02] [34mINFO[0;39m [36mg.service.ubs.OrderLockServiceImpl      [0;39m [35m:62  [0;39m Unlock orders
[2025-04-07 23:33:02] [34mINFO[0;39m [36mg.service.ubs.OrderLockServiceImpl      [0;39m [35m:60  [0;39m Time: 2025-04-07T23:28:02.497154
[2025-04-07 23:33:02] [34mINFO[0;39m [36mg.service.ubs.OrderLockServiceImpl      [0;39m [35m:62  [0;39m Unlock orders
[2025-04-07 23:33:02] [34mINFO[0;39m [36mg.service.ubs.OrderLockServiceImpl      [0;39m [35m:60  [0;39m Time: 2025-04-07T23:28:02.497154
[2025-04-07 23:33:02] [34mINFO[0;39m [36mg.service.ubs.OrderLockServiceImpl      [0;39m [35m:62  [0;39m Unlock orders
[2025-04-07 23:33:02] [34mINFO[0;39m [36mg.service.ubs.OrderLockServiceImpl      [0;39m [35m:60  [0;39m Time: 2025-04-07T23:28:02.498152800
[2025-04-07 23:33:02] [34mINFO[0;39m [36mg.service.ubs.OrderLockServiceImpl      [0;39m [35m:62  [0;39m Unlock orders
[2025-04-07 23:33:02] [34mINFO[0;39m [36mg.service.ubs.OrderLockServiceImpl      [0;39m [35m:60  [0;39m Time: 2025-04-07T23:28:02.498152800
[2025-04-07 23:33:02] [34mINFO[0;39m [36mg.service.ubs.OrderLockServiceImpl      [0;39m [35m:62  [0;39m Unlock orders
[2025-04-07 23:33:02] [34mINFO[0;39m [36mg.service.ubs.OrderLockServiceImpl      [0;39m [35m:60  [0;39m Time: 2025-04-07T23:28:02.499152100
[2025-04-07 23:33:02] [34mINFO[0;39m [36mg.service.ubs.OrderLockServiceImpl      [0;39m [35m:62  [0;39m Unlock orders
[2025-04-07 23:33:02] [34mINFO[0;39m [36mg.service.ubs.OrderLockServiceImpl      [0;39m [35m:60  [0;39m Time: 2025-04-07T23:28:02.499152100
[2025-04-07 23:33:02] [34mINFO[0;39m [36mg.service.ubs.OrderLockServiceImpl      [0;39m [35m:62  [0;39m Unlock orders
[2025-04-07 23:33:02] [34mINFO[0;39m [36mg.service.ubs.OrderLockServiceImpl      [0;39m [35m:60  [0;39m Time: 2025-04-07T23:28:02.500153300
[2025-04-07 23:33:02] [34mINFO[0;39m [36mg.service.ubs.OrderLockServiceImpl      [0;39m [35m:62  [0;39m Unlock orders
[2025-04-07 23:33:02] [34mINFO[0;39m [36mg.service.ubs.OrderLockServiceImpl      [0;39m [35m:60  [0;39m Time: 2025-04-07T23:28:02.500153300
[2025-04-07 23:33:02] [34mINFO[0;39m [36mg.service.ubs.OrderLockServiceImpl      [0;39m [35m:62  [0;39m Unlock orders
[2025-04-07 23:33:02] [34mINFO[0;39m [36mg.service.ubs.OrderLockServiceImpl      [0;39m [35m:60  [0;39m Time: 2025-04-07T23:28:02.501152400
[2025-04-07 23:33:02] [34mINFO[0;39m [36mg.service.ubs.OrderLockServiceImpl      [0;39m [35m:62  [0;39m Unlock orders
[2025-04-07 23:33:02] [34mINFO[0;39m [36mg.service.ubs.OrderLockServiceImpl      [0;39m [35m:60  [0;39m Time: 2025-04-07T23:28:02.501152400
[2025-04-07 23:33:02] [34mINFO[0;39m [36mg.service.ubs.OrderLockServiceImpl      [0;39m [35m:62  [0;39m Unlock orders
[2025-04-07 23:33:02] [34mINFO[0;39m [36mg.service.ubs.OrderLockServiceImpl      [0;39m [35m:60  [0;39m Time: 2025-04-07T23:28:02.502153200
[2025-04-07 23:33:02] [34mINFO[0;39m [36mg.service.ubs.OrderLockServiceImpl      [0;39m [35m:62  [0;39m Unlock orders
[2025-04-07 23:33:02] [34mINFO[0;39m [36mg.service.ubs.OrderLockServiceImpl      [0;39m [35m:60  [0;39m Time: 2025-04-07T23:28:02.502153200
[2025-04-07 23:33:02] [34mINFO[0;39m [36mg.service.ubs.OrderLockServiceImpl      [0;39m [35m:62  [0;39m Unlock orders
[2025-04-07 23:33:02] [34mINFO[0;39m [36mg.service.ubs.OrderLockServiceImpl      [0;39m [35m:60  [0;39m Time: 2025-04-07T23:28:02.503153300
[2025-04-07 23:33:02] [34mINFO[0;39m [36mg.service.ubs.OrderLockServiceImpl      [0;39m [35m:62  [0;39m Unlock orders
[2025-04-07 23:33:02] [34mINFO[0;39m [36mg.service.ubs.OrderLockServiceImpl      [0;39m [35m:60  [0;39m Time: 2025-04-07T23:28:02.503153300
[2025-04-07 23:33:02] [34mINFO[0;39m [36mg.service.ubs.OrderLockServiceImpl      [0;39m [35m:62  [0;39m Unlock orders
[2025-04-07 23:33:02] [34mINFO[0;39m [36mg.service.ubs.OrderLockServiceImpl      [0;39m [35m:60  [0;39m Time: 2025-04-07T23:28:02.504153300
[2025-04-07 23:33:02] [34mINFO[0;39m [36mg.service.ubs.OrderLockServiceImpl      [0;39m [35m:62  [0;39m Unlock orders
[2025-04-07 23:33:02] [34mINFO[0;39m [36mg.service.ubs.OrderLockServiceImpl      [0;39m [35m:60  [0;39m Time: 2025-04-07T23:28:02.504153300
[2025-04-07 23:33:02] [34mINFO[0;39m [36mg.service.ubs.OrderLockServiceImpl      [0;39m [35m:62  [0;39m Unlock orders
[2025-04-07 23:33:02] [34mINFO[0;39m [36mg.service.ubs.OrderLockServiceImpl      [0;39m [35m:60  [0;39m Time: 2025-04-07T23:28:02.505153200
[2025-04-07 23:33:02] [34mINFO[0;39m [36mg.service.ubs.OrderLockServiceImpl      [0;39m [35m:62  [0;39m Unlock orders
[2025-04-07 23:33:02] [34mINFO[0;39m [36mg.service.ubs.OrderLockServiceImpl      [0;39m [35m:60  [0;39m Time: 2025-04-07T23:28:02.505153200
[2025-04-07 23:33:02] [34mINFO[0;39m [36mg.service.ubs.OrderLockServiceImpl      [0;39m [35m:62  [0;39m Unlock orders
[2025-04-07 23:33:02] [34mINFO[0;39m [36mg.service.ubs.OrderLockServiceImpl      [0;39m [35m:60  [0;39m Time: 2025-04-07T23:28:02.506153300
[2025-04-07 23:33:02] [34mINFO[0;39m [36mg.service.ubs.OrderLockServiceImpl      [0;39m [35m:62  [0;39m Unlock orders
[2025-04-07 23:33:02] [34mINFO[0;39m [36mg.service.ubs.OrderLockServiceImpl      [0;39m [35m:60  [0;39m Time: 2025-04-07T23:28:02.506153300
[2025-04-07 23:33:02] [34mINFO[0;39m [36mg.service.ubs.OrderLockServiceImpl      [0;39m [35m:62  [0;39m Unlock orders
[2025-04-07 23:33:02] [34mINFO[0;39m [36mg.service.ubs.OrderLockServiceImpl      [0;39m [35m:60  [0;39m Time: 2025-04-07T23:28:02.507153300
[2025-04-07 23:33:02] [34mINFO[0;39m [36mg.service.ubs.OrderLockServiceImpl      [0;39m [35m:62  [0;39m Unlock orders
[2025-04-07 23:33:02] [34mINFO[0;39m [36mg.service.ubs.OrderLockServiceImpl      [0;39m [35m:60  [0;39m Time: 2025-04-07T23:28:02.507153300
[2025-04-07 23:33:02] [34mINFO[0;39m [36mg.service.ubs.OrderLockServiceImpl      [0;39m [35m:62  [0;39m Unlock orders
[2025-04-07 23:33:02] [34mINFO[0;39m [36mg.service.ubs.OrderLockServiceImpl      [0;39m [35m:60  [0;39m Time: 2025-04-07T23:28:02.508153400
[2025-04-07 23:33:02] [34mINFO[0;39m [36mg.service.ubs.OrderLockServiceImpl      [0;39m [35m:62  [0;39m Unlock orders
[2025-04-07 23:33:02] [34mINFO[0;39m [36mg.service.ubs.OrderLockServiceImpl      [0;39m [35m:60  [0;39m Time: 2025-04-07T23:28:02.508153400
[2025-04-07 23:33:02] [34mINFO[0;39m [36mg.service.ubs.OrderLockServiceImpl      [0;39m [35m:62  [0;39m Unlock orders
[2025-04-07 23:33:02] [34mINFO[0;39m [36mg.service.ubs.OrderLockServiceImpl      [0;39m [35m:60  [0;39m Time: 2025-04-07T23:28:02.509153400
[2025-04-07 23:33:02] [34mINFO[0;39m [36mg.service.ubs.OrderLockServiceImpl      [0;39m [35m:62  [0;39m Unlock orders
[2025-04-07 23:33:02] [34mINFO[0;39m [36mg.service.ubs.OrderLockServiceImpl      [0;39m [35m:60  [0;39m Time: 2025-04-07T23:28:02.509153400
[2025-04-07 23:33:02] [34mINFO[0;39m [36mg.service.ubs.OrderLockServiceImpl      [0;39m [35m:62  [0;39m Unlock orders
[2025-04-07 23:33:02] [34mINFO[0;39m [36mg.service.ubs.OrderLockServiceImpl      [0;39m [35m:60  [0;39m Time: 2025-04-07T23:28:02.510153400
[2025-04-07 23:33:02] [34mINFO[0;39m [36mg.service.ubs.OrderLockServiceImpl      [0;39m [35m:62  [0;39m Unlock orders
[2025-04-07 23:33:02] [34mINFO[0;39m [36mg.service.ubs.OrderLockServiceImpl      [0;39m [35m:60  [0;39m Time: 2025-04-07T23:28:02.510153400
[2025-04-07 23:33:02] [34mINFO[0;39m [36mg.service.ubs.OrderLockServiceImpl      [0;39m [35m:62  [0;39m Unlock orders
[2025-04-07 23:33:02] [34mINFO[0;39m [36mg.service.ubs.OrderLockServiceImpl      [0;39m [35m:60  [0;39m Time: 2025-04-07T23:28:02.511153500
[2025-04-07 23:33:02] [34mINFO[0;39m [36mg.service.ubs.OrderLockServiceImpl      [0;39m [35m:62  [0;39m Unlock orders
[2025-04-07 23:33:02] [34mINFO[0;39m [36mg.service.ubs.OrderLockServiceImpl      [0;39m [35m:60  [0;39m Time: 2025-04-07T23:28:02.511153500
[2025-04-07 23:33:02] [34mINFO[0;39m [36mg.service.ubs.OrderLockServiceImpl      [0;39m [35m:62  [0;39m Unlock orders
[2025-04-07 23:33:02] [34mINFO[0;39m [36mg.service.ubs.OrderLockServiceImpl      [0;39m [35m:60  [0;39m Time: 2025-04-07T23:28:02.512151900
[2025-04-07 23:33:02] [34mINFO[0;39m [36mg.service.ubs.OrderLockServiceImpl      [0;39m [35m:62  [0;39m Unlock orders
[2025-04-07 23:33:02] [34mINFO[0;39m [36mg.service.ubs.OrderLockServiceImpl      [0;39m [35m:60  [0;39m Time: 2025-04-07T23:28:02.512151900
[2025-04-07 23:33:02] [34mINFO[0;39m [36mg.service.ubs.OrderLockServiceImpl      [0;39m [35m:62  [0;39m Unlock orders
[2025-04-07 23:33:02] [34mINFO[0;39m [36mg.service.ubs.OrderLockServiceImpl      [0;39m [35m:60  [0;39m Time: 2025-04-07T23:28:02.513153600
[2025-04-07 23:33:02] [34mINFO[0;39m [36mg.service.ubs.OrderLockServiceImpl      [0;39m [35m:62  [0;39m Unlock orders
[2025-04-07 23:33:02] [34mINFO[0;39m [36mg.service.ubs.OrderLockServiceImpl      [0;39m [35m:60  [0;39m Time: 2025-04-07T23:28:02.513153600
[2025-04-07 23:33:02] [34mINFO[0;39m [36mg.service.ubs.OrderLockServiceImpl      [0;39m [35m:62  [0;39m Unlock orders
[2025-04-07 23:33:02] [34mINFO[0;39m [36mg.service.ubs.OrderLockServiceImpl      [0;39m [35m:60  [0;39m Time: 2025-04-07T23:28:02.514151400
[2025-04-07 23:33:02] [34mINFO[0;39m [36mg.service.ubs.OrderLockServiceImpl      [0;39m [35m:62  [0;39m Unlock orders
[2025-04-07 23:33:02] [34mINFO[0;39m [36mg.service.ubs.OrderLockServiceImpl      [0;39m [35m:60  [0;39m Time: 2025-04-07T23:28:02.514151400
[2025-04-07 23:33:02] [34mINFO[0;39m [36mg.service.ubs.OrderLockServiceImpl      [0;39m [35m:62  [0;39m Unlock orders
[2025-04-07 23:33:05] [31mWARN[0;39m [36mcom.zaxxer.hikari.pool.HikariPool       [0;39m [35m:804 [0;39m HikariPool-1 - Thread starvation or clock leap detected (housekeeper delta=54m30s224ms92µs).
[2025-04-07 23:34:02] [34mINFO[0;39m [36mg.service.ubs.OrderLockServiceImpl      [0;39m [35m:60  [0;39m Time: 2025-04-07T23:29:02.271067600
[2025-04-07 23:34:02] [34mINFO[0;39m [36mg.service.ubs.OrderLockServiceImpl      [0;39m [35m:62  [0;39m Unlock orders
[2025-04-07 23:35:02] [34mINFO[0;39m [36mg.service.ubs.OrderLockServiceImpl      [0;39m [35m:60  [0;39m Time: 2025-04-07T23:30:02.269291300
[2025-04-07 23:35:02] [34mINFO[0;39m [36mg.service.ubs.OrderLockServiceImpl      [0;39m [35m:62  [0;39m Unlock orders
[2025-04-07 23:36:02] [34mINFO[0;39m [36mg.service.ubs.OrderLockServiceImpl      [0;39m [35m:60  [0;39m Time: 2025-04-07T23:31:02.272158500
[2025-04-07 23:36:02] [34mINFO[0;39m [36mg.service.ubs.OrderLockServiceImpl      [0;39m [35m:62  [0;39m Unlock orders
[2025-04-07 23:37:02] [34mINFO[0;39m [36mg.service.ubs.OrderLockServiceImpl      [0;39m [35m:60  [0;39m Time: 2025-04-07T23:32:02.271207100
[2025-04-07 23:37:02] [34mINFO[0;39m [36mg.service.ubs.OrderLockServiceImpl      [0;39m [35m:62  [0;39m Unlock orders
[2025-04-07 23:38:02] [34mINFO[0;39m [36mg.service.ubs.OrderLockServiceImpl      [0;39m [35m:60  [0;39m Time: 2025-04-07T23:33:02.271074200
[2025-04-07 23:38:02] [34mINFO[0;39m [36mg.service.ubs.OrderLockServiceImpl      [0;39m [35m:62  [0;39m Unlock orders
[2025-04-07 23:39:02] [34mINFO[0;39m [36mg.service.ubs.OrderLockServiceImpl      [0;39m [35m:60  [0;39m Time: 2025-04-07T23:34:02.263045100
[2025-04-07 23:39:02] [34mINFO[0;39m [36mg.service.ubs.OrderLockServiceImpl      [0;39m [35m:62  [0;39m Unlock orders
[2025-04-07 23:40:02] [34mINFO[0;39m [36mg.service.ubs.OrderLockServiceImpl      [0;39m [35m:60  [0;39m Time: 2025-04-07T23:35:02.262285500
[2025-04-07 23:40:02] [34mINFO[0;39m [36mg.service.ubs.OrderLockServiceImpl      [0;39m [35m:62  [0;39m Unlock orders
[2025-04-07 23:41:02] [34mINFO[0;39m [36mg.service.ubs.OrderLockServiceImpl      [0;39m [35m:60  [0;39m Time: 2025-04-07T23:36:02.260997500
[2025-04-07 23:41:02] [34mINFO[0;39m [36mg.service.ubs.OrderLockServiceImpl      [0;39m [35m:62  [0;39m Unlock orders
[2025-04-07 23:42:02] [34mINFO[0;39m [36mg.service.ubs.OrderLockServiceImpl      [0;39m [35m:60  [0;39m Time: 2025-04-07T23:37:02.265242600
[2025-04-07 23:42:02] [34mINFO[0;39m [36mg.service.ubs.OrderLockServiceImpl      [0;39m [35m:62  [0;39m Unlock orders
[2025-04-07 23:43:02] [34mINFO[0;39m [36mg.service.ubs.OrderLockServiceImpl      [0;39m [35m:60  [0;39m Time: 2025-04-07T23:38:02.266360400
[2025-04-07 23:43:02] [34mINFO[0;39m [36mg.service.ubs.OrderLockServiceImpl      [0;39m [35m:62  [0;39m Unlock orders
[2025-04-07 23:44:02] [34mINFO[0;39m [36mg.service.ubs.OrderLockServiceImpl      [0;39m [35m:60  [0;39m Time: 2025-04-07T23:39:02.268573900
[2025-04-07 23:44:02] [34mINFO[0;39m [36mg.service.ubs.OrderLockServiceImpl      [0;39m [35m:62  [0;39m Unlock orders
[2025-04-07 23:45:02] [34mINFO[0;39m [36mg.service.ubs.OrderLockServiceImpl      [0;39m [35m:60  [0;39m Time: 2025-04-07T23:40:02.267197
[2025-04-07 23:45:02] [34mINFO[0;39m [36mg.service.ubs.OrderLockServiceImpl      [0;39m [35m:62  [0;39m Unlock orders
[2025-04-07 23:46:02] [34mINFO[0;39m [36mg.service.ubs.OrderLockServiceImpl      [0;39m [35m:60  [0;39m Time: 2025-04-07T23:41:02.264021900
[2025-04-07 23:46:02] [34mINFO[0;39m [36mg.service.ubs.OrderLockServiceImpl      [0;39m [35m:62  [0;39m Unlock orders
[2025-04-07 23:47:02] [34mINFO[0;39m [36mg.service.ubs.OrderLockServiceImpl      [0;39m [35m:60  [0;39m Time: 2025-04-07T23:42:02.270498
[2025-04-07 23:47:02] [34mINFO[0;39m [36mg.service.ubs.OrderLockServiceImpl      [0;39m [35m:62  [0;39m Unlock orders
[2025-04-07 23:48:02] [34mINFO[0;39m [36mg.service.ubs.OrderLockServiceImpl      [0;39m [35m:60  [0;39m Time: 2025-04-07T23:43:02.262104600
[2025-04-07 23:48:02] [34mINFO[0;39m [36mg.service.ubs.OrderLockServiceImpl      [0;39m [35m:62  [0;39m Unlock orders
[2025-04-07 23:49:02] [34mINFO[0;39m [36mg.service.ubs.OrderLockServiceImpl      [0;39m [35m:60  [0;39m Time: 2025-04-07T23:44:02.267226600
[2025-04-07 23:49:02] [34mINFO[0;39m [36mg.service.ubs.OrderLockServiceImpl      [0;39m [35m:62  [0;39m Unlock orders
[2025-04-07 23:50:02] [34mINFO[0;39m [36mg.service.ubs.OrderLockServiceImpl      [0;39m [35m:60  [0;39m Time: 2025-04-07T23:45:02.270721700
[2025-04-07 23:50:02] [34mINFO[0;39m [36mg.service.ubs.OrderLockServiceImpl      [0;39m [35m:62  [0;39m Unlock orders
[2025-04-07 23:51:02] [34mINFO[0;39m [36mg.service.ubs.OrderLockServiceImpl      [0;39m [35m:60  [0;39m Time: 2025-04-07T23:46:02.264517
[2025-04-07 23:51:02] [34mINFO[0;39m [36mg.service.ubs.OrderLockServiceImpl      [0;39m [35m:62  [0;39m Unlock orders
[2025-04-07 23:52:02] [34mINFO[0;39m [36mg.service.ubs.OrderLockServiceImpl      [0;39m [35m:60  [0;39m Time: 2025-04-07T23:47:02.272893100
[2025-04-07 23:52:02] [34mINFO[0;39m [36mg.service.ubs.OrderLockServiceImpl      [0;39m [35m:62  [0;39m Unlock orders
[2025-04-07 23:53:02] [34mINFO[0;39m [36mg.service.ubs.OrderLockServiceImpl      [0;39m [35m:60  [0;39m Time: 2025-04-07T23:48:02.274198500
[2025-04-07 23:53:02] [34mINFO[0;39m [36mg.service.ubs.OrderLockServiceImpl      [0;39m [35m:62  [0;39m Unlock orders
[2025-04-07 23:54:02] [34mINFO[0;39m [36mg.service.ubs.OrderLockServiceImpl      [0;39m [35m:60  [0;39m Time: 2025-04-07T23:49:02.263940300
[2025-04-07 23:54:02] [34mINFO[0;39m [36mg.service.ubs.OrderLockServiceImpl      [0;39m [35m:62  [0;39m Unlock orders
[2025-04-07 23:55:02] [34mINFO[0;39m [36mg.service.ubs.OrderLockServiceImpl      [0;39m [35m:60  [0;39m Time: 2025-04-07T23:50:02.263340900
[2025-04-07 23:55:02] [34mINFO[0;39m [36mg.service.ubs.OrderLockServiceImpl      [0;39m [35m:62  [0;39m Unlock orders
[2025-04-07 23:56:02] [34mINFO[0;39m [36mg.service.ubs.OrderLockServiceImpl      [0;39m [35m:60  [0;39m Time: 2025-04-07T23:51:02.281260300
[2025-04-07 23:56:02] [34mINFO[0;39m [36mg.service.ubs.OrderLockServiceImpl      [0;39m [35m:62  [0;39m Unlock orders
[2025-04-07 23:57:02] [34mINFO[0;39m [36mg.service.ubs.OrderLockServiceImpl      [0;39m [35m:60  [0;39m Time: 2025-04-07T23:52:02.266487600
[2025-04-07 23:57:02] [34mINFO[0;39m [36mg.service.ubs.OrderLockServiceImpl      [0;39m [35m:62  [0;39m Unlock orders
[2025-04-07 23:58:02] [34mINFO[0;39m [36mg.service.ubs.OrderLockServiceImpl      [0;39m [35m:60  [0;39m Time: 2025-04-07T23:53:02.272336800
[2025-04-07 23:58:02] [34mINFO[0;39m [36mg.service.ubs.OrderLockServiceImpl      [0;39m [35m:62  [0;39m Unlock orders
[2025-04-07 23:59:02] [34mINFO[0;39m [36mg.service.ubs.OrderLockServiceImpl      [0;39m [35m:60  [0;39m Time: 2025-04-07T23:54:02.261803400
[2025-04-07 23:59:02] [34mINFO[0;39m [36mg.service.ubs.OrderLockServiceImpl      [0;39m [35m:62  [0;39m Unlock orders
[2025-04-07 23:59:57] [34mINFO[0;39m [36mgreencity.config.OrderStatusScheduler   [0;39m [35m:23  [0;39m Update order status from actual status to expected status by the day of export
[2025-04-07 23:59:57] [34mINFO[0;39m [36mgreencity.config.CertificatesScheduler  [0;39m [35m:26  [0;39m Changing certificates status if expiration date has expired
